0;2026.03.10 15:00;4;23.5;23.75;24.75;764;2.5;202;
1;2026.03.10 15:15;4;24.875;24.1875;23.8125;267;0.0;202;
2;2026.03.10 15:30;4;25;24.5;24.5;267;0.0;202;
3;2026.03.10 15:45;4;24.625;24.6875;24.4375;267;0.0;202;
4;2026.03.10 16:00;4;24.375;24.625;24.1875;266;0.0;202;
5;2026.03.10 16:15;4;24.125;24.4375;24;266;0.0;202;
6;2026.03.10 16:30;4;24.0625;24.25;23.875;265;0.0;202;
7;2026.03.10 16:45;4;24;24.1875;23.75;265;0.0;202;
8;2026.03.10 17:00;4;23.875;24.125;23.6875;265;0.0;202;
9;2026.03.10 17:15;4;23.875;24;23.625;265;0.0;202;
10;2026.03.10 17:30;4;23.75;24;23.5625;265;0.0;202;
11;2026.03.10 17:45;4;23.75;23.875;23.5;264;0.0;202;
12;2026.03.10 18:00;4;23.625;23.875;23.4375;264;0.0;202;
13;2026.03.10 18:15;4;23.625;23.75;23.375;264;0.0;202;
14;2026.03.10 18:30;4;23.5;23.75;23.3125;264;0.0;202;
15;2026.03.10 18:45;4;23.5;23.6875;23.25;264;0.0;202;
16;2026.03.10 19:00;4;23.5;23.625;23.25;264;0.0;202;
17;2026.03.10 19:15;4;23.5;23.625;23.25;264;0.0;202;
18;2026.03.10 19:30;4;23.4375;23.625;23.1875;264;0.0;202;
19;2026.03.10 19:45;4;23.4375;23.625;23.125;264;0.0;202;
20;2026.03.10 20:00;4;23.4375;23.625;23.125;264;0.0;202;
21;2026.03.10 20:15;4;23.375;23.5625;23.125;264;0.0;202;
22;2026.03.10 20:30;4;23.375;23.5625;23.125;264;0.0;202;
23;2026.03.10 20:45;4;23.375;23.5;23.125;264;0.0;202;
24;2026.03.10 21:00;4;23.375;23.5;23.0625;264;0.0;202;
25;2026.03.10 21:15;4;23.375;23.5;23;264;0.0;202;
26;2026.03.10 21:30;4;23.375;23.5;23;264;0.0;202;
27;2026.03.10 21:45;4;23.375;23.4375;23;263;0.0;202;
28;2026.03.10 22:00;4;23.375;23.4375;23;263;0.0;202;
29;2026.03.10 22:15;4;23.3125;23.375;23;263;0.0;202;
30;2026.03.10 22:30;4;23.3125;23.375;23;263;0.0;202;
31;2026.03.10 22:45;4;23.25;23.375;22.9375;263;0.0;202;
32;2026.03.10 23:00;4;23.25;23.375;22.9375;263;0.0;202;
33;2026.03.10 23:15;4;23.25;23.375;22.875;263;0.0;202;
34;2026.03.10 23:30;4;23.25;23.375;22.875;263;0.0;202;
35;2026.03.10 23:45;4;23.25;23.375;22.875;263;0.0;202;
36;2026.03.11 00:00;4;23.25;23.3125;22.875;263;0.0;202;
37;2026.03.11 00:15;4;23.1875;23.3125;22.875;263;0.0;202;
38;2026.03.11 00:30;4;23.1875;23.3125;22.875;263;0.0;202;
39;2026.03.11 00:45;4;23.125;23.25;22.8125;263;0.0;202;
40;2026.03.11 01:00;4;23.125;23.25;22.8125;263;0.0;202;
41;2026.03.11 01:15;4;23.125;23.25;22.8125;263;0.0;202;
42;2026.03.11 01:30;4;23.125;23.25;22.8125;263;0.0;202;
43;2026.03.11 01:45;4;23.125;23.25;22.8125;263;0.0;202;
44;2026.03.11 02:00;4;23.125;23.25;22.75;263;0.0;202;
45;2026.03.11 02:15;4;23.125;23.25;22.75;263;0.0;202;
46;2026.03.11 02:30;4;23.125;23.25;22.75;263;0.0;202;
47;2026.03.11 02:45;4;23.125;23.25;22.75;263;0.0;202;
48;2026.03.11 03:00;4;23.125;23.1875;22.75;263;0.0;202;
49;2026.03.11 03:15;4;23.0625;23.1875;22.75;263;0.0;202;
50;2026.03.11 03:30;4;23.0625;23.1875;22.75;263;0.0;202;
51;2026.03.11 03:45;4;23;23.125;22.75;263;0.0;202;
52;2026.03.11 04:00;4;23;23.125;22.6875;263;0.0;202;
53;2026.03.11 04:15;4;23;23.125;22.6875;263;0.0;202;
54;2026.03.11 04:30;4;23;23.125;22.6875;263;0.0;202;
55;2026.03.11 04:45;4;23;23.125;22.625;263;0.0;202;
56;2026.03.11 05:00;4;23;23.125;22.625;263;0.0;202;
57;2026.03.11 05:15;4;23;23.125;22.625;263;0.0;202;
58;2026.03.11 05:30;4;23;23.125;22.625;263;0.0;202;
59;2026.03.11 05:45;4;23;23.125;22.625;262;0.0;202;
60;2026.03.11 06:00;4;23;23.125;22.625;262;0.0;202;
61;2026.03.11 06:15;4;23;23.0625;22.625;262;0.0;202;
62;2026.03.11 06:30;4;23;23.0625;22.625;262;0.0;202;
63;2026.03.11 06:45;4;23;23.0625;22.625;262;0.0;202;
64;2026.03.11 07:00;4;22.75;23;22.5;262;0.0;202;
65;2026.03.11 07:15;4;23.625;23.125;22.9375;284;0.0;202;
66;2026.03.11 07:30;4;23.5;23.375;23.5;291;0.0;202;
67;2026.03.11 07:45;4;23.3125;23.375;23.5;291;0.0;202;
68;2026.03.11 08:00;4;22.9375;23.25;23.375;291;0.0;202;
69;2026.03.11 08:15;4;22.875;23.125;23.25;291;0.0;202;
70;2026.03.11 08:30;4;22.875;23.0625;23.25;291;0.0;202;
71;2026.03.11 08:45;4;22.9375;23;23.25;291;0.0;202;
72;2026.03.11 09:00;4;23.125;23;23.375;291;0.0;202;
73;2026.03.11 09:15;4;23.25;23.125;23.5;291;0.0;202;
74;2026.03.11 09:30;4;23.375;23.125;23.625;292;0.0;202;
75;2026.03.11 09:45;4;23.5;23.25;23.75;292;0.0;202;
76;2026.03.11 10:00;4;22.5;23.0625;23.375;278;0.0;202;
77;2026.03.11 10:15;4;22.125;23;23.375;277;0.0;202;
78;2026.03.11 10:30;4;21.9375;22.75;23.25;276;0.0;202;
79;2026.03.11 10:45;4;21.5;22.375;22.75;274;0.0;202;
80;2026.03.11 11:00;4;20.875;21.875;22.125;272;0.0;202;
81;2026.03.11 11:15;4;20.125;21.25;21.25;270;0.0;202;
82;2026.03.11 11:30;4;19.375;20.5625;20.5;267;0.0;202;
83;2026.03.11 11:45;4;18.625;19.875;19.6875;265;0.0;202;
84;2026.03.11 12:00;4;19.125;19.5;20;265;0.0;202;
85;2026.03.11 12:15;4;19.875;19.875;20.9375;271;0.0;202;
86;2026.03.11 12:30;4;20.25;20;21.25;267;0.0;202;
87;2026.03.11 12:45;4;18.625;18.8125;19.875;262;0.0;202;
88;2026.03.11 13:00;4;18;18.25;18.625;260;0.0;202;
89;2026.03.11 13:15;4;22.3125;18.625;19.625;266;0.0;202;
90;2026.03.11 13:30;4;17.875;18;17.75;259;0.0;202;
91;2026.03.11 13:45;4;16.25;17.25;16.625;255;0.0;202;
92;2026.03.11 14:00;4;15.75;16.625;15.9375;253;0.0;202;
93;2026.03.11 14:15;4;16;16.25;16;252;0.0;202;
94;2026.03.11 14:30;4;19.875;16.5625;18.3125;257;0.0;202;
95;2026.03.11 14:45;4;20.75;17.125;19.75;260;0.0;202;
96;2026.03.11 15:00;4;20.1875;17.5625;18.625;261;0.0;202;
97;2026.03.11 15:15;4;17.3125;17.125;17.1875;256;0.0;202;
98;2026.03.11 15:30;4;16.75;16.875;16.5625;255;0.0;202;
99;2026.03.11 15:45;4;15.9375;16.4375;15.875;252;0.0;202;
100;2026.03.11 16:00;4;15.375;16;15.3125;251;0.0;202;
101;2026.03.11 16:15;4;14.8125;15.5;14.75;249;0.0;202;
102;2026.03.11 16:30;4;14.125;15.0625;14.1875;247;0.0;202;
103;2026.03.11 16:45;4;13.375;14.5;13.5;244;0.0;202;
104;2026.03.11 17:00;4;12.625;13.875;12.875;242;0.0;202;
105;2026.03.11 17:15;4;11.875;13.25;12.125;239;0.0;202;
106;2026.03.11 17:30;4;11.125;12.5;11.375;237;0.0;202;
107;2026.03.11 17:45;4;10.5625;11.875;10.75;235;0.0;202;
108;2026.03.11 18:00;4;10.125;11.375;10.25;233;0.0;202;
109;2026.03.11 18:15;4;9.75;10.875;9.8125;231;0.0;202;
110;2026.03.11 18:30;4;9.75;10.625;9.625;230;0.0;202;
111;2026.03.11 18:45;4;10;10.5625;9.6875;231;0.0;202;
112;2026.03.11 19:00;4;11;10.9375;10.4375;233;0.0;202;
113;2026.03.11 19:15;4;10.875;11;10.5625;233;0.0;202;
114;2026.03.11 19:30;4;11.0625;11.125;10.75;234;0.0;202;
115;2026.03.11 19:45;4;10.5625;10.9375;10.4375;232;0.0;202;
116;2026.03.11 20:00;4;9.75;10.5625;9.875;230;0.0;202;
117;2026.03.11 20:15;4;9.0625;10.0625;9.25;228;0.0;202;
118;2026.03.11 20:30;4;8.5625;9.625;8.6875;227;0.0;202;
119;2026.03.11 20:45;4;8.1875;9.1875;8.25;225;0.0;202;
120;2026.03.11 21:00;4;8.0625;8.875;8;224;0.0;202;
121;2026.03.11 21:15;4;8;8.6875;7.875;224;0.0;202;
122;2026.03.11 21:30;4;7.75;8.4375;7.625;223;0.0;202;
123;2026.03.11 21:45;4;7.375;8.125;7.25;222;0.0;202;
124;2026.03.11 22:00;4;7.0625;7.875;7;221;0.0;202;
125;2026.03.11 22:15;4;7.125;7.625;6.9375;220;0.0;202;
126;2026.03.11 22:30;4;7.25;7.625;7;221;0.0;202;
127;2026.03.11 22:45;4;7.375;7.625;7.0625;221;0.0;202;
128;2026.03.11 23:00;4;7.25;7.625;7;221;0.0;202;
129;2026.03.11 23:15;4;7.25;7.5;7;220;0.0;202;
130;2026.03.11 23:30;4;7.125;7.5;6.9375;220;0.0;202;
131;2026.03.11 23:45;4;6.875;7.3125;6.8125;219;0.0;202;
132;2026.03.12 00:00;4;6.875;7.25;6.75;219;0.0;202;
133;2026.03.12 00:15;4;6.75;7.125;6.625;219;0.0;202;
134;2026.03.12 00:30;4;6.625;7;6.5;218;0.0;202;
135;2026.03.12 00:45;4;6.6875;7;6.5;219;0.0;202;
136;2026.03.12 01:00;4;6.875;7;6.6875;219;0.0;202;
137;2026.03.12 01:15;4;6.875;7;6.75;219;0.0;202;
138;2026.03.12 01:30;4;6.875;7;6.75;219;0.0;202;
139;2026.03.12 01:45;4;6.8125;7;6.6875;219;0.0;202;
140;2026.03.12 02:00;4;6.875;7;6.75;219;0.0;202;
141;2026.03.12 02:15;4;7.125;7.125;7;220;0.0;202;
142;2026.03.12 02:30;4;7.3125;7.25;7.1875;220;0.0;202;
143;2026.03.12 02:45;4;7.375;7.375;7.375;221;0.0;202;
144;2026.03.12 03:00;4;7.5;7.5;7.4375;221;0.0;202;
145;2026.03.12 03:15;4;7.375;7.5;7.3125;221;0.0;202;
146;2026.03.12 03:30;4;7.5;7.5625;7.375;221;0.0;202;
147;2026.03.12 03:45;4;7.375;7.5;7.25;221;0.0;202;
148;2026.03.12 04:00;4;7.3125;7.5;7.125;221;0.0;202;
149;2026.03.12 04:15;4;7.25;7.4375;7;221;0.0;202;
150;2026.03.12 04:30;4;7.3125;7.5;7.125;221;0.0;202;
151;2026.03.12 04:45;4;7.375;7.5;7.125;221;0.0;202;
152;2026.03.12 05:00;4;7.375;7.5;7.125;221;0.0;202;
153;2026.03.12 05:15;4;7.25;7.5;7.125;221;0.0;202;
154;2026.03.12 05:30;4;7.3125;7.5;7.125;221;0.0;202;
155;2026.03.12 05:45;4;7.375;7.5;7.1875;221;0.0;202;
156;2026.03.12 06:00;4;7.5;7.625;7.25;222;0.0;202;
157;2026.03.12 06:15;4;7.6875;7.6875;7.375;222;0.0;202;
158;2026.03.12 06:30;4;7.875;7.8125;7.5625;223;0.0;202;
159;2026.03.12 06:45;4;8.125;8;7.875;223;0.0;202;
160;2026.03.12 07:00;4;8.375;8.1875;8.125;224;0.0;202;
161;2026.03.12 07:15;4;8.5;8.375;8.25;225;0.0;202;
162;2026.03.12 07:30;4;8.625;8.5;8.5;225;0.0;202;
163;2026.03.12 07:45;4;8.6875;8.625;8.625;226;0.0;202;
164;2026.03.12 08:00;4;8.875;8.75;8.875;226;0.0;202;
165;2026.03.12 08:15;4;9.125;8.9375;9.125;227;0.0;202;
166;2026.03.12 08:30;4;9.1875;9;9.1875;228;0.0;202;
167;2026.03.12 08:45;4;9.125;9.125;9.25;228;0.0;202;
168;2026.03.12 09:00;4;9.25;9.125;9.375;228;0.0;202;
169;2026.03.12 09:15;4;9.375;9.25;9.5;228;0.0;202;
170;2026.03.12 09:30;4;9.375;9.3125;9.4375;228;0.0;202;
171;2026.03.12 09:45;4;9.3125;9.375;9.4375;228;0.0;202;
172;2026.03.12 10:00;4;9.3125;9.375;9.4375;229;0.0;202;
173;2026.03.12 10:15;4;9.25;9.375;9.375;228;0.0;202;
174;2026.03.12 10:30;4;9.125;9.25;9.25;228;0.0;202;
175;2026.03.12 10:45;4;9;9.1875;9.1875;228;0.0;202;
176;2026.03.12 11:00;4;9;9.125;9.125;228;0.0;202;
177;2026.03.12 11:15;4;9.25;9.1875;9.25;228;0.0;202;
178;2026.03.12 11:30;4;9.125;9.1875;9.4375;228;0.0;202;
179;2026.03.12 11:45;4;9.375;9.25;9.625;228;0.0;202;
180;2026.03.12 12:00;4;9.625;9.375;10.0625;229;0.0;202;
181;2026.03.12 12:15;4;9.875;9.5;10.25;230;0.0;202;
182;2026.03.12 12:30;4;9.75;9.5625;10.375;230;0.0;202;
183;2026.03.12 12:45;4;9.875;9.625;10.6875;230;0.0;202;
184;2026.03.12 13:00;4;10.375;9.875;11.3125;232;0.0;202;
185;2026.03.12 13:15;4;10.8125;10.25;12.125;233;0.0;202;
186;2026.03.12 13:30;4;11;10.5;12.25;234;0.0;202;
187;2026.03.12 13:45;4;10.75;10.5;11.6875;233;0.0;202;
188;2026.03.12 14:00;4;13.75;11.125;14.625;238;0.0;202;
189;2026.03.12 14:15;4;14;11.875;13.5625;238;0.0;202;
190;2026.03.12 14:30;4;17.125;13.25;17.125;246;0.0;202;
191;2026.03.12 14:45;4;18.4375;14.625;18.375;251;0.0;202;
192;2026.03.12 15:00;4;14.75;14.25;16.25;246;0.0;202;
193;2026.03.12 15:15;4;13.25;13.625;14.875;242;0.0;202;
194;2026.03.12 15:30;4;12.125;13;13.625;239;0.0;202;
195;2026.03.12 15:45;4;11.5;12.375;12.625;237;0.0;202;
196;2026.03.12 16:00;4;10.9375;11.8125;11.8125;235;0.0;202;
197;2026.03.12 16:15;4;10.4375;11.25;11.125;233;0.0;202;
198;2026.03.12 16:30;4;9.875;10.75;10.375;231;0.0;202;
199;2026.03.12 16:45;4;9.3125;10.1875;9.875;229;0.0;202;
200;2026.03.12 17:00;4;8.625;9.625;9.125;227;0.0;202;
201;2026.03.12 17:15;4;8;9;8.5;224;0.0;202;
202;2026.03.12 17:30;4;7.4375;8.4375;7.875;222;0.0;202;
203;2026.03.12 17:45;4;7.125;8.0625;7.5;221;0.0;202;
204;2026.03.12 18:00;4;6.875;7.625;7.125;220;0.0;202;
205;2026.03.12 18:15;4;6.5;7.25;6.75;218;0.0;202;
206;2026.03.12 18:30;4;6.25;7;6.5;217;0.0;202;
207;2026.03.12 18:45;4;6.125;6.75;6.25;217;0.0;202;
208;2026.03.12 19:00;4;5.875;6.5;6;216;0.0;202;
209;2026.03.12 19:15;4;5.625;6.25;5.75;215;0.0;202;
210;2026.03.12 19:30;4;5.4375;6;5.5;214;0.0;202;
211;2026.03.12 19:45;4;5.25;5.75;5.25;213;0.0;202;
212;2026.03.12 20:00;4;5.0625;5.5625;5.0625;212;0.0;202;
213;2026.03.12 20:15;4;4.875;5.375;4.875;212;0.0;202;
214;2026.03.12 20:30;4;4.75;5.1875;4.75;211;0.0;202;
215;2026.03.12 20:45;4;4.5625;5;4.5625;211;0.0;202;
216;2026.03.12 21:00;4;4.375;4.875;4.375;210;0.0;202;
217;2026.03.12 21:15;4;4.25;4.625;4.25;209;0.0;202;
218;2026.03.12 21:30;4;4.125;4.5;4.0625;209;0.0;202;
219;2026.03.12 21:45;4;4;4.375;3.9375;208;0.0;202;
220;2026.03.12 22:00;4;3.875;4.25;3.8125;208;0.0;202;
221;2026.03.12 22:15;4;3.75;4.125;3.6875;207;0.0;202;
222;2026.03.12 22:30;4;3.625;4;3.5625;207;0.0;202;
223;2026.03.12 22:45;4;3.5;3.875;3.375;206;0.0;202;
224;2026.03.12 23:00;4;3.25;3.75;3.25;206;0.0;202;
225;2026.03.12 23:15;4;3.125;3.5;3.125;205;0.0;202;
226;2026.03.12 23:30;4;3;3.375;3;205;0.0;202;
227;2026.03.12 23:45;4;2.9375;3.3125;2.875;204;0.0;202;
228;2026.03.13 00:00;4;2.875;3.1875;2.75;204;0.0;202;
229;2026.03.13 00:15;4;2.75;3.125;2.6875;204;0.0;202;
230;2026.03.13 00:30;4;2.75;3;2.625;204;0.0;202;
231;2026.03.13 00:45;4;2.5;2.875;2.5;203;0.0;202;
232;2026.03.13 01:00;4;2.25;2.6875;2.3125;202;0.0;202;
233;2026.03.13 01:15;4;2.25;2.625;2.25;202;0.0;202;
234;2026.03.13 01:30;4;2.1875;2.5;2.125;202;0.0;202;
235;2026.03.13 01:45;4;2.25;2.5;2.125;202;0.0;202;
236;2026.03.13 02:00;4;2.125;2.4375;2.0625;201;0.0;202;
237;2026.03.13 02:15;4;2.0625;2.375;2;201;0.0;202;
238;2026.03.13 02:30;4;2;2.25;1.875;201;0.0;202;
239;2026.03.13 02:45;4;1.9375;2.25;1.8125;201;0.0;202;
240;2026.03.13 03:00;4;1.8125;2.125;1.75;200;0.0;202;
241;2026.03.13 03:15;4;1.6875;2;1.625;200;0.0;202;
242;2026.03.13 03:30;4;1.5;1.875;1.5;199;0.0;202;
243;2026.03.13 03:45;4;1.5;1.8125;1.375;199;0.0;202;
244;2026.03.13 04:00;4;1.375;1.75;1.375;199;0.0;202;
245;2026.03.13 04:15;4;1.25;1.625;1.25;198;0.0;202;
246;2026.03.13 04:30;4;1.125;1.5;1.125;198;0.0;202;
247;2026.03.13 04:45;4;1;1.375;1;197;0.0;202;
248;2026.03.13 05:00;4;0.9375;1.25;0.875;197;0.0;202;
249;2026.03.13 05:15;4;0.875;1.25;0.875;197;0.0;202;
250;2026.03.13 05:30;4;0.875;1.125;0.8125;197;0.0;202;
251;2026.03.13 05:45;4;0.9375;1.125;0.875;197;0.0;202;
252;2026.03.13 06:00;4;1;1.125;0.875;197;0.0;202;
253;2026.03.13 06:15;4;1.25;1.25;1;198;0.0;202;
254;2026.03.13 06:30;4;1.625;1.5;1.25;199;0.0;202;
255;2026.03.13 06:45;4;2.125;1.8125;1.625;200;0.0;202;
256;2026.03.13 07:00;4;2.625;2.25;2.0625;202;0.0;202;
257;2026.03.13 07:15;4;3.1875;2.625;2.625;204;0.0;202;
258;2026.03.13 07:30;4;3.5;3;2.9375;205;0.0;202;
259;2026.03.13 07:45;4;4;3.375;3.375;206;0.0;202;
260;2026.03.13 08:00;4;4.625;3.875;3.875;208;0.0;202;
261;2026.03.13 08:15;4;5.375;4.4375;4.5;211;0.0;202;
262;2026.03.13 08:30;4;6.25;5.125;5.25;214;0.0;202;
263;2026.03.13 08:45;4;7.25;5.875;6.25;217;0.0;202;
264;2026.03.13 09:00;4;8.25;6.6875;7.375;220;0.0;202;
265;2026.03.13 09:15;4;9.375;7.5;8.75;223;0.0;202;
266;2026.03.13 09:30;4;10.1875;8.25;10.25;226;0.0;202;
267;2026.03.13 09:45;4;11.125;9.0625;11.375;229;0.0;202;
268;2026.03.13 10:00;4;12.125;9.9375;14.25;233;0.0;202;
269;2026.03.13 10:15;4;13.125;10.75;16.5625;236;0.0;202;
270;2026.03.13 10:30;4;16.3125;11.9375;17.875;243;0.0;202;
271;2026.03.13 10:45;4;15.375;12.625;16.625;244;0.0;202;
272;2026.03.13 11:00;4;17.25;13.25;15.9375;247;0.0;202;
273;2026.03.13 11:15;4;16.375;13.625;15.0625;247;0.0;202;
274;2026.03.13 11:30;4;15.4375;13.875;14.6875;247;0.0;202;
275;2026.03.13 11:45;4;15.375;14.0625;14.625;247;0.0;202;
276;2026.03.13 12:00;4;15.25;14.25;14.5;247;0.0;202;
277;2026.03.13 12:15;4;15.125;14.25;14.5;247;0.0;202;
278;2026.03.13 12:30;4;15.25;14.4375;14.5625;248;0.0;202;
279;2026.03.13 12:45;4;15.625;14.625;14.75;249;0.0;202;
280;2026.03.13 13:00;4;16;14.9375;15.5625;250;0.0;202;
281;2026.03.13 13:15;4;17.375;15.5625;16.125;254;0.0;202;
282;2026.03.13 13:30;4;18.625;16.4375;17.875;257;0.0;202;
283;2026.03.13 13:45;4;19.6875;17.375;19.875;261;0.0;202;
284;2026.03.13 14:00;4;20.125;18.125;20.625;263;0.0;202;
285;2026.03.13 14:15;4;20.3125;18.75;21.125;265;0.0;202;
286;2026.03.13 14:30;4;23.6875;19.5625;26.1875;271;0.0;202;
287;2026.03.13 14:45;4;28.375;20.625;26.4375;277;0.0;202;
288;2026.03.13 15:00;4;43;24.5;23.4375;303;0.0;202;
289;2026.03.13 15:15;4;22.875;22.25;19.6875;277;0.0;202;
290;2026.03.13 15:30;4;18.25;19.6875;17.875;265;0.0;202;
291;2026.03.13 15:45;4;17.125;18.375;16.875;260;0.0;202;
292;2026.03.13 16:00;4;16.5;17.5;16.25;257;0.0;202;
293;2026.03.13 16:15;4;15.8125;16.75;15.625;254;0.0;202;
294;2026.03.13 16:30;4;15.125;16.0625;15.0625;252;0.0;202;
295;2026.03.13 16:45;4;13.9375;15.25;14.3125;248;0.0;202;
296;2026.03.13 17:00;4;12.8125;14.375;13.5;244;0.0;202;
297;2026.03.13 17:15;4;11.625;13.3125;12.5;240;0.0;202;
298;2026.03.13 17:30;4;11.0625;12.5;11.8125;238;0.0;202;
299;2026.03.13 17:45;4;10.375;11.75;11.0625;235;0.0;202;
300;2026.03.13 18:00;4;9.625;10.9375;10.3125;232;0.0;202;
301;2026.03.13 18:15;4;9.0625;10.25;9.625;230;0.0;202;
302;2026.03.13 18:30;4;8.6875;9.75;9.125;228;0.0;202;
303;2026.03.13 18:45;4;8.25;9.25;8.625;226;0.0;202;
304;2026.03.13 19:00;4;7.75;8.6875;8.125;224;0.0;202;
305;2026.03.13 19:15;4;7.4375;8.25;7.75;223;0.0;202;
306;2026.03.13 19:30;4;7.125;7.875;7.375;221;0.0;202;
307;2026.03.13 19:45;4;6.875;7.5;7.125;220;0.0;202;
308;2026.03.13 20:00;4;6.4375;7.125;6.75;219;0.0;202;
309;2026.03.13 20:15;4;6;6.75;6.375;217;0.0;202;
310;2026.03.13 20:30;4;5.6875;6.375;6.0625;216;0.0;202;
311;2026.03.13 20:45;4;5.5;6.125;5.75;215;0.0;202;
312;2026.03.13 21:00;4;5.3125;5.875;5.5625;214;0.0;202;
313;2026.03.13 21:15;4;5;5.625;5.3125;213;0.0;202;
314;2026.03.13 21:30;4;4.875;5.375;5.125;213;0.0;202;
315;2026.03.13 21:45;4;4.8125;5.25;5;212;0.0;202;
316;2026.03.13 22:00;4;4.625;5;4.8125;212;0.0;202;
317;2026.03.13 22:15;4;4.5;4.875;4.625;211;0.0;202;
318;2026.03.13 22:30;4;4.25;4.6875;4.5;210;0.0;202;
319;2026.03.13 22:45;4;4;4.5;4.25;210;0.0;202;
320;2026.03.13 23:00;4;3.875;4.25;4.125;209;0.0;202;
321;2026.03.13 23:15;4;3.8125;4.125;4;209;0.0;202;
322;2026.03.13 23:30;4;3.75;4;3.875;208;0.0;202;
323;2026.03.13 23:45;4;3.625;3.9375;3.8125;208;0.0;202;
324;2026.03.14 00:00;4;3.625;3.875;3.75;208;0.0;202;
325;2026.03.14 00:15;4;3.5;3.75;3.625;207;0.0;202;
326;2026.03.14 00:30;4;3.3125;3.625;3.5;207;0.0;202;
327;2026.03.14 00:45;4;3.25;3.5;3.375;210;0.0;202;
328;2026.03.14 01:00;4;3.125;3.375;3.3125;206;0.0;202;
329;2026.03.14 01:15;4;3;3.25;3.1875;206;0.0;202;
330;2026.03.14 01:30;4;2.875;3.125;3.125;205;0.0;202;
331;2026.03.14 01:45;4;2.75;3.0625;3;205;0.0;202;
332;2026.03.14 02:00;4;2.625;2.9375;2.875;205;0.0;202;
333;2026.03.14 02:15;4;2.5;2.8125;2.75;204;0.0;202;
334;2026.03.14 02:30;4;2.375;2.6875;2.625;204;0.0;202;
335;2026.03.14 02:45;4;2.375;2.625;2.5625;203;0.0;202;
336;2026.03.14 03:00;4;2.3125;2.5625;2.5;203;0.0;202;
337;2026.03.14 03:15;4;2.25;2.5;2.4375;203;0.0;202;
338;2026.03.14 03:30;4;2.25;2.4375;2.4375;203;0.0;202;
339;2026.03.14 03:45;4;2.25;2.4375;2.4375;203;0.0;202;
340;2026.03.14 04:00;4;2.375;2.4375;2.4375;203;0.0;202;
341;2026.03.14 04:15;4;2.25;2.375;2.375;203;0.0;202;
342;2026.03.14 04:30;4;2.0625;2.3125;2.25;203;0.0;202;
343;2026.03.14 04:45;4;2;2.25;2.1875;202;0.0;202;
344;2026.03.14 05:00;4;1.8125;2.125;2.0625;202;0.0;202;
345;2026.03.14 05:15;4;1.875;2;2;202;0.0;202;
346;2026.03.14 05:30;4;2.0625;2.125;2.125;202;0.0;202;
347;2026.03.14 05:45;4;2.25;2.125;2.25;203;0.0;202;
348;2026.03.14 06:00;4;3;2.5;2.5625;204;0.0;202;
349;2026.03.14 06:15;4;3.9375;3;3.125;207;0.0;202;
350;2026.03.14 06:30;4;4.8125;3.625;3.8125;210;0.0;202;
351;2026.03.14 06:45;4;5.4375;4.25;4.5;212;0.0;202;
352;2026.03.14 07:00;4;6.25;4.9375;5.1875;215;0.0;202;
353;2026.03.14 07:15;4;6.75;5.5;5.8125;217;0.0;202;
354;2026.03.14 07:30;4;7.125;6;6.375;219;0.0;202;
355;2026.03.14 07:45;4;7.5;6.5;6.75;220;0.0;202;
356;2026.03.14 08:00;4;7.9375;6.875;7.1875;222;0.0;202;
357;2026.03.14 08:15;4;8.5;7.375;7.75;224;0.0;202;
358;2026.03.14 08:30;4;9.25;7.875;8.25;226;0.0;202;
359;2026.03.14 08:45;4;9.8125;8.4375;9;228;0.0;202;
360;2026.03.14 09:00;4;10.5;9;11.5;231;0.0;202;
361;2026.03.14 09:15;4;11.125;9.625;13.625;233;0.0;202;
362;2026.03.14 09:30;4;12;10.4375;15.75;236;0.0;202;
363;2026.03.14 09:45;4;12.375;11;16.75;238;0.0;202;
364;2026.03.14 10:00;4;12.5625;11.375;16.25;239;0.0;202;
365;2026.03.14 10:15;4;12.875;11.8125;15.6875;241;0.0;202;
366;2026.03.14 10:30;4;13.5625;12.3125;17.125;243;0.0;202;
367;2026.03.14 10:45;4;14.625;13;18.375;246;0.0;202;
368;2026.03.14 11:00;4;15.5;13.75;19.125;249;0.0;202;
369;2026.03.14 11:15;4;16.4375;14.5625;21.125;252;0.0;202;
370;2026.03.14 11:30;4;16.875;15.1875;21;254;0.0;202;
371;2026.03.14 11:45;4;16.875;15.5625;20.625;254;0.0;202;
372;2026.03.14 12:00;4;16.875;15.625;19.75;254;0.0;202;
373;2026.03.14 12:15;4;17.875;16.0625;19.6875;257;0.0;202;
374;2026.03.14 12:30;4;17.4375;16.125;18.3125;257;0.0;202;
375;2026.03.14 12:45;4;20.375;16.5625;18.875;261;0.0;202;
376;2026.03.14 13:00;4;26.5;18.5;21.3125;273;0.0;202;
377;2026.03.14 13:15;4;19.375;17.75;18.9375;263;0.0;202;
378;2026.03.14 13:30;4;22.125;20.25;22.125;274;0.0;202;
379;2026.03.14 13:45;4;20.4375;20.375;22.5;270;0.0;202;
380;2026.03.14 14:00;4;22.5;19.5;21.625;270;0.0;202;
381;2026.03.14 14:15;4;24.1875;19.125;20.125;272;0.0;202;
382;2026.03.14 14:30;4;29.5;20.125;19.75;280;0.0;202;
383;2026.03.14 14:45;4;22.0625;19.6875;19.625;270;0.0;202;
384;2026.03.14 15:00;4;26.375;20.1875;18.75;275;0.0;202;
385;2026.03.14 15:15;4;20.625;19.375;17.625;267;0.0;202;
386;2026.03.14 15:30;4;18.125;18.25;17;262;0.0;202;
387;2026.03.14 15:45;4;17.25;17.5;16.5;259;0.0;202;
388;2026.03.14 16:00;4;16.625;17;16.125;257;0.0;202;
389;2026.03.14 16:15;4;15.75;16.375;15.5625;254;0.0;202;
390;2026.03.14 16:30;4;14.4375;15.5;14.75;250;0.0;202;
391;2026.03.14 16:45;4;13.3125;14.5625;13.875;246;0.0;202;
392;2026.03.14 17:00;4;12.375;13.75;13;243;0.0;202;
393;2026.03.14 17:15;4;11.5625;12.875;12.25;240;0.0;202;
394;2026.03.14 17:30;4;10.8125;12.125;11.4375;237;0.0;202;
395;2026.03.14 17:45;4;10.125;11.375;10.75;234;0.0;202;
396;2026.03.14 18:00;4;9.75;10.875;10.25;233;0.0;202;
397;2026.03.14 18:15;4;10.125;10.6875;10.25;233;0.0;202;
398;2026.03.14 18:30;4;10.5;10.6875;10.375;233;0.0;202;
399;2026.03.14 18:45;4;10.8125;10.8125;10.5625;234;0.0;202;
400;2026.03.14 19:00;4;10.875;10.875;10.625;235;0.0;202;
401;2026.03.14 19:15;4;10.75;10.875;10.625;234;0.0;202;
402;2026.03.14 19:30;4;10.5;10.75;10.5;234;0.0;202;
403;2026.03.14 19:45;4;10;10.375;10.1875;233;0.0;202;
404;2026.03.14 20:00;4;9.5;10.0625;9.8125;231;0.0;202;
405;2026.03.14 20:15;4;9.125;9.6875;9.4375;230;0.0;202;
406;2026.03.14 20:30;4;8.75;9.375;9;229;0.0;202;
407;2026.03.14 20:45;4;8.375;9;8.625;227;0.0;202;
408;2026.03.14 21:00;4;8;8.625;8.25;226;0.0;202;
409;2026.03.14 21:15;4;7.75;8.3125;7.875;225;0.0;202;
410;2026.03.14 21:30;4;7.625;8.125;7.75;224;0.0;202;
411;2026.03.14 21:45;4;7.625;8;7.625;224;0.0;202;
412;2026.03.14 22:00;4;7.625;7.875;7.625;224;0.0;202;
413;2026.03.14 22:15;4;7.625;7.875;7.5625;224;0.0;202;
414;2026.03.14 22:30;4;7.5625;7.75;7.5625;224;0.0;202;
415;2026.03.14 22:45;4;7.5;7.6875;7.5;223;0.0;202;
416;2026.03.14 23:00;4;7.375;7.625;7.4375;223;0.0;202;
417;2026.03.14 23:15;4;7.375;7.5625;7.375;223;0.0;202;
418;2026.03.14 23:30;4;7.25;7.5;7.375;223;0.0;202;
419;2026.03.14 23:45;4;7.25;7.5;7.375;223;0.0;202;
420;2026.03.15 00:00;4;7.25;7.4375;7.3125;222;0.0;202;
421;2026.03.15 00:15;4;7.25;7.375;7.25;222;0.0;202;
422;2026.03.15 00:30;4;7.1875;7.375;7.25;222;0.0;202;
423;2026.03.15 00:45;4;7.125;7.3125;7.1875;222;0.0;202;
424;2026.03.15 01:00;4;7.0625;7.25;7.125;222;0.0;202;
425;2026.03.15 01:15;4;7;7.1875;7.0625;222;0.0;202;
426;2026.03.15 01:30;4;6.875;7.125;7;221;0.0;202;
427;2026.03.15 01:45;4;6.8125;7;6.9375;221;0.0;202;
428;2026.03.15 02:00;4;6.75;7;6.875;221;0.0;202;
429;2026.03.15 02:15;4;6.625;6.875;6.75;221;0.0;202;
430;2026.03.15 02:30;4;6.5625;6.75;6.6875;220;0.0;202;
431;2026.03.15 02:45;4;6.5;6.75;6.625;220;0.0;202;
432;2026.03.15 03:00;4;6.5;6.6875;6.625;220;0.0;202;
433;2026.03.15 03:15;4;6.5;6.625;6.5625;220;0.0;202;
434;2026.03.15 03:30;4;6.4375;6.625;6.5;220;0.0;202;
435;2026.03.15 03:45;4;6.375;6.625;6.5;220;0.0;202;
436;2026.03.15 04:00;4;6.375;6.5625;6.5;220;0.0;202;
437;2026.03.15 04:15;4;6.375;6.5;6.5;220;0.0;202;
438;2026.03.15 04:30;4;6.375;6.5;6.4375;219;0.0;202;
439;2026.03.15 04:45;4;6.375;6.5;6.4375;219;0.0;202;
440;2026.03.15 05:00;4;6.375;6.5;6.375;219;0.0;202;
441;2026.03.15 05:15;4;6.375;6.5;6.375;219;0.0;202;
442;2026.03.15 05:30;4;6.25;6.4375;6.375;219;0.0;202;
443;2026.03.15 05:45;4;6.375;6.4375;6.375;219;0.0;202;
444;2026.03.15 06:00;4;6.375;6.5;6.4375;220;0.0;202;
445;2026.03.15 06:15;4;6.5;6.5;6.5;220;0.0;202;
446;2026.03.15 06:30;4;6.5625;6.5;6.5;220;0.0;202;
447;2026.03.15 06:45;4;6.625;6.625;6.625;220;0.0;202;
448;2026.03.15 07:00;4;6.75;6.625;6.625;220;0.0;202;
449;2026.03.15 07:15;4;7;6.75;6.8125;221;0.0;202;
450;2026.03.15 07:30;4;7.3125;6.875;7;222;0.0;202;
451;2026.03.15 07:45;4;7.5;7.125;7.1875;223;0.0;202;
452;2026.03.15 08:00;4;7.6875;7.25;7.375;223;0.0;202;
453;2026.03.15 08:15;4;8.125;7.4375;7.6875;224;0.0;202;
454;2026.03.15 08:30;4;8.1875;7.625;7.875;225;0.0;202;
455;2026.03.15 08:45;4;8.25;7.75;7.875;225;0.0;202;
456;2026.03.15 09:00;4;8.375;7.875;8.0625;226;0.0;202;
457;2026.03.15 09:15;4;8.75;8.0625;8.25;227;0.0;202;
458;2026.03.15 09:30;4;8.75;8.1875;8.375;227;0.0;202;
459;2026.03.15 09:45;4;8.75;8.25;8.4375;227;0.0;202;
460;2026.03.15 10:00;4;8.875;8.375;8.5625;228;0.0;202;
461;2026.03.15 10:15;4;8.75;8.4375;8.5625;228;0.0;202;
462;2026.03.15 10:30;4;8.875;8.5;8.625;228;0.0;202;
463;2026.03.15 10:45;4;8.9375;8.5;8.625;228;0.0;202;
464;2026.03.15 11:00;4;9.125;8.625;8.8125;229;0.0;202;
465;2026.03.15 11:15;4;9.25;8.75;8.9375;229;0.0;202;
466;2026.03.15 11:30;4;9.375;8.8125;9;230;0.0;202;
467;2026.03.15 11:45;4;9.5;8.9375;9.1875;230;0.0;202;
468;2026.03.15 12:00;4;9.5;9;9.25;230;0.0;202;
469;2026.03.15 12:15;4;9.375;9;9.1875;230;0.0;202;
470;2026.03.15 12:30;4;9.125;9;9.125;230;0.0;202;
471;2026.03.15 12:45;4;9;8.875;9;229;0.0;202;
472;2026.03.15 13:00;4;9.125;8.875;9;230;0.0;202;
473;2026.03.15 13:15;4;9;8.875;9;229;0.0;202;
474;2026.03.15 13:30;4;9.125;8.875;9;230;0.0;202;
475;2026.03.15 13:45;4;9.125;8.875;9;230;0.0;202;
476;2026.03.15 14:00;4;8.875;8.8125;8.875;229;0.0;202;
477;2026.03.15 14:15;4;8.8125;8.75;8.8125;229;0.0;202;
478;2026.03.15 14:30;4;8.625;8.6875;8.6875;229;0.0;202;
479;2026.03.15 14:45;4;8.5;8.625;8.625;228;0.0;202;
480;2026.03.15 15:00;4;8.375;8.5;8.5;228;0.0;202;
481;2026.03.15 15:15;4;8.25;8.375;8.375;227;0.0;202;
482;2026.03.15 15:30;4;8.125;8.25;8.25;227;0.0;202;
483;2026.03.15 15:45;4;8;8.1875;8.125;227;0.0;202;
484;2026.03.15 16:00;4;8;8.125;8.0625;226;0.0;202;
485;2026.03.15 16:15;4;7.875;8;8;226;0.0;202;
486;2026.03.15 16:30;4;7.75;7.9375;7.875;226;0.0;202;
487;2026.03.15 16:45;4;7.625;7.875;7.75;226;0.0;202;
488;2026.03.15 17:00;4;7.5625;7.75;7.6875;225;0.0;202;
489;2026.03.15 17:15;4;10.625;9.0625;9.375;233;0.0;202;
490;2026.03.15 17:30;4;15.25;11.5;12.25;244;0.0;202;
491;2026.03.15 17:45;4;18.375;14.25;16.5;259;0.0;202;
492;2026.03.15 18:00;4;18.5;15.6875;17.125;264;0.0;202;
493;2026.03.15 18:15;4;15.6875;15.375;16;259;0.0;202;
494;2026.03.15 18:30;4;15;15.25;15.5;258;0.0;202;
495;2026.03.15 18:45;4;14.9375;15.125;15.3125;257;0.0;202;
496;2026.03.15 19:00;4;15;15.125;15.25;257;0.0;202;
497;2026.03.15 19:15;4;14.875;15;15.125;257;0.0;202;
498;2026.03.15 19:30;4;16.3125;15.625;15.625;260;0.0;202;
499;2026.03.15 19:45;4;17;16.1875;16;263;0.0;202;
500;2026.03.15 20:00;4;17.125;16.5;16.25;264;0.0;202;
501;2026.03.15 20:15;4;17.25;16.6875;16.375;264;0.0;202;
502;2026.03.15 20:30;4;17.25;16.875;16.5;265;0.0;202;
503;2026.03.15 20:45;4;17.25;16.9375;16.5;265;0.0;202;
504;2026.03.15 21:00;4;17.25;17;16.625;265;0.0;202;
505;2026.03.15 21:15;4;17.1875;17;16.625;265;0.0;202;
506;2026.03.15 21:30;4;16.4375;16.625;16.375;263;0.0;202;
507;2026.03.15 21:45;4;16.125;16.375;16.25;262;0.0;202;
508;2026.03.15 22:00;4;16;16.1875;16.0625;262;0.0;202;
509;2026.03.15 22:15;4;15.875;16.0625;16;261;0.0;202;
510;2026.03.15 22:30;4;15.75;16;15.875;261;0.0;202;
511;2026.03.15 22:45;4;15.75;15.875;15.8125;261;0.0;202;
512;2026.03.15 23:00;4;15.6875;15.875;15.75;260;0.0;202;
513;2026.03.15 23:15;4;15.625;15.75;15.75;260;0.0;202;
514;2026.03.15 23:30;4;15.625;15.75;15.6875;260;0.0;202;
515;2026.03.15 23:45;4;15.625;15.75;15.625;260;0.0;202;
516;2026.03.16 00:00;4;15.625;15.6875;15.625;260;0.0;202;
517;2026.03.16 00:15;4;15.5625;15.625;15.625;260;0.0;202;
518;2026.03.16 00:30;4;15.5;15.625;15.625;260;0.0;202;
519;2026.03.16 00:45;4;15.5;15.625;15.5625;260;0.0;202;
520;2026.03.16 01:00;4;15.5;15.625;15.5625;260;0.0;202;
521;2026.03.16 01:15;4;15.5;15.625;15.5;260;0.0;202;
522;2026.03.16 01:30;4;15.4375;15.5625;15.5;259;0.0;202;
523;2026.03.16 01:45;4;15.4375;15.5;15.5;259;0.0;202;
524;2026.03.16 02:00;4;15.375;15.5;15.5;259;0.0;202;
525;2026.03.16 02:15;4;15.375;15.5;15.5;259;0.0;202;
526;2026.03.16 02:30;4;15.375;15.5;15.5;259;0.0;202;
527;2026.03.16 02:45;4;15.375;15.5;15.4375;259;0.0;202;
528;2026.03.16 03:00;4;15.375;15.5;15.4375;259;0.0;202;
529;2026.03.16 03:15;4;15.375;15.5;15.4375;259;0.0;202;
530;2026.03.16 03:30;4;15.375;15.4375;15.375;259;0.0;202;
531;2026.03.16 03:45;4;15.3125;15.4375;15.375;259;0.0;202;
532;2026.03.16 04:00;4;15.3125;15.4375;15.375;259;0.0;202;
533;2026.03.16 04:15;4;15.3125;15.375;15.375;259;0.0;202;
534;2026.03.16 04:30;4;15.125;15.375;15.25;258;0.0;202;
535;2026.03.16 04:45;4;13.3125;14.6875;13.9375;261;0.0;202;
536;2026.03.16 05:00;4;8.625;12.5;10.875;249;0.0;202;
537;2026.03.16 05:15;4;7.25;10.9375;9.25;243;0.0;202;
538;2026.03.16 05:30;4;6.75;9.875;8.25;240;0.0;202;
539;2026.03.16 05:45;4;6.625;9.0625;7.625;256;0.0;202;
540;2026.03.16 06:00;4;7.25;8.625;7.875;252;0.0;202;
541;2026.03.16 06:15;4;7.375;8.4375;7.875;252;0.0;202;
542;2026.03.16 06:30;4;7.375;8.25;7.6875;252;0.0;202;
543;2026.03.16 06:45;4;7.375;8.125;7.5625;251;0.0;202;
544;2026.03.16 07:00;4;7.6875;8;8;252;0.0;202;
545;2026.03.16 07:15;4;9;8.375;9.25;254;0.0;202;
546;2026.03.16 07:30;4;10.125;8.875;10.75;256;0.0;202;
547;2026.03.16 07:45;4;11.0625;9.625;12.125;258;0.0;202;
548;2026.03.16 08:00;4;12;10.375;13.5;262;0.0;202;
549;2026.03.16 08:15;4;12.6875;11.125;14.625;263;0.0;202;
550;2026.03.16 08:30;4;13.375;11.75;15.5;266;0.0;202;
551;2026.03.16 08:45;4;14.1875;12.375;16.3125;269;0.0;202;
552;2026.03.16 09:00;4;15;13.125;17.125;271;0.0;202;
553;2026.03.16 09:15;4;15.625;13.625;16.5;254;0.0;202;
554;2026.03.16 09:30;4;9.5;10.75;11.875;1059;9.1;202;
555;2026.03.16 09:45;4;6.3125;7.125;9.4375;1072;9.4;202;
556;2026.03.16 10:00;4;5.625;6.1875;9.1875;1092;9.9;202;
557;2026.03.16 10:15;4;5.5;5.875;8.625;1114;10.4;202;
558;2026.03.16 10:30;4;5.375;5.6875;7.875;1136;10.8;202;
559;2026.03.16 10:45;4;5.375;5.625;7.625;1157;11.3;202;
560;2026.03.16 11:00;4;5.3125;5.5625;8.5;1176;11.7;202;
561;2026.03.16 11:15;4;5.3125;5.5;9.5;1193;12.1;202;
562;2026.03.16 11:30;4;5.25;5.5;9;1209;12.4;202;
563;2026.03.16 11:45;4;5.25;5.5;8.0625;1223;12.7;202;
564;2026.03.16 12:00;4;5.25;5.5;7.25;1235;13.0;202;
565;2026.03.16 12:15;4;5.25;5.5;6.5;1247;13.3;202;
566;2026.03.16 12:30;4;5.25;5.4375;6.375;1257;13.5;202;
567;2026.03.16 12:45;4;5.25;5.4375;6.5625;1267;13.7;202;
568;2026.03.16 13:00;4;5.25;5.4375;7.25;1275;13.9;202;
569;2026.03.16 13:15;4;5.25;5.375;7.875;1283;14.0;202;
570;2026.03.16 13:30;4;5.25;5.375;8.3125;1291;14.2;202;
571;2026.03.16 13:45;4;5.25;5.375;8.875;1298;14.4;202;
572;2026.03.16 14:00;4;5.25;5.375;9.0625;1304;14.5;202;
573;2026.03.16 14:15;4;5.25;5.375;8.625;1310;14.6;202;
574;2026.03.16 14:30;4;5.25;5.375;8.125;1315;14.7;202;
575;2026.03.16 14:45;4;5.25;5.375;7.8125;1320;14.8;202;
576;2026.03.16 15:00;4;5.25;5.375;7.3125;1325;14.9;202;
577;2026.03.16 15:15;4;5.25;5.375;4.0625;1329;15.0;202;
578;2026.03.16 15:30;4;5.25;5.375;3.625;1333;15.1;202;
579;2026.03.16 15:45;4;5.25;5.375;3.625;1337;15.2;202;
580;2026.03.16 16:00;4;5.25;5.375;3;1341;15.3;202;
581;2026.03.16 16:15;4;5.25;5.375;2.375;1344;15.3;202;
582;2026.03.16 16:30;4;5.25;5.375;1.6875;1347;15.4;202;
583;2026.03.16 16:45;4;5.25;5.375;1.125;1350;15.5;202;
584;2026.03.16 17:00;4;5.25;5.375;0.5;1352;15.5;202;
585;2026.03.16 17:15;4;5.25;5.375;0.0625;1355;15.6;202;
586;2026.03.16 17:30;4;5.25;5.375;-0.25;1357;15.6;202;
587;2026.03.16 17:45;4;5.25;5.375;-0.25;1360;15.7;202;
588;2026.03.16 18:00;4;5.25;5.375;0;1362;15.7;202;
589;2026.03.16 18:15;4;5.25;5.375;0.5625;1364;15.8;202;
590;2026.03.16 18:30;4;5.25;5.375;0.75;1366;15.8;202;
591;2026.03.16 18:45;4;5.25;5.375;0.6875;1367;15.8;202;
592;2026.03.16 19:00;4;5.25;5.375;0.5;1369;15.9;202;
593;2026.03.16 19:15;4;5.25;5.4375;0.5;1371;15.9;202;
594;2026.03.16 19:30;4;5.25;5.4375;0.625;1372;15.9;202;
595;2026.03.16 19:45;4;5.25;5.4375;0.5;1374;16.0;202;
596;2026.03.16 20:00;4;5.25;5.4375;0;1375;16.0;202;
597;2026.03.16 20:15;4;5.25;5.4375;-0.375;1376;16.0;202;
598;2026.03.16 20:30;4;5.25;5.4375;-1;1378;16.1;202;
599;2026.03.16 20:45;4;5.25;5.4375;-1.5;1379;16.1;202;
600;2026.03.16 21:00;4;5.25;5.4375;-1.875;1380;16.1;202;
601;2026.03.16 21:15;4;5.25;5.4375;-2.125;1381;16.1;202;
602;2026.03.16 21:30;4;5.25;5.4375;-2;1382;16.1;202;
603;2026.03.16 21:45;4;5.25;5.4375;-2.3125;1383;16.2;202;
604;2026.03.16 22:00;4;5.25;5.4375;-2.5;1385;16.2;202;
605;2026.03.16 22:15;4;5.25;5.4375;-2.25;1386;16.2;202;
606;2026.03.16 22:30;4;5.25;5.4375;-2.0625;1387;16.3;202;
607;2026.03.16 22:45;4;5.25;5.4375;-2.3125;1388;16.3;202;
608;2026.03.16 23:00;4;5.25;5.4375;-2.5625;1388;16.3;202;
609;2026.03.16 23:15;4;5.25;5.4375;-2.8125;1389;16.3;202;
610;2026.03.16 23:30;4;5.25;5.4375;-2.875;1390;16.3;202;
611;2026.03.16 23:45;4;5.25;5.4375;-3;1391;16.3;202;
612;2026.03.17 00:00;4;5.25;5.4375;-2.5625;1392;16.4;202;
613;2026.03.17 00:15;4;5.25;5.4375;-2.5;1393;16.4;202;
614;2026.03.17 00:30;4;5.25;5.4375;-2.5625;1394;16.4;202;
615;2026.03.17 00:45;4;5.25;5.4375;-2.375;1394;16.4;202;
616;2026.03.17 01:00;4;5.25;5.4375;-2.5;1395;16.4;202;
617;2026.03.17 01:15;4;5.25;5.4375;-3.125;1396;16.4;202;
618;2026.03.17 01:30;4;5.25;5.4375;-3.625;1397;16.5;202;
619;2026.03.17 01:45;4;5.25;5.4375;-3.8125;1397;16.5;202;
620;2026.03.17 02:00;4;5.25;5.4375;-3.875;1398;16.5;202;
621;2026.03.17 02:15;4;5.25;5.4375;-4;1399;16.5;202;
622;2026.03.17 02:30;4;5.25;5.4375;-4.25;1399;16.5;202;
623;2026.03.17 02:45;4;5.25;5.4375;-4.4375;1400;16.5;202;
624;2026.03.17 03:00;4;5.25;5.4375;-4.625;1401;16.6;202;
625;2026.03.17 03:15;4;5.25;5.375;-4.8125;1401;16.6;202;
626;2026.03.17 03:30;4;5.25;5.375;-5.0625;1402;16.6;202;
627;2026.03.17 03:45;4;5.25;5.375;-5.125;1403;16.6;202;
628;2026.03.17 04:00;4;5.25;5.375;-5.125;1403;16.6;202;
629;2026.03.17 04:15;4;5.25;5.375;-5.1875;1404;16.6;202;
630;2026.03.17 04:30;4;5.25;5.375;-5.0625;1404;16.6;202;
631;2026.03.17 04:45;4;5.25;5.375;-5;1405;16.6;202;
632;2026.03.17 05:00;4;5.25;5.375;-5.125;1406;16.7;202;
633;2026.03.17 05:15;4;5.25;5.375;-5.125;1406;16.7;202;
634;2026.03.17 05:30;4;5.25;5.375;-5;1407;16.7;202;
635;2026.03.17 05:45;4;5.25;5.375;-4.6875;1407;16.7;202;
636;2026.03.17 06:00;4;5.25;5.375;-4.125;1408;16.7;202;
637;2026.03.17 06:15;4;5.25;5.375;-3.5;1408;16.7;202;
638;2026.03.17 06:30;4;5.25;5.375;-2.75;1409;16.7;202;
639;2026.03.17 06:45;4;5.25;5.375;-2.3125;1409;16.7;202;
640;2026.03.17 07:00;4;5.25;5.375;-1.5;1410;16.7;202;
641;2026.03.17 07:15;4;5.25;5.375;0;1410;16.7;202;
642;2026.03.17 07:30;4;5.25;5.375;0.625;1411;16.8;202;
643;2026.03.17 07:45;4;5.25;5.375;3;1411;16.8;202;
644;2026.03.17 08:00;4;5.25;5.375;3.375;1411;16.8;202;
645;2026.03.17 08:15;4;5.25;5.375;3.9375;1412;16.8;202;
646;2026.03.17 08:30;4;5.25;5.3125;4.8125;1412;16.8;202;
647;2026.03.17 08:45;4;5.25;5.3125;6.125;1413;16.8;202;
648;2026.03.17 09:00;4;5.25;5.3125;5.625;1413;16.8;202;
649;2026.03.17 09:15;4;5.25;5.3125;5.75;1413;16.8;202;
650;2026.03.17 09:30;4;5.25;5.3125;7;1414;16.8;202;
651;2026.03.17 09:45;4;5.25;5.3125;6.6875;1414;16.8;202;
652;2026.03.17 10:00;4;5.25;5.3125;7.25;1415;16.8;202;
653;2026.03.17 10:15;4;5.25;5.25;7.0625;1415;16.8;202;
654;2026.03.17 10:30;4;5.25;5.25;6.875;1415;16.8;202;
655;2026.03.17 10:45;4;5.25;5.25;6.125;1416;16.9;202;
656;2026.03.17 11:00;4;5.25;5.25;7.6875;1416;16.9;202;
657;2026.03.17 11:15;4;5.25;5.25;8.3125;1417;16.9;202;
658;2026.03.17 11:30;4;5.25;5.25;8.8125;1417;16.9;202;
659;2026.03.17 11:45;4;5.25;5.25;9.875;1417;16.9;202;
660;2026.03.17 12:00;4;5.25;5.25;8.5625;1418;16.9;202;
661;2026.03.17 12:15;4;5.25;5.25;11.625;1418;16.9;202;
662;2026.03.17 12:30;4;5.25;5.25;12.5;1418;16.9;202;
663;2026.03.17 12:45;4;5.25;5.25;9.4375;1419;16.9;202;
664;2026.03.17 13:00;4;5.25;5.25;7.8125;1419;16.9;202;
665;2026.03.17 13:15;4;5.25;5.25;8.5;1420;17.0;202;
666;2026.03.17 13:30;4;5.25;5.25;8.4375;1420;17.0;202;
667;2026.03.17 13:45;4;5.25;5.25;8.25;1420;17.0;202;
668;2026.03.17 14:00;4;5.25;5.1875;7.4375;1421;17.0;202;
669;2026.03.17 14:15;4;5.25;5.1875;6.125;1421;17.0;202;
670;2026.03.17 14:30;4;5.25;5.1875;6.125;1421;17.0;202;
671;2026.03.17 14:45;4;5.25;5.1875;7.25;1422;17.0;202;
672;2026.03.17 15:00;4;5.1875;5.1875;6.6875;1422;17.0;202;
673;2026.03.17 15:15;4;5.25;5.1875;5.75;1422;17.0;202;
674;2026.03.17 15:30;4;5.1875;5.125;5.375;1423;17.0;202;
675;2026.03.17 15:45;4;5.1875;5.125;6.5;1423;17.0;202;
676;2026.03.17 16:00;4;5.1875;5.125;6.375;1423;17.0;202;
677;2026.03.17 16:15;4;5.1875;5.125;5.25;1423;17.0;202;
678;2026.03.17 16:30;4;5.1875;5.125;4.25;1424;17.0;202;
679;2026.03.17 16:45;4;5.1875;5.125;3.9375;1424;17.0;202;
680;2026.03.17 17:00;4;5.1875;5.125;3.3125;1424;17.0;202;
681;2026.03.17 17:15;4;5.1875;5.125;2.125;1425;17.1;202;
682;2026.03.17 17:30;4;5.1875;5.125;1.375;1425;17.1;202;
683;2026.03.17 17:45;4;5.1875;5.125;0.375;1425;17.1;202;
684;2026.03.17 18:00;4;5.125;5.125;0.3125;1426;17.1;202;
685;2026.03.17 18:15;4;5.1875;5.125;0.375;1426;17.1;202;
686;2026.03.17 18:30;4;5.125;5.125;-0.125;1426;17.1;202;
687;2026.03.17 18:45;4;5.125;5.125;0.625;1426;17.1;202;
688;2026.03.17 19:00;4;5.125;5.125;1;1427;17.1;202;
689;2026.03.17 19:15;4;5.125;5.125;0.25;1427;17.1;202;
690;2026.03.17 19:30;4;5.125;5.125;-0.8125;1427;17.1;202;
691;2026.03.17 19:45;4;5.125;5.125;-1.625;1428;17.1;202;
692;2026.03.17 20:00;4;5.125;5.125;-2.0625;1428;17.1;202;
693;2026.03.17 20:15;4;5.125;5.125;-1.875;1428;17.1;202;
694;2026.03.17 20:30;4;5.125;5.125;-2.1875;1428;17.1;202;
695;2026.03.17 20:45;4;5.125;5.125;-2.1875;1429;17.1;202;
696;2026.03.17 21:00;4;5.125;5.125;-2.4375;1429;17.1;202;
697;2026.03.17 21:15;4;5.125;5.125;-1.9375;1429;17.1;202;
698;2026.03.17 21:30;4;5.125;5.125;-1.875;1430;17.2;202;
699;2026.03.17 21:45;4;5.125;5.125;-1.9375;1430;17.2;202;
700;2026.03.17 22:00;4;5.125;5.125;-2.1875;1430;17.2;202;
701;2026.03.17 22:15;4;5.125;5.125;-2.75;1430;17.2;202;
702;2026.03.17 22:30;4;5.125;5.125;-2.5;1431;17.2;202;
703;2026.03.17 22:45;4;5.125;5.125;-2.25;1431;17.2;202;
704;2026.03.17 23:00;4;5.125;5.125;-2.75;1431;17.2;202;
705;2026.03.17 23:15;4;5.125;5.125;-3.1875;1431;17.2;202;
706;2026.03.17 23:30;4;5.125;5.125;-3.375;1431;17.2;202;
707;2026.03.17 23:45;4;5.125;5.125;-3.4375;1432;17.2;202;
708;2026.03.18 00:00;4;5.125;5.125;-3.5;1432;17.2;202;
709;2026.03.18 00:15;4;5.125;5.125;-3.375;1432;17.2;202;
710;2026.03.18 00:30;4;5.125;5.125;-2.875;1432;17.2;202;
711;2026.03.18 00:45;4;5.125;5.125;-2.1875;1433;17.2;202;
712;2026.03.18 01:00;4;5.125;5.125;-1.9375;1433;17.2;202;
713;2026.03.18 01:15;4;5.125;5.125;-1.75;1433;17.2;202;
714;2026.03.18 01:30;4;5.125;5.125;-1.5;1433;17.2;202;
715;2026.03.18 01:45;4;5.125;5.125;-1.25;1433;17.2;202;
716;2026.03.18 02:00;4;5.125;5.125;-1.375;1434;17.3;202;
717;2026.03.18 02:15;4;5.125;5.125;-1.5;1434;17.3;202;
718;2026.03.18 02:30;4;5.125;5.125;-1.25;1434;17.3;202;
719;2026.03.18 02:45;4;5.125;5.125;-0.875;1434;17.3;202;
720;2026.03.18 03:00;4;5.125;5.125;-0.625;1435;17.3;202;
721;2026.03.18 03:15;4;5.125;5.0625;-0.375;1435;17.3;202;
722;2026.03.18 03:30;4;5.125;5.0625;-0.375;1435;17.3;202;
723;2026.03.18 03:45;4;5.125;5.0625;0.5;1435;17.3;202;
724;2026.03.18 04:00;4;5.125;5.0625;0.875;1436;17.3;202;
725;2026.03.18 04:15;4;5.125;5.0625;0.1875;1436;17.3;202;
726;2026.03.18 04:30;4;5.125;5.0625;-1.125;1436;17.3;202;
727;2026.03.18 04:45;4;5.125;5.0625;-1.9375;1436;17.3;202;
728;2026.03.18 05:00;4;5.125;5.0625;-2.375;1436;17.3;202;
729;2026.03.18 05:15;4;5.125;5.0625;-2.75;1437;17.3;202;
730;2026.03.18 05:30;4;5.125;5;-2.75;1437;17.3;202;
731;2026.03.18 05:45;4;5.125;5;-2.375;1437;17.3;202;
732;2026.03.18 06:00;4;5.125;5;-2.0625;1437;17.3;202;
733;2026.03.18 06:15;4;5.125;5;-2;1437;17.3;202;
734;2026.03.18 06:30;4;5.125;5;-1.75;1438;17.3;202;
735;2026.03.18 06:45;4;5.125;5;-0.8125;1438;17.3;202;
736;2026.03.18 07:00;4;5.125;5;0.1875;1438;17.3;202;
737;2026.03.18 07:15;4;5.125;5;1.375;1438;17.3;202;
738;2026.03.18 07:30;4;5.125;5;2.0625;1438;17.3;202;
739;2026.03.18 07:45;4;5.125;5;3.9375;1439;17.4;202;
740;2026.03.18 08:00;4;5.125;5;5.5;1439;17.4;202;
741;2026.03.18 08:15;4;5.125;5;6.875;1439;17.4;202;
742;2026.03.18 08:30;4;5.125;5;9.125;1439;17.4;202;
743;2026.03.18 08:45;4;5.125;5;10;1439;17.4;202;
744;2026.03.18 09:00;4;5.0625;5;9.25;1440;17.4;202;
745;2026.03.18 09:15;4;5.0625;5;9.375;1440;17.4;202;
746;2026.03.18 09:30;4;5.0625;5;9.625;1440;17.4;202;
747;2026.03.18 09:45;4;5.0625;5;11.625;1440;17.4;202;
748;2026.03.18 10:00;4;5.0625;5;12.625;1440;17.4;202;
749;2026.03.18 10:15;4;5.0625;5;13.5625;1441;17.4;202;
750;2026.03.18 10:30;4;5.0625;5;13;1441;17.4;202;
751;2026.03.18 10:45;4;5.0625;4.9375;12.375;1441;17.4;202;
752;2026.03.18 11:00;4;5.0625;4.9375;13.75;1441;17.4;202;
753;2026.03.18 11:15;4;5.0625;4.9375;14.125;1441;17.4;202;
754;2026.03.18 11:30;4;5.0625;4.9375;14.625;1442;17.4;202;
755;2026.03.18 11:45;4;5.0625;4.9375;15.125;1442;17.4;202;
756;2026.03.18 12:00;4;5.0625;4.9375;16.25;1442;17.4;202;
757;2026.03.18 12:15;4;5;4.875;17.75;1442;17.4;202;
758;2026.03.18 12:30;4;5;4.875;15.75;1442;17.4;202;
759;2026.03.18 12:45;4;5;4.875;13.25;1443;17.4;202;
760;2026.03.18 13:00;4;5;4.875;13.25;1443;17.4;202;
761;2026.03.18 13:15;4;5;4.875;14;1443;17.4;202;
762;2026.03.18 13:30;4;5;4.875;14.5;1443;17.4;202;
763;2026.03.18 13:45;4;5;4.875;14.125;1443;17.4;202;
764;2026.03.18 14:00;4;5;4.875;14;1443;17.4;202;
765;2026.03.18 14:15;4;5;4.875;13.875;1444;17.5;202;
766;2026.03.18 14:30;4;5;4.875;12.9375;1444;17.5;202;
767;2026.03.18 14:45;4;5;4.875;13.0625;1444;17.5;202;
768;2026.03.18 15:00;4;5;4.875;12.5;1444;17.5;202;
769;2026.03.18 15:15;4;5;4.875;12.5;1444;17.5;202;
770;2026.03.18 15:30;4;5;4.875;12;1445;17.5;202;
771;2026.03.18 15:45;4;5;4.875;11;1445;17.5;202;
772;2026.03.18 16:00;4;5;4.875;10.8125;1445;17.5;202;
773;2026.03.18 16:15;4;5;4.875;10;1445;17.5;202;
774;2026.03.18 16:30;4;5;4.875;9.75;1445;17.5;202;
775;2026.03.18 16:45;4;5;4.875;9.375;1445;17.5;202;
776;2026.03.18 17:00;4;5;4.875;8.6875;1446;17.5;202;
777;2026.03.18 17:15;4;5;4.875;7.875;1446;17.5;202;
778;2026.03.18 17:30;4;5;4.875;7;1446;17.5;202;
779;2026.03.18 17:45;4;5;4.875;6.375;1446;17.5;202;
780;2026.03.18 18:00;4;5;4.875;6.625;1446;17.5;202;
781;2026.03.18 18:15;4;5;4.875;7;1446;17.5;202;
782;2026.03.18 18:30;4;5;4.875;6.75;1446;17.5;202;
783;2026.03.18 18:45;4;5;4.875;6.625;1446;17.5;202;
784;2026.03.18 19:00;4;5;4.875;5.6875;1447;17.5;202;
785;2026.03.18 19:15;4;5;4.875;4.25;1447;17.5;202;
786;2026.03.18 19:30;4;5;4.875;3.5;1447;17.5;202;
787;2026.03.18 19:45;4;5;4.875;2.125;1447;17.5;202;
788;2026.03.18 20:00;4;5;4.875;2.125;1447;17.5;202;
789;2026.03.18 20:15;4;5;4.9375;2.75;1447;17.5;202;
790;2026.03.18 20:30;4;5;4.9375;3;1448;17.5;202;
791;2026.03.18 20:45;4;5;4.9375;3.5;1448;17.5;202;
792;2026.03.18 21:00;4;5;4.9375;3.75;1448;17.5;202;
793;2026.03.18 21:15;4;5;4.9375;3.25;1448;17.5;202;
794;2026.03.18 21:30;4;5;5;2.25;1448;17.5;202;
795;2026.03.18 21:45;4;5;4.9375;1.25;1448;17.5;202;
796;2026.03.18 22:00;4;5;5;0.5625;1449;17.6;202;
797;2026.03.18 22:15;4;5;5;0.375;1449;17.6;202;
798;2026.03.18 22:30;4;5;5;-0.125;1449;17.6;202;
799;2026.03.18 22:45;4;5;5;-0.625;1449;17.6;202;
800;2026.03.18 23:00;4;5;5;-1.25;1449;17.6;202;
801;2026.03.18 23:15;4;5;5;-1.4375;1449;17.6;202;
802;2026.03.18 23:30;4;5;5;-1.5625;1450;17.6;202;
803;2026.03.18 23:45;4;5;5;-1.875;1450;17.6;202;
804;2026.03.19 00:00;4;5;5;-1.875;1450;17.6;202;
805;2026.03.19 00:15;4;5;5;-2.0625;1450;17.6;202;
806;2026.03.19 00:30;4;5;5;-2.25;1450;17.6;202;
807;2026.03.19 00:45;4;5;5;-2.1875;1450;17.6;202;
808;2026.03.19 01:00;4;5;5;-2.3125;1451;17.6;202;
809;2026.03.19 01:15;4;5;5;-2.25;1451;17.6;202;
810;2026.03.19 01:30;4;5;5;-2.3125;1451;17.6;202;
811;2026.03.19 01:45;4;5;5;-2.375;1451;17.6;202;
812;2026.03.19 02:00;4;5;5;-2.375;1451;17.6;202;
813;2026.03.19 02:15;4;5;5;-2.5;1451;17.6;202;
814;2026.03.19 02:30;4;5;5;-2.5;1452;17.6;202;
815;2026.03.19 02:45;4;5;5;-2.9375;1452;17.6;202;
816;2026.03.19 03:00;4;5;5;-3.0625;1452;17.6;202;
817;2026.03.19 03:15;4;5;5;-3.125;1452;17.6;202;
818;2026.03.19 03:30;4;5;5;-3;1452;17.6;202;
819;2026.03.19 03:45;4;5;5;-3;1452;17.6;202;
820;2026.03.19 04:00;4;5;5;-3;1452;17.6;202;
821;2026.03.19 04:15;4;5;5;-3.1875;1453;17.7;202;
822;2026.03.19 04:30;4;5;5;-3.3125;1453;17.7;202;
823;2026.03.19 04:45;4;5;5;-3.25;1453;17.7;202;
824;2026.03.19 05:00;4;5;5;-3.5;1453;17.7;202;
825;2026.03.19 05:15;4;5;5;-3.4375;1453;17.7;202;
826;2026.03.19 05:30;4;5;5;-3.125;1453;17.7;202;
827;2026.03.19 05:45;4;5;5;-2.875;1454;17.7;202;
828;2026.03.19 06:00;4;5;5;-2.875;1454;17.7;202;
829;2026.03.19 06:15;4;5;5;-2.75;1454;17.7;202;
830;2026.03.19 06:30;4;5;5;-2.5;1454;17.7;202;
831;2026.03.19 06:45;4;5;5;-1.875;1454;17.7;202;
832;2026.03.19 07:00;4;5;5;0;1454;17.7;202;
833;2026.03.19 07:15;4;5;5;2.25;1454;17.7;202;
834;2026.03.19 07:30;4;5;5;3.125;1454;17.7;202;
835;2026.03.19 07:45;4;5;5;6.9375;1455;17.7;202;
836;2026.03.19 08:00;4;5;5;10.0625;1455;17.7;202;
837;2026.03.19 08:15;4;5;5;12.375;1455;17.7;202;
838;2026.03.19 08:30;4;5;5;13.25;1455;17.7;202;
839;2026.03.19 08:45;4;5;5;14;1455;17.7;202;
840;2026.03.19 09:00;4;5;5;12.5;1455;17.7;202;
841;2026.03.19 09:15;4;5;5;10.375;1455;17.7;202;
842;2026.03.19 09:30;4;5;5;13.625;1455;17.7;202;
843;2026.03.19 09:45;4;5;5;15.4375;1456;17.7;202;
844;2026.03.19 10:00;4;5;5;13.375;1456;17.7;202;
845;2026.03.19 10:15;4;5;5;11.9375;1456;17.7;202;
846;2026.03.19 10:30;4;5;5;11.25;1456;17.7;202;
847;2026.03.19 10:45;4;5;5;10.75;1456;17.7;202;
848;2026.03.19 11:00;4;5;5;12.4375;1456;17.7;202;
849;2026.03.19 11:15;4;5;5;14.75;1456;17.7;202;
850;2026.03.19 11:30;4;5;4.9375;16.0625;1456;17.7;202;
851;2026.03.19 11:45;4;5;4.9375;17.375;1457;17.7;202;
852;2026.03.19 12:00;4;5;4.9375;17.75;1457;17.7;202;
853;2026.03.19 12:15;4;5;4.9375;18.25;1457;17.7;202;
854;2026.03.19 12:30;4;5;4.9375;17.5;1457;17.7;202;
855;2026.03.19 12:45;4;5;4.9375;18.375;1457;17.7;202;
856;2026.03.19 13:00;4;5;4.9375;16.125;1457;17.7;202;
857;2026.03.19 13:15;4;5;4.9375;13.625;1457;17.7;202;
858;2026.03.19 13:30;4;5;4.9375;12.625;1457;17.7;202;
859;2026.03.19 13:45;4;5;4.9375;11.5;1458;17.8;202;
860;2026.03.19 14:00;4;5;4.9375;11.375;1458;17.8;202;
861;2026.03.19 14:15;4;5;4.875;11.4375;1458;17.8;202;
862;2026.03.19 14:30;4;5;4.875;10.75;1458;17.8;202;
863;2026.03.19 14:45;4;5;4.875;10.3125;1458;17.8;202;
864;2026.03.19 15:00;4;5;4.875;10;1458;17.8;202;
865;2026.03.19 15:15;4;5;4.875;9.625;1458;17.8;202;
866;2026.03.19 15:30;4;5;4.875;9.6875;1458;17.8;202;
867;2026.03.19 15:45;4;5;4.875;9.3125;1459;17.8;202;
868;2026.03.19 16:00;4;5;4.875;8.3125;1459;17.8;202;
869;2026.03.19 16:15;4;5;4.875;7.5;1459;17.8;202;
870;2026.03.19 16:30;4;5;4.875;6.625;1459;17.8;202;
871;2026.03.19 16:45;4;5;4.875;5;1459;17.8;202;
872;2026.03.19 17:00;4;5;4.875;4;1459;17.8;202;
873;2026.03.19 17:15;4;5;4.875;3.75;1459;17.8;202;
874;2026.03.19 17:30;4;5;4.875;3.5;1459;17.8;202;
875;2026.03.19 17:45;4;5;4.9375;2.875;1460;17.8;202;
876;2026.03.19 18:00;4;5;4.9375;2;1460;17.8;202;
877;2026.03.19 18:15;4;5;4.9375;2;1460;17.8;202;
878;2026.03.19 18:30;4;5;4.9375;1.75;1460;17.8;202;
879;2026.03.19 18:45;4;5;4.9375;2.25;1460;17.8;202;
880;2026.03.19 19:00;4;5;4.9375;2.375;1460;17.8;202;
881;2026.03.19 19:15;4;5;4.9375;2.0625;1460;17.8;202;
882;2026.03.19 19:30;4;5;4.9375;1.25;1460;17.8;202;
883;2026.03.19 19:45;4;5;4.9375;1.0625;1460;17.8;202;
884;2026.03.19 20:00;4;5;5;1;1461;17.8;202;
885;2026.03.19 20:15;4;5;5;0.1875;1461;17.8;202;
886;2026.03.19 20:30;4;5;5;-0.875;1461;17.8;202;
887;2026.03.19 20:45;4;5;5;-1.1875;1461;17.8;202;
888;2026.03.19 21:00;4;5;5;-1.75;1461;17.8;202;
889;2026.03.19 21:15;4;5;5;-1.75;1461;17.8;202;
890;2026.03.19 21:30;4;5;5;-1.5;1461;17.8;202;
891;2026.03.19 21:45;4;5;5;-1;1461;17.8;202;
892;2026.03.19 22:00;4;5;5;-1.1875;1461;17.8;202;
893;2026.03.19 22:15;4;5;5;-1.875;1461;17.8;202;
894;2026.03.19 22:30;4;5;5;-2.375;1462;17.8;202;
895;2026.03.19 22:45;4;5;5;-2.4375;1462;17.8;202;
896;2026.03.19 23:00;4;5;5;-2.75;1462;17.8;202;
897;2026.03.19 23:15;4;5;5;-2.875;1462;17.8;202;
898;2026.03.19 23:30;4;5;5;-2.875;1462;17.8;202;
899;2026.03.19 23:45;4;5;5;-3;1462;17.8;202;
900;2026.03.20 00:00;4;5;5;-3.375;1462;17.8;202;
901;2026.03.20 00:15;4;5;5;-3.3125;1462;17.8;202;
902;2026.03.20 00:30;4;5;5;-3.25;1462;17.8;202;
903;2026.03.20 00:45;4;5;5;-3.375;1462;17.8;202;
904;2026.03.20 01:00;4;5;5;-3.375;1463;17.9;202;
905;2026.03.20 01:15;4;5;5;-3.375;1463;17.9;202;
906;2026.03.20 01:30;4;5;5;-3.25;1463;17.9;202;
907;2026.03.20 01:45;4;5;5;-3.375;1463;17.9;202;
908;2026.03.20 02:00;4;5;5;-3.375;1463;17.9;202;
909;2026.03.20 02:15;4;5;5;-3.4375;1463;17.9;202;
910;2026.03.20 02:30;4;5;5;-3.625;1463;17.9;202;
911;2026.03.20 02:45;4;5;5;-3.875;1464;17.9;202;
912;2026.03.20 03:00;4;5;5;-4;1464;17.9;202;
913;2026.03.20 03:15;4;5;5;-3.4375;1464;17.9;202;
914;2026.03.20 03:30;4;5;5;-3.5;1464;17.9;202;
915;2026.03.20 03:45;4;5;5;-3.625;1464;17.9;202;
916;2026.03.20 04:00;4;5;5;-3.875;1464;17.9;202;
917;2026.03.20 04:15;4;5;5;-4.1875;1464;17.9;202;
918;2026.03.20 04:30;4;5;5;-4.4375;1464;17.9;202;
919;2026.03.20 04:45;4;5;5;-4.625;1464;17.9;202;
920;2026.03.20 05:00;4;5;5;-4.375;1465;17.9;202;
921;2026.03.20 05:15;4;5;5;-4;1465;17.9;202;
922;2026.03.20 05:30;4;5;5;-3.75;1465;17.9;202;
923;2026.03.20 05:45;4;5;5;-3.6875;1465;17.9;202;
924;2026.03.20 06:00;4;5;5;-3.25;1465;17.9;202;
925;2026.03.20 06:15;4;5;5;-2.6875;1465;17.9;202;
926;2026.03.20 06:30;4;5;5;-1.5625;1465;17.9;202;
927;2026.03.20 06:45;4;5;5;-0.625;1465;17.9;202;
928;2026.03.20 07:00;4;5;5;0.875;1465;17.9;202;
929;2026.03.20 07:15;4;5;5;2.125;1465;17.9;202;
930;2026.03.20 07:30;4;5;5;3.125;1465;17.9;202;
931;2026.03.20 07:45;4;5;5;4.375;1466;17.9;202;
932;2026.03.20 08:00;4;5;5;6.4375;1466;17.9;202;
933;2026.03.20 08:15;4;5;4.9375;7.625;1466;17.9;202;
934;2026.03.20 08:30;4;5;4.9375;9.3125;1466;17.9;202;
935;2026.03.20 08:45;4;5;4.9375;10.375;1466;17.9;202;
936;2026.03.20 09:00;4;5;4.9375;9.5625;1466;17.9;202;
937;2026.03.20 09:15;4;5;4.9375;9.75;1466;17.9;202;
938;2026.03.20 09:30;4;5;4.9375;13.75;1466;17.9;202;
939;2026.03.20 09:45;4;5;4.9375;14.8125;1466;17.9;202;
940;2026.03.20 10:00;4;5;4.9375;12.5;1466;17.9;202;
941;2026.03.20 10:15;4;5;4.875;12.75;1466;17.9;202;
942;2026.03.20 10:30;4;5;4.875;11.625;1467;17.9;202;
943;2026.03.20 10:45;4;5;4.875;11.4375;1467;17.9;202;
944;2026.03.20 11:00;4;5;4.875;12;1467;17.9;202;
945;2026.03.20 11:15;4;5;4.875;12.5;1467;17.9;202;
946;2026.03.20 11:30;4;5;4.875;13.4375;1467;17.9;202;
947;2026.03.20 11:45;4;5;4.875;15.5;1467;17.9;202;
948;2026.03.20 12:00;4;5;4.875;16.125;1467;17.9;202;
949;2026.03.20 12:15;4;5;4.875;16;1467;17.9;202;
950;2026.03.20 12:30;4;5;4.875;14.125;1467;17.9;202;
951;2026.03.20 12:45;4;5;4.875;12.4375;1467;17.9;202;
952;2026.03.20 13:00;4;5;4.875;12.6875;1468;18.0;202;
953;2026.03.20 13:15;4;5;4.875;12.625;1468;18.0;202;
954;2026.03.20 13:30;4;5;4.875;11.75;1468;18.0;202;
955;2026.03.20 13:45;4;5;4.875;11.875;1468;18.0;202;
956;2026.03.20 14:00;4;5;4.875;12.5;1468;18.0;202;
957;2026.03.20 14:15;4;5;4.875;12.75;1468;18.0;202;
958;2026.03.20 14:30;4;5;4.875;12.25;1468;18.0;202;
959;2026.03.20 14:45;4;5;4.875;11.75;1468;18.0;202;
960;2026.03.20 15:00;4;4.9375;4.875;11.8125;1468;18.0;202;
961;2026.03.20 15:15;4;5;4.875;11.4375;1469;18.0;202;
962;2026.03.20 15:30;4;4.9375;4.875;11.125;1469;18.0;202;
963;2026.03.20 15:45;4;4.9375;4.875;10.75;1469;18.0;202;
964;2026.03.20 16:00;4;4.9375;4.875;10.125;1469;18.0;202;
965;2026.03.20 16:15;4;4.9375;4.875;9.625;1469;18.0;202;
966;2026.03.20 16:30;4;4.9375;4.875;9.25;1469;18.0;202;
967;2026.03.20 16:45;4;4.9375;4.875;8.75;1469;18.0;202;
968;2026.03.20 17:00;4;4.9375;4.875;8;1469;18.0;202;
969;2026.03.20 17:15;4;4.9375;4.875;7.1875;1469;18.0;202;
970;2026.03.20 17:30;4;4.9375;4.875;6.375;1470;18.0;202;
971;2026.03.20 17:45;4;4.9375;4.875;5.375;1470;18.0;202;
972;2026.03.20 18:00;4;4.9375;4.875;4.375;1470;18.0;202;
973;2026.03.20 18:15;4;4.9375;4.875;3.6875;1470;18.0;202;
974;2026.03.20 18:30;4;4.9375;4.875;3.625;1470;18.0;202;
975;2026.03.20 18:45;4;4.9375;4.875;3.75;1470;18.0;202;
976;2026.03.20 19:00;4;4.9375;4.875;4.1875;1470;18.0;202;
977;2026.03.20 19:15;4;4.9375;4.875;4;1470;18.0;202;
978;2026.03.20 19:30;4;4.9375;4.875;3.5625;1470;18.0;202;
979;2026.03.20 19:45;4;4.9375;4.875;2.75;1470;18.0;202;
980;2026.03.20 20:00;4;4.9375;4.875;1.875;1470;18.0;202;
981;2026.03.20 20:15;4;4.9375;4.875;1.6875;1470;18.0;202;
982;2026.03.20 20:30;4;4.9375;4.875;2.1875;1471;18.0;202;
983;2026.03.20 20:45;4;4.9375;4.875;1.9375;1471;18.0;202;
984;2026.03.20 21:00;4;4.9375;4.875;1.9375;1471;18.0;202;
985;2026.03.20 21:15;4;4.9375;4.875;1.875;1471;18.0;202;
986;2026.03.20 21:30;4;4.9375;4.875;1.875;1471;18.0;202;
987;2026.03.20 21:45;4;4.9375;4.875;1.9375;1471;18.0;202;
988;2026.03.20 22:00;4;4.9375;4.875;2;1471;18.0;202;
989;2026.03.20 22:15;4;4.9375;4.875;1.5;1471;18.0;202;
990;2026.03.20 22:30;4;4.9375;4.875;1.375;1471;18.0;202;
991;2026.03.20 22:45;4;4.9375;4.875;1.5;1471;18.0;202;
992;2026.03.20 23:00;4;4.9375;4.9375;1.625;1472;18.1;202;
993;2026.03.20 23:15;4;4.9375;4.9375;1.875;1472;18.1;202;
994;2026.03.20 23:30;4;4.9375;4.9375;2.4375;1472;18.1;202;
995;2026.03.20 23:45;4;4.9375;4.9375;2.625;1472;18.1;202;
996;2026.03.21 00:00;4;4.9375;4.9375;2.6875;1472;18.1;202;
997;2026.03.21 00:15;4;4.9375;4.9375;2.875;1472;18.1;202;
998;2026.03.21 00:30;4;4.9375;4.9375;2.875;1472;18.1;202;
999;2026.03.21 00:45;4;4.9375;4.9375;3;1472;18.1;202;
1000;2026.03.21 01:00;4;4.9375;4.9375;3.0625;1472;18.1;202;
1001;2026.03.21 01:15;4;4.9375;5;3.3125;1472;18.1;202;
1002;2026.03.21 01:30;4;4.9375;5;3.375;1472;18.1;202;
1003;2026.03.21 01:45;4;5;5;3.3125;1473;18.1;202;
1004;2026.03.21 02:00;4;5;5;3.25;1473;18.1;202;
1005;2026.03.21 02:15;4;5;5;3.25;1473;18.1;202;
1006;2026.03.21 02:30;4;5;5;3.0625;1473;18.1;202;
1007;2026.03.21 02:45;4;5;5;3;1473;18.1;202;
1008;2026.03.21 03:00;4;5;5;2.875;1473;18.1;202;
1009;2026.03.21 03:15;4;5;5;2.875;1473;18.1;202;
1010;2026.03.21 03:30;4;5;5;3;1473;18.1;202;
1011;2026.03.21 03:45;4;5;5;2.9375;1473;18.1;202;
1012;2026.03.21 04:00;4;5;5;2.875;1473;18.1;202;
1013;2026.03.21 04:15;4;5;5;2.75;1473;18.1;202;
1014;2026.03.21 04:30;4;5;5;2.75;1473;18.1;202;
1015;2026.03.21 04:45;4;5;5;2.75;1473;18.1;202;
1016;2026.03.21 05:00;4;5;5;2.75;1473;18.1;202;
1017;2026.03.21 05:15;4;5;5;2.75;1473;18.1;202;
1018;2026.03.21 05:30;4;5;5;2.875;1474;18.1;202;
1019;2026.03.21 05:45;4;5;5;3;1474;18.1;202;
1020;2026.03.21 06:00;4;5;5;3.1875;1474;18.1;202;
1021;2026.03.21 06:15;4;5;5;3.3125;1474;18.1;202;
1022;2026.03.21 06:30;4;5;5;3.5625;1474;18.1;202;
1023;2026.03.21 06:45;4;5;5;3.8125;1474;18.1;202;
1024;2026.03.21 07:00;4;5;5;4.125;1474;18.1;202;
1025;2026.03.21 07:15;4;5;5;4.625;1474;18.1;202;
1026;2026.03.21 07:30;4;5;5;4.875;1474;18.1;202;
1027;2026.03.21 07:45;4;5;5;5.375;1474;18.1;202;
1028;2026.03.21 08:00;4;5;5;5.875;1474;18.1;202;
1029;2026.03.21 08:15;4;5;5;6.125;1474;18.1;202;
1030;2026.03.21 08:30;4;5;5;6.125;1474;18.1;202;
1031;2026.03.21 08:45;4;5;5;5.625;1474;18.1;202;
1032;2026.03.21 09:00;4;5;5;5.25;1475;18.1;202;
1033;2026.03.21 09:15;4;5;5;5;1475;18.1;202;
1034;2026.03.21 09:30;4;5;5;4.875;1475;18.1;202;
1035;2026.03.21 09:45;4;5;5;4.875;1475;18.1;202;
1036;2026.03.21 10:00;4;5;5;5.25;1475;18.1;202;
1037;2026.03.21 10:15;4;5;5;5.8125;1475;18.1;202;
1038;2026.03.21 10:30;4;5;5;5.8125;1475;18.1;202;
1039;2026.03.21 10:45;4;5;5;6;1475;18.1;202;
1040;2026.03.21 11:00;4;5;5;5.8125;1475;18.1;202;
1041;2026.03.21 11:15;4;5;5;5.75;1475;18.1;202;
1042;2026.03.21 11:30;4;5;5;5.875;1475;18.1;202;
1043;2026.03.21 11:45;4;5;5;6.5;1475;18.1;202;
1044;2026.03.21 12:00;4;5;5;6.375;1475;18.1;202;
1045;2026.03.21 12:15;4;5;5;6.25;1476;18.1;202;
1046;2026.03.21 12:30;4;5;5;5.9375;1476;18.1;202;
1047;2026.03.21 12:45;4;5;5;6.875;1476;18.1;202;
1048;2026.03.21 13:00;4;5;5;6.5625;1476;18.1;202;
1049;2026.03.21 13:15;4;5;5;6.625;1476;18.1;202;
1050;2026.03.21 13:30;4;5;5;6.3125;1476;18.1;202;
1051;2026.03.21 13:45;4;5;5;6.5625;1476;18.1;202;
1052;2026.03.21 14:00;4;5;5;7;1476;18.1;202;
1053;2026.03.21 14:15;4;5;5;7.25;1476;18.1;202;
1054;2026.03.21 14:30;4;5;5;7.5;1476;18.1;202;
1055;2026.03.21 14:45;4;5;5;7.25;1476;18.1;202;
1056;2026.03.21 15:00;4;5;5;6.9375;1476;18.1;202;
1057;2026.03.21 15:15;4;5;5;6.1875;1476;18.1;202;
1058;2026.03.21 15:30;4;5;5;5.875;1477;18.2;202;
1059;2026.03.21 15:45;4;5;5;5.75;1477;18.2;202;
1060;2026.03.21 16:00;4;5;5;5.5;1477;18.2;202;
1061;2026.03.21 16:15;4;5;5;5.125;1477;18.2;202;
1062;2026.03.21 16:30;4;5;5;4.875;1477;18.2;202;
1063;2026.03.21 16:45;4;5;5;4.6875;1477;18.2;202;
1064;2026.03.21 17:00;4;5;5;4.5625;1477;18.2;202;
1065;2026.03.21 17:15;4;5;5;4.25;1477;18.2;202;
1066;2026.03.21 17:30;4;5;5;3.9375;1477;18.2;202;
1067;2026.03.21 17:45;4;5;5;3.5625;1477;18.2;202;
1068;2026.03.21 18:00;4;5;5;3.25;1477;18.2;202;
1069;2026.03.21 18:15;4;5;5;3.3125;1477;18.2;202;
1070;2026.03.21 18:30;4;5;5;3.5;1477;18.2;202;
1071;2026.03.21 18:45;4;5;5;3.125;1477;18.2;202;
1072;2026.03.21 19:00;4;5;5;3.125;1477;18.2;202;
1073;2026.03.21 19:15;4;5;5;3.25;1477;18.2;202;
1074;2026.03.21 19:30;4;5;5;3.5;1478;18.2;202;
1075;2026.03.21 19:45;4;5;5;3.25;1477;18.2;202;
1076;2026.03.21 20:00;4;5;5;2;1478;18.2;202;
1077;2026.03.21 20:15;4;5;5;0.8125;1478;18.2;202;
1078;2026.03.21 20:30;4;5;5.0625;0.25;1478;18.2;202;
1079;2026.03.21 20:45;4;5;5.0625;0.375;1478;18.2;202;
1080;2026.03.21 21:00;4;5;5.0625;0.75;1478;18.2;202;
1081;2026.03.21 21:15;4;5;5.0625;0.375;1478;18.2;202;
1082;2026.03.21 21:30;4;5;5.0625;0.25;1478;18.2;202;
1083;2026.03.21 21:45;4;5;5.0625;0.25;1478;18.2;202;
1084;2026.03.21 22:00;4;5;5.0625;0.625;1478;18.2;202;
1085;2026.03.21 22:15;4;5;5.0625;0.875;1478;18.2;202;
1086;2026.03.21 22:30;4;5;5.0625;0.875;1478;18.2;202;
1087;2026.03.21 22:45;4;5;5.0625;1.3125;1478;18.2;202;
1088;2026.03.21 23:00;4;5;5.125;1.375;1478;18.2;202;
1089;2026.03.21 23:15;4;5;5.125;0.875;1478;18.2;202;
1090;2026.03.21 23:30;4;5;5.125;0.6875;1479;18.2;202;
1091;2026.03.21 23:45;4;5;5.125;0.25;1479;18.2;202;
1092;2026.03.22 00:00;4;5;5.125;0.125;1479;18.2;202;
1093;2026.03.22 00:15;4;5;5.125;0;1479;18.2;202;
1094;2026.03.22 00:30;4;5;5.125;-0.125;1479;18.2;202;
1095;2026.03.22 00:45;4;5;5.125;-0.375;1479;18.2;202;
1096;2026.03.22 01:00;4;5;5.125;-0.75;1479;18.2;202;
1097;2026.03.22 01:15;4;5;5.125;-0.875;1479;18.2;202;
1098;2026.03.22 01:30;4;5.0625;5.125;-1;1479;18.2;202;
1099;2026.03.22 01:45;4;5.0625;5.125;-0.625;1479;18.2;202;
1100;2026.03.22 02:00;4;5.0625;5.125;0;1479;18.2;202;
1101;2026.03.22 02:15;4;5.0625;5.125;-0.375;1479;18.2;202;
1102;2026.03.22 02:30;4;5.0625;5.125;-0.9375;1479;18.2;202;
1103;2026.03.22 02:45;4;5.0625;5.125;-1.4375;1479;18.2;202;
1104;2026.03.22 03:00;4;5.0625;5.125;-1.625;1479;18.2;202;
1105;2026.03.22 03:15;4;5.0625;5.125;-1.8125;1479;18.2;202;
1106;2026.03.22 03:30;4;5.0625;5.125;-1.75;1479;18.2;202;
1107;2026.03.22 03:45;4;5.0625;5.125;-1.375;1479;18.2;202;
1108;2026.03.22 04:00;4;5.0625;5.125;-1.125;1479;18.2;202;
1109;2026.03.22 04:15;4;5.0625;5.125;-0.6875;1480;18.2;202;
1110;2026.03.22 04:30;4;5.0625;5.125;-0.75;1480;18.2;202;
1111;2026.03.22 04:45;4;5.0625;5.125;-1.3125;1480;18.2;202;
1112;2026.03.22 05:00;4;5.0625;5.125;-1.8125;1480;18.2;202;
1113;2026.03.22 05:15;4;5.0625;5.125;-2.25;1480;18.2;202;
1114;2026.03.22 05:30;4;5.0625;5.125;-2.1875;1480;18.2;202;
1115;2026.03.22 05:45;4;5.0625;5.125;-1.875;1480;18.2;202;
1116;2026.03.22 06:00;4;5.0625;5.125;-1.1875;1480;18.2;202;
1117;2026.03.22 06:15;4;5.0625;5.125;-0.625;1480;18.2;202;
1118;2026.03.22 06:30;4;5.0625;5.125;-0.1875;1480;18.2;202;
1119;2026.03.22 06:45;4;5.0625;5.125;0.125;1480;18.2;202;
1120;2026.03.22 07:00;4;5.0625;5.125;0.5;1480;18.2;202;
1121;2026.03.22 07:15;4;5.0625;5.125;1;1480;18.2;202;
1122;2026.03.22 07:30;4;5.0625;5.125;1.75;1480;18.2;202;
1123;2026.03.22 07:45;4;5.0625;5.125;2.875;1480;18.2;202;
1124;2026.03.22 08:00;4;5.0625;5.125;5.375;1480;18.2;202;
1125;2026.03.22 08:15;4;5.0625;5.125;7.3125;1480;18.2;202;
1126;2026.03.22 08:30;4;5.0625;5.125;8.125;1480;18.2;202;
1127;2026.03.22 08:45;4;5.0625;5.125;10.125;1480;18.2;202;
1128;2026.03.22 09:00;4;5.0625;5.125;10.4375;1480;18.2;202;
1129;2026.03.22 09:15;4;5.0625;5.125;10;1480;18.2;202;
1130;2026.03.22 09:30;4;5.0625;5.125;11.5;1480;18.2;202;
1131;2026.03.22 09:45;4;5.0625;5.125;12.5625;1480;18.2;202;
1132;2026.03.22 10:00;4;5.0625;5.125;11.375;1480;18.2;202;
1133;2026.03.22 10:15;4;5.0625;5.0625;11.125;1480;18.2;202;
1134;2026.03.22 10:30;4;5.0625;5.0625;12.5;1480;18.2;202;
1135;2026.03.22 10:45;4;5.0625;5.0625;12.75;1480;18.2;202;
1136;2026.03.22 11:00;4;5.0625;5.0625;11.875;1480;18.2;202;
1137;2026.03.22 11:15;4;5.0625;5.0625;11;1480;18.2;202;
1138;2026.03.22 11:30;4;5.0625;5.0625;11.125;1480;18.2;202;
1139;2026.03.22 11:45;4;5.0625;5.0625;12.3125;1480;18.2;202;
1140;2026.03.22 12:00;4;5.0625;5.0625;12.1875;1480;18.2;202;
1141;2026.03.22 12:15;4;5.0625;5.0625;11.4375;1480;18.2;202;
1142;2026.03.22 12:30;4;5.0625;5.0625;11.5;1480;18.2;202;
1143;2026.03.22 12:45;4;5.0625;5.0625;10.875;1480;18.2;202;
1144;2026.03.22 13:00;4;5.0625;5.0625;10.5;1480;18.2;202;
1145;2026.03.22 13:15;4;5.0625;5;10.3125;1480;18.2;202;
1146;2026.03.22 13:30;4;5.0625;5.0625;10.5;1480;18.2;202;
1147;2026.03.22 13:45;4;5.0625;5;10.4375;1480;18.2;202;
1148;2026.03.22 14:00;4;5.0625;5.0625;10.1875;1480;18.2;202;
1149;2026.03.22 14:15;4;5.0625;5;9.5;1481;18.2;202;
1150;2026.03.22 14:30;4;5.0625;5;10.375;1480;18.2;202;
1151;2026.03.22 14:45;4;5.0625;5;10.25;1481;18.2;202;
1152;2026.03.22 15:00;4;5.0625;5;10.125;1481;18.2;202;
1153;2026.03.22 15:15;4;5.0625;5;9.625;1481;18.2;202;
1154;2026.03.22 15:30;4;5.0625;5;9.5;1481;18.2;202;
1155;2026.03.22 15:45;4;5.0625;5;9.5;1481;18.2;202;
1156;2026.03.22 16:00;4;5.0625;5;9.375;1481;18.2;202;
1157;2026.03.22 16:15;4;5.0625;5;9;1481;18.2;202;
1158;2026.03.22 16:30;4;5.0625;5.0625;8.625;1481;18.2;202;
1159;2026.03.22 16:45;4;5.0625;5;8.25;1481;18.2;202;
1160;2026.03.22 17:00;4;5.0625;5;7.875;1481;18.2;202;
1161;2026.03.22 17:15;4;5.0625;5.0625;7.4375;1481;18.2;202;
1162;2026.03.22 17:30;4;5.0625;5.0625;7.125;1481;18.2;202;
1163;2026.03.22 17:45;4;5.0625;5.0625;6.9375;1481;18.2;202;
1164;2026.03.22 18:00;4;5.0625;5.0625;6.625;1481;18.2;202;
1165;2026.03.22 18:15;4;5.0625;5.0625;6;1481;18.2;202;
1166;2026.03.22 18:30;4;5.0625;5.0625;4.75;1481;18.2;202;
1167;2026.03.22 18:45;4;5.0625;5.0625;3;1481;18.2;202;
1168;2026.03.22 19:00;4;5.0625;5.0625;2.125;1481;18.2;202;
1169;2026.03.22 19:15;4;5.0625;5.0625;1.6875;1481;18.2;202;
1170;2026.03.22 19:30;4;5.0625;5.0625;1.125;1481;18.2;202;
1171;2026.03.22 19:45;4;5.0625;5.0625;0.5625;1481;18.2;202;
1172;2026.03.22 20:00;4;5.0625;5.125;0.625;1482;18.3;202;
1173;2026.03.22 20:15;4;5.0625;5.125;0.875;1482;18.3;202;
1174;2026.03.22 20:30;4;5.0625;5.125;0.875;1482;18.3;202;
1175;2026.03.22 20:45;4;5.0625;5.125;0.75;1482;18.3;202;
1176;2026.03.22 21:00;4;5.0625;5.125;0.75;1482;18.3;202;
1177;2026.03.22 21:15;4;5.0625;5.125;0.75;1482;18.3;202;
1178;2026.03.22 21:30;4;5.0625;5.125;0.25;1482;18.3;202;
1179;2026.03.22 21:45;4;5.0625;5.125;-0.4375;1482;18.3;202;
1180;2026.03.22 22:00;4;5.0625;5.125;-1.1875;1482;18.3;202;
1181;2026.03.22 22:15;4;5.0625;5.125;-1.625;1482;18.3;202;
1182;2026.03.22 22:30;4;5.0625;5.125;-1.625;1482;18.3;202;
1183;2026.03.22 22:45;4;5.0625;5.125;-1.6875;1482;18.3;202;
1184;2026.03.22 23:00;4;5.0625;5.125;-1.6875;1482;18.3;202;
1185;2026.03.22 23:15;4;5.0625;5.125;-2.1875;1482;18.3;202;
1186;2026.03.22 23:30;4;5.0625;5.125;-2.5;1482;18.3;202;
1187;2026.03.22 23:45;4;5.0625;5.125;-2.625;1482;18.3;202;
1188;2026.03.23 00:00;4;5.0625;5.125;-2.625;1482;18.3;202;
1189;2026.03.23 00:15;4;5.0625;5.125;-2.6875;1482;18.3;202;
1190;2026.03.23 00:30;4;5.125;5.125;-2.875;1482;18.3;202;
1191;2026.03.23 00:45;4;5.125;5.125;-3.0625;1482;18.3;202;
1192;2026.03.23 01:00;4;5.125;5.125;-3.125;1482;18.3;202;
1193;2026.03.23 01:15;4;5.125;5.125;-3.125;1482;18.3;202;
1194;2026.03.23 01:30;4;5.125;5.125;-3.125;1482;18.3;202;
1195;2026.03.23 01:45;4;5.125;5.125;-3.25;1482;18.3;202;
1196;2026.03.23 02:00;4;5.125;5.125;-3.25;1482;18.3;202;
1197;2026.03.23 02:15;4;5.125;5.125;-3.4375;1482;18.3;202;
1198;2026.03.23 02:30;4;5.125;5.125;-3.6875;1482;18.3;202;
1199;2026.03.23 02:45;4;5.125;5.125;-3.75;1482;18.3;202;
1200;2026.03.23 03:00;4;5.125;5.125;-3.6875;1482;18.3;202;
1201;2026.03.23 03:15;4;5.125;5.125;-3.75;1482;18.3;202;
1202;2026.03.23 03:30;4;5.125;5.125;-4;1482;18.3;202;
1203;2026.03.23 03:45;4;5.125;5.125;-4;1482;18.3;202;
1204;2026.03.23 04:00;4;5.125;5.125;-4;1482;18.3;202;
1205;2026.03.23 04:15;4;5.125;5.125;-3.75;1482;18.3;202;
1206;2026.03.23 04:30;4;5.125;5.125;-4.0625;1482;18.3;202;
1207;2026.03.23 04:45;4;5.125;5.125;-4.375;1482;18.3;202;
1208;2026.03.23 05:00;4;5.125;5.125;-4.375;1482;18.3;202;
1209;2026.03.23 05:15;4;5.125;5.125;-4.125;1482;18.3;202;
1210;2026.03.23 05:30;4;5.125;5.125;-3.625;1482;18.3;202;
1211;2026.03.23 05:45;4;5.125;5.125;-3.375;1482;18.3;202;
1212;2026.03.23 06:00;4;5.125;5.125;-2.9375;1482;18.3;202;
1213;2026.03.23 06:15;4;5.125;5.125;-2;1482;18.3;202;
1214;2026.03.23 06:30;4;5.125;5.125;-1.25;1482;18.3;202;
1215;2026.03.23 06:45;4;5.125;5.125;-0.5;1482;18.3;202;
1216;2026.03.23 07:00;4;5.125;5.125;0.4375;1483;18.3;202;
1217;2026.03.23 07:15;4;5.125;5.125;2.3125;1483;18.3;202;
1218;2026.03.23 07:30;4;5.125;5.125;3.375;1483;18.3;202;
1219;2026.03.23 07:45;4;5.125;5.125;6.3125;1483;18.3;202;
1220;2026.03.23 08:00;4;5.125;5.125;8.8125;1483;18.3;202;
1221;2026.03.23 08:15;4;5.125;5.125;10.75;1483;18.3;202;
1222;2026.03.23 08:30;4;5.125;5.125;11.625;1483;18.3;202;
1223;2026.03.23 08:45;4;5.125;5.125;13;1483;18.3;202;
1224;2026.03.23 09:00;4;5.125;5.125;13.6875;1483;18.3;202;
1225;2026.03.23 09:15;4;5.125;5.125;12.625;1483;18.3;202;
1226;2026.03.23 09:30;4;5.125;5.125;15;1483;18.3;202;
1227;2026.03.23 09:45;4;5.125;5.125;15.5;1483;18.3;202;
1228;2026.03.23 10:00;4;5.125;5.125;14;1483;18.3;202;
1229;2026.03.23 10:15;4;5.125;5.125;12.625;1483;18.3;202;
1230;2026.03.23 10:30;4;5.125;5.125;12.625;1483;18.3;202;
1231;2026.03.23 10:45;4;5.125;5.125;14.625;1483;18.3;202;
1232;2026.03.23 11:00;4;5.125;5.125;16.5;1483;18.3;202;
1233;2026.03.23 11:15;4;5.125;5.0625;18;1483;18.3;202;
1234;2026.03.23 11:30;4;5.125;5.0625;18.625;1482;18.3;202;
1235;2026.03.23 11:45;4;5.125;5.0625;18.875;1483;18.3;202;
1236;2026.03.23 12:00;4;5.125;5.0625;18.875;1483;18.3;202;
1237;2026.03.23 12:15;4;5.125;5.0625;19.625;1482;18.3;202;
1238;2026.03.23 12:30;4;5.125;5.0625;20.125;1482;18.3;202;
1239;2026.03.23 12:45;4;5.125;5;20.375;1482;18.3;202;
1240;2026.03.23 13:00;4;5.125;5;17.5;1482;18.3;202;
1241;2026.03.23 13:15;4;5.125;5;16.125;1482;18.3;202;
1242;2026.03.23 13:30;4;5.125;5;15.5;1482;18.3;202;
1243;2026.03.23 13:45;4;5.0625;5;14.125;1483;18.3;202;
1244;2026.03.23 14:00;4;5.125;5;14;1482;18.3;202;
1245;2026.03.23 14:15;4;5.125;5;14.125;1482;18.3;202;
1246;2026.03.23 14:30;4;5.0625;5;14.4375;1483;18.3;202;
1247;2026.03.23 14:45;4;5.0625;5;13.5;1483;18.3;202;
1248;2026.03.23 15:00;4;5.0625;5;12;1482;18.3;202;
1249;2026.03.23 15:15;4;5.0625;5;10.75;1483;18.3;202;
1250;2026.03.23 15:30;4;5.0625;5;10.0625;1483;18.3;202;
1251;2026.03.23 15:45;4;5.0625;5;9.5;1482;18.3;202;
1252;2026.03.23 16:00;4;5.0625;5;9.3125;1482;18.3;202;
1253;2026.03.23 16:15;4;5.0625;5;9.125;1482;18.3;202;
1254;2026.03.23 16:30;4;5.0625;5;9;1482;18.3;202;
1255;2026.03.23 16:45;4;5.0625;5;8.625;1482;18.3;202;
1256;2026.03.23 17:00;4;5.0625;5;8.125;1482;18.3;202;
1257;2026.03.23 17:15;4;5.0625;5;7.875;1482;18.3;202;
1258;2026.03.23 17:30;4;5.0625;5;7.5625;1482;18.3;202;
1259;2026.03.23 17:45;4;5.0625;5;7.25;1482;18.3;202;
1260;2026.03.23 18:00;4;5.0625;5;7;1482;18.3;202;
1261;2026.03.23 18:15;4;5.0625;5;6.5;1482;18.3;202;
1262;2026.03.23 18:30;4;5.0625;5;6.1875;1482;18.3;202;
1263;2026.03.23 18:45;4;5.0625;5.0625;5.875;1482;18.3;202;
1264;2026.03.23 19:00;4;5.0625;5.0625;5.5625;1482;18.3;202;
1265;2026.03.23 19:15;4;5.0625;5.0625;5.125;1482;18.3;202;
1266;2026.03.23 19:30;4;5.0625;5.0625;4.875;1482;18.3;202;
1267;2026.03.23 19:45;4;5.0625;5.0625;4.375;1482;18.3;202;
1268;2026.03.23 20:00;4;5.0625;5.0625;3.625;1482;18.3;202;
1269;2026.03.23 20:15;4;5.0625;5.0625;3.0625;1482;18.3;202;
1270;2026.03.23 20:30;4;5.0625;5.125;2;1482;18.3;202;
1271;2026.03.23 20:45;4;5.0625;5.125;1.75;1482;18.3;202;
1272;2026.03.23 21:00;4;5.0625;5.125;1.5;1482;18.3;202;
1273;2026.03.23 21:15;4;5.0625;5.125;1;1482;18.3;202;
1274;2026.03.23 21:30;4;5.0625;5.125;0.6875;1482;18.3;202;
1275;2026.03.23 21:45;4;5.0625;5.125;0.125;1482;18.3;202;
1276;2026.03.23 22:00;4;5.0625;5.125;-0.5;1482;18.3;202;
1277;2026.03.23 22:15;4;5.0625;5.125;-0.75;1482;18.3;202;
1278;2026.03.23 22:30;4;5.125;5.125;-0.75;1482;18.3;202;
1279;2026.03.23 22:45;4;5.125;5.125;-0.375;1482;18.3;202;
1280;2026.03.23 23:00;4;5.125;5.125;0.125;1481;18.2;202;
1281;2026.03.23 23:15;4;5.125;5.125;0.4375;1481;18.2;202;
1282;2026.03.23 23:30;4;5.125;5.125;0.5625;1481;18.2;202;
1283;2026.03.23 23:45;4;5.125;5.125;0.4375;1481;18.2;202;
1284;2026.03.24 00:00;4;5.125;5.125;0.125;1481;18.2;202;
1285;2026.03.24 00:15;4;5.125;5.125;0.25;1481;18.2;202;
1286;2026.03.24 00:30;4;5.125;5.125;0.875;1481;18.2;202;
1287;2026.03.24 00:45;4;5.125;5.125;1.5;1481;18.2;202;
1288;2026.03.24 01:00;4;5.125;5.125;1.5;1481;18.2;202;
1289;2026.03.24 01:15;4;5.125;5.1875;1.125;1481;18.2;202;
1290;2026.03.24 01:30;4;5.125;5.1875;0.375;1481;18.2;202;
1291;2026.03.24 01:45;4;5.125;5.1875;-0.5;1481;18.2;202;
1292;2026.03.24 02:00;4;5.125;5.1875;-0.875;1481;18.2;202;
1293;2026.03.24 02:15;4;5.125;5.1875;-1.3125;1481;18.2;202;
1294;2026.03.24 02:30;4;5.125;5.1875;-1.75;1481;18.2;202;
1295;2026.03.24 02:45;4;5.125;5.1875;-1.8125;1481;18.2;202;
1296;2026.03.24 03:00;4;5.125;5.1875;-2.125;1481;18.2;202;
1297;2026.03.24 03:15;4;5.125;5.1875;-2.125;1481;18.2;202;
1298;2026.03.24 03:30;4;5.125;5.1875;-2.375;1481;18.2;202;
1299;2026.03.24 03:45;4;5.125;5.1875;-2.125;1481;18.2;202;
1300;2026.03.24 04:00;4;5.125;5.1875;-2.375;1481;18.2;202;
1301;2026.03.24 04:15;4;5.125;5.25;-2.5;1481;18.2;202;
1302;2026.03.24 04:30;4;5.125;5.1875;-2;1481;18.2;202;
1303;2026.03.24 04:45;4;5.125;5.25;-1.75;1481;18.2;202;
1304;2026.03.24 05:00;4;5.125;5.25;-2.1875;1481;18.2;202;
1305;2026.03.24 05:15;4;5.125;5.25;-2.125;1481;18.2;202;
1306;2026.03.24 05:30;4;5.125;5.25;-2.125;1481;18.2;202;
1307;2026.03.24 05:45;4;5.125;5.25;-1.75;1481;18.2;202;
1308;2026.03.24 06:00;4;5.125;5.25;-1.1875;1481;18.2;202;
1309;2026.03.24 06:15;4;5.125;5.25;-0.5;1481;18.2;202;
1310;2026.03.24 06:30;4;5.125;5.1875;0.125;1481;18.2;202;
1311;2026.03.24 06:45;4;5.125;5.25;0.6875;1481;18.2;202;
1312;2026.03.24 07:00;4;5.125;5.25;1.1875;1481;18.2;202;
1313;2026.03.24 07:15;4;5.125;5.25;3;1481;18.2;202;
1314;2026.03.24 07:30;4;5.125;5.1875;4.125;1481;18.2;202;
1315;2026.03.24 07:45;4;5.125;5.1875;5.625;1481;18.2;202;
1316;2026.03.24 08:00;4;5.125;5.1875;7.4375;1481;18.2;202;
1317;2026.03.24 08:15;4;5.125;5.1875;8.5;1481;18.2;202;
1318;2026.03.24 08:30;4;5.125;5.1875;10.75;1481;18.2;202;
1319;2026.03.24 08:45;4;5.125;5.1875;12.25;1481;18.2;202;
1320;2026.03.24 09:00;4;5.125;5.1875;13.375;1481;18.2;202;
1321;2026.03.24 09:15;4;5.125;5.1875;12.875;1481;18.2;202;
1322;2026.03.24 09:30;4;5.125;5.1875;13.5;1481;18.2;202;
1323;2026.03.24 09:45;4;5.125;5.1875;13.5;1481;18.2;202;
1324;2026.03.24 10:00;4;5.125;5.1875;12.9375;1481;18.2;202;
1325;2026.03.24 10:15;4;5.125;5.125;13.25;1481;18.2;202;
1326;2026.03.24 10:30;4;5.125;5.125;14.625;1481;18.2;202;
1327;2026.03.24 10:45;4;5.125;5.1875;16.25;1481;18.2;202;
1328;2026.03.24 11:00;4;5.125;5.125;16.875;1481;18.2;202;
1329;2026.03.24 11:15;4;5.125;5.125;17.5;1481;18.2;202;
1330;2026.03.24 11:30;4;5.125;5.125;19.1875;1481;18.2;202;
1331;2026.03.24 11:45;4;5.125;5.125;18.875;1481;18.2;202;
1332;2026.03.24 12:00;4;5.125;5.125;18.625;1481;18.2;202;
1333;2026.03.24 12:15;4;5.125;5.125;18.5625;1481;18.2;202;
1334;2026.03.24 12:30;4;5.125;5.125;19.625;1481;18.2;202;
1335;2026.03.24 12:45;4;5.125;5.125;19.3125;1481;18.2;202;
1336;2026.03.24 13:00;4;5.125;5.125;17.1875;1481;18.2;202;
1337;2026.03.24 13:15;4;5.125;5.125;16.75;1481;18.2;202;
1338;2026.03.24 13:30;4;5.125;5.125;16;1481;18.2;202;
1339;2026.03.24 13:45;4;5.125;5.125;15.8125;1481;18.2;202;
1340;2026.03.24 14:00;4;5.125;5.125;15.5625;1481;18.2;202;
1341;2026.03.24 14:15;4;5.125;5.125;15;1481;18.2;202;
1342;2026.03.24 14:30;4;5.125;5.125;14.375;1481;18.2;202;
1343;2026.03.24 14:45;4;5.125;5.125;13.5;1481;18.2;202;
1344;2026.03.24 15:00;4;5.125;5.125;12.6875;1481;18.2;202;
1345;2026.03.24 15:15;4;5.125;5.125;12.1875;1481;18.2;202;
1346;2026.03.24 15:30;4;5.125;5.125;11.875;1481;18.2;202;
1347;2026.03.24 15:45;4;5.125;5.125;11.25;1481;18.2;202;
1348;2026.03.24 16:00;4;5.125;5.125;10.8125;1481;18.2;202;
1349;2026.03.24 16:15;4;5.125;5.125;9.75;1481;18.2;202;
1350;2026.03.24 16:30;4;5.125;5.125;8.6875;1481;18.2;202;
1351;2026.03.24 16:45;4;5.125;5.125;7.375;1481;18.2;202;
1352;2026.03.24 17:00;4;5.125;5.125;6.5;1481;18.2;202;
1353;2026.03.24 17:15;4;5.125;5.125;5.875;1481;18.2;202;
1354;2026.03.24 17:30;4;5.125;5.125;5.125;1481;18.2;202;
1355;2026.03.24 17:45;4;5.125;5.125;4.5;1481;18.2;202;
1356;2026.03.24 18:00;4;5.125;5.125;3.8125;1481;18.2;202;
1357;2026.03.24 18:15;4;5.125;5.1875;3.5625;1480;18.2;202;
1358;2026.03.24 18:30;4;5.125;5.1875;3.5;1480;18.2;202;
1359;2026.03.24 18:45;4;5.125;5.1875;3.0625;1480;18.2;202;
1360;2026.03.24 19:00;4;5.125;5.1875;2.625;1481;18.2;202;
1361;2026.03.24 19:15;4;5.125;5.1875;2.25;1480;18.2;202;
1362;2026.03.24 19:30;4;5.125;5.1875;1.625;1480;18.2;202;
1363;2026.03.24 19:45;4;5.125;5.25;0.875;1480;18.2;202;
1364;2026.03.24 20:00;4;5.125;5.25;0.25;1480;18.2;202;
1365;2026.03.24 20:15;4;5.125;5.25;0.3125;1480;18.2;202;
1366;2026.03.24 20:30;4;5.125;5.25;0.125;1480;18.2;202;
1367;2026.03.24 20:45;4;5.125;5.25;0.25;1480;18.2;202;
1368;2026.03.24 21:00;4;5.125;5.25;0.25;1480;18.2;202;
1369;2026.03.24 21:15;4;5.125;5.25;0.1875;1480;18.2;202;
1370;2026.03.24 21:30;4;5.125;5.25;0;1480;18.2;202;
1371;2026.03.24 21:45;4;5.125;5.25;0;1480;18.2;202;
1372;2026.03.24 22:00;4;5.125;5.25;0.125;1480;18.2;202;
1373;2026.03.24 22:15;4;5.125;5.25;0.1875;1480;18.2;202;
1374;2026.03.24 22:30;4;5.125;5.25;0.6875;1480;18.2;202;
1375;2026.03.24 22:45;4;5.1875;5.25;1.25;1480;18.2;202;
1376;2026.03.24 23:00;4;5.1875;5.25;1.0625;1480;18.2;202;
1377;2026.03.24 23:15;4;5.1875;5.25;0.375;1480;18.2;202;
1378;2026.03.24 23:30;4;5.1875;5.25;-0.25;1480;18.2;202;
1379;2026.03.24 23:45;4;5.1875;5.25;-0.625;1480;18.2;202;
1380;2026.03.25 00:00;4;5.1875;5.25;-0.625;1480;18.2;202;
1381;2026.03.25 00:15;4;5.1875;5.3125;0.0625;1480;18.2;202;
1382;2026.03.25 00:30;4;5.1875;5.3125;0.5;1480;18.2;202;
1383;2026.03.25 00:45;4;5.1875;5.3125;0.75;1480;18.2;202;
1384;2026.03.25 01:00;4;5.1875;5.3125;0.875;1480;18.2;202;
1385;2026.03.25 01:15;4;5.1875;5.3125;1;1480;18.2;202;
1386;2026.03.25 01:30;4;5.1875;5.3125;1.125;1480;18.2;202;
1387;2026.03.25 01:45;4;5.25;5.3125;1.125;1480;18.2;202;
1388;2026.03.25 02:00;4;5.25;5.3125;0.9375;1480;18.2;202;
1389;2026.03.25 02:15;4;5.25;5.3125;1;1480;18.2;202;
1390;2026.03.25 02:30;4;5.25;5.3125;0.625;1480;18.2;202;
1391;2026.03.25 02:45;4;5.25;5.3125;0.625;1480;18.2;202;
1392;2026.03.25 03:00;4;5.25;5.3125;0.625;1480;18.2;202;
1393;2026.03.25 03:15;4;5.25;5.3125;0.4375;1480;18.2;202;
1394;2026.03.25 03:30;4;5.25;5.375;0.0625;1480;18.2;202;
1395;2026.03.25 03:45;4;5.25;5.3125;-0.125;1480;18.2;202;
1396;2026.03.25 04:00;4;5.25;5.3125;0.0625;1480;18.2;202;
1397;2026.03.25 04:15;4;5.25;5.375;0.5;1480;18.2;202;
1398;2026.03.25 04:30;4;5.25;5.375;1.375;1480;18.2;202;
1399;2026.03.25 04:45;4;5.25;5.375;1.5625;1480;18.2;202;
1400;2026.03.25 05:00;4;5.25;5.3125;1.625;1480;18.2;202;
1401;2026.03.25 05:15;4;5.25;5.3125;1.625;1480;18.2;202;
1402;2026.03.25 05:30;4;5.25;5.375;0.875;1480;18.2;202;
1403;2026.03.25 05:45;4;5.25;5.375;0.75;1480;18.2;202;
1404;2026.03.25 06:00;4;5.25;5.3125;0.8125;1480;18.2;202;
1405;2026.03.25 06:15;4;5.25;5.3125;1.1875;1480;18.2;202;
1406;2026.03.25 06:30;4;5.25;5.3125;2.5625;1479;18.2;202;
1407;2026.03.25 06:45;4;5.25;5.3125;5.25;1479;18.2;202;
1408;2026.03.25 07:00;4;5.25;5.3125;7.4375;1479;18.2;202;
1409;2026.03.25 07:15;4;5.25;5.3125;8.5625;1479;18.2;202;
1410;2026.03.25 07:30;4;5.25;5.3125;11.1875;1479;18.2;202;
1411;2026.03.25 07:45;4;5.25;5.3125;14;1479;18.2;202;
1412;2026.03.25 08:00;4;5.25;5.3125;15.625;1479;18.2;202;
1413;2026.03.25 08:15;4;5.25;5.3125;17;1479;18.2;202;
1414;2026.03.25 08:30;4;5.25;5.3125;17.875;1479;18.2;202;
1415;2026.03.25 08:45;4;5.25;5.3125;19.75;1479;18.2;202;
1416;2026.03.25 09:00;4;5.25;5.3125;18.625;1479;18.2;202;
1417;2026.03.25 09:15;4;5.25;5.3125;18.625;1479;18.2;202;
1418;2026.03.25 09:30;4;5.25;5.3125;19.875;1479;18.2;202;
1419;2026.03.25 09:45;4;5.25;5.3125;18.625;1479;18.2;202;
1420;2026.03.25 10:00;4;5.25;5.25;17.25;1479;18.2;202;
1421;2026.03.25 10:15;4;5.25;5.25;16.375;1479;18.2;202;
1422;2026.03.25 10:30;4;5.25;5.25;16.625;1479;18.2;202;
1423;2026.03.25 10:45;4;5.25;5.25;16.25;1478;18.2;202;
1424;2026.03.25 11:00;4;5.25;5.25;15.75;1478;18.2;202;
1425;2026.03.25 11:15;4;5.25;5.25;15.375;1478;18.2;202;
1426;2026.03.25 11:30;4;5.25;5.25;14.75;1478;18.2;202;
1427;2026.03.25 11:45;4;5.25;5.25;14.875;1478;18.2;202;
1428;2026.03.25 12:00;4;5.25;5.25;14.9375;1478;18.2;202;
1429;2026.03.25 12:15;4;5.25;5.25;14.1875;1478;18.2;202;
1430;2026.03.25 12:30;4;5.25;5.25;14.125;1478;18.2;202;
1431;2026.03.25 12:45;4;5.25;5.25;15.6875;1478;18.2;202;
1432;2026.03.25 13:00;4;5.25;5.25;15.5;1478;18.2;202;
1433;2026.03.25 13:15;4;5.25;5.25;15;1478;18.2;202;
1434;2026.03.25 13:30;4;5.25;5.25;13.75;1478;18.2;202;
1435;2026.03.25 13:45;4;5.25;5.25;13.125;1478;18.2;202;
1436;2026.03.25 14:00;4;5.25;5.25;12.875;1478;18.2;202;
1437;2026.03.25 14:15;4;5.25;5.25;12.5625;1478;18.2;202;
1438;2026.03.25 14:30;4;5.25;5.25;12.125;1478;18.2;202;
1439;2026.03.25 14:45;4;5.25;5.25;11.75;1478;18.2;202;
1440;2026.03.25 15:00;4;5.25;5.25;12.375;1478;18.2;202;
1441;2026.03.25 15:15;4;5.25;5.25;13.125;1478;18.2;202;
1442;2026.03.25 15:30;4;5.25;5.25;12.25;1478;18.2;202;
1443;2026.03.25 15:45;4;5.25;5.25;12;1478;18.2;202;
1444;2026.03.25 16:00;4;5.25;5.3125;11.25;1478;18.2;202;
1445;2026.03.25 16:15;4;5.25;5.25;10.5;1478;18.2;202;
1446;2026.03.25 16:30;4;5.25;5.3125;9.375;1477;18.2;202;
1447;2026.03.25 16:45;4;5.25;5.3125;8;1477;18.2;202;
1448;2026.03.25 17:00;4;5.25;5.3125;7.125;1477;18.2;202;
1449;2026.03.25 17:15;4;5.25;5.3125;6.5;1477;18.2;202;
1450;2026.03.25 17:30;4;5.25;5.3125;6.125;1477;18.2;202;
1451;2026.03.25 17:45;4;5.25;5.3125;5.75;1477;18.2;202;
1452;2026.03.25 18:00;4;5.25;5.3125;5.25;1477;18.2;202;
1453;2026.03.25 18:15;4;5.25;5.375;4.8125;1477;18.2;202;
1454;2026.03.25 18:30;4;5.25;5.375;4.375;1477;18.2;202;
1455;2026.03.25 18:45;4;5.25;5.375;4.0625;1477;18.2;202;
1456;2026.03.25 19:00;4;5.25;5.375;4.125;1477;18.2;202;
1457;2026.03.25 19:15;4;5.25;5.375;4.5;1477;18.2;202;
1458;2026.03.25 19:30;4;5.25;5.375;4.5625;1477;18.2;202;
1459;2026.03.25 19:45;4;5.25;5.375;4.4375;1477;18.2;202;
1460;2026.03.25 20:00;4;5.25;5.375;4.4375;1477;18.2;202;
1461;2026.03.25 20:15;4;5.25;5.375;4;1477;18.2;202;
1462;2026.03.25 20:30;4;5.25;5.375;3.625;1477;18.2;202;
1463;2026.03.25 20:45;4;5.25;5.375;3.6875;1477;18.2;202;
1464;2026.03.25 21:00;4;5.25;5.375;3.625;1477;18.2;202;
1465;2026.03.25 21:15;4;5.25;5.375;3.125;1477;18.2;202;
1466;2026.03.25 21:30;4;5.25;5.375;3.0625;1477;18.2;202;
1467;2026.03.25 21:45;4;5.25;5.375;3.1875;1477;18.2;202;
1468;2026.03.25 22:00;4;5.25;5.4375;3.5625;1477;18.2;202;
1469;2026.03.25 22:15;4;5.25;5.4375;3.875;1477;18.2;202;
1470;2026.03.25 22:30;4;5.25;5.4375;3.875;1477;18.2;202;
1471;2026.03.25 22:45;4;5.25;5.4375;3.625;1477;18.2;202;
1472;2026.03.25 23:00;4;5.25;5.4375;3.125;1477;18.2;202;
1473;2026.03.25 23:15;4;5.3125;5.4375;3;1477;18.2;202;
1474;2026.03.25 23:30;4;5.3125;5.5;2.875;1477;18.2;202;
1475;2026.03.25 23:45;4;5.3125;5.5;2.6875;1476;18.1;202;
1476;2026.03.26 00:00;4;5.3125;5.5;2.4375;1476;18.1;202;
1477;2026.03.26 00:15;4;5.3125;5.5;2.1875;1476;18.1;202;
1478;2026.03.26 00:30;4;5.3125;5.5;2.125;1476;18.1;202;
1479;2026.03.26 00:45;4;5.3125;5.5;2.125;1476;18.1;202;
1480;2026.03.26 01:00;4;5.3125;5.5;2.125;1476;18.1;202;
1481;2026.03.26 01:15;4;5.3125;5.5;2.0625;1476;18.1;202;
1482;2026.03.26 01:30;4;5.3125;5.5;2.0625;1476;18.1;202;
1483;2026.03.26 01:45;4;5.3125;5.5;2;1476;18.1;202;
1484;2026.03.26 02:00;4;5.3125;5.5;2;1476;18.1;202;
1485;2026.03.26 02:15;4;5.375;5.5;1.875;1476;18.1;202;
1486;2026.03.26 02:30;4;5.375;5.5;1.875;1476;18.1;202;
1487;2026.03.26 02:45;4;5.375;5.5;1.875;1476;18.1;202;
1488;2026.03.26 03:00;4;5.375;5.5;1.875;1476;18.1;202;
1489;2026.03.26 03:15;4;5.375;5.5;1.875;1476;18.1;202;
1490;2026.03.26 03:30;4;5.375;5.5;1.875;1476;18.1;202;
1491;2026.03.26 03:45;4;5.375;5.5;1.75;1476;18.1;202;
1492;2026.03.26 04:00;4;5.375;5.5;1.625;1476;18.1;202;
1493;2026.03.26 04:15;4;5.375;5.5;1.625;1476;18.1;202;
1494;2026.03.26 04:30;4;5.375;5.5;1.625;1476;18.1;202;
1495;2026.03.26 04:45;4;5.375;5.5;1.4375;1476;18.1;202;
1496;2026.03.26 05:00;4;5.375;5.5;1.3125;1476;18.1;202;
1497;2026.03.26 05:15;4;5.375;5.5;1.25;1476;18.1;202;
1498;2026.03.26 05:30;4;5.375;5.5;1.25;1476;18.1;202;
1499;2026.03.26 05:45;4;5.375;5.5;1.3125;1476;18.1;202;
1500;2026.03.26 06:00;4;5.375;5.5;1.5;1476;18.1;202;
1501;2026.03.26 06:15;4;5.375;5.5;1.75;1476;18.1;202;
1502;2026.03.26 06:30;4;5.375;5.5;2.0625;1476;18.1;202;
1503;2026.03.26 06:45;4;5.375;5.5;2.4375;1475;18.1;202;
1504;2026.03.26 07:00;4;5.375;5.5;2.75;1475;18.1;202;
1505;2026.03.26 07:15;4;5.375;5.5;3.125;1475;18.1;202;
1506;2026.03.26 07:30;4;5.375;5.5;3.4375;1475;18.1;202;
1507;2026.03.26 07:45;4;5.375;5.5;3.75;1475;18.1;202;
1508;2026.03.26 08:00;4;5.375;5.5;3.875;1475;18.1;202;
1509;2026.03.26 08:15;4;5.375;5.5;4.25;1475;18.1;202;
1510;2026.03.26 08:30;4;5.375;5.5;4.875;1475;18.1;202;
1511;2026.03.26 08:45;4;5.375;5.5;5.875;1475;18.1;202;
1512;2026.03.26 09:00;4;5.375;5.5;6.625;1475;18.1;202;
1513;2026.03.26 09:15;4;5.375;5.5;7.0625;1475;18.1;202;
1514;2026.03.26 09:30;4;5.375;5.5;6.875;1475;18.1;202;
1515;2026.03.26 09:45;4;5.375;5.5;6;1475;18.1;202;
1516;2026.03.26 10:00;4;5.375;5.5;6.4375;1475;18.1;202;
1517;2026.03.26 10:15;4;5.375;5.5;6.75;1475;18.1;202;
1518;2026.03.26 10:30;4;5.375;5.5;7.75;1475;18.1;202;
1519;2026.03.26 10:45;4;5.375;5.5;8.625;1475;18.1;202;
1520;2026.03.26 11:00;4;5.375;5.5;9.125;1475;18.1;202;
1521;2026.03.26 11:15;4;5.375;5.5;8.75;1475;18.1;202;
1522;2026.03.26 11:30;4;5.375;5.5;8.9375;1475;18.1;202;
1523;2026.03.26 11:45;4;5.375;5.5;9.625;1475;18.1;202;
1524;2026.03.26 12:00;4;5.375;5.5;9.25;1475;18.1;202;
1525;2026.03.26 12:15;4;5.375;5.5;9;1475;18.1;202;
1526;2026.03.26 12:30;4;5.375;5.5;8.625;1475;18.1;202;
1527;2026.03.26 12:45;4;5.375;5.5;9.375;1475;18.1;202;
1528;2026.03.26 13:00;4;5.375;5.5;9.375;1475;18.1;202;
1529;2026.03.26 13:15;4;5.375;5.5;9;1475;18.1;202;
1530;2026.03.26 13:30;4;5.375;5.5;7.9375;1474;18.1;202;
1531;2026.03.26 13:45;4;5.375;5.5;7.625;1474;18.1;202;
1532;2026.03.26 14:00;4;5.375;5.5;7.875;1474;18.1;202;
1533;2026.03.26 14:15;4;5.375;5.5;7.5625;1474;18.1;202;
1534;2026.03.26 14:30;4;5.375;5.5;6.6875;1474;18.1;202;
1535;2026.03.26 14:45;4;5.375;5.5;6.375;1474;18.1;202;
1536;2026.03.26 15:00;4;5.375;5.5;6.6875;1474;18.1;202;
1537;2026.03.26 15:15;4;5.375;5.5;6.375;1474;18.1;202;
1538;2026.03.26 15:30;4;5.375;5.5;6.125;1474;18.1;202;
1539;2026.03.26 15:45;4;5.375;5.5;6;1474;18.1;202;
1540;2026.03.26 16:00;4;5.375;5.5;5.4375;1474;18.1;202;
1541;2026.03.26 16:15;4;5.375;5.5;4.625;1474;18.1;202;
1542;2026.03.26 16:30;4;5.375;5.5;4.125;1474;18.1;202;
1543;2026.03.26 16:45;4;5.375;5.5;3.625;1474;18.1;202;
1544;2026.03.26 17:00;4;5.375;5.5;3.125;1474;18.1;202;
1545;2026.03.26 17:15;4;5.375;5.5;2.5625;1474;18.1;202;
1546;2026.03.26 17:30;4;5.375;5.5;1.5625;1474;18.1;202;
1547;2026.03.26 17:45;4;5.375;5.5;0.3125;1474;18.1;202;
1548;2026.03.26 18:00;4;5.375;5.5;-0.75;1474;18.1;202;
1549;2026.03.26 18:15;4;5.375;5.5;-1.0625;1474;18.1;202;
1550;2026.03.26 18:30;4;5.375;5.5;-1.3125;1474;18.1;202;
1551;2026.03.26 18:45;4;5.375;5.5;-1.375;1474;18.1;202;
1552;2026.03.26 19:00;4;5.375;5.5;-2.25;1474;18.1;202;
1553;2026.03.26 19:15;4;5.375;5.5;-2.9375;1474;18.1;202;
1554;2026.03.26 19:30;4;5.375;5.5;-3.1875;1474;18.1;202;
1555;2026.03.26 19:45;4;5.375;5.5;-3.375;1474;18.1;202;
1556;2026.03.26 20:00;4;5.375;5.5;-3.5625;1473;18.1;202;
1557;2026.03.26 20:15;4;5.375;5.5;-3.625;1473;18.1;202;
1558;2026.03.26 20:30;4;5.375;5.5;-3.9375;1473;18.1;202;
1559;2026.03.26 20:45;4;5.375;5.5625;-4.0625;1473;18.1;202;
1560;2026.03.26 21:00;4;5.375;5.5625;-4.125;1473;18.1;202;
1561;2026.03.26 21:15;4;5.4375;5.5625;-4.1875;1473;18.1;202;
1562;2026.03.26 21:30;4;5.4375;5.5625;-4.3125;1473;18.1;202;
1563;2026.03.26 21:45;4;5.4375;5.5625;-4.25;1473;18.1;202;
1564;2026.03.26 22:00;4;5.4375;5.5625;-3.8125;1473;18.1;202;
1565;2026.03.26 22:15;4;5.4375;5.5625;-3.9375;1473;18.1;202;
1566;2026.03.26 22:30;4;5.4375;5.5625;-4.25;1473;18.1;202;
1567;2026.03.26 22:45;4;5.4375;5.5625;-4.625;1473;18.1;202;
1568;2026.03.26 23:00;4;5.4375;5.5625;-4.625;1473;18.1;202;
1569;2026.03.26 23:15;4;5.4375;5.5625;-4.8125;1473;18.1;202;
1570;2026.03.26 23:30;4;5.4375;5.5625;-5;1473;18.1;202;
1571;2026.03.26 23:45;4;5.4375;5.5625;-4.875;1473;18.1;202;
1572;2026.03.27 00:00;4;5.4375;5.5625;-4.625;1472;18.1;202;
1573;2026.03.27 00:15;4;5.4375;5.5625;-4.75;1472;18.1;202;
1574;2026.03.27 00:30;4;5.4375;5.5625;-5.125;1472;18.1;202;
1575;2026.03.27 00:45;4;5.4375;5.5625;-5.375;1472;18.1;202;
1576;2026.03.27 01:00;4;5.4375;5.5625;-5.5;1472;18.1;202;
1577;2026.03.27 01:15;4;5.4375;5.5625;-5.5;1472;18.1;202;
1578;2026.03.27 01:30;4;5.4375;5.5;-5.625;1472;18.1;202;
1579;2026.03.27 01:45;4;5.4375;5.5625;-5.875;1472;18.1;202;
1580;2026.03.27 02:00;4;5.4375;5.5;-6;1472;18.1;202;
1581;2026.03.27 02:15;4;5.4375;5.5;-6.0625;1472;18.1;202;
1582;2026.03.27 02:30;4;5.4375;5.5;-6.1875;1472;18.1;202;
1583;2026.03.27 02:45;4;5.4375;5.5;-6.125;1472;18.1;202;
1584;2026.03.27 03:00;4;5.4375;5.5;-6.3125;1472;18.1;202;
1585;2026.03.27 03:15;4;5.4375;5.5;-6.375;1472;18.1;202;
1586;2026.03.27 03:30;4;5.4375;5.5;-6.5625;1472;18.1;202;
1587;2026.03.27 03:45;4;5.4375;5.5;-6.5;1472;18.1;202;
1588;2026.03.27 04:00;4;5.4375;5.5;-6.6875;1472;18.1;202;
1589;2026.03.27 04:15;4;5.4375;5.5;-6.875;1472;18.1;202;
1590;2026.03.27 04:30;4;5.4375;5.5;-7;1472;18.1;202;
1591;2026.03.27 04:45;4;5.4375;5.5;-7;1472;18.1;202;
1592;2026.03.27 05:00;4;5.4375;5.5;-6.875;1472;18.1;202;
1593;2026.03.27 05:15;4;5.4375;5.5;-6.6875;1472;18.1;202;
1594;2026.03.27 05:30;4;5.4375;5.5;-6.5;1471;18.0;202;
1595;2026.03.27 05:45;4;5.4375;5.5;-6;1471;18.0;202;
1596;2026.03.27 06:00;4;5.4375;5.5;-5.25;1471;18.0;202;
1597;2026.03.27 06:15;4;5.4375;5.5;-4.5;1471;18.0;202;
1598;2026.03.27 06:30;4;5.4375;5.5;-3.25;1471;18.0;202;
1599;2026.03.27 06:45;4;5.4375;5.5;-2.375;1471;18.0;202;
1600;2026.03.27 07:00;4;5.4375;5.5;-0.875;1471;18.0;202;
1601;2026.03.27 07:15;4;5.4375;5.5;0.875;1471;18.0;202;
1602;2026.03.27 07:30;4;5.4375;5.4375;2.75;1471;18.0;202;
1603;2026.03.27 07:45;4;5.4375;5.4375;4;1471;18.0;202;
1604;2026.03.27 08:00;4;5.4375;5.4375;4.625;1471;18.0;202;
1605;2026.03.27 08:15;4;5.4375;5.4375;6.625;1471;18.0;202;
1606;2026.03.27 08:30;4;5.4375;5.4375;6.75;1471;18.0;202;
1607;2026.03.27 08:45;4;5.375;5.4375;7.375;1471;18.0;202;
1608;2026.03.27 09:00;4;5.4375;5.375;8.1875;1471;18.0;202;
1609;2026.03.27 09:15;4;5.375;5.375;9.25;1471;18.0;202;
1610;2026.03.27 09:30;4;5.375;5.375;10.3125;1471;18.0;202;
1611;2026.03.27 09:45;4;5.375;5.375;9.3125;1471;18.0;202;
1612;2026.03.27 10:00;4;5.375;5.375;8.5;1471;18.0;202;
1613;2026.03.27 10:15;4;5.375;5.375;7.9375;1471;18.0;202;
1614;2026.03.27 10:30;4;5.375;5.375;9.125;1470;18.0;202;
1615;2026.03.27 10:45;4;5.375;5.375;10.1875;1471;18.0;202;
1616;2026.03.27 11:00;4;5.375;5.375;10.75;1470;18.0;202;
1617;2026.03.27 11:15;4;5.375;5.375;11.0625;1470;18.0;202;
1618;2026.03.27 11:30;4;5.375;5.375;11.25;1470;18.0;202;
1619;2026.03.27 11:45;4;5.375;5.375;11.6875;1470;18.0;202;
1620;2026.03.27 12:00;4;5.375;5.375;12.625;1470;18.0;202;
1621;2026.03.27 12:15;4;5.375;5.3125;11.375;1470;18.0;202;
1622;2026.03.27 12:30;4;5.375;5.3125;11.1875;1470;18.0;202;
1623;2026.03.27 12:45;4;5.375;5.3125;12.5;1470;18.0;202;
1624;2026.03.27 13:00;4;5.375;5.3125;11;1470;18.0;202;
1625;2026.03.27 13:15;4;5.375;5.25;10.5625;1470;18.0;202;
1626;2026.03.27 13:30;4;5.375;5.25;8.3125;1470;18.0;202;
1627;2026.03.27 13:45;4;5.375;5.25;7.0625;1470;18.0;202;
1628;2026.03.27 14:00;4;5.375;5.25;6.9375;1470;18.0;202;
1629;2026.03.27 14:15;4;5.375;5.25;6.75;1470;18.0;202;
1630;2026.03.27 14:30;4;5.375;5.25;6.375;1470;18.0;202;
1631;2026.03.27 14:45;4;5.375;5.25;6;1470;18.0;202;
1632;2026.03.27 15:00;4;5.375;5.25;5.5;1470;18.0;202;
1633;2026.03.27 15:15;4;5.375;5.25;5.25;1470;18.0;202;
1634;2026.03.27 15:30;4;5.375;5.25;5.125;1470;18.0;202;
1635;2026.03.27 15:45;4;5.375;5.25;4.875;1470;18.0;202;
1636;2026.03.27 16:00;4;5.375;5.25;4.5;1470;18.0;202;
1637;2026.03.27 16:15;4;5.375;5.25;4.1875;1470;18.0;202;
1638;2026.03.27 16:30;4;5.375;5.25;3.6875;1470;18.0;202;
1639;2026.03.27 16:45;4;5.375;5.25;3;1470;18.0;202;
1640;2026.03.27 17:00;4;5.375;5.25;2.625;1470;18.0;202;
1641;2026.03.27 17:15;4;5.3125;5.25;1.375;1470;18.0;202;
1642;2026.03.27 17:30;4;5.3125;5.25;0.4375;1470;18.0;202;
1643;2026.03.27 17:45;4;5.3125;5.25;0.125;1470;18.0;202;
1644;2026.03.27 18:00;4;5.3125;5.25;0;1470;18.0;202;
1645;2026.03.27 18:15;4;5.3125;5.25;-0.9375;1470;18.0;202;
1646;2026.03.27 18:30;4;5.3125;5.25;-1.125;1470;18.0;202;
1647;2026.03.27 18:45;4;5.3125;5.25;-1.5;1470;18.0;202;
1648;2026.03.27 19:00;4;5.3125;5.25;-2.5;1469;18.0;202;
1649;2026.03.27 19:15;4;5.3125;5.25;-3.1875;1469;18.0;202;
1650;2026.03.27 19:30;4;5.3125;5.25;-3.5625;1469;18.0;202;
1651;2026.03.27 19:45;4;5.3125;5.25;-3.75;1469;18.0;202;
1652;2026.03.27 20:00;4;5.3125;5.25;-4;1469;18.0;202;
1653;2026.03.27 20:15;4;5.3125;5.25;-4.25;1469;18.0;202;
1654;2026.03.27 20:30;4;5.3125;5.25;-4.375;1469;18.0;202;
1655;2026.03.27 20:45;4;5.3125;5.25;-4.75;1469;18.0;202;
1656;2026.03.27 21:00;4;5.25;5.25;-4.9375;1469;18.0;202;
1657;2026.03.27 21:15;4;5.25;5.25;-5;1469;18.0;202;
1658;2026.03.27 21:30;4;5.25;5.25;-5.25;1469;18.0;202;
1659;2026.03.27 21:45;4;5.25;5.25;-5.5;1469;18.0;202;
1660;2026.03.27 22:00;4;5.25;5.25;-5.6875;1469;18.0;202;
1661;2026.03.27 22:15;4;5.25;5.25;-5.8125;1469;18.0;202;
1662;2026.03.27 22:30;4;5.25;5.25;-5.8125;1469;18.0;202;
1663;2026.03.27 22:45;4;5.25;5.25;-5.875;1468;18.0;202;
1664;2026.03.27 23:00;4;5.25;5.25;-5.875;1469;18.0;202;
1665;2026.03.27 23:15;4;5.25;5.25;-6.25;1468;18.0;202;
1666;2026.03.27 23:30;4;5.25;5.25;-6.125;1468;18.0;202;
1667;2026.03.27 23:45;4;5.25;5.25;-6.25;1468;18.0;202;
1668;2026.03.28 00:00;4;5.25;5.25;-6.375;1468;18.0;202;
1669;2026.03.28 00:15;4;5.25;5.25;-6.625;1468;18.0;202;
1670;2026.03.28 00:30;4;5.25;5.1875;-6.75;1468;18.0;202;
1671;2026.03.28 00:45;4;5.25;5.1875;-6.875;1468;18.0;202;
1672;2026.03.28 01:00;4;5.25;5.25;-6.6875;1468;18.0;202;
1673;2026.03.28 01:15;4;5.25;5.1875;-6.75;1468;18.0;202;
1674;2026.03.28 01:30;4;5.25;5.1875;-7;1468;18.0;202;
1675;2026.03.28 01:45;4;5.25;5.1875;-6.9375;1468;18.0;202;
1676;2026.03.28 02:00;4;5.25;5.1875;-7;1468;18.0;202;
1677;2026.03.28 02:15;4;5.25;5.1875;-7.0625;1468;18.0;202;
1678;2026.03.28 02:30;4;5.25;5.1875;-7.125;1468;18.0;202;
1679;2026.03.28 02:45;4;5.25;5.1875;-7.375;1468;18.0;202;
1680;2026.03.28 03:00;4;5.25;5.1875;-7.375;1468;18.0;202;
1681;2026.03.28 03:15;4;5.25;5.1875;-7.4375;1468;18.0;202;
1682;2026.03.28 03:30;4;5.25;5.1875;-7.375;1468;18.0;202;
1683;2026.03.28 03:45;4;5.25;5.125;-7.5;1468;18.0;202;
1684;2026.03.28 04:00;4;5.25;5.125;-7.375;1468;18.0;202;
1685;2026.03.28 04:15;4;5.25;5.125;-7.125;1468;18.0;202;
1686;2026.03.28 04:30;4;5.25;5.125;-7.125;1468;18.0;202;
1687;2026.03.28 04:45;4;5.25;5.125;-7.0625;1468;18.0;202;
1688;2026.03.28 05:00;4;5.25;5.125;-6.875;1468;18.0;202;
1689;2026.03.28 05:15;4;5.25;5.125;-6.5;1468;18.0;202;
1690;2026.03.28 05:30;4;5.25;5.125;-6.25;1468;18.0;202;
1691;2026.03.28 05:45;4;5.25;5.125;-5.875;1468;18.0;202;
1692;2026.03.28 06:00;4;5.25;5.125;-4.9375;1468;18.0;202;
1693;2026.03.28 06:15;4;5.25;5.125;-4.125;1468;18.0;202;
1694;2026.03.28 06:30;4;5.25;5.125;-3.25;1468;18.0;202;
1695;2026.03.28 06:45;4;5.25;5.125;-2.5;1468;18.0;202;
1696;2026.03.28 07:00;4;5.25;5.125;-1;1468;18.0;202;
1697;2026.03.28 07:15;4;5.25;5.125;0.5;1468;18.0;202;
1698;2026.03.28 07:30;4;5.25;5.125;2.8125;1468;18.0;202;
1699;2026.03.28 07:45;4;5.25;5.125;4.75;1468;18.0;202;
1700;2026.03.28 08:00;4;5.25;5.125;6.25;1468;18.0;202;
1701;2026.03.28 08:15;4;5.25;5.125;7.125;1468;18.0;202;
1702;2026.03.28 08:30;4;5.25;5.0625;8.25;1468;18.0;202;
1703;2026.03.28 08:45;4;5.25;5.0625;9.75;1468;18.0;202;
1704;2026.03.28 09:00;4;5.25;5.0625;10.375;1468;18.0;202;
1705;2026.03.28 09:15;4;5.25;5.0625;10.625;1468;18.0;202;
1706;2026.03.28 09:30;4;5.25;5.0625;10.125;1468;18.0;202;
1707;2026.03.28 09:45;4;5.25;5;11;1467;17.9;202;
1708;2026.03.28 10:00;4;5.25;5;10.6875;1468;18.0;202;
1709;2026.03.28 10:15;4;5.1875;5;9.9375;1468;18.0;202;
1710;2026.03.28 10:30;4;5.25;5;11;1467;17.9;202;
1711;2026.03.28 10:45;4;5.1875;5;11.5;1467;17.9;202;
1712;2026.03.28 11:00;4;5.1875;5;11.75;1468;18.0;202;
1713;2026.03.28 11:15;4;5.1875;5;13.125;1468;18.0;202;
1714;2026.03.28 11:30;4;5.1875;5;13.6875;1468;18.0;202;
1715;2026.03.28 11:45;4;5.1875;5;13.625;1468;18.0;202;
1716;2026.03.28 12:00;4;5.1875;5;14;1468;18.0;202;
1717;2026.03.28 12:15;4;5.1875;5;13.625;1467;17.9;202;
1718;2026.03.28 12:30;4;5.125;5;14.625;1467;17.9;202;
1719;2026.03.28 12:45;4;5.125;5;12.75;1467;17.9;202;
1720;2026.03.28 13:00;4;5.125;5;11.375;1468;18.0;202;
1721;2026.03.28 13:15;4;5.125;5;12.0625;1467;17.9;202;
1722;2026.03.28 13:30;4;5.125;5;10.1875;1467;17.9;202;
1723;2026.03.28 13:45;4;5.125;4.9375;9.125;1467;17.9;202;
1724;2026.03.28 14:00;4;5.125;4.9375;8.75;1467;17.9;202;
1725;2026.03.28 14:15;4;5.125;4.9375;8.875;1467;17.9;202;
1726;2026.03.28 14:30;4;5.125;4.9375;8.5;1467;17.9;202;
1727;2026.03.28 14:45;4;5.125;4.9375;7.875;1467;17.9;202;
1728;2026.03.28 15:00;4;5.125;4.9375;7.5;1467;17.9;202;
1729;2026.03.28 15:15;4;5.125;4.9375;7.1875;1467;17.9;202;
1730;2026.03.28 15:30;4;5.125;4.875;6.875;1467;17.9;202;
1731;2026.03.28 15:45;4;5.125;4.875;6.8125;1467;17.9;202;
1732;2026.03.28 16:00;4;5.125;4.875;6.25;1467;17.9;202;
1733;2026.03.28 16:15;4;5.125;4.875;6.125;1467;17.9;202;
1734;2026.03.28 16:30;4;5.125;4.875;5.875;1467;17.9;202;
1735;2026.03.28 16:45;4;5.125;4.875;5.625;1467;17.9;202;
1736;2026.03.28 17:00;4;5.125;4.875;5.25;1467;17.9;202;
1737;2026.03.28 17:15;4;5.125;4.875;4.5;1467;17.9;202;
1738;2026.03.28 17:30;4;5.125;4.875;3.1875;1467;17.9;202;
1739;2026.03.28 17:45;4;5.125;4.875;2;1467;17.9;202;
1740;2026.03.28 18:00;4;5.125;4.875;1;1467;17.9;202;
1741;2026.03.28 18:15;4;5.125;4.875;0.6875;1467;17.9;202;
1742;2026.03.28 18:30;4;5.125;4.875;1.125;1467;17.9;202;
1743;2026.03.28 18:45;4;5.125;4.875;1.5;1467;17.9;202;
1744;2026.03.28 19:00;4;5.125;4.875;1.875;1467;17.9;202;
1745;2026.03.28 19:15;4;5.125;4.875;2.0625;1467;17.9;202;
1746;2026.03.28 19:30;4;5.125;4.875;2.125;1466;17.9;202;
1747;2026.03.28 19:45;4;5.125;4.875;2.1875;1466;17.9;202;
1748;2026.03.28 20:00;4;5.125;4.875;2.25;1466;17.9;202;
1749;2026.03.28 20:15;4;5.125;4.875;2.3125;1466;17.9;202;
1750;2026.03.28 20:30;4;5.125;4.875;2.25;1466;17.9;202;
1751;2026.03.28 20:45;4;5.0625;4.875;2.3125;1466;17.9;202;
1752;2026.03.28 21:00;4;5.125;4.875;2.375;1466;17.9;202;
1753;2026.03.28 21:15;4;5.0625;4.875;2.3125;1466;17.9;202;
1754;2026.03.28 21:30;4;5.0625;4.875;2.1875;1466;17.9;202;
1755;2026.03.28 21:45;4;5.0625;4.875;2.0625;1466;17.9;202;
1756;2026.03.28 22:00;4;5.0625;4.9375;2;1466;17.9;202;
1757;2026.03.28 22:15;4;5.0625;4.875;2;1466;17.9;202;
1758;2026.03.28 22:30;4;5.0625;4.9375;1.8125;1466;17.9;202;
1759;2026.03.28 22:45;4;5.0625;4.875;1.625;1466;17.9;202;
1760;2026.03.28 23:00;4;5.125;4.875;1.4375;1466;17.9;202;
1761;2026.03.28 23:15;4;5.0625;4.875;1.5;1466;17.9;202;
1762;2026.03.28 23:30;4;5.0625;4.9375;1.375;1466;17.9;202;
1763;2026.03.28 23:45;4;5.0625;4.9375;1.25;1466;17.9;202;
1764;2026.03.29 00:00;4;5.0625;4.875;1.125;1466;17.9;202;
1765;2026.03.29 00:15;4;5.0625;4.9375;1.1875;1466;17.9;202;
1766;2026.03.29 00:30;4;5.0625;4.9375;1.1875;1466;17.9;202;
1767;2026.03.29 00:45;4;5.0625;4.9375;1.125;1466;17.9;202;
1768;2026.03.29 01:00;4;5.0625;4.9375;1.0625;1466;17.9;202;
1769;2026.03.29 01:15;4;5.0625;4.9375;1.25;1466;17.9;202;
1770;2026.03.29 01:30;4;5.0625;4.9375;1.1875;1466;17.9;202;
1771;2026.03.29 01:45;4;5.0625;4.9375;1.125;1466;17.9;202;
1772;2026.03.29 02:00;4;5.0625;4.9375;0.875;1466;17.9;202;
1773;2026.03.29 02:15;4;5.0625;4.9375;0.625;1466;17.9;202;
1774;2026.03.29 02:30;4;5.0625;4.9375;0.5625;1466;17.9;202;
1775;2026.03.29 02:45;4;5.0625;4.9375;0.75;1466;17.9;202;
1776;2026.03.29 03:00;4;5.0625;4.9375;1.125;1466;17.9;202;
1777;2026.03.29 03:15;4;5.0625;4.9375;1.3125;1466;17.9;202;
1778;2026.03.29 03:30;4;5.0625;4.9375;1.4375;1466;17.9;202;
1779;2026.03.29 03:45;4;5.0625;4.9375;1.5;1466;17.9;202;
1780;2026.03.29 04:00;4;5.0625;4.9375;1.5;1466;17.9;202;
1781;2026.03.29 04:15;4;5.0625;4.9375;1.375;1466;17.9;202;
1782;2026.03.29 04:30;4;5.0625;4.9375;1.375;1466;17.9;202;
1783;2026.03.29 04:45;4;5.0625;4.9375;1.4375;1466;17.9;202;
1784;2026.03.29 05:00;4;5.0625;4.9375;1.5;1466;17.9;202;
1785;2026.03.29 05:15;4;5.0625;4.9375;1.5625;1466;17.9;202;
1786;2026.03.29 05:30;4;5.0625;4.9375;1.6875;1466;17.9;202;
1787;2026.03.29 05:45;4;5.0625;4.9375;1.875;1467;17.9;202;
1788;2026.03.29 06:00;4;5.0625;4.9375;2;1467;17.9;202;
1789;2026.03.29 06:15;4;5.0625;4.9375;2.125;1467;17.9;202;
1790;2026.03.29 06:30;4;5.0625;4.9375;2.4375;1467;17.9;202;
1791;2026.03.29 06:45;4;5.0625;4.9375;2.75;1467;17.9;202;
1792;2026.03.29 07:00;4;5.0625;4.9375;2.875;1467;17.9;202;
1793;2026.03.29 07:15;4;5.0625;4.875;3.0625;1466;17.9;202;
1794;2026.03.29 07:30;4;5.0625;4.9375;2.875;1467;17.9;202;
1795;2026.03.29 07:45;4;5.0625;4.9375;2.75;1467;17.9;202;
1796;2026.03.29 08:00;4;5.0625;4.9375;3.375;1466;17.9;202;
1797;2026.03.29 08:15;4;5.0625;4.9375;3.875;1466;17.9;202;
1798;2026.03.29 08:30;4;5.0625;4.875;4.125;1466;17.9;202;
1799;2026.03.29 08:45;4;5.0625;4.875;4;1466;17.9;202;
1800;2026.03.29 09:00;4;5.0625;4.875;4;1466;17.9;202;
1801;2026.03.29 09:15;4;5.0625;4.875;4;1466;17.9;202;
1802;2026.03.29 09:30;4;5.0625;4.875;3.75;1466;17.9;202;
1803;2026.03.29 09:45;4;5.0625;4.875;3.625;1466;17.9;202;
1804;2026.03.29 10:00;4;5.0625;4.875;3.875;1466;17.9;202;
1805;2026.03.29 10:15;4;5.0625;4.875;4;1466;17.9;202;
1806;2026.03.29 10:30;4;5.0625;4.875;4.125;1466;17.9;202;
1807;2026.03.29 10:45;4;5.0625;4.875;4.125;1466;17.9;202;
1808;2026.03.29 11:00;4;5.0625;4.875;4.25;1466;17.9;202;
1809;2026.03.29 11:15;4;5.0625;4.875;4.25;1466;17.9;202;
1810;2026.03.29 11:30;4;5.0625;4.875;4.625;1466;17.9;202;
1811;2026.03.29 11:45;4;5.0625;4.875;5.25;1466;17.9;202;
1812;2026.03.29 12:00;4;5.0625;4.875;5.75;1466;17.9;202;
1813;2026.03.29 12:15;4;5;4.875;5.875;1466;17.9;202;
1814;2026.03.29 12:30;4;5.0625;4.875;5.5;1466;17.9;202;
1815;2026.03.29 12:45;4;5.0625;4.875;5.375;1466;17.9;202;
1816;2026.03.29 13:00;4;5;4.875;4.75;1466;17.9;202;
1817;2026.03.29 13:15;4;5;4.875;4.25;1466;17.9;202;
1818;2026.03.29 13:30;4;5;4.875;3.9375;1466;17.9;202;
1819;2026.03.29 13:45;4;5;4.875;3.9375;1466;17.9;202;
1820;2026.03.29 14:00;4;5;4.875;4.25;1466;17.9;202;
1821;2026.03.29 14:15;4;5;4.875;4.6875;1466;17.9;202;
1822;2026.03.29 14:30;4;5;4.875;4.875;1466;17.9;202;
1823;2026.03.29 14:45;4;5;4.875;4.9375;1466;17.9;202;
1824;2026.03.29 15:00;4;5;4.875;5.125;1466;17.9;202;
1825;2026.03.29 15:15;4;5;4.875;5.5;1466;17.9;202;
1826;2026.03.29 15:30;4;5;4.875;5.5;1466;17.9;202;
1827;2026.03.29 15:45;4;5;4.875;5.25;1466;17.9;202;
1828;2026.03.29 16:00;4;5;4.875;5.25;1466;17.9;202;
1829;2026.03.29 16:15;4;5;4.875;5.125;1466;17.9;202;
1830;2026.03.29 16:30;4;5;4.875;4.875;1466;17.9;202;
1831;2026.03.29 16:45;4;5;4.875;4.6875;1466;17.9;202;
1832;2026.03.29 17:00;4;5;4.875;4.375;1466;17.9;202;
1833;2026.03.29 17:15;4;5;4.875;3.875;1466;17.9;202;
1834;2026.03.29 17:30;4;5;4.875;3.4375;1466;17.9;202;
1835;2026.03.29 17:45;4;5;4.875;2.9375;1466;17.9;202;
1836;2026.03.29 18:00;4;5;4.875;2.5625;1466;17.9;202;
1837;2026.03.29 18:15;4;5;4.9375;2.375;1466;17.9;202;
1838;2026.03.29 18:30;4;5;4.875;2.375;1466;17.9;202;
1839;2026.03.29 18:45;4;5;4.9375;2.375;1466;17.9;202;
1840;2026.03.29 19:00;4;5;4.9375;2.375;1466;17.9;202;
1841;2026.03.29 19:15;4;5;4.9375;2.25;1466;17.9;202;
1842;2026.03.29 19:30;4;5;4.9375;2.25;1466;17.9;202;
1843;2026.03.29 19:45;4;5;4.9375;2.25;1466;17.9;202;
1844;2026.03.29 20:00;4;5;4.9375;2.125;1466;17.9;202;
1845;2026.03.29 20:15;4;5;4.9375;1.9375;1466;17.9;202;
1846;2026.03.29 20:30;4;5;4.9375;1.5625;1466;17.9;202;
1847;2026.03.29 20:45;4;5;4.9375;1;1466;17.9;202;
1848;2026.03.29 21:00;4;5;4.9375;0.125;1466;17.9;202;
1849;2026.03.29 21:15;4;5;4.9375;-0.6875;1466;17.9;202;
1850;2026.03.29 21:30;4;5;4.9375;-1.375;1466;17.9;202;
1851;2026.03.29 21:45;4;5;4.9375;-1.6875;1466;17.9;202;
1852;2026.03.29 22:00;4;5;4.9375;-2;1466;17.9;202;
1853;2026.03.29 22:15;4;5;4.9375;-2.125;1466;17.9;202;
1854;2026.03.29 22:30;4;5;4.9375;-2.5;1466;17.9;202;
1855;2026.03.29 22:45;4;5;4.9375;-2.875;1466;17.9;202;
1856;2026.03.29 23:00;4;5;5;-3;1466;17.9;202;
1857;2026.03.29 23:15;4;5;5;-3.25;1466;17.9;202;
1858;2026.03.29 23:30;4;5;5;-3.375;1466;17.9;202;
1859;2026.03.29 23:45;4;5;5;-3.75;1466;17.9;202;
1860;2026.03.30 00:00;4;5;5;-3.875;1466;17.9;202;
1861;2026.03.30 00:15;4;5;5;-3.875;1466;17.9;202;
1862;2026.03.30 00:30;4;5;5;-3.8125;1466;17.9;202;
1863;2026.03.30 00:45;4;5;5;-3.75;1466;17.9;202;
1864;2026.03.30 01:00;4;5.0625;5;-3.75;1466;17.9;202;
1865;2026.03.30 01:15;4;5.0625;5;-3.875;1466;17.9;202;
1866;2026.03.30 01:30;4;5;5;-3.9375;1466;17.9;202;
1867;2026.03.30 01:45;4;5.0625;5;-3.9375;1465;17.9;202;
1868;2026.03.30 02:00;4;5.0625;5;-3.875;1465;17.9;202;
1869;2026.03.30 02:15;4;5.0625;5;-3.625;1465;17.9;202;
1870;2026.03.30 02:30;4;5.0625;5;-3.625;1465;17.9;202;
1871;2026.03.30 02:45;4;5.0625;5;-3.5625;1466;17.9;202;
1872;2026.03.30 03:00;4;5;5;-3.375;1466;17.9;202;
1873;2026.03.30 03:15;4;5.0625;5;-3.125;1466;17.9;202;
1874;2026.03.30 03:30;4;5.0625;5;-2.9375;1466;17.9;202;
1875;2026.03.30 03:45;4;5.0625;5;-2.625;1466;17.9;202;
1876;2026.03.30 04:00;4;5.0625;5;-2.375;1466;17.9;202;
1877;2026.03.30 04:15;4;5.0625;5;-2.25;1466;17.9;202;
1878;2026.03.30 04:30;4;5.0625;5;-2.1875;1466;17.9;202;
1879;2026.03.30 04:45;4;5.0625;5;-2;1466;17.9;202;
1880;2026.03.30 05:00;4;5.0625;5;-1.75;1466;17.9;202;
1881;2026.03.30 05:15;4;5.0625;5;-1.5;1466;17.9;202;
1882;2026.03.30 05:30;4;5.0625;5;-1.125;1466;17.9;202;
1883;2026.03.30 05:45;4;5.0625;5;-0.875;1466;17.9;202;
1884;2026.03.30 06:00;4;5.0625;5;-0.5;1466;17.9;202;
1885;2026.03.30 06:15;4;5.0625;5;-0.1875;1466;17.9;202;
1886;2026.03.30 06:30;4;5.0625;5;0.125;1466;17.9;202;
1887;2026.03.30 06:45;4;5.0625;5;0.75;1466;17.9;202;
1888;2026.03.30 07:00;4;5.0625;5;1.5;1465;17.9;202;
1889;2026.03.30 07:15;4;5.0625;5;2.375;1465;17.9;202;
1890;2026.03.30 07:30;4;5.0625;5;3;1465;17.9;202;
1891;2026.03.30 07:45;4;5.0625;5;3.5;1465;17.9;202;
1892;2026.03.30 08:00;4;5.0625;4.9375;3.5;1465;17.9;202;
1893;2026.03.30 08:15;4;5.0625;5;3.875;1465;17.9;202;
1894;2026.03.30 08:30;4;5.0625;4.9375;4;1465;17.9;202;
1895;2026.03.30 08:45;4;5.0625;4.9375;3.875;1465;17.9;202;
1896;2026.03.30 09:00;4;5.0625;4.9375;3.6875;1465;17.9;202;
1897;2026.03.30 09:15;4;5.0625;4.9375;3.75;1465;17.9;202;
1898;2026.03.30 09:30;4;5.0625;4.9375;3.75;1465;17.9;202;
1899;2026.03.30 09:45;4;5;4.9375;4.375;1465;17.9;202;
1900;2026.03.30 10:00;4;5;4.9375;4.625;1465;17.9;202;
1901;2026.03.30 10:15;4;5;4.9375;5.25;1465;17.9;202;
1902;2026.03.30 10:30;4;5;4.875;5.625;1465;17.9;202;
1903;2026.03.30 10:45;4;5;4.875;5.1875;1465;17.9;202;
1904;2026.03.30 11:00;4;5;4.875;4.875;1465;17.9;202;
1905;2026.03.30 11:15;4;5;4.875;4.75;1465;17.9;202;
1906;2026.03.30 11:30;4;5;4.875;4.75;1465;17.9;202;
1907;2026.03.30 11:45;4;5;4.875;4.25;1465;17.9;202;
1908;2026.03.30 12:00;4;5;4.875;4.25;1465;17.9;202;
1909;2026.03.30 12:15;4;5;4.875;5.625;1465;17.9;202;
1910;2026.03.30 12:30;4;5;4.875;6.5;1465;17.9;202;
1911;2026.03.30 12:45;4;5;4.875;6.25;1465;17.9;202;
1912;2026.03.30 13:00;4;5;4.875;6.5;1465;17.9;202;
1913;2026.03.30 13:15;4;5;4.875;6.25;1465;17.9;202;
1914;2026.03.30 13:30;4;5;4.875;6.125;1465;17.9;202;
1915;2026.03.30 13:45;4;5;4.875;6.25;1465;17.9;202;
1916;2026.03.30 14:00;4;5;4.875;7;1465;17.9;202;
1917;2026.03.30 14:15;4;5;4.875;7.9375;1465;17.9;202;
1918;2026.03.30 14:30;4;5;4.875;6.8125;1465;17.9;202;
1919;2026.03.30 14:45;4;5;4.875;4.0625;1465;17.9;202;
1920;2026.03.30 15:00;4;5;4.875;4.125;1465;17.9;202;
1921;2026.03.30 15:15;4;5;4.875;3.8125;1465;17.9;202;
1922;2026.03.30 15:30;4;5;4.875;3.25;1465;17.9;202;
1923;2026.03.30 15:45;4;5;4.875;3.625;1465;17.9;202;
1924;2026.03.30 16:00;4;5;4.875;3.4375;1465;17.9;202;
1925;2026.03.30 16:15;4;5;4.875;3.125;1465;17.9;202;
1926;2026.03.30 16:30;4;5;4.875;2.25;1465;17.9;202;
1927;2026.03.30 16:45;4;5;4.875;1.5;1465;17.9;202;
1928;2026.03.30 17:00;4;5;4.875;1.9375;1465;17.9;202;
1929;2026.03.30 17:15;4;5;4.875;1.375;1465;17.9;202;
1930;2026.03.30 17:30;4;5;4.875;0.875;1465;17.9;202;
1931;2026.03.30 17:45;4;5;4.875;0.9375;1465;17.9;202;
1932;2026.03.30 18:00;4;5;4.875;0.9375;1465;17.9;202;
1933;2026.03.30 18:15;4;5;4.875;1.25;1465;17.9;202;
1934;2026.03.30 18:30;4;5;4.875;0.5;1465;17.9;202;
1935;2026.03.30 18:45;4;5;4.875;0;1465;17.9;202;
1936;2026.03.30 19:00;4;5;4.875;0.125;1465;17.9;202;
1937;2026.03.30 19:15;4;5;4.875;0.25;1464;17.9;202;
1938;2026.03.30 19:30;4;5;4.875;0.625;1464;17.9;202;
1939;2026.03.30 19:45;4;5;4.875;0.625;1464;17.9;202;
1940;2026.03.30 20:00;4;5;4.875;0.5;1464;17.9;202;
1941;2026.03.30 20:15;4;5;4.875;0.5625;1464;17.9;202;
1942;2026.03.30 20:30;4;5;4.875;0.625;1464;17.9;202;
1943;2026.03.30 20:45;4;5;4.875;0.875;1464;17.9;202;
1944;2026.03.30 21:00;4;5;4.875;1;1464;17.9;202;
1945;2026.03.30 21:15;4;5;4.875;0.875;1464;17.9;202;
1946;2026.03.30 21:30;4;5;4.875;0.6875;1464;17.9;202;
1947;2026.03.30 21:45;4;5;4.875;0.5625;1464;17.9;202;
1948;2026.03.30 22:00;4;5;4.875;0.625;1464;17.9;202;
1949;2026.03.30 22:15;4;5;4.875;0.875;1464;17.9;202;
1950;2026.03.30 22:30;4;5;4.875;1.1875;1464;17.9;202;
1951;2026.03.30 22:45;4;5;4.875;1.25;1464;17.9;202;
1952;2026.03.30 23:00;4;5;4.875;1.25;1464;17.9;202;
1953;2026.03.30 23:15;4;5;4.875;1.0625;1464;17.9;202;
1954;2026.03.30 23:30;4;5;4.875;0.75;1464;17.9;202;
1955;2026.03.30 23:45;4;5;4.875;0.75;1464;17.9;202;
1956;2026.03.31 00:00;4;5;4.875;0.9375;1464;17.9;202;
1957;2026.03.31 00:15;4;5;4.875;1.0625;1464;17.9;202;
1958;2026.03.31 00:30;4;5;4.875;1;1464;17.9;202;
1959;2026.03.31 00:45;4;5;4.875;1;1464;17.9;202;
1960;2026.03.31 01:00;4;5;4.875;1.125;1464;17.9;202;
1961;2026.03.31 01:15;4;5;4.875;1.125;1464;17.9;202;
1962;2026.03.31 01:30;4;5;4.875;1;1464;17.9;202;
1963;2026.03.31 01:45;4;5;4.875;0.9375;1464;17.9;202;
1964;2026.03.31 02:00;4;5;4.875;0.625;1464;17.9;202;
1965;2026.03.31 02:15;4;5;4.875;0.125;1463;17.9;202;
1966;2026.03.31 02:30;4;5;4.875;-0.125;1463;17.9;202;
1967;2026.03.31 02:45;4;5;4.875;0;1463;17.9;202;
1968;2026.03.31 03:00;4;5;4.875;0.125;1463;17.9;202;
1969;2026.03.31 03:15;4;5;4.875;0.25;1464;17.9;202;
1970;2026.03.31 03:30;4;5;4.875;0.375;1463;17.9;202;
1971;2026.03.31 03:45;4;5;4.875;0.375;1463;17.9;202;
1972;2026.03.31 04:00;4;5;4.875;0.125;1463;17.9;202;
1973;2026.03.31 04:15;4;5;4.875;0.375;1463;17.9;202;
1974;2026.03.31 04:30;4;5;4.875;0.375;1463;17.9;202;
1975;2026.03.31 04:45;4;5;4.875;0.5;1463;17.9;202;
1976;2026.03.31 05:00;4;5;4.875;0.5;1463;17.9;202;
1977;2026.03.31 05:15;4;5;4.875;0.75;1463;17.9;202;
1978;2026.03.31 05:30;4;5;4.875;1.0625;1463;17.9;202;
1979;2026.03.31 05:45;4;5;4.875;1.25;1463;17.9;202;
1980;2026.03.31 06:00;4;5;4.875;1.625;1463;17.9;202;
1981;2026.03.31 06:15;4;5;4.875;1.875;1463;17.9;202;
1982;2026.03.31 06:30;4;5;4.875;2.4375;1463;17.9;202;
1983;2026.03.31 06:45;4;5;4.875;2.875;1463;17.9;202;
1984;2026.03.31 07:00;4;5;4.875;3.125;1463;17.9;202;
1985;2026.03.31 07:15;4;5;4.875;3.4375;1463;17.9;202;
1986;2026.03.31 07:30;4;5;4.875;4;1463;17.9;202;
1987;2026.03.31 07:45;4;5;4.875;4.125;1463;17.9;202;
1988;2026.03.31 08:00;4;5;4.875;4.25;1463;17.9;202;
1989;2026.03.31 08:15;4;5;4.875;4.25;1463;17.9;202;
1990;2026.03.31 08:30;4;5;4.875;4.625;1463;17.9;202;
1991;2026.03.31 08:45;4;5;4.875;5.125;1463;17.9;202;
1992;2026.03.31 09:00;4;5;4.875;5.125;1463;17.9;202;
1993;2026.03.31 09:15;4;5;4.875;5.125;1463;17.9;202;
1994;2026.03.31 09:30;4;5;4.875;5;1463;17.9;202;
1995;2026.03.31 09:45;4;5;4.875;5.125;1463;17.9;202;
1996;2026.03.31 10:00;4;5;4.875;5.5;1463;17.9;202;
1997;2026.03.31 10:15;4;5;4.875;5.5;1462;17.8;202;
1998;2026.03.31 10:30;4;5;4.8125;5.625;1462;17.8;202;
1999;2026.03.31 10:45;4;5;4.8125;5.375;1462;17.8;202;
2000;2026.03.31 11:00;4;5;4.875;6.4375;1462;17.8;202;
2001;2026.03.31 11:15;4;5;4.8125;6.5;1462;17.8;202;
2002;2026.03.31 11:30;4;5;4.8125;6.75;1462;17.8;202;
2003;2026.03.31 11:45;4;4.9375;4.8125;7.875;1462;17.8;202;
2004;2026.03.31 12:00;4;4.9375;4.8125;7.1875;1462;17.8;202;
2005;2026.03.31 12:15;4;5;4.8125;8;1462;17.8;202;
2006;2026.03.31 12:30;4;4.9375;4.8125;7.625;1462;17.8;202;
2007;2026.03.31 12:45;4;4.9375;4.8125;8.125;1462;17.8;202;
2008;2026.03.31 13:00;4;5;4.8125;7.9375;1462;17.8;202;
2009;2026.03.31 13:15;4;4.9375;4.8125;7.6875;1462;17.8;202;
2010;2026.03.31 13:30;4;4.9375;4.8125;7.75;1462;17.8;202;
2011;2026.03.31 13:45;4;4.9375;4.8125;7.6875;1462;17.8;202;
2012;2026.03.31 14:00;4;4.9375;4.8125;7.875;1462;17.8;202;
2013;2026.03.31 14:15;4;5;4.8125;8.25;1462;17.8;202;
2014;2026.03.31 14:30;4;4.9375;4.8125;8.1875;1462;17.8;202;
2015;2026.03.31 14:45;4;4.9375;4.8125;7.6875;1462;17.8;202;
2016;2026.03.31 15:00;4;4.9375;4.8125;7.3125;1462;17.8;202;
2017;2026.03.31 15:15;4;4.9375;4.8125;6.8125;1462;17.8;202;
2018;2026.03.31 15:30;4;4.9375;4.8125;6.6875;1462;17.8;202;
2019;2026.03.31 15:45;4;4.9375;4.8125;6.875;1462;17.8;202;
2020;2026.03.31 16:00;4;4.9375;4.8125;6.4375;1462;17.8;202;
2021;2026.03.31 16:15;4;4.9375;4.875;6;1462;17.8;202;
2022;2026.03.31 16:30;4;4.9375;4.875;5.5;1462;17.8;202;
2023;2026.03.31 16:45;4;4.9375;4.875;5.0625;1462;17.8;202;
2024;2026.03.31 17:00;4;4.9375;4.8125;4.75;1462;17.8;202;
2025;2026.03.31 17:15;4;4.9375;4.875;4.375;1462;17.8;202;
2026;2026.03.31 17:30;4;4.9375;4.875;3.875;1462;17.8;202;
2027;2026.03.31 17:45;4;4.9375;4.875;3.0625;1462;17.8;202;
2028;2026.03.31 18:00;4;4.9375;4.875;2.375;1462;17.8;202;
2029;2026.03.31 18:15;4;4.9375;4.875;2.0625;1462;17.8;202;
2030;2026.03.31 18:30;4;4.9375;4.875;1.75;1462;17.8;202;
2031;2026.03.31 18:45;4;4.9375;4.875;1.1875;1462;17.8;202;
2032;2026.03.31 19:00;4;4.9375;4.875;0.6875;1462;17.8;202;
2033;2026.03.31 19:15;4;4.9375;4.875;0.875;1462;17.8;202;
2034;2026.03.31 19:30;4;4.9375;4.875;1.125;1462;17.8;202;
2035;2026.03.31 19:45;4;4.9375;4.875;1.1875;1462;17.8;202;
2036;2026.03.31 20:00;4;4.9375;4.875;1.25;1462;17.8;202;
2037;2026.03.31 20:15;4;4.9375;4.875;1.125;1462;17.8;202;
2038;2026.03.31 20:30;4;4.9375;4.875;1.125;1462;17.8;202;
2039;2026.03.31 20:45;4;4.9375;4.875;1.125;1462;17.8;202;
2040;2026.03.31 21:00;4;4.9375;4.875;1;1462;17.8;202;
2041;2026.03.31 21:15;4;4.9375;4.875;0.875;1462;17.8;202;
2042;2026.03.31 21:30;4;4.9375;4.875;0.3125;1462;17.8;202;
2043;2026.03.31 21:45;4;4.9375;4.875;-1;1462;17.8;202;
2044;2026.03.31 22:00;4;4.9375;4.875;-1.9375;1462;17.8;202;
2045;2026.03.31 22:15;4;4.9375;4.875;-2.25;1462;17.8;202;
2046;2026.03.31 22:30;4;4.9375;4.875;-2.3125;1462;17.8;202;
2047;2026.03.31 22:45;4;4.9375;4.875;-2.5;1462;17.8;202;
2048;2026.03.31 23:00;4;5;4.875;-2.375;1462;17.8;202;
2049;2026.03.31 23:15;4;4.9375;4.875;-2.5;1462;17.8;202;
2050;2026.03.31 23:30;4;5;4.875;-2.5;1461;17.8;202;
2051;2026.03.31 23:45;4;5;4.875;-2.25;1461;17.8;202;
2052;2026.04.01 00:00;4;5;4.875;-2;1461;17.8;202;
2053;2026.04.01 00:15;4;5;4.875;-1.6875;1461;17.8;202;
2054;2026.04.01 00:30;4;5;4.875;-1.75;1461;17.8;202;
2055;2026.04.01 00:45;4;5;4.875;-1.8125;1461;17.8;202;
2056;2026.04.01 01:00;4;5;4.875;-1.875;1461;17.8;202;
2057;2026.04.01 01:15;4;5;4.875;-2;1461;17.8;202;
2058;2026.04.01 01:30;4;5;4.875;-2;1461;17.8;202;
2059;2026.04.01 01:45;4;5;4.875;-1.5;1461;17.8;202;
2060;2026.04.01 02:00;4;5;4.9375;-1.0625;1461;17.8;202;
2061;2026.04.01 02:15;4;5;4.875;-0.75;1461;17.8;202;
2062;2026.04.01 02:30;4;5;4.9375;-1;1461;17.8;202;
2063;2026.04.01 02:45;4;5;4.875;-1.25;1461;17.8;202;
2064;2026.04.01 03:00;4;5;4.9375;-1.5;1461;17.8;202;
2065;2026.04.01 03:15;4;5;4.9375;-1.75;1461;17.8;202;
2066;2026.04.01 03:30;4;5;4.9375;-1.5;1461;17.8;202;
2067;2026.04.01 03:45;4;5;4.875;-1;1461;17.8;202;
2068;2026.04.01 04:00;4;5;4.9375;-1.625;1461;17.8;202;
2069;2026.04.01 04:15;4;5;4.9375;-2.125;1461;17.8;202;
2070;2026.04.01 04:30;4;5;4.9375;-1.625;1461;17.8;202;
2071;2026.04.01 04:45;4;5;4.9375;-2;1461;17.8;202;
2072;2026.04.01 05:00;4;5;4.9375;-2.5625;1461;17.8;202;
2073;2026.04.01 05:15;4;5;4.875;-2.3125;1461;17.8;202;
2074;2026.04.01 05:30;4;5;4.875;-1.125;1461;17.8;202;
2075;2026.04.01 05:45;4;5;4.875;-0.1875;1461;17.8;202;
2076;2026.04.01 06:00;4;5;4.875;0.5;1461;17.8;202;
2077;2026.04.01 06:15;4;5;4.875;1;1461;17.8;202;
2078;2026.04.01 06:30;4;5;4.875;1.375;1461;17.8;202;
2079;2026.04.01 06:45;4;5;4.875;1.75;1461;17.8;202;
2080;2026.04.01 07:00;4;5;4.875;2.375;1461;17.8;202;
2081;2026.04.01 07:15;4;5;4.875;3.75;1461;17.8;202;
2082;2026.04.01 07:30;4;5;4.875;5;1461;17.8;202;
2083;2026.04.01 07:45;4;5;4.875;6.125;1461;17.8;202;
2084;2026.04.01 08:00;4;5;4.875;6.5;1461;17.8;202;
2085;2026.04.01 08:15;4;5;4.875;6.75;1461;17.8;202;
2086;2026.04.01 08:30;4;5;4.875;5.75;1461;17.8;202;
2087;2026.04.01 08:45;4;5;4.875;7.875;1461;17.8;202;
2088;2026.04.01 09:00;4;5;4.875;8.125;1461;17.8;202;
2089;2026.04.01 09:15;4;5;4.875;7.125;1461;17.8;202;
2090;2026.04.01 09:30;4;5;4.875;7.375;1461;17.8;202;
2091;2026.04.01 09:45;4;5;4.875;7.25;1461;17.8;202;
2092;2026.04.01 10:00;4;5;4.875;7.875;1460;17.8;202;
2093;2026.04.01 10:15;4;5;4.875;8.875;1460;17.8;202;
2094;2026.04.01 10:30;4;5;4.875;10.75;1460;17.8;202;
2095;2026.04.01 10:45;4;5;4.875;11;1461;17.8;202;
2096;2026.04.01 11:00;4;5;4.875;11.75;1460;17.8;202;
2097;2026.04.01 11:15;4;5;4.875;12.8125;1460;17.8;202;
2098;2026.04.01 11:30;4;5;4.875;11.5;1460;17.8;202;
2099;2026.04.01 11:45;4;5;4.875;10.875;1460;17.8;202;
2100;2026.04.01 12:00;4;5;4.875;11.4375;1460;17.8;202;
2101;2026.04.01 12:15;4;5;4.875;10.5;1460;17.8;202;
2102;2026.04.01 12:30;4;5;4.875;11.375;1460;17.8;202;
2103;2026.04.01 12:45;4;5;4.875;11.5;1460;17.8;202;
2104;2026.04.01 13:00;4;5;4.875;11.75;1460;17.8;202;
2105;2026.04.01 13:15;4;5;4.875;11.3125;1460;17.8;202;
2106;2026.04.01 13:30;4;5;4.875;9.5;1460;17.8;202;
2107;2026.04.01 13:45;4;5;4.875;9.625;1460;17.8;202;
2108;2026.04.01 14:00;4;5;4.875;9;1460;17.8;202;
2109;2026.04.01 14:15;4;5;4.875;9.3125;1460;17.8;202;
2110;2026.04.01 14:30;4;5;4.875;8.875;1460;17.8;202;
2111;2026.04.01 14:45;4;5;4.875;7.9375;1460;17.8;202;
2112;2026.04.01 15:00;4;5;4.875;7.75;1460;17.8;202;
2113;2026.04.01 15:15;4;5;4.875;7.625;1460;17.8;202;
2114;2026.04.01 15:30;4;5;4.875;7.375;1460;17.8;202;
2115;2026.04.01 15:45;4;5;4.875;7.3125;1460;17.8;202;
2116;2026.04.01 16:00;4;5;4.875;7.25;1460;17.8;202;
2117;2026.04.01 16:15;4;5;4.875;6.875;1460;17.8;202;
2118;2026.04.01 16:30;4;5;4.875;6.25;1460;17.8;202;
2119;2026.04.01 16:45;4;4.9375;4.875;5.375;1460;17.8;202;
2120;2026.04.01 17:00;4;5;4.875;4.625;1460;17.8;202;
2121;2026.04.01 17:15;4;5;4.875;2.875;1460;17.8;202;
2122;2026.04.01 17:30;4;5;4.875;1.6875;1460;17.8;202;
2123;2026.04.01 17:45;4;4.9375;4.875;0.625;1460;17.8;202;
2124;2026.04.01 18:00;4;5;4.875;-0.125;1460;17.8;202;
2125;2026.04.01 18:15;4;5;4.875;-0.75;1460;17.8;202;
2126;2026.04.01 18:30;4;5;4.875;-1.25;1460;17.8;202;
2127;2026.04.01 18:45;4;5;4.875;-1.375;1460;17.8;202;
2128;2026.04.01 19:00;4;4.9375;4.875;-1.5;1460;17.8;202;
2129;2026.04.01 19:15;4;5;4.875;-1.5625;1460;17.8;202;
2130;2026.04.01 19:30;4;5;4.875;-1.75;1460;17.8;202;
2131;2026.04.01 19:45;4;5;4.875;-1.875;1460;17.8;202;
2132;2026.04.01 20:00;4;5;4.875;-1.75;1460;17.8;202;
2133;2026.04.01 20:15;4;5;4.875;-1.875;1460;17.8;202;
2134;2026.04.01 20:30;4;5;4.875;-2.1875;1460;17.8;202;
2135;2026.04.01 20:45;4;5;4.875;-2.3125;1460;17.8;202;
2136;2026.04.01 21:00;4;5;4.875;-2.375;1460;17.8;202;
2137;2026.04.01 21:15;4;5;4.875;-2.4375;1460;17.8;202;
2138;2026.04.01 21:30;4;5;4.875;-2.5625;1460;17.8;202;
2139;2026.04.01 21:45;4;5;4.875;-2.75;1460;17.8;202;
2140;2026.04.01 22:00;4;5;4.875;-2.625;1460;17.8;202;
2141;2026.04.01 22:15;4;5;4.9375;-2.5;1460;17.8;202;
2142;2026.04.01 22:30;4;5;4.9375;-2.6875;1460;17.8;202;
2143;2026.04.01 22:45;4;5;4.9375;-2.5625;1460;17.8;202;
2144;2026.04.01 23:00;4;5;4.9375;-2.375;1460;17.8;202;
2145;2026.04.01 23:15;4;5;4.9375;-2.25;1460;17.8;202;
2146;2026.04.01 23:30;4;5;4.9375;-2.125;1460;17.8;202;
2147;2026.04.01 23:45;4;5;4.9375;-1.5;1460;17.8;202;
2148;2026.04.02 00:00;4;5;4.9375;-1.375;1460;17.8;202;
2149;2026.04.02 00:15;4;5;4.9375;-0.8125;1460;17.8;202;
2150;2026.04.02 00:30;4;5;4.9375;-0.6875;1460;17.8;202;
2151;2026.04.02 00:45;4;5;4.9375;-1.125;1460;17.8;202;
2152;2026.04.02 01:00;4;5;4.9375;-1.0625;1460;17.8;202;
2153;2026.04.02 01:15;4;5;4.9375;-1.125;1460;17.8;202;
2154;2026.04.02 01:30;4;5;4.9375;-0.6875;1459;17.8;202;
2155;2026.04.02 01:45;4;5;4.9375;-0.375;1460;17.8;202;
2156;2026.04.02 02:00;4;5;4.9375;-0.5;1460;17.8;202;
2157;2026.04.02 02:15;4;5;4.9375;-0.375;1459;17.8;202;
2158;2026.04.02 02:30;4;5;4.9375;-0.4375;1459;17.8;202;
2159;2026.04.02 02:45;4;5;4.9375;-0.5;1459;17.8;202;
2160;2026.04.02 03:00;4;5;4.9375;-0.4375;1459;17.8;202;
2161;2026.04.02 03:15;4;5;4.9375;-0.5;1459;17.8;202;
2162;2026.04.02 03:30;4;5;4.9375;-0.5;1459;17.8;202;
2163;2026.04.02 03:45;4;5;4.9375;-0.625;1459;17.8;202;
2164;2026.04.02 04:00;4;5;4.9375;-0.625;1459;17.8;202;
2165;2026.04.02 04:15;4;5;4.9375;-0.5;1459;17.8;202;
2166;2026.04.02 04:30;4;5;4.9375;-0.375;1459;17.8;202;
2167;2026.04.02 04:45;4;5;4.9375;-0.1875;1459;17.8;202;
2168;2026.04.02 05:00;4;5;4.9375;0;1459;17.8;202;
2169;2026.04.02 05:15;4;5;4.9375;0.125;1459;17.8;202;
2170;2026.04.02 05:30;4;5;4.9375;0.4375;1459;17.8;202;
2171;2026.04.02 05:45;4;5;4.9375;0.75;1459;17.8;202;
2172;2026.04.02 06:00;4;5;4.9375;1.25;1459;17.8;202;
2173;2026.04.02 06:15;4;5;4.9375;1.75;1459;17.8;202;
2174;2026.04.02 06:30;4;5;4.875;2.125;1458;17.8;202;
2175;2026.04.02 06:45;4;5;4.9375;2.125;1458;17.8;202;
2176;2026.04.02 07:00;4;5;4.875;2.125;1458;17.8;202;
2177;2026.04.02 07:15;4;5;4.875;2.4375;1458;17.8;202;
2178;2026.04.02 07:30;4;5;4.875;3.25;1458;17.8;202;
2179;2026.04.02 07:45;4;5;4.875;4.5;1458;17.8;202;
2180;2026.04.02 08:00;4;5;4.875;5.3125;1458;17.8;202;
2181;2026.04.02 08:15;4;5;4.875;6.625;1458;17.8;202;
2182;2026.04.02 08:30;4;10.875;6.625;7.375;284;0.0;202;
2183;2026.04.02 08:45;4;12.375;8.75;7.625;276;0.0;202;
2184;2026.04.02 09:00;4;11.875;9.25;7.75;273;0.0;202;
2185;2026.04.02 09:15;4;11.75;9.8125;8.5;251;0.0;202;
2186;2026.04.02 09:30;4;7.5;8.1875;9.5;1311;14.6;202;
2187;2026.04.02 09:45;4;6;6.5;9.125;1330;15.0;202;
2188;2026.04.02 10:00;4;5.625;5.875;9;1348;15.4;202;
2189;2026.04.02 10:15;4;5.5;5.625;9.125;1363;15.7;202;
2190;2026.04.02 10:30;4;5.375;5.5;8.875;1377;16.0;202;
2191;2026.04.02 10:45;4;5.375;5.375;9.25;1389;16.3;202;
2192;2026.04.02 11:00;4;5.375;5.3125;10;1400;16.5;202;
2193;2026.04.02 11:15;4;5.3125;5.25;11.5;1409;16.7;202;
2194;2026.04.02 11:30;4;5.25;5.25;13;1418;16.9;202;
2195;2026.04.02 11:45;4;5.25;5.25;12.875;1426;17.1;202;
2196;2026.04.02 12:00;4;5.25;5.1875;13.375;1433;17.2;202;
2197;2026.04.02 12:15;4;5.25;5.125;13.3125;1439;17.4;202;
2198;2026.04.02 12:30;4;5.25;5.125;12.9375;1445;17.5;202;
2199;2026.04.02 12:45;4;5.25;5.125;12.4375;1451;17.6;202;
2200;2026.04.02 13:00;4;5.25;5.125;12.625;1456;17.7;202;
2201;2026.04.02 13:15;4;5.25;5.125;12.625;1460;17.8;202;
2202;2026.04.02 13:30;4;5.25;5.125;12.125;1465;17.9;202;
2203;2026.04.02 13:45;4;5.1875;5.125;11.5;1468;18.0;202;
2204;2026.04.02 14:00;4;5.1875;5.125;11.25;1472;18.1;202;
2205;2026.04.02 14:15;4;5.1875;5.125;11.1875;1475;18.1;202;
2206;2026.04.02 14:30;4;5.1875;5.125;11.125;1478;18.2;202;
2207;2026.04.02 14:45;4;5.1875;5.125;11.375;1481;18.2;202;
2208;2026.04.02 15:00;4;5.1875;5.125;11.25;1484;18.3;202;
2209;2026.04.02 15:15;4;5.1875;5.125;10.875;1486;18.3;202;
2210;2026.04.02 15:30;4;5.1875;5.125;10.3125;1488;18.4;202;
2211;2026.04.02 15:45;4;5.125;5.125;9.75;1491;18.5;202;
2212;2026.04.02 16:00;4;5.1875;5.125;9;1493;18.5;202;
2213;2026.04.02 16:15;4;5.1875;5.125;7.875;1494;18.5;202;
2214;2026.04.02 16:30;4;5.1875;5.125;7.375;1496;18.6;202;
2215;2026.04.02 16:45;4;5.1875;5.125;6.75;1498;18.6;202;
2216;2026.04.02 17:00;4;5.1875;5.125;6.0625;1499;18.6;202;
2217;2026.04.02 17:15;4;5.1875;5.125;5.25;1501;18.7;202;
2218;2026.04.02 17:30;4;5.125;5.125;4.25;1502;18.7;202;
2219;2026.04.02 17:45;4;5.1875;5.125;3.4375;1504;18.7;202;
2220;2026.04.02 18:00;4;5.1875;5.125;3;1505;18.7;202;
2221;2026.04.02 18:15;4;5.1875;5.125;2.4375;1506;18.8;202;
2222;2026.04.02 18:30;4;5.1875;5.125;2.25;1507;18.8;202;
2223;2026.04.02 18:45;4;5.1875;5.125;1.875;1508;18.8;202;
2224;2026.04.02 19:00;4;5.1875;5.125;1.375;1510;18.8;202;
2225;2026.04.02 19:15;4;5.1875;5.1875;0.9375;1511;18.9;202;
2226;2026.04.02 19:30;4;5.1875;5.1875;0.375;1511;18.9;202;
2227;2026.04.02 19:45;4;5.1875;5.1875;0.125;1512;18.9;202;
2228;2026.04.02 20:00;4;5.1875;5.1875;-0.0625;1513;18.9;202;
2229;2026.04.02 20:15;4;5.1875;5.1875;-0.125;1514;18.9;202;
2230;2026.04.02 20:30;4;5.1875;5.25;-0.375;1515;19.0;202;
2231;2026.04.02 20:45;4;5.1875;5.25;-0.375;1516;19.0;202;
2232;2026.04.02 21:00;4;5.25;5.25;-0.375;1517;19.0;202;
2233;2026.04.02 21:15;4;5.1875;5.25;-0.5625;1517;19.0;202;
2234;2026.04.02 21:30;4;5.25;5.25;-0.5;1518;19.0;202;
2235;2026.04.02 21:45;4;5.25;5.25;-0.5625;1519;19.0;202;
2236;2026.04.02 22:00;4;5.25;5.25;-0.125;1519;19.0;202;
2237;2026.04.02 22:15;4;5.25;5.25;-0.6875;1520;19.1;202;
2238;2026.04.02 22:30;4;5.25;5.25;-1.4375;1520;19.1;202;
2239;2026.04.02 22:45;4;5.25;5.25;-1.75;1521;19.1;202;
2240;2026.04.02 23:00;4;5.25;5.25;-1.8125;1522;19.1;202;
2241;2026.04.02 23:15;4;5.25;5.25;-2.1875;1522;19.1;202;
2242;2026.04.02 23:30;4;5.25;5.25;-2.625;1523;19.1;202;
2243;2026.04.02 23:45;4;5.25;5.25;-2.8125;1523;19.1;202;
2244;2026.04.03 00:00;4;5.25;5.25;-2.9375;1524;19.1;202;
2245;2026.04.03 00:15;4;5.25;5.3125;-2.3125;1524;19.1;202;
2246;2026.04.03 00:30;4;5.25;5.3125;-1.3125;1525;19.2;202;
2247;2026.04.03 00:45;4;5.25;5.3125;-1.375;1525;19.2;202;
2248;2026.04.03 01:00;4;5.25;5.3125;-2.375;1526;19.2;202;
2249;2026.04.03 01:15;4;5.25;5.3125;-2.3125;1526;19.2;202;
2250;2026.04.03 01:30;4;5.25;5.3125;-1.875;1526;19.2;202;
2251;2026.04.03 01:45;4;5.25;5.3125;-2.25;1527;19.2;202;
2252;2026.04.03 02:00;4;5.25;5.3125;-2.25;1527;19.2;202;
2253;2026.04.03 02:15;4;5.25;5.3125;-2.5625;1528;19.2;202;
2254;2026.04.03 02:30;4;5.25;5.3125;-2.875;1528;19.2;202;
2255;2026.04.03 02:45;4;5.25;5.3125;-3.1875;1528;19.2;202;
2256;2026.04.03 03:00;4;5.25;5.3125;-3.5;1529;19.2;202;
2257;2026.04.03 03:15;4;5.25;5.375;-3.25;1529;19.2;202;
2258;2026.04.03 03:30;4;5.25;5.3125;-3.5;1529;19.2;202;
2259;2026.04.03 03:45;4;5.25;5.3125;-3.625;1530;19.3;202;
2260;2026.04.03 04:00;4;5.25;5.3125;-3.6875;1530;19.3;202;
2261;2026.04.03 04:15;4;5.25;5.3125;-3.75;1530;19.3;202;
2262;2026.04.03 04:30;4;5.25;5.3125;-3.875;1531;19.3;202;
2263;2026.04.03 04:45;4;5.25;5.3125;-4.25;1531;19.3;202;
2264;2026.04.03 05:00;4;5.25;5.3125;-4.1875;1531;19.3;202;
2265;2026.04.03 05:15;4;5.3125;5.3125;-3.875;1531;19.3;202;
2266;2026.04.03 05:30;4;5.25;5.3125;-3.5;1532;19.3;202;
2267;2026.04.03 05:45;4;5.3125;5.3125;-2.8125;1532;19.3;202;
2268;2026.04.03 06:00;4;5.3125;5.3125;-0.5625;1532;19.3;202;
2269;2026.04.03 06:15;4;5.25;5.3125;1.3125;1532;19.3;202;
2270;2026.04.03 06:30;4;5.25;5.25;1.625;1533;19.3;202;
2271;2026.04.03 06:45;4;5.25;5.25;2.0625;1533;19.3;202;
2272;2026.04.03 07:00;4;5.3125;5.25;3.75;1533;19.3;202;
2273;2026.04.03 07:15;4;5.25;5.25;5;1533;19.3;202;
2274;2026.04.03 07:30;4;5.3125;5.25;5.875;1533;19.3;202;
2275;2026.04.03 07:45;4;5.3125;5.25;7.4375;1534;19.3;202;
2276;2026.04.03 08:00;4;5.3125;5.25;9.125;1534;19.3;202;
2277;2026.04.03 08:15;4;5.25;5.25;11.75;1534;19.3;202;
2278;2026.04.03 08:30;4;5.3125;5.25;13.375;1534;19.3;202;
2279;2026.04.03 08:45;4;5.25;5.25;12.5;1534;19.3;202;
2280;2026.04.03 09:00;4;5.25;5.25;11.6875;1535;19.4;202;
2281;2026.04.03 09:15;4;5.25;5.25;12;1535;19.4;202;
2282;2026.04.03 09:30;4;5.25;5.25;15.25;1535;19.4;202;
2283;2026.04.03 09:45;4;5.25;5.25;15.5625;1535;19.4;202;
2284;2026.04.03 10:00;4;5.25;5.25;13.75;1535;19.4;202;
2285;2026.04.03 10:15;4;5.25;5.25;15;1536;19.4;202;
2286;2026.04.03 10:30;4;5.25;5.25;16.0625;1536;19.4;202;
2287;2026.04.03 10:45;4;5.25;5.25;13.75;1536;19.4;202;
2288;2026.04.03 11:00;4;5.25;5.25;13;1536;19.4;202;
2289;2026.04.03 11:15;4;5.25;5.25;12.5;1536;19.4;202;
2290;2026.04.03 11:30;4;5.25;5.25;12.6875;1536;19.4;202;
2291;2026.04.03 11:45;4;5.25;5.25;13.875;1537;19.4;202;
2292;2026.04.03 12:00;4;5.25;5.25;13.625;1537;19.4;202;
2293;2026.04.03 12:15;4;5.25;5.1875;14.5;1537;19.4;202;
2294;2026.04.03 12:30;4;5.25;5.1875;14.5;1537;19.4;202;
2295;2026.04.03 12:45;4;5.25;5.1875;13.75;1537;19.4;202;
2296;2026.04.03 13:00;4;5.25;5.1875;14.0625;1537;19.4;202;
2297;2026.04.03 13:15;4;5.25;5.1875;13.125;1538;19.4;202;
2298;2026.04.03 13:30;4;5.25;5.1875;13.125;1538;19.4;202;
2299;2026.04.03 13:45;4;5.25;5.1875;13.375;1538;19.4;202;
2300;2026.04.03 14:00;4;5.25;5.1875;14.125;1538;19.4;202;
2301;2026.04.03 14:15;4;5.25;5.1875;13.5;1538;19.4;202;
2302;2026.04.03 14:30;4;5.25;5.1875;12.875;1538;19.4;202;
2303;2026.04.03 14:45;4;5.25;5.1875;12.875;1538;19.4;202;
2304;2026.04.03 15:00;4;5.25;5.1875;13;1539;19.5;202;
2305;2026.04.03 15:15;4;5.25;5.1875;11.875;1539;19.5;202;
2306;2026.04.03 15:30;4;5.25;5.1875;11.3125;1539;19.5;202;
2307;2026.04.03 15:45;4;5.25;5.1875;10.6875;1539;19.5;202;
2308;2026.04.03 16:00;4;5.25;5.1875;11.25;1539;19.5;202;
2309;2026.04.03 16:15;4;5.25;5.25;11.375;1539;19.5;202;
2310;2026.04.03 16:30;4;5.25;5.25;11.0625;1539;19.5;202;
2311;2026.04.03 16:45;4;5.25;5.25;10.625;1540;19.5;202;
2312;2026.04.03 17:00;4;5.25;5.25;10.125;1540;19.5;202;
2313;2026.04.03 17:15;4;5.25;5.25;9.5;1540;19.5;202;
2314;2026.04.03 17:30;4;5.25;5.25;8.1875;1540;19.5;202;
2315;2026.04.03 17:45;4;5.25;5.25;7.625;1540;19.5;202;
2316;2026.04.03 18:00;4;5.25;5.25;7.5;1540;19.5;202;
2317;2026.04.03 18:15;4;5.25;5.25;6.375;1540;19.5;202;
2318;2026.04.03 18:30;4;5.25;5.25;4.5;1540;19.5;202;
2319;2026.04.03 18:45;4;5.25;5.25;3.5;1541;19.5;202;
2320;2026.04.03 19:00;4;5.25;5.25;3.25;1541;19.5;202;
2321;2026.04.03 19:15;4;5.25;5.25;2.875;1541;19.5;202;
2322;2026.04.03 19:30;4;5.25;5.25;2.75;1541;19.5;202;
2323;2026.04.03 19:45;4;5.25;5.3125;3;1541;19.5;202;
2324;2026.04.03 20:00;4;5.25;5.3125;2.5;1541;19.5;202;
2325;2026.04.03 20:15;4;5.25;5.3125;2;1541;19.5;202;
2326;2026.04.03 20:30;4;5.25;5.3125;2;1542;19.5;202;
2327;2026.04.03 20:45;4;5.25;5.3125;2.4375;1542;19.5;202;
2328;2026.04.03 21:00;4;5.25;5.375;2.6875;1542;19.5;202;
2329;2026.04.03 21:15;4;5.3125;5.375;3.5;1542;19.5;202;
2330;2026.04.03 21:30;4;5.25;5.375;4;1542;19.5;202;
2331;2026.04.03 21:45;4;5.3125;5.375;4.25;1542;19.5;202;
2332;2026.04.03 22:00;4;5.3125;5.375;4.5;1542;19.5;202;
2333;2026.04.03 22:15;4;5.3125;5.375;4.625;1542;19.5;202;
2334;2026.04.03 22:30;4;5.3125;5.375;4.625;1542;19.5;202;
2335;2026.04.03 22:45;4;5.3125;5.375;5;1543;19.5;202;
2336;2026.04.03 23:00;4;5.3125;5.375;5.0625;1543;19.5;202;
2337;2026.04.03 23:15;4;5.3125;5.375;5;1543;19.5;202;
2338;2026.04.03 23:30;4;5.3125;5.375;4.5625;1543;19.5;202;
2339;2026.04.03 23:45;4;5.3125;5.375;3.875;1543;19.5;202;
2340;2026.04.04 00:00;4;5.375;5.4375;3.1875;1543;19.5;202;
2341;2026.04.04 00:15;4;5.375;5.4375;2.5;1543;19.5;202;
2342;2026.04.04 00:30;4;5.375;5.4375;2.625;1543;19.5;202;
2343;2026.04.04 00:45;4;5.375;5.4375;2.625;1543;19.5;202;
2344;2026.04.04 01:00;4;5.375;5.4375;2;1543;19.5;202;
2345;2026.04.04 01:15;4;5.375;5.4375;1.25;1544;19.6;202;
2346;2026.04.04 01:30;4;5.375;5.5;1.375;1544;19.6;202;
2347;2026.04.04 01:45;4;5.375;5.5;2.5;1544;19.6;202;
2348;2026.04.04 02:00;4;5.375;5.5;3.125;1544;19.6;202;
2349;2026.04.04 02:15;4;5.375;5.5;3.5625;1544;19.6;202;
2350;2026.04.04 02:30;4;5.375;5.5;3.5625;1544;19.6;202;
2351;2026.04.04 02:45;4;5.375;5.5;3.875;1544;19.6;202;
2352;2026.04.04 03:00;4;5.375;5.5;4.0625;1544;19.6;202;
2353;2026.04.04 03:15;4;5.375;5.5;4.875;1544;19.6;202;
2354;2026.04.04 03:30;4;5.375;5.5;5.25;1544;19.6;202;
2355;2026.04.04 03:45;4;5.375;5.5;5.875;1544;19.6;202;
2356;2026.04.04 04:00;4;5.375;5.5;6.25;1545;19.6;202;
2357;2026.04.04 04:15;4;5.375;5.5;6.5;1545;19.6;202;
2358;2026.04.04 04:30;4;5.375;5.5;6.6875;1545;19.6;202;
2359;2026.04.04 04:45;4;5.375;5.5;7;1545;19.6;202;
2360;2026.04.04 05:00;4;5.375;5.5;6.8125;1545;19.6;202;
2361;2026.04.04 05:15;4;5.375;5.5;6.625;1545;19.6;202;
2362;2026.04.04 05:30;4;5.375;5.5;6.5;1545;19.6;202;
2363;2026.04.04 05:45;4;5.375;5.5;6.5;1545;19.6;202;
2364;2026.04.04 06:00;4;5.375;5.5;7;1545;19.6;202;
2365;2026.04.04 06:15;4;5.375;5.5;7.5;1545;19.6;202;
2366;2026.04.04 06:30;4;5.375;5.5;7.75;1545;19.6;202;
2367;2026.04.04 06:45;4;5.4375;5.5;8;1545;19.6;202;
2368;2026.04.04 07:00;4;5.4375;5.5;8.125;1545;19.6;202;
2369;2026.04.04 07:15;4;5.4375;5.5;8.375;1545;19.6;202;
2370;2026.04.04 07:30;4;5.4375;5.5;8.875;1545;19.6;202;
2371;2026.04.04 07:45;4;5.4375;5.5;9;1545;19.6;202;
2372;2026.04.04 08:00;4;5.4375;5.5;9;1546;19.6;202;
2373;2026.04.04 08:15;4;5.4375;5.5;9.125;1546;19.6;202;
2374;2026.04.04 08:30;4;5.4375;5.5;9.125;1546;19.6;202;
2375;2026.04.04 08:45;4;5.4375;5.5;9.1875;1546;19.6;202;
2376;2026.04.04 09:00;4;5.4375;5.5;9.375;1546;19.6;202;
2377;2026.04.04 09:15;4;5.4375;5.5;9.375;1546;19.6;202;
2378;2026.04.04 09:30;4;5.4375;5.5;9.75;1546;19.6;202;
2379;2026.04.04 09:45;4;5.4375;5.5;10.125;1546;19.6;202;
2380;2026.04.04 10:00;4;5.4375;5.5;10.4375;1546;19.6;202;
2381;2026.04.04 10:15;4;5.4375;5.5;10.9375;1546;19.6;202;
2382;2026.04.04 10:30;4;5.4375;5.5;11.25;1546;19.6;202;
2383;2026.04.04 10:45;4;5.4375;5.5;11.1875;1546;19.6;202;
2384;2026.04.04 11:00;4;5.4375;5.5;11.125;1546;19.6;202;
2385;2026.04.04 11:15;4;5.4375;5.5;11.25;1546;19.6;202;
2386;2026.04.04 11:30;4;5.4375;5.5;12;1546;19.6;202;
2387;2026.04.04 11:45;4;5.4375;5.5;13.125;1547;19.6;202;
2388;2026.04.04 12:00;4;5.4375;5.5;15.25;1547;19.6;202;
2389;2026.04.04 12:15;4;5.4375;5.5;16.25;1547;19.6;202;
2390;2026.04.04 12:30;4;5.5;5.5;15;1547;19.6;202;
2391;2026.04.04 12:45;4;5.4375;5.5;14.375;1547;19.6;202;
2392;2026.04.04 13:00;4;5.5;5.5;16.125;1547;19.6;202;
2393;2026.04.04 13:15;4;5.5;5.5;16.5;1547;19.6;202;
2394;2026.04.04 13:30;4;5.5;5.5;15.375;1547;19.6;202;
2395;2026.04.04 13:45;4;5.5;5.5;14;1547;19.6;202;
2396;2026.04.04 14:00;4;5.5;5.5;13.4375;1547;19.6;202;
2397;2026.04.04 14:15;4;5.5;5.5;12.6875;1547;19.6;202;
2398;2026.04.04 14:30;4;5.5;5.5;11.875;1547;19.6;202;
2399;2026.04.04 14:45;4;5.5;5.5;11.625;1547;19.6;202;
2400;2026.04.04 15:00;4;5.5;5.5;11.3125;1547;19.6;202;
2401;2026.04.04 15:15;4;5.5;5.5;11.5625;1547;19.6;202;
2402;2026.04.04 15:30;4;5.5;5.5;11.5;1547;19.6;202;
2403;2026.04.04 15:45;4;5.5;5.5625;11.375;1548;19.6;202;
2404;2026.04.04 16:00;4;5.5;5.5625;11.0625;1548;19.6;202;
2405;2026.04.04 16:15;4;5.5;5.5625;11.125;1548;19.6;202;
2406;2026.04.04 16:30;4;5.5;5.5625;10.9375;1548;19.6;202;
2407;2026.04.04 16:45;4;5.5;5.5625;10.75;1548;19.6;202;
2408;2026.04.04 17:00;4;5.5;5.625;10.625;1548;19.6;202;
2409;2026.04.04 17:15;4;5.5;5.625;10.375;1548;19.6;202;
2410;2026.04.04 17:30;4;5.5;5.625;10.125;1548;19.6;202;
2411;2026.04.04 17:45;4;5.5;5.625;9.875;1548;19.6;202;
2412;2026.04.04 18:00;4;5.5;5.625;9.8125;1548;19.6;202;
2413;2026.04.04 18:15;4;5.5;5.625;9.625;1548;19.6;202;
2414;2026.04.04 18:30;4;5.5;5.625;9.5625;1548;19.6;202;
2415;2026.04.04 18:45;4;5.5;5.625;9.5;1548;19.6;202;
2416;2026.04.04 19:00;4;5.5;5.625;9.3125;1548;19.6;202;
2417;2026.04.04 19:15;4;5.5;5.625;8.75;1548;19.6;202;
2418;2026.04.04 19:30;4;5.5;5.625;7.875;1548;19.6;202;
2419;2026.04.04 19:45;4;5.5;5.625;7.5;1549;19.7;202;
2420;2026.04.04 20:00;4;5.5;5.625;7.4375;1549;19.7;202;
2421;2026.04.04 20:15;4;5.5;5.625;7.5;1549;19.7;202;
2422;2026.04.04 20:30;4;5.5;5.6875;7.625;1549;19.7;202;
2423;2026.04.04 20:45;4;5.5;5.6875;7.6875;1549;19.7;202;
2424;2026.04.04 21:00;4;5.5;5.75;7.6875;1549;19.7;202;
2425;2026.04.04 21:15;4;5.5;5.75;7.6875;1549;19.7;202;
2426;2026.04.04 21:30;4;5.5;5.75;7.75;1549;19.7;202;
2427;2026.04.04 21:45;4;5.5;5.75;7.875;1549;19.7;202;
2428;2026.04.04 22:00;4;5.5625;5.75;8;1549;19.7;202;
2429;2026.04.04 22:15;4;5.5625;5.75;7.9375;1549;19.7;202;
2430;2026.04.04 22:30;4;5.5625;5.75;7.8125;1549;19.7;202;
2431;2026.04.04 22:45;4;5.5625;5.75;7.625;1549;19.7;202;
2432;2026.04.04 23:00;4;5.5625;5.75;7.125;1549;19.7;202;
2433;2026.04.04 23:15;4;5.625;5.75;6.9375;1549;19.7;202;
2434;2026.04.04 23:30;4;5.5625;5.75;6.375;1550;19.7;202;
2435;2026.04.04 23:45;4;5.625;5.75;5.6875;1550;19.7;202;
2436;2026.04.05 00:00;4;5.625;5.8125;5.125;1550;19.7;202;
2437;2026.04.05 00:15;4;5.625;5.8125;4.5;1550;19.7;202;
2438;2026.04.05 00:30;4;5.625;5.8125;5.375;1550;19.7;202;
2439;2026.04.05 00:45;4;5.625;5.8125;6.25;1550;19.7;202;
2440;2026.04.05 01:00;4;5.625;5.875;6.0625;1550;19.7;202;
2441;2026.04.05 01:15;4;5.625;5.875;5.125;1550;19.7;202;
2442;2026.04.05 01:30;4;5.625;5.875;4.125;1550;19.7;202;
2443;2026.04.05 01:45;4;5.625;5.875;3.875;1550;19.7;202;
2444;2026.04.05 02:00;4;5.625;5.875;3.25;1550;19.7;202;
2445;2026.04.05 02:15;4;5.625;5.875;3.0625;1550;19.7;202;
2446;2026.04.05 02:30;4;5.625;5.875;2.875;1550;19.7;202;
2447;2026.04.05 02:45;4;5.625;5.875;2.75;1550;19.7;202;
2448;2026.04.05 03:00;4;5.625;5.875;2.75;1550;19.7;202;
2449;2026.04.05 03:15;4;5.625;5.875;3.125;1550;19.7;202;
2450;2026.04.05 03:30;4;5.625;5.875;2.5625;1550;19.7;202;
2451;2026.04.05 03:45;4;5.625;5.875;3.5;1550;19.7;202;
2452;2026.04.05 04:00;4;5.6875;5.875;3.125;1551;19.7;202;
2453;2026.04.05 04:15;4;5.6875;5.9375;2.6875;1551;19.7;202;
2454;2026.04.05 04:30;4;5.6875;5.9375;2.75;1551;19.7;202;
2455;2026.04.05 04:45;4;5.6875;5.9375;2.625;1551;19.7;202;
2456;2026.04.05 05:00;4;5.6875;5.9375;2.5;1551;19.7;202;
2457;2026.04.05 05:15;4;5.6875;5.9375;3.125;1551;19.7;202;
2458;2026.04.05 05:30;4;5.6875;5.9375;3.75;1551;19.7;202;
2459;2026.04.05 05:45;4;5.75;5.9375;4.9375;1551;19.7;202;
2460;2026.04.05 06:00;4;5.75;5.9375;7.25;1551;19.7;202;
2461;2026.04.05 06:15;4;5.75;6;8.625;1551;19.7;202;
2462;2026.04.05 06:30;4;5.75;6;8.625;1551;19.7;202;
2463;2026.04.05 06:45;4;5.75;6;9.1875;1551;19.7;202;
2464;2026.04.05 07:00;4;5.75;6;9.6875;1551;19.7;202;
2465;2026.04.05 07:15;4;5.75;6;11.375;1551;19.7;202;
2466;2026.04.05 07:30;4;5.75;6;12.125;1551;19.7;202;
2467;2026.04.05 07:45;4;5.75;6;14.25;1551;19.7;202;
2468;2026.04.05 08:00;4;5.75;6;16.4375;1551;19.7;202;
2469;2026.04.05 08:15;4;5.75;6;18.25;1551;19.7;202;
2470;2026.04.05 08:30;4;5.75;6;19;1551;19.7;202;
2471;2026.04.05 08:45;4;5.75;6;19.8125;1551;19.7;202;
2472;2026.04.05 09:00;4;5.75;6;20.8125;1551;19.7;202;
2473;2026.04.05 09:15;4;5.75;6;20.5625;1551;19.7;202;
2474;2026.04.05 09:30;4;5.75;6;21.625;1551;19.7;202;
2475;2026.04.05 09:45;4;5.75;6;22.125;1552;19.7;202;
2476;2026.04.05 10:00;4;5.75;6;22.8125;1552;19.7;202;
2477;2026.04.05 10:15;4;5.75;6;24;1552;19.7;202;
2478;2026.04.05 10:30;4;5.75;6;23.5625;1552;19.7;202;
2479;2026.04.05 10:45;4;5.75;6;24.25;1552;19.7;202;
2480;2026.04.05 11:00;4;5.75;6;25.75;1552;19.7;202;
2481;2026.04.05 11:15;4;5.75;6;26.25;1552;19.7;202;
2482;2026.04.05 11:30;4;5.75;6;25.3125;1552;19.7;202;
2483;2026.04.05 11:45;4;5.75;6;23.9375;1552;19.7;202;
2484;2026.04.05 12:00;4;5.75;6;23.5;1552;19.7;202;
2485;2026.04.05 12:15;4;5.75;6;23.875;1552;19.7;202;
2486;2026.04.05 12:30;4;5.75;6;25.0625;1552;19.7;202;
2487;2026.04.05 12:45;4;5.75;6;24.875;1552;19.7;202;
2488;2026.04.05 13:00;4;5.75;6;24.875;1552;19.7;202;
2489;2026.04.05 13:15;4;5.75;6;24.625;1552;19.7;202;
2490;2026.04.05 13:30;4;5.75;6;23.875;1552;19.7;202;
2491;2026.04.05 13:45;4;5.75;6;23.3125;1552;19.7;202;
2492;2026.04.05 14:00;4;5.8125;6;23.125;1552;19.7;202;
2493;2026.04.05 14:15;4;5.75;6;22.6875;1552;19.7;202;
2494;2026.04.05 14:30;4;5.75;6;22.1875;1552;19.7;202;
2495;2026.04.05 14:45;4;5.8125;6;22;1552;19.7;202;
2496;2026.04.05 15:00;4;5.8125;6;21.875;1552;19.7;202;
2497;2026.04.05 15:15;4;5.8125;6.0625;21.375;1553;19.7;202;
2498;2026.04.05 15:30;4;5.8125;6.0625;20.875;1553;19.7;202;
2499;2026.04.05 15:45;4;5.8125;6.0625;21.1875;1553;19.7;202;
2500;2026.04.05 16:00;4;5.875;6.0625;20.8125;1553;19.7;202;
2501;2026.04.05 16:15;4;5.8125;6.125;20.1875;1553;19.7;202;
2502;2026.04.05 16:30;4;5.8125;6.125;19.75;1553;19.7;202;
2503;2026.04.05 16:45;4;5.875;6.125;18.9375;1553;19.7;202;
2504;2026.04.05 17:00;4;5.875;6.125;18.1875;1553;19.7;202;
2505;2026.04.05 17:15;4;5.875;6.125;17.5;1553;19.7;202;
2506;2026.04.05 17:30;4;5.875;6.125;16.625;1553;19.7;202;
2507;2026.04.05 17:45;4;5.875;6.1875;16.0625;1553;19.7;202;
2508;2026.04.05 18:00;4;5.875;6.1875;14.875;1553;19.7;202;
2509;2026.04.05 18:15;4;5.875;6.25;12.75;1553;19.7;202;
2510;2026.04.05 18:30;4;5.875;6.25;11.625;1553;19.7;202;
2511;2026.04.05 18:45;4;5.875;6.25;11.0625;1553;19.7;202;
2512;2026.04.05 19:00;4;5.875;6.25;12.0625;1553;19.7;202;
2513;2026.04.05 19:15;4;5.875;6.25;12.875;1553;19.7;202;
2514;2026.04.05 19:30;4;5.875;6.25;13.375;1553;19.7;202;
2515;2026.04.05 19:45;4;5.875;6.3125;12.6875;1553;19.7;202;
2516;2026.04.05 20:00;4;5.875;6.3125;12.875;1553;19.7;202;
2517;2026.04.05 20:15;4;5.9375;6.375;13.25;1554;19.8;202;
2518;2026.04.05 20:30;4;5.9375;6.375;11.5625;1554;19.8;202;
2519;2026.04.05 20:45;4;5.9375;6.375;10.6875;1554;19.8;202;
2520;2026.04.05 21:00;4;6;6.375;10.375;1554;19.8;202;
2521;2026.04.05 21:15;4;6;6.375;10.75;1554;19.8;202;
2522;2026.04.05 21:30;4;6;6.4375;12;1554;19.8;202;
2523;2026.04.05 21:45;4;6;6.4375;12.4375;1554;19.8;202;
2524;2026.04.05 22:00;4;6;6.5;12.625;1554;19.8;202;
2525;2026.04.05 22:15;4;6;6.5;12.625;1554;19.8;202;
2526;2026.04.05 22:30;4;6;6.5;12.375;1554;19.8;202;
2527;2026.04.05 22:45;4;6;6.5;12.125;1554;19.8;202;
2528;2026.04.05 23:00;4;6.0625;6.5;11.875;1554;19.8;202;
2529;2026.04.05 23:15;4;6;6.5;11.375;1554;19.8;202;
2530;2026.04.05 23:30;4;6.0625;6.5;11.375;1554;19.8;202;
2531;2026.04.05 23:45;4;6.0625;6.5625;11.125;1554;19.8;202;
2532;2026.04.06 00:00;4;6.125;6.5625;10.75;1554;19.8;202;
2533;2026.04.06 00:15;4;6.125;6.5625;10.5625;1554;19.8;202;
2534;2026.04.06 00:30;4;6.125;6.625;10.5;1554;19.8;202;
2535;2026.04.06 00:45;4;6.125;6.625;10.375;1554;19.8;202;
2536;2026.04.06 01:00;4;6.125;6.625;10.375;1554;19.8;202;
2537;2026.04.06 01:15;4;6.125;6.625;10.625;1554;19.8;202;
2538;2026.04.06 01:30;4;6.125;6.625;10.25;1554;19.8;202;
2539;2026.04.06 01:45;4;6.125;6.625;10;1554;19.8;202;
2540;2026.04.06 02:00;4;6.125;6.625;9.9375;1555;19.8;202;
2541;2026.04.06 02:15;4;6.125;6.625;9.875;1555;19.8;202;
2542;2026.04.06 02:30;4;6.125;6.625;9.625;1555;19.8;202;
2543;2026.04.06 02:45;4;6.125;6.6875;9.5;1555;19.8;202;
2544;2026.04.06 03:00;4;6.1875;6.6875;9.3125;1555;19.8;202;
2545;2026.04.06 03:15;4;6.1875;6.6875;9.125;1555;19.8;202;
2546;2026.04.06 03:30;4;6.1875;6.6875;9;1555;19.8;202;
2547;2026.04.06 03:45;4;6.1875;6.75;8.6875;1555;19.8;202;
2548;2026.04.06 04:00;4;6.25;6.75;8.25;1555;19.8;202;
2549;2026.04.06 04:15;4;6.25;6.75;7.75;1555;19.8;202;
2550;2026.04.06 04:30;4;6.25;6.75;7.25;1555;19.8;202;
2551;2026.04.06 04:45;4;6.25;6.75;6.3125;1555;19.8;202;
2552;2026.04.06 05:00;4;6.25;6.75;5.25;1555;19.8;202;
2553;2026.04.06 05:15;4;6.25;6.75;4.8125;1555;19.8;202;
2554;2026.04.06 05:30;4;6.25;6.75;5.3125;1555;19.8;202;
2555;2026.04.06 05:45;4;6.25;6.75;6;1555;19.8;202;
2556;2026.04.06 06:00;4;6.25;6.75;7.875;1555;19.8;202;
2557;2026.04.06 06:15;4;6.25;6.75;9;1555;19.8;202;
2558;2026.04.06 06:30;4;6.25;6.75;9.125;1555;19.8;202;
2559;2026.04.06 06:45;4;6.25;6.75;9.125;1555;19.8;202;
2560;2026.04.06 07:00;4;6.3125;6.75;9.5;1555;19.8;202;
2561;2026.04.06 07:15;4;6.3125;6.75;10;1555;19.8;202;
2562;2026.04.06 07:30;4;6.3125;6.75;10.5;1555;19.8;202;
2563;2026.04.06 07:45;4;6.3125;6.8125;11.625;1555;19.8;202;
2564;2026.04.06 08:00;4;6.3125;6.75;12.75;1555;19.8;202;
2565;2026.04.06 08:15;4;6.375;6.8125;13.25;1555;19.8;202;
2566;2026.04.06 08:30;4;6.375;6.8125;13.125;1555;19.8;202;
2567;2026.04.06 08:45;4;6.375;6.8125;14.75;1555;19.8;202;
2568;2026.04.06 09:00;4;6.375;6.8125;13.5;1555;19.8;202;
2569;2026.04.06 09:15;4;6.375;6.8125;13.5625;1555;19.8;202;
2570;2026.04.06 09:30;4;6.375;6.8125;12.9375;1555;19.8;202;
2571;2026.04.06 09:45;4;6.375;6.8125;15.1875;1555;19.8;202;
2572;2026.04.06 10:00;4;6.375;6.875;15.125;1556;19.8;202;
2573;2026.04.06 10:15;4;6.375;6.8125;14.5625;1556;19.8;202;
2574;2026.04.06 10:30;4;6.375;6.8125;15.8125;1556;19.8;202;
2575;2026.04.06 10:45;4;6.375;6.8125;18.1875;1556;19.8;202;
2576;2026.04.06 11:00;4;6.375;6.8125;19.375;1556;19.8;202;
2577;2026.04.06 11:15;4;6.375;6.8125;20;1556;19.8;202;
2578;2026.04.06 11:30;4;6.375;6.8125;19.25;1556;19.8;202;
2579;2026.04.06 11:45;4;6.375;6.8125;19;1556;19.8;202;
2580;2026.04.06 12:00;4;6.375;6.8125;16.625;1556;19.8;202;
2581;2026.04.06 12:15;4;6.375;6.8125;17.75;1556;19.8;202;
2582;2026.04.06 12:30;4;6.375;6.875;17.8125;1556;19.8;202;
2583;2026.04.06 12:45;4;6.375;6.875;18.375;1556;19.8;202;
2584;2026.04.06 13:00;4;6.375;6.875;17.875;1556;19.8;202;
2585;2026.04.06 13:15;4;6.375;6.875;17.125;1556;19.8;202;
2586;2026.04.06 13:30;4;6.375;6.875;15.375;1556;19.8;202;
2587;2026.04.06 13:45;4;6.375;6.875;14.8125;1556;19.8;202;
2588;2026.04.06 14:00;4;6.375;6.875;14.3125;1556;19.8;202;
2589;2026.04.06 14:15;4;6.375;6.875;13.875;1556;19.8;202;
2590;2026.04.06 14:30;4;6.375;6.875;14.1875;1556;19.8;202;
2591;2026.04.06 14:45;4;6.375;6.875;13.75;1556;19.8;202;
2592;2026.04.06 15:00;4;6.4375;6.875;13.75;1556;19.8;202;
2593;2026.04.06 15:15;4;6.4375;6.875;13.25;1556;19.8;202;
2594;2026.04.06 15:30;4;6.4375;6.875;12.4375;1556;19.8;202;
2595;2026.04.06 15:45;4;6.4375;6.875;12;1556;19.8;202;
2596;2026.04.06 16:00;4;6.4375;6.875;11.5;1556;19.8;202;
2597;2026.04.06 16:15;4;6.4375;6.875;11;1556;19.8;202;
2598;2026.04.06 16:30;4;6.4375;6.875;10.75;1556;19.8;202;
2599;2026.04.06 16:45;4;6.4375;6.875;10;1556;19.8;202;
2600;2026.04.06 17:00;4;6.5;6.875;9;1556;19.8;202;
2601;2026.04.06 17:15;4;6.5;6.875;8.125;1557;19.8;202;
2602;2026.04.06 17:30;4;6.5;6.875;7;1557;19.8;202;
2603;2026.04.06 17:45;4;6.5;6.9375;5.4375;1557;19.8;202;
2604;2026.04.06 18:00;4;6.5;6.9375;4.375;1557;19.8;202;
2605;2026.04.06 18:15;4;6.5;6.9375;3.5;1557;19.8;202;
2606;2026.04.06 18:30;4;6.5;6.9375;2.875;1557;19.8;202;
2607;2026.04.06 18:45;4;6.5;7;2.0625;1557;19.8;202;
2608;2026.04.06 19:00;4;6.5;7;1.625;1557;19.8;202;
2609;2026.04.06 19:15;4;6.5;7;1.3125;1557;19.8;202;
2610;2026.04.06 19:30;4;6.5;7;1;1557;19.8;202;
2611;2026.04.06 19:45;4;6.5;7;0.875;1557;19.8;202;
2612;2026.04.06 20:00;4;6.5;7;0.75;1557;19.8;202;
2613;2026.04.06 20:15;4;6.5;7;0.5;1557;19.8;202;
2614;2026.04.06 20:30;4;6.5;7;0.5625;1557;19.8;202;
2615;2026.04.06 20:45;4;6.5;7;0.375;1557;19.8;202;
2616;2026.04.06 21:00;4;6.5;7;0.25;1557;19.8;202;
2617;2026.04.06 21:15;4;6.5625;7;0.125;1557;19.8;202;
2618;2026.04.06 21:30;4;6.5;7.0625;-0.375;1557;19.8;202;
2619;2026.04.06 21:45;4;6.5625;7.0625;-1;1557;19.8;202;
2620;2026.04.06 22:00;4;6.5625;7.0625;-1.0625;1557;19.8;202;
2621;2026.04.06 22:15;4;6.5625;7.0625;-1.0625;1557;19.8;202;
2622;2026.04.06 22:30;4;6.5625;7.0625;-1.0625;1557;19.8;202;
2623;2026.04.06 22:45;4;6.625;7.0625;-1.25;1557;19.8;202;
2624;2026.04.06 23:00;4;6.625;7.125;-1.3125;1557;19.8;202;
2625;2026.04.06 23:15;4;6.625;7.125;-1.375;1557;19.8;202;
2626;2026.04.06 23:30;4;6.625;7.125;-1.625;1558;19.8;202;
2627;2026.04.06 23:45;4;6.625;7.125;-1.75;1558;19.8;202;
2628;2026.04.07 00:00;4;6.625;7.125;-2;1558;19.8;202;
2629;2026.04.07 00:15;4;6.625;7.125;-2;1558;19.8;202;
2630;2026.04.07 00:30;4;6.625;7.125;-2.25;1558;19.8;202;
2631;2026.04.07 00:45;4;6.625;7.125;-2.25;1558;19.8;202;
2632;2026.04.07 01:00;4;6.625;7.125;-2.625;1558;19.8;202;
2633;2026.04.07 01:15;4;6.625;7.125;-2.5;1558;19.8;202;
2634;2026.04.07 01:30;4;6.625;7.125;-2.375;1558;19.8;202;
2635;2026.04.07 01:45;4;6.625;7.125;-2.3125;1558;19.8;202;
2636;2026.04.07 02:00;4;6.625;7.125;-2.1875;1558;19.8;202;
2637;2026.04.07 02:15;4;6.625;7.125;-2.5;1558;19.8;202;
2638;2026.04.07 02:30;4;6.625;7.125;-3;1558;19.8;202;
2639;2026.04.07 02:45;4;6.625;7.125;-3;1558;19.8;202;
2640;2026.04.07 03:00;4;6.625;7.125;-3;1558;19.8;202;
2641;2026.04.07 03:15;4;6.625;7.125;-2.875;1558;19.8;202;
2642;2026.04.07 03:30;4;6.625;7.125;-2.9375;1558;19.8;202;
2643;2026.04.07 03:45;4;6.625;7.125;-3.25;1558;19.8;202;
2644;2026.04.07 04:00;4;6.625;7.0625;-3.25;1558;19.8;202;
2645;2026.04.07 04:15;4;6.625;7.0625;-3.5;1558;19.8;202;
2646;2026.04.07 04:30;4;6.625;7.0625;-3.75;1558;19.8;202;
2647;2026.04.07 04:45;4;6.625;7.0625;-3.4375;1558;19.8;202;
2648;2026.04.07 05:00;4;6.625;7.0625;-3.375;1558;19.8;202;
2649;2026.04.07 05:15;4;6.625;7.0625;-2.75;1558;19.8;202;
2650;2026.04.07 05:30;4;6.625;7;-2.25;1558;19.8;202;
2651;2026.04.07 05:45;4;6.625;7;-1;1558;19.8;202;
2652;2026.04.07 06:00;4;6.625;7;1.3125;1558;19.8;202;
2653;2026.04.07 06:15;4;6.625;7;3.1875;1558;19.8;202;
2654;2026.04.07 06:30;4;6.6875;7;3.75;1558;19.8;202;
2655;2026.04.07 06:45;4;6.625;7;4.25;1558;19.8;202;
2656;2026.04.07 07:00;4;6.625;7;5;1558;19.8;202;
2657;2026.04.07 07:15;4;6.625;7;6.125;1558;19.8;202;
2658;2026.04.07 07:30;4;6.625;7;6.75;1558;19.8;202;
2659;2026.04.07 07:45;4;6.625;7;8.6875;1558;19.8;202;
2660;2026.04.07 08:00;4;6.625;7;11.25;1558;19.8;202;
2661;2026.04.07 08:15;4;6.625;7;12.75;1558;19.8;202;
2662;2026.04.07 08:30;4;6.625;6.9375;13.875;1558;19.8;202;
2663;2026.04.07 08:45;4;6.625;6.9375;15.0625;1558;19.8;202;
2664;2026.04.07 09:00;4;6.625;6.9375;15.875;1558;19.8;202;
2665;2026.04.07 09:15;4;6.625;6.875;16.375;1558;19.8;202;
2666;2026.04.07 09:30;4;6.625;6.875;16.75;1558;19.8;202;
2667;2026.04.07 09:45;4;6.625;6.875;17.125;1558;19.8;202;
2668;2026.04.07 10:00;4;6.625;6.875;17.125;1559;19.9;202;
2669;2026.04.07 10:15;4;6.625;6.875;17.6875;1559;19.9;202;
2670;2026.04.07 10:30;4;6.625;6.875;18.1875;1559;19.9;202;
2671;2026.04.07 10:45;4;6.625;6.875;18.6875;1559;19.9;202;
2672;2026.04.07 11:00;4;6.625;6.875;18.875;1559;19.9;202;
2673;2026.04.07 11:15;4;6.625;6.875;18.9375;1559;19.9;202;
2674;2026.04.07 11:30;4;6.625;6.875;19.0625;1559;19.9;202;
2675;2026.04.07 11:45;4;6.625;6.875;19.375;1559;19.9;202;
2676;2026.04.07 12:00;4;6.625;6.8125;20.125;1559;19.9;202;
2677;2026.04.07 12:15;4;6.625;6.8125;20.0625;1559;19.9;202;
2678;2026.04.07 12:30;4;6.625;6.8125;19.875;1559;19.9;202;
2679;2026.04.07 12:45;4;6.625;6.8125;20.625;1559;19.9;202;
2680;2026.04.07 13:00;4;6.625;6.8125;19.875;1559;19.9;202;
2681;2026.04.07 13:15;4;6.625;6.75;18.875;1559;19.9;202;
2682;2026.04.07 13:30;4;6.625;6.75;16.5;1559;19.9;202;
2683;2026.04.07 13:45;4;6.625;6.75;15.6875;1559;19.9;202;
2684;2026.04.07 14:00;4;6.625;6.75;15.4375;1559;19.9;202;
2685;2026.04.07 14:15;4;6.625;6.75;15;1559;19.9;202;
2686;2026.04.07 14:30;4;6.625;6.75;15;1559;19.9;202;
2687;2026.04.07 14:45;4;6.625;6.75;14.6875;1559;19.9;202;
2688;2026.04.07 15:00;4;6.625;6.75;14.4375;1559;19.9;202;
2689;2026.04.07 15:15;4;6.625;6.75;14;1559;19.9;202;
2690;2026.04.07 15:30;4;6.625;6.75;13.5;1559;19.9;202;
2691;2026.04.07 15:45;4;6.5625;6.75;13;1559;19.9;202;
2692;2026.04.07 16:00;4;6.5625;6.75;12.375;1559;19.9;202;
2693;2026.04.07 16:15;4;6.625;6.75;12;1559;19.9;202;
2694;2026.04.07 16:30;4;6.5625;6.75;11.5;1559;19.9;202;
2695;2026.04.07 16:45;4;6.625;6.75;10.75;1559;19.9;202;
2696;2026.04.07 17:00;4;6.5625;6.8125;10.3125;1559;19.9;202;
2697;2026.04.07 17:15;4;6.5625;6.8125;9.875;1559;19.9;202;
2698;2026.04.07 17:30;4;6.5625;6.8125;9.125;1559;19.9;202;
2699;2026.04.07 17:45;4;6.5625;6.8125;8.625;1559;19.9;202;
2700;2026.04.07 18:00;4;6.5625;6.8125;7.9375;1560;19.9;202;
2701;2026.04.07 18:15;4;6.5625;6.875;7.1875;1560;19.9;202;
2702;2026.04.07 18:30;4;6.625;6.875;5.875;1560;19.9;202;
2703;2026.04.07 18:45;4;6.625;6.875;5.625;1560;19.9;202;
2704;2026.04.07 19:00;4;6.625;6.875;5.875;1560;19.9;202;
2705;2026.04.07 19:15;4;6.625;6.875;5.125;1560;19.9;202;
2706;2026.04.07 19:30;4;6.625;6.875;4;1560;19.9;202;
2707;2026.04.07 19:45;4;6.625;6.875;2.875;1560;19.9;202;
2708;2026.04.07 20:00;4;6.625;6.875;1.875;1560;19.9;202;
2709;2026.04.07 20:15;4;6.625;6.875;1;1560;19.9;202;
2710;2026.04.07 20:30;4;6.625;6.875;0;1560;19.9;202;
2711;2026.04.07 20:45;4;6.625;6.875;-0.25;1560;19.9;202;
2712;2026.04.07 21:00;4;6.625;6.9375;0.9375;1560;19.9;202;
2713;2026.04.07 21:15;4;6.625;6.9375;2.9375;1560;19.9;202;
2714;2026.04.07 21:30;4;6.625;6.9375;3.5;1560;19.9;202;
2715;2026.04.07 21:45;4;6.625;7;2.875;1560;19.9;202;
2716;2026.04.07 22:00;4;6.625;7;2.0625;1560;19.9;202;
2717;2026.04.07 22:15;4;6.625;7;0.25;1560;19.9;202;
2718;2026.04.07 22:30;4;6.625;7;-0.75;1560;19.9;202;
2719;2026.04.07 22:45;4;6.625;7;-1.875;1560;19.9;202;
2720;2026.04.07 23:00;4;6.625;7;-2.125;1560;19.9;202;
2721;2026.04.07 23:15;4;6.625;7;-2.375;1560;19.9;202;
2722;2026.04.07 23:30;4;6.625;7;-2.5;1560;19.9;202;
2723;2026.04.07 23:45;4;6.625;7;-2.625;1560;19.9;202;
2724;2026.04.08 00:00;4;6.625;7;-2.75;1560;19.9;202;
2725;2026.04.08 00:15;4;6.625;7;-2.6875;1560;19.9;202;
2726;2026.04.08 00:30;4;6.625;7;-2.75;1560;19.9;202;
2727;2026.04.08 00:45;4;6.625;7;-2.875;1561;19.9;202;
2728;2026.04.08 01:00;4;6.6875;7;-2.875;1561;19.9;202;
2729;2026.04.08 01:15;4;6.6875;7;-3.125;1561;19.9;202;
2730;2026.04.08 01:30;4;6.6875;7;-3.5625;1561;19.9;202;
2731;2026.04.08 01:45;4;6.6875;7;-3.5;1561;19.9;202;
2732;2026.04.08 02:00;4;6.6875;7;-3.5;1561;19.9;202;
2733;2026.04.08 02:15;4;6.6875;7;-3.625;1561;19.9;202;
2734;2026.04.08 02:30;4;6.6875;7;-4.625;1561;19.9;202;
2735;2026.04.08 02:45;4;6.6875;7;-5.125;1561;19.9;202;
2736;2026.04.08 03:00;4;6.6875;7;-5.25;1561;19.9;202;
2737;2026.04.08 03:15;4;6.6875;7;-5.1875;1561;19.9;202;
2738;2026.04.08 03:30;4;6.6875;7;-5.375;1561;19.9;202;
2739;2026.04.08 03:45;4;6.6875;7;-5.5;1561;19.9;202;
2740;2026.04.08 04:00;4;6.75;7;-5.6875;1561;19.9;202;
2741;2026.04.08 04:15;4;6.6875;7;-5.875;1561;19.9;202;
2742;2026.04.08 04:30;4;6.75;7;-5.9375;1561;19.9;202;
2743;2026.04.08 04:45;4;6.75;7;-6.125;1561;19.9;202;
2744;2026.04.08 05:00;4;6.75;7;-6.0625;1561;19.9;202;
2745;2026.04.08 05:15;4;6.6875;7;-5.75;1561;19.9;202;
2746;2026.04.08 05:30;4;6.75;7;-5.125;1561;19.9;202;
2747;2026.04.08 05:45;4;6.75;7;-3.6875;1561;19.9;202;
2748;2026.04.08 06:00;4;6.75;7;-0.875;1561;19.9;202;
2749;2026.04.08 06:15;4;6.75;7;1;1561;19.9;202;
2750;2026.04.08 06:30;4;6.6875;6.9375;1.875;1561;19.9;202;
2751;2026.04.08 06:45;4;6.75;6.9375;2;1561;19.9;202;
2752;2026.04.08 07:00;4;6.75;6.9375;2.4375;1561;19.9;202;
2753;2026.04.08 07:15;4;6.6875;6.9375;4.25;1561;19.9;202;
2754;2026.04.08 07:30;4;6.75;6.875;4.875;1561;19.9;202;
2755;2026.04.08 07:45;4;6.6875;6.875;6.375;1561;19.9;202;
2756;2026.04.08 08:00;4;6.6875;6.875;10.1875;1561;19.9;202;
2757;2026.04.08 08:15;4;6.6875;6.875;12.125;1561;19.9;202;
2758;2026.04.08 08:30;4;6.6875;6.875;13.0625;1561;19.9;202;
2759;2026.04.08 08:45;4;6.6875;6.875;13.5;1561;19.9;202;
2760;2026.04.08 09:00;4;6.6875;6.875;14.25;1561;19.9;202;
2761;2026.04.08 09:15;4;6.6875;6.875;14.625;1561;19.9;202;
2762;2026.04.08 09:30;4;6.6875;6.875;15.125;1561;19.9;202;
2763;2026.04.08 09:45;4;6.6875;6.875;15.625;1561;19.9;202;
2764;2026.04.08 10:00;4;6.6875;6.875;15.25;1561;19.9;202;
2765;2026.04.08 10:15;4;6.6875;6.8125;16.25;1561;19.9;202;
2766;2026.04.08 10:30;4;6.6875;6.8125;16.3125;1561;19.9;202;
2767;2026.04.08 10:45;4;6.625;6.8125;17;1561;19.9;202;
2768;2026.04.08 11:00;4;6.625;6.75;16.625;1561;19.9;202;
2769;2026.04.08 11:15;4;6.625;6.75;16.9375;1561;19.9;202;
2770;2026.04.08 11:30;4;6.625;6.75;17.5;1561;19.9;202;
2771;2026.04.08 11:45;4;6.625;6.75;18.375;1561;19.9;202;
2772;2026.04.08 12:00;4;6.625;6.75;17.875;1561;19.9;202;
2773;2026.04.08 12:15;4;6.625;6.75;17.375;1561;19.9;202;
2774;2026.04.08 12:30;4;6.625;6.75;17.625;1561;19.9;202;
2775;2026.04.08 12:45;4;6.625;6.75;17.8125;1561;19.9;202;
2776;2026.04.08 13:00;4;6.625;6.75;17;1561;19.9;202;
2777;2026.04.08 13:15;4;6.625;6.75;16.625;1561;19.9;202;
2778;2026.04.08 13:30;4;6.625;6.75;14.125;1561;19.9;202;
2779;2026.04.08 13:45;4;6.625;6.75;13.5625;1561;19.9;202;
2780;2026.04.08 14:00;4;6.625;6.75;12.875;1561;19.9;202;
2781;2026.04.08 14:15;4;6.625;6.75;12.0625;1562;19.9;202;
2782;2026.04.08 14:30;4;6.625;6.75;12.125;1562;19.9;202;
2783;2026.04.08 14:45;4;6.625;6.6875;11.875;1562;19.9;202;
2784;2026.04.08 15:00;4;6.625;6.75;11.875;1562;19.9;202;
2785;2026.04.08 15:15;4;6.625;6.6875;11.375;1562;19.9;202;
2786;2026.04.08 15:30;4;6.625;6.6875;10.8125;1562;19.9;202;
2787;2026.04.08 15:45;4;6.625;6.75;10.5;1562;19.9;202;
2788;2026.04.08 16:00;4;6.625;6.75;10.1875;1562;19.9;202;
2789;2026.04.08 16:15;4;6.625;6.75;9.75;1562;19.9;202;
2790;2026.04.08 16:30;4;6.625;6.75;9.25;1562;19.9;202;
2791;2026.04.08 16:45;4;6.625;6.75;8.625;1562;19.9;202;
2792;2026.04.08 17:00;4;6.625;6.75;8.5;1562;19.9;202;
2793;2026.04.08 17:15;4;6.625;6.75;7.75;1562;19.9;202;
2794;2026.04.08 17:30;4;6.625;6.75;5.375;1562;19.9;202;
2795;2026.04.08 17:45;4;6.625;6.75;3.375;1562;19.9;202;
2796;2026.04.08 18:00;4;6.625;6.75;2.25;1562;19.9;202;
2797;2026.04.08 18:15;4;6.625;6.75;1.5;1562;19.9;202;
2798;2026.04.08 18:30;4;6.625;6.75;2.1875;1562;19.9;202;
2799;2026.04.08 18:45;4;6.625;6.75;4.125;1562;19.9;202;
2800;2026.04.08 19:00;4;6.625;6.75;4.25;1562;19.9;202;
2801;2026.04.08 19:15;4;6.625;6.75;4.5625;1562;19.9;202;
2802;2026.04.08 19:30;4;6.625;6.75;5.0625;1562;19.9;202;
2803;2026.04.08 19:45;4;6.625;6.8125;5;1562;19.9;202;
2804;2026.04.08 20:00;4;6.625;6.8125;4.25;1562;19.9;202;
2805;2026.04.08 20:15;4;6.625;6.8125;4.25;1562;19.9;202;
2806;2026.04.08 20:30;4;6.625;6.8125;3.75;1562;19.9;202;
2807;2026.04.08 20:45;4;6.625;6.875;3.0625;1562;19.9;202;
2808;2026.04.08 21:00;4;6.625;6.875;2.375;1562;19.9;202;
2809;2026.04.08 21:15;4;6.625;6.875;1.375;1562;19.9;202;
2810;2026.04.08 21:30;4;6.625;6.875;-0.3125;1562;19.9;202;
2811;2026.04.08 21:45;4;6.625;6.875;-1.25;1562;19.9;202;
2812;2026.04.08 22:00;4;6.625;6.875;-1.875;1562;19.9;202;
2813;2026.04.08 22:15;4;6.625;6.875;-2.5;1562;19.9;202;
2814;2026.04.08 22:30;4;6.625;6.875;-2.75;1562;19.9;202;
2815;2026.04.08 22:45;4;6.625;6.875;-2.75;1562;19.9;202;
2816;2026.04.08 23:00;4;6.625;6.875;-2.125;1562;19.9;202;
2817;2026.04.08 23:15;4;6.625;6.875;-2.125;1562;19.9;202;
2818;2026.04.08 23:30;4;6.625;6.875;-2.125;1562;19.9;202;
2819;2026.04.08 23:45;4;6.625;6.875;-2.4375;1562;19.9;202;
2820;2026.04.09 00:00;4;6.625;6.875;-3.25;1562;19.9;202;
2821;2026.04.09 00:15;4;6.625;6.875;-4;1562;19.9;202;
2822;2026.04.09 00:30;4;6.625;6.875;-4.25;1562;19.9;202;
2823;2026.04.09 00:45;4;6.625;6.875;-4.25;1563;20.0;202;
2824;2026.04.09 01:00;4;6.625;6.875;-4.125;1563;20.0;202;
2825;2026.04.09 01:15;4;6.625;6.875;-4.25;1563;20.0;202;
2826;2026.04.09 01:30;4;6.6875;6.875;-4.5;1563;20.0;202;
2827;2026.04.09 01:45;4;6.625;6.875;-4.625;1563;20.0;202;
2828;2026.04.09 02:00;4;6.625;6.875;-4.75;1563;20.0;202;
2829;2026.04.09 02:15;4;6.625;6.875;-5.125;1563;20.0;202;
2830;2026.04.09 02:30;4;6.625;6.875;-5;1563;20.0;202;
2831;2026.04.09 02:45;4;6.625;6.875;-5.1875;1563;20.0;202;
2832;2026.04.09 03:00;4;6.6875;6.875;-5.3125;1563;20.0;202;
2833;2026.04.09 03:15;4;6.6875;6.875;-5.1875;1563;20.0;202;
2834;2026.04.09 03:30;4;6.6875;6.875;-5.375;1563;20.0;202;
2835;2026.04.09 03:45;4;6.6875;6.875;-5.625;1563;20.0;202;
2836;2026.04.09 04:00;4;6.6875;6.875;-5.75;1563;20.0;202;
2837;2026.04.09 04:15;4;6.6875;6.875;-5.75;1563;20.0;202;
2838;2026.04.09 04:30;4;6.6875;6.875;-5.625;1563;20.0;202;
2839;2026.04.09 04:45;4;6.6875;6.875;-5.25;1563;20.0;202;
2840;2026.04.09 05:00;4;6.6875;6.875;-4.625;1563;20.0;202;
2841;2026.04.09 05:15;4;6.6875;6.875;-3.75;1563;20.0;202;
2842;2026.04.09 05:30;4;6.6875;6.875;-2.875;1563;20.0;202;
2843;2026.04.09 05:45;4;6.6875;6.875;-1.625;1563;20.0;202;
2844;2026.04.09 06:00;4;6.6875;6.875;-0.0625;1563;20.0;202;
2845;2026.04.09 06:15;4;6.6875;6.875;1.125;1563;20.0;202;
2846;2026.04.09 06:30;4;6.6875;6.875;1.75;1563;20.0;202;
2847;2026.04.09 06:45;4;6.6875;6.875;2.25;1563;20.0;202;
2848;2026.04.09 07:00;4;6.6875;6.875;2.875;1563;20.0;202;
2849;2026.04.09 07:15;4;6.6875;6.8125;4.5625;1563;20.0;202;
2850;2026.04.09 07:30;4;6.625;6.8125;5.625;1563;20.0;202;
2851;2026.04.09 07:45;4;6.625;6.8125;6.6875;1563;20.0;202;
2852;2026.04.09 08:00;4;6.625;6.75;7.875;1563;20.0;202;
2853;2026.04.09 08:15;4;6.625;6.75;9.375;1563;20.0;202;
2854;2026.04.09 08:30;4;6.625;6.75;10.9375;1563;20.0;202;
2855;2026.04.09 08:45;4;6.625;6.75;12.1875;1563;20.0;202;
2856;2026.04.09 09:00;4;6.625;6.75;13.625;1563;20.0;202;
2857;2026.04.09 09:15;4;6.625;6.75;14.375;1563;20.0;202;
2858;2026.04.09 09:30;4;6.625;6.75;14.875;1563;20.0;202;
2859;2026.04.09 09:45;4;6.625;6.75;14.875;1563;20.0;202;
2860;2026.04.09 10:00;4;6.625;6.75;14.0625;1563;20.0;202;
2861;2026.04.09 10:15;4;6.625;6.75;14.75;1563;20.0;202;
2862;2026.04.09 10:30;4;6.625;6.75;15.375;1563;20.0;202;
2863;2026.04.09 10:45;4;6.625;6.6875;15.5;1563;20.0;202;
2864;2026.04.09 11:00;4;6.625;6.6875;16.125;1563;20.0;202;
2865;2026.04.09 11:15;4;6.625;6.6875;16.625;1563;20.0;202;
2866;2026.04.09 11:30;4;6.625;6.6875;16.25;1563;20.0;202;
2867;2026.04.09 11:45;4;6.625;6.625;15.75;1563;20.0;202;
2868;2026.04.09 12:00;4;6.625;6.625;16.125;1563;20.0;202;
2869;2026.04.09 12:15;4;6.625;6.625;17.625;1563;20.0;202;
2870;2026.04.09 12:30;4;6.625;6.625;17.5;1563;20.0;202;
2871;2026.04.09 12:45;4;6.625;6.625;18;1563;20.0;202;
2872;2026.04.09 13:00;4;6.625;6.625;16.75;1563;20.0;202;
2873;2026.04.09 13:15;4;6.625;6.625;15.625;1563;20.0;202;
2874;2026.04.09 13:30;4;6.625;6.625;14;1563;20.0;202;
2875;2026.04.09 13:45;4;6.625;6.625;13.125;1563;20.0;202;
2876;2026.04.09 14:00;4;6.5625;6.625;13.25;1563;20.0;202;
2877;2026.04.09 14:15;4;6.5625;6.625;12.25;1563;20.0;202;
2878;2026.04.09 14:30;4;6.5625;6.625;12.125;1563;20.0;202;
2879;2026.04.09 14:45;4;6.5625;6.625;12.1875;1564;20.0;202;
2880;2026.04.09 15:00;4;6.5625;6.625;12.5625;1564;20.0;202;
2881;2026.04.09 15:15;4;6.5625;6.625;11.75;1564;20.0;202;
2882;2026.04.09 15:30;4;6.5625;6.625;10.625;1564;20.0;202;
2883;2026.04.09 15:45;4;6.5625;6.625;10.125;1564;20.0;202;
2884;2026.04.09 16:00;4;6.5625;6.625;9.6875;1564;20.0;202;
2885;2026.04.09 16:15;4;6.5625;6.625;9.25;1564;20.0;202;
2886;2026.04.09 16:30;4;6.5625;6.625;8.25;1564;20.0;202;
2887;2026.04.09 16:45;4;6.5625;6.625;7.625;1564;20.0;202;
2888;2026.04.09 17:00;4;6.5625;6.625;6.375;1564;20.0;202;
2889;2026.04.09 17:15;4;6.5625;6.625;4.875;1564;20.0;202;
2890;2026.04.09 17:30;4;6.5625;6.625;2.875;1564;20.0;202;
2891;2026.04.09 17:45;4;6.5625;6.625;1.875;1564;20.0;202;
2892;2026.04.09 18:00;4;6.5625;6.625;1;1564;20.0;202;
2893;2026.04.09 18:15;4;6.5625;6.625;0.5;1564;20.0;202;
2894;2026.04.09 18:30;4;6.5625;6.625;-0.125;1564;20.0;202;
2895;2026.04.09 18:45;4;6.5625;6.625;0.125;1564;20.0;202;
2896;2026.04.09 19:00;4;6.5625;6.6875;1.375;1564;20.0;202;
2897;2026.04.09 19:15;4;6.5625;6.6875;2.75;1564;20.0;202;
2898;2026.04.09 19:30;4;6.5625;6.6875;3.4375;1564;20.0;202;
2899;2026.04.09 19:45;4;6.5625;6.6875;3.375;1564;20.0;202;
2900;2026.04.09 20:00;4;6.5625;6.6875;3;1564;20.0;202;
2901;2026.04.09 20:15;4;6.5625;6.6875;2.0625;1564;20.0;202;
2902;2026.04.09 20:30;4;6.5625;6.75;1.625;1564;20.0;202;
2903;2026.04.09 20:45;4;6.5625;6.75;2.375;1564;20.0;202;
2904;2026.04.09 21:00;4;6.5625;6.75;1.75;1564;20.0;202;
2905;2026.04.09 21:15;4;6.5625;6.75;-0.3125;1564;20.0;202;
2906;2026.04.09 21:30;4;6.5625;6.75;-2.125;1564;20.0;202;
2907;2026.04.09 21:45;4;6.5625;6.75;-3.125;1564;20.0;202;
2908;2026.04.09 22:00;4;6.5625;6.75;-2.875;1564;20.0;202;
2909;2026.04.09 22:15;4;6.5625;6.75;-2.25;1564;20.0;202;
2910;2026.04.09 22:30;4;6.625;6.75;-2.125;1564;20.0;202;
2911;2026.04.09 22:45;4;6.625;6.75;-1.625;1564;20.0;202;
2912;2026.04.09 23:00;4;6.625;6.75;-0.8125;1564;20.0;202;
2913;2026.04.09 23:15;4;6.625;6.75;0.5;1565;20.0;202;
2914;2026.04.09 23:30;4;6.625;6.75;1.125;1565;20.0;202;
2915;2026.04.09 23:45;4;6.625;6.75;1.4375;1565;20.0;202;
2916;2026.04.10 00:00;4;6.625;6.75;1.4375;1565;20.0;202;
2917;2026.04.10 00:15;4;6.625;6.75;1.5625;1565;20.0;202;
2918;2026.04.10 00:30;4;6.625;6.75;1.625;1565;20.0;202;
2919;2026.04.10 00:45;4;6.625;6.75;1.5;1565;20.0;202;
2920;2026.04.10 01:00;4;6.625;6.75;1.5;1565;20.0;202;
2921;2026.04.10 01:15;4;6.625;6.75;1.375;1565;20.0;202;
2922;2026.04.10 01:30;4;6.625;6.75;1.375;1565;20.0;202;
2923;2026.04.10 01:45;4;6.625;6.75;1.3125;1565;20.0;202;
2924;2026.04.10 02:00;4;6.625;6.75;1.1875;1565;20.0;202;
2925;2026.04.10 02:15;4;6.625;6.75;1.125;1565;20.0;202;
2926;2026.04.10 02:30;4;6.625;6.75;1;1565;20.0;202;
2927;2026.04.10 02:45;4;6.625;6.75;0.875;1565;20.0;202;
2928;2026.04.10 03:00;4;6.625;6.75;0.875;1565;20.0;202;
2929;2026.04.10 03:15;4;6.625;6.75;0.875;1565;20.0;202;
2930;2026.04.10 03:30;4;6.625;6.75;0.875;1565;20.0;202;
2931;2026.04.10 03:45;4;6.625;6.75;0.875;1565;20.0;202;
2932;2026.04.10 04:00;4;6.625;6.75;0.75;1565;20.0;202;
2933;2026.04.10 04:15;4;6.625;6.75;0.5;1565;20.0;202;
2934;2026.04.10 04:30;4;6.625;6.75;0.5;1565;20.0;202;
2935;2026.04.10 04:45;4;6.625;6.75;0.625;1565;20.0;202;
2936;2026.04.10 05:00;4;6.625;6.75;0.75;1565;20.0;202;
2937;2026.04.10 05:15;4;6.625;6.75;1;1565;20.0;202;
2938;2026.04.10 05:30;4;6.625;6.75;1.125;1565;20.0;202;
2939;2026.04.10 05:45;4;6.625;6.75;1.25;1565;20.0;202;
2940;2026.04.10 06:00;4;6.625;6.6875;1.375;1565;20.0;202;
2941;2026.04.10 06:15;4;6.625;6.6875;1.375;1565;20.0;202;
2942;2026.04.10 06:30;4;6.625;6.6875;1.5;1565;20.0;202;
2943;2026.04.10 06:45;4;6.625;6.6875;1.25;1565;20.0;202;
2944;2026.04.10 07:00;4;6.625;6.6875;0.875;1565;20.0;202;
2945;2026.04.10 07:15;4;6.625;6.6875;0.375;1565;20.0;202;
2946;2026.04.10 07:30;4;6.625;6.625;0.0625;1565;20.0;202;
2947;2026.04.10 07:45;4;6.625;6.625;0;1565;20.0;202;
2948;2026.04.10 08:00;4;6.625;6.625;-0.0625;1565;20.0;202;
2949;2026.04.10 08:15;4;6.625;6.625;0;1565;20.0;202;
2950;2026.04.10 08:30;4;6.625;6.625;0.1875;1565;20.0;202;
2951;2026.04.10 08:45;4;6.5625;6.625;0.3125;1565;20.0;202;
2952;2026.04.10 09:00;4;6.625;6.625;0.75;1565;20.0;202;
2953;2026.04.10 09:15;4;6.625;6.625;1;1565;20.0;202;
2954;2026.04.10 09:30;4;6.625;6.625;0.8125;1565;20.0;202;
2955;2026.04.10 09:45;4;6.5625;6.625;1.125;1565;20.0;202;
2956;2026.04.10 10:00;4;6.5625;6.625;1.25;1565;20.0;202;
2957;2026.04.10 10:15;4;6.5625;6.625;1.0625;1565;20.0;202;
2958;2026.04.10 10:30;4;6.5625;6.625;1;1565;20.0;202;
2959;2026.04.10 10:45;4;6.5625;6.625;1;1565;20.0;202;
2960;2026.04.10 11:00;4;6.5625;6.625;1.0625;1565;20.0;202;
2961;2026.04.10 11:15;4;6.5625;6.5625;1.25;1565;20.0;202;
2962;2026.04.10 11:30;4;6.5625;6.5625;1.5625;1565;20.0;202;
2963;2026.04.10 11:45;4;6.5625;6.5625;1.875;1565;20.0;202;
2964;2026.04.10 12:00;4;6.5625;6.5625;1.875;1565;20.0;202;
2965;2026.04.10 12:15;4;6.5;6.5625;2;1565;20.0;202;
2966;2026.04.10 12:30;4;6.5;6.5625;2.5;1565;20.0;202;
2967;2026.04.10 12:45;4;6.5;6.5;2.6875;1565;20.0;202;
2968;2026.04.10 13:00;4;6.5;6.5625;2.875;1565;20.0;202;
2969;2026.04.10 13:15;4;6.5;6.5;2.875;1565;20.0;202;
2970;2026.04.10 13:30;4;6.5;6.5;2.8125;1565;20.0;202;
2971;2026.04.10 13:45;4;6.5;6.5;2.875;1565;20.0;202;
2972;2026.04.10 14:00;4;6.5;6.5;3.125;1565;20.0;202;
2973;2026.04.10 14:15;4;6.5;6.5;3.125;1565;20.0;202;
2974;2026.04.10 14:30;4;6.5;6.5;3.125;1565;20.0;202;
2975;2026.04.10 14:45;4;6.5;6.5;3;1565;20.0;202;
2976;2026.04.10 15:00;4;6.5;6.5;2.75;1565;20.0;202;
2977;2026.04.10 15:15;4;6.5;6.5;2.6875;1565;20.0;202;
2978;2026.04.10 15:30;4;6.5;6.5;2.625;1565;20.0;202;
2979;2026.04.10 15:45;4;6.5;6.5;2.4375;1565;20.0;202;
2980;2026.04.10 16:00;4;6.5;6.5;2.25;1565;20.0;202;
2981;2026.04.10 16:15;4;6.5;6.5;2.25;1565;20.0;202;
2982;2026.04.10 16:30;4;6.5;6.5;2.25;1565;20.0;202;
2983;2026.04.10 16:45;4;6.5;6.5;2.3125;1565;20.0;202;
2984;2026.04.10 17:00;4;6.5;6.5;2.375;1565;20.0;202;
2985;2026.04.10 17:15;4;6.5;6.4375;2.375;1565;20.0;202;
2986;2026.04.10 17:30;4;6.5;6.4375;2.375;1565;20.0;202;
2987;2026.04.10 17:45;4;6.5;6.4375;2.25;1566;20.0;202;
2988;2026.04.10 18:00;4;6.5;6.4375;2.125;1566;20.0;202;
2989;2026.04.10 18:15;4;6.5;6.4375;2.125;1566;20.0;202;
2990;2026.04.10 18:30;4;6.5;6.4375;2.125;1566;20.0;202;
2991;2026.04.10 18:45;4;6.5;6.4375;2;1566;20.0;202;
2992;2026.04.10 19:00;4;6.5;6.375;1.875;1566;20.0;202;
2993;2026.04.10 19:15;4;6.4375;6.375;1.125;1566;20.0;202;
2994;2026.04.10 19:30;4;6.4375;6.375;0;1566;20.0;202;
2995;2026.04.10 19:45;4;6.4375;6.375;-0.125;1566;20.0;202;
2996;2026.04.10 20:00;4;6.4375;6.375;-0.125;1566;20.0;202;
2997;2026.04.10 20:15;4;6.4375;6.375;-0.5;1566;20.0;202;
2998;2026.04.10 20:30;4;6.4375;6.375;-0.875;1566;20.0;202;
2999;2026.04.10 20:45;4;6.4375;6.375;-1.3125;1566;20.0;202;
3000;2026.04.10 21:00;4;6.4375;6.375;-1.75;1566;20.0;202;
3001;2026.04.10 21:15;4;6.4375;6.375;-2;1566;20.0;202;
3002;2026.04.10 21:30;4;6.4375;6.375;-2.3125;1566;20.0;202;
3003;2026.04.10 21:45;4;6.4375;6.375;-2.625;1566;20.0;202;
3004;2026.04.10 22:00;4;6.375;6.375;-3;1566;20.0;202;
3005;2026.04.10 22:15;4;6.375;6.375;-3.25;1566;20.0;202;
3006;2026.04.10 22:30;4;6.375;6.375;-3.25;1566;20.0;202;
3007;2026.04.10 22:45;4;6.375;6.375;-3.375;1566;20.0;202;
3008;2026.04.10 23:00;4;6.375;6.375;-3.625;1566;20.0;202;
3009;2026.04.10 23:15;4;6.375;6.375;-4.25;1566;20.0;202;
3010;2026.04.10 23:30;4;6.375;6.375;-4.3125;1566;20.0;202;
3011;2026.04.10 23:45;4;6.375;6.375;-4.875;1566;20.0;202;
3012;2026.04.11 00:00;4;6.375;6.375;-4.75;1566;20.0;202;
3013;2026.04.11 00:15;4;6.375;6.375;-4.25;1566;20.0;202;
3014;2026.04.11 00:30;4;6.375;6.375;-3.6875;1566;20.0;202;
3015;2026.04.11 00:45;4;6.375;6.375;-2.875;1566;20.0;202;
3016;2026.04.11 01:00;4;6.375;6.375;-2.5;1566;20.0;202;
3017;2026.04.11 01:15;4;6.375;6.375;-3.0625;1566;20.0;202;
3018;2026.04.11 01:30;4;6.375;6.375;-3.25;1566;20.0;202;
3019;2026.04.11 01:45;4;6.375;6.375;-2.5;1566;20.0;202;
3020;2026.04.11 02:00;4;6.375;6.375;-2.25;1566;20.0;202;
3021;2026.04.11 02:15;4;6.375;6.375;-2.25;1566;20.0;202;
3022;2026.04.11 02:30;4;6.375;6.375;-2.1875;1566;20.0;202;
3023;2026.04.11 02:45;4;6.375;6.3125;-2.125;1566;20.0;202;
3024;2026.04.11 03:00;4;6.375;6.3125;-2;1566;20.0;202;
3025;2026.04.11 03:15;4;6.375;6.3125;-2.125;1566;20.0;202;
3026;2026.04.11 03:30;4;6.375;6.3125;-2.125;1566;20.0;202;
3027;2026.04.11 03:45;4;6.375;6.3125;-2.25;1566;20.0;202;
3028;2026.04.11 04:00;4;6.375;6.3125;-2.4375;1566;20.0;202;
3029;2026.04.11 04:15;4;6.375;6.3125;-2.625;1566;20.0;202;
3030;2026.04.11 04:30;4;6.375;6.25;-2.75;1566;20.0;202;
3031;2026.04.11 04:45;4;6.375;6.25;-3;1566;20.0;202;
3032;2026.04.11 05:00;4;6.375;6.25;-3.25;1566;20.0;202;
3033;2026.04.11 05:15;4;6.375;6.25;-3.25;1566;20.0;202;
3034;2026.04.11 05:30;4;6.375;6.25;-3;1566;20.0;202;
3035;2026.04.11 05:45;4;6.375;6.25;-2.4375;1566;20.0;202;
3036;2026.04.11 06:00;4;6.3125;6.25;-1.75;1566;20.0;202;
3037;2026.04.11 06:15;4;6.375;6.25;-1.3125;1566;20.0;202;
3038;2026.04.11 06:30;4;6.3125;6.25;-0.625;1566;20.0;202;
3039;2026.04.11 06:45;4;6.3125;6.25;-0.125;1566;20.0;202;
3040;2026.04.11 07:00;4;6.3125;6.25;0.3125;1566;20.0;202;
3041;2026.04.11 07:15;4;6.3125;6.25;1.375;1566;20.0;202;
3042;2026.04.11 07:30;4;6.3125;6.25;2.0625;1566;20.0;202;
3043;2026.04.11 07:45;4;6.3125;6.25;2.6875;1567;20.0;202;
3044;2026.04.11 08:00;4;6.3125;6.1875;3.5;1567;20.0;202;
3045;2026.04.11 08:15;4;6.3125;6.1875;4.125;1567;20.0;202;
3046;2026.04.11 08:30;4;6.3125;6.1875;4.625;1567;20.0;202;
3047;2026.04.11 08:45;4;6.25;6.1875;5;1567;20.0;202;
3048;2026.04.11 09:00;4;6.25;6.125;6;1567;20.0;202;
3049;2026.04.11 09:15;4;6.25;6.1875;6.5625;1567;20.0;202;
3050;2026.04.11 09:30;4;6.25;6.125;8;1567;20.0;202;
3051;2026.04.11 09:45;4;6.25;6.125;8.875;1567;20.0;202;
3052;2026.04.11 10:00;4;6.25;6.125;9.625;1567;20.0;202;
3053;2026.04.11 10:15;4;6.25;6.125;11.125;1567;20.0;202;
3054;2026.04.11 10:30;4;6.25;6.125;11.875;1567;20.0;202;
3055;2026.04.11 10:45;4;6.25;6.125;13.125;1567;20.0;202;
3056;2026.04.11 11:00;4;6.25;6.125;14.4375;1567;20.0;202;
3057;2026.04.11 11:15;4;6.25;6.125;15;1567;20.0;202;
3058;2026.04.11 11:30;4;6.25;6.125;15.25;1567;20.0;202;
3059;2026.04.11 11:45;4;6.25;6.125;15.75;1567;20.0;202;
3060;2026.04.11 12:00;4;6.25;6.125;16.625;1567;20.0;202;
3061;2026.04.11 12:15;4;6.25;6.125;16.75;1567;20.0;202;
3062;2026.04.11 12:30;4;6.25;6.125;17.375;1567;20.0;202;
3063;2026.04.11 12:45;4;6.25;6.125;17.75;1567;20.0;202;
3064;2026.04.11 13:00;4;6.25;6.125;18.375;1567;20.0;202;
3065;2026.04.11 13:15;4;6.25;6.0625;17.4375;1567;20.0;202;
3066;2026.04.11 13:30;4;6.25;6.0625;13.5;1567;20.0;202;
3067;2026.04.11 13:45;4;6.25;6.0625;13.125;1567;20.0;202;
3068;2026.04.11 14:00;4;6.1875;6.0625;12.5;1567;20.0;202;
3069;2026.04.11 14:15;4;6.1875;6.0625;11.75;1567;20.0;202;
3070;2026.04.11 14:30;4;6.1875;6.0625;11.375;1567;20.0;202;
3071;2026.04.11 14:45;4;6.1875;6.0625;11.0625;1567;20.0;202;
3072;2026.04.11 15:00;4;6.1875;6.0625;11.5;1567;20.0;202;
3073;2026.04.11 15:15;4;6.1875;6.0625;11.875;1567;20.0;202;
3074;2026.04.11 15:30;4;6.1875;6.0625;10.6875;1567;20.0;202;
3075;2026.04.11 15:45;4;6.1875;6.0625;10.25;1567;20.0;202;
3076;2026.04.11 16:00;4;6.1875;6.0625;10;1567;20.0;202;
3077;2026.04.11 16:15;4;6.1875;6.0625;9.625;1567;20.0;202;
3078;2026.04.11 16:30;4;6.125;6.125;8.8125;1567;20.0;202;
3079;2026.04.11 16:45;4;6.1875;6.125;7.4375;1567;20.0;202;
3080;2026.04.11 17:00;4;6.1875;6.125;6;1568;20.1;202;
3081;2026.04.11 17:15;4;6.1875;6.125;4.9375;1568;20.1;202;
3082;2026.04.11 17:30;4;6.1875;6.125;3.875;1568;20.1;202;
3083;2026.04.11 17:45;4;6.1875;6.125;2.9375;1568;20.1;202;
3084;2026.04.11 18:00;4;6.125;6.125;2.25;1568;20.1;202;
3085;2026.04.11 18:15;4;6.1875;6.125;1.8125;1568;20.1;202;
3086;2026.04.11 18:30;4;6.1875;6.125;1.5;1568;20.1;202;
3087;2026.04.11 18:45;4;6.1875;6.125;1.75;1568;20.1;202;
3088;2026.04.11 19:00;4;6.1875;6.125;1.375;1568;20.1;202;
3089;2026.04.11 19:15;4;6.1875;6.125;1.125;1568;20.1;202;
3090;2026.04.11 19:30;4;6.125;6.125;1.125;1568;20.1;202;
3091;2026.04.11 19:45;4;6.1875;6.125;1.1875;1568;20.1;202;
3092;2026.04.11 20:00;4;6.1875;6.125;1.375;1568;20.1;202;
3093;2026.04.11 20:15;4;6.1875;6.1875;1.875;1568;20.1;202;
3094;2026.04.11 20:30;4;6.1875;6.1875;2.4375;1568;20.1;202;
3095;2026.04.11 20:45;4;6.1875;6.1875;3.375;1568;20.1;202;
3096;2026.04.11 21:00;4;6.1875;6.25;4;1568;20.1;202;
3097;2026.04.11 21:15;4;6.1875;6.25;4.0625;1568;20.1;202;
3098;2026.04.11 21:30;4;6.1875;6.25;4;1568;20.1;202;
3099;2026.04.11 21:45;4;6.1875;6.25;3.6875;1568;20.1;202;
3100;2026.04.11 22:00;4;6.1875;6.25;3.3125;1568;20.1;202;
3101;2026.04.11 22:15;4;6.25;6.25;3.25;1568;20.1;202;
3102;2026.04.11 22:30;4;6.1875;6.25;3.25;1568;20.1;202;
3103;2026.04.11 22:45;4;6.25;6.25;3.5625;1568;20.1;202;
3104;2026.04.11 23:00;4;6.25;6.25;3.625;1568;20.1;202;
3105;2026.04.11 23:15;4;6.25;6.25;3.25;1568;20.1;202;
3106;2026.04.11 23:30;4;6.25;6.25;3;1568;20.1;202;
3107;2026.04.11 23:45;4;6.25;6.25;3;1568;20.1;202;
3108;2026.04.12 00:00;4;6.25;6.25;2.875;1568;20.1;202;
3109;2026.04.12 00:15;4;6.25;6.25;3.25;1569;20.1;202;
3110;2026.04.12 00:30;4;6.25;6.25;2.875;1569;20.1;202;
3111;2026.04.12 00:45;4;6.25;6.25;2.625;1569;20.1;202;
3112;2026.04.12 01:00;4;6.25;6.25;3.375;1569;20.1;202;
3113;2026.04.12 01:15;4;6.25;6.25;3.625;1569;20.1;202;
3114;2026.04.12 01:30;4;6.25;6.25;3.625;1569;20.1;202;
3115;2026.04.12 01:45;4;6.25;6.3125;3.6875;1569;20.1;202;
3116;2026.04.12 02:00;4;6.25;6.3125;3.625;1569;20.1;202;
3117;2026.04.12 02:15;4;6.25;6.3125;3.5625;1569;20.1;202;
3118;2026.04.12 02:30;4;6.25;6.3125;3.625;1569;20.1;202;
3119;2026.04.12 02:45;4;6.25;6.3125;3.6875;1569;20.1;202;
3120;2026.04.12 03:00;4;6.25;6.3125;3.75;1569;20.1;202;
3121;2026.04.12 03:15;4;6.25;6.3125;3.6875;1569;20.1;202;
3122;2026.04.12 03:30;4;6.25;6.3125;3.6875;1569;20.1;202;
3123;2026.04.12 03:45;4;6.25;6.3125;3.75;1569;20.1;202;
3124;2026.04.12 04:00;4;6.25;6.3125;3.6875;1569;20.1;202;
3125;2026.04.12 04:15;4;6.25;6.3125;3.625;1569;20.1;202;
3126;2026.04.12 04:30;4;6.25;6.3125;3.625;1569;20.1;202;
3127;2026.04.12 04:45;4;6.25;6.3125;3.625;1569;20.1;202;
3128;2026.04.12 05:00;4;6.25;6.3125;3.9375;1569;20.1;202;
3129;2026.04.12 05:15;4;6.25;6.3125;4.125;1569;20.1;202;
3130;2026.04.12 05:30;4;6.25;6.3125;4.375;1569;20.1;202;
3131;2026.04.12 05:45;4;6.25;6.3125;4.5;1569;20.1;202;
3132;2026.04.12 06:00;4;6.25;6.3125;4.75;1569;20.1;202;
3133;2026.04.12 06:15;4;6.25;6.3125;5.125;1569;20.1;202;
3134;2026.04.12 06:30;4;6.25;6.3125;5.125;1569;20.1;202;
3135;2026.04.12 06:45;4;6.25;6.3125;5.5;1569;20.1;202;
3136;2026.04.12 07:00;4;6.25;6.25;5.75;1569;20.1;202;
3137;2026.04.12 07:15;4;6.25;6.25;6.0625;1569;20.1;202;
3138;2026.04.12 07:30;4;6.25;6.25;6.9375;1569;20.1;202;
3139;2026.04.12 07:45;4;6.25;6.25;8.875;1569;20.1;202;
3140;2026.04.12 08:00;4;6.25;6.25;9.625;1569;20.1;202;
3141;2026.04.12 08:15;4;6.25;6.25;8.5625;1569;20.1;202;
3142;2026.04.12 08:30;4;6.25;6.25;8.5;1569;20.1;202;
3143;2026.04.12 08:45;4;6.25;6.25;9.375;1569;20.1;202;
3144;2026.04.12 09:00;4;6.25;6.25;9.25;1569;20.1;202;
3145;2026.04.12 09:15;4;6.25;6.25;9.25;1569;20.1;202;
3146;2026.04.12 09:30;4;6.25;6.25;9.5625;1569;20.1;202;
3147;2026.04.12 09:45;4;6.25;6.25;9.125;1569;20.1;202;
3148;2026.04.12 10:00;4;6.25;6.25;8.875;1569;20.1;202;
3149;2026.04.12 10:15;4;6.25;6.25;8.875;1569;20.1;202;
3150;2026.04.12 10:30;4;6.25;6.25;9.1875;1569;20.1;202;
3151;2026.04.12 10:45;4;6.25;6.25;9.75;1569;20.1;202;
3152;2026.04.12 11:00;4;6.25;6.25;10.6875;1569;20.1;202;
3153;2026.04.12 11:15;4;6.25;6.25;10.125;1569;20.1;202;
3154;2026.04.12 11:30;4;6.25;6.25;10.25;1569;20.1;202;
3155;2026.04.12 11:45;4;6.25;6.25;10.625;1569;20.1;202;
3156;2026.04.12 12:00;4;6.25;6.25;10.875;1569;20.1;202;
3157;2026.04.12 12:15;4;6.25;6.25;11.125;1569;20.1;202;
3158;2026.04.12 12:30;4;6.25;6.25;11.375;1569;20.1;202;
3159;2026.04.12 12:45;4;6.25;6.25;11.5;1569;20.1;202;
3160;2026.04.12 13:00;4;6.25;6.25;11.25;1569;20.1;202;
3161;2026.04.12 13:15;4;6.25;6.25;11.375;1569;20.1;202;
3162;2026.04.12 13:30;4;6.25;6.25;11.375;1569;20.1;202;
3163;2026.04.12 13:45;4;6.25;6.25;11.3125;1569;20.1;202;
3164;2026.04.12 14:00;4;6.25;6.25;11.625;1569;20.1;202;
3165;2026.04.12 14:15;4;6.25;6.25;11.5;1569;20.1;202;
3166;2026.04.12 14:30;4;6.25;6.25;11.375;1569;20.1;202;
3167;2026.04.12 14:45;4;6.25;6.25;11.25;1569;20.1;202;
3168;2026.04.12 15:00;4;6.25;6.25;11.25;1569;20.1;202;
3169;2026.04.12 15:15;4;6.25;6.25;11.5;1569;20.1;202;
3170;2026.04.12 15:30;4;6.25;6.25;11.375;1569;20.1;202;
3171;2026.04.12 15:45;4;6.25;6.25;11.375;1570;20.1;202;
3172;2026.04.12 16:00;4;6.25;6.25;11;1570;20.1;202;
3173;2026.04.12 16:15;4;6.25;6.25;10.625;1570;20.1;202;
3174;2026.04.12 16:30;4;6.25;6.25;10.25;1570;20.1;202;
3175;2026.04.12 16:45;4;6.25;6.25;9.9375;1570;20.1;202;
3176;2026.04.12 17:00;4;6.25;6.25;9.75;1570;20.1;202;
3177;2026.04.12 17:15;4;6.25;6.25;9.4375;1570;20.1;202;
3178;2026.04.12 17:30;4;6.25;6.25;9;1570;20.1;202;
3179;2026.04.12 17:45;4;6.25;6.25;8.5625;1570;20.1;202;
3180;2026.04.12 18:00;4;6.25;6.25;8.25;1570;20.1;202;
3181;2026.04.12 18:15;4;6.25;6.25;8;1570;20.1;202;
3182;2026.04.12 18:30;4;6.25;6.25;7.8125;1570;20.1;202;
3183;2026.04.12 18:45;4;6.25;6.25;7.375;1570;20.1;202;
3184;2026.04.12 19:00;4;6.25;6.25;6.875;1570;20.1;202;
3185;2026.04.12 19:15;4;6.25;6.25;6.625;1570;20.1;202;
3186;2026.04.12 19:30;4;6.25;6.3125;6.75;1570;20.1;202;
3187;2026.04.12 19:45;4;6.25;6.3125;6.875;1570;20.1;202;
3188;2026.04.12 20:00;4;6.25;6.3125;6.875;1570;20.1;202;
3189;2026.04.12 20:15;4;6.25;6.3125;7;1570;20.1;202;
3190;2026.04.12 20:30;4;6.25;6.3125;7.875;1570;20.1;202;
3191;2026.04.12 20:45;4;6.25;6.3125;8.25;1570;20.1;202;
3192;2026.04.12 21:00;4;6.25;6.3125;8.375;1570;20.1;202;
3193;2026.04.12 21:15;4;6.25;6.3125;8.375;1570;20.1;202;
3194;2026.04.12 21:30;4;6.25;6.375;8.375;1570;20.1;202;
3195;2026.04.12 21:45;4;6.25;6.375;8.375;1570;20.1;202;
3196;2026.04.12 22:00;4;6.25;6.375;8.25;1570;20.1;202;
3197;2026.04.12 22:15;4;6.25;6.375;8.1875;1570;20.1;202;
3198;2026.04.12 22:30;4;6.25;6.375;8.1875;1570;20.1;202;
3199;2026.04.12 22:45;4;6.25;6.375;8.125;1570;20.1;202;
3200;2026.04.12 23:00;4;6.25;6.375;8.125;1570;20.1;202;
3201;2026.04.12 23:15;4;6.25;6.375;8;1570;20.1;202;
3202;2026.04.12 23:30;4;6.25;6.375;7.875;1570;20.1;202;
3203;2026.04.12 23:45;4;6.25;6.375;7.6875;1570;20.1;202;
3204;2026.04.13 00:00;4;6.25;6.375;7.5;1570;20.1;202;
3205;2026.04.13 00:15;4;6.25;6.375;7.25;1570;20.1;202;
3206;2026.04.13 00:30;4;6.25;6.375;7;1570;20.1;202;
3207;2026.04.13 00:45;4;6.25;6.375;7.0625;1570;20.1;202;
3208;2026.04.13 01:00;4;6.25;6.375;7.1875;1570;20.1;202;
3209;2026.04.13 01:15;4;6.25;6.375;6.875;1570;20.1;202;
3210;2026.04.13 01:30;4;6.25;6.375;6.75;1570;20.1;202;
3211;2026.04.13 01:45;4;6.25;6.375;6.625;1570;20.1;202;
3212;2026.04.13 02:00;4;6.25;6.375;6.625;1570;20.1;202;
3213;2026.04.13 02:15;4;6.25;6.375;6.8125;1570;20.1;202;
3214;2026.04.13 02:30;4;6.3125;6.375;6.625;1570;20.1;202;
3215;2026.04.13 02:45;4;6.3125;6.375;5.8125;1570;20.1;202;
3216;2026.04.13 03:00;4;6.3125;6.375;4.8125;1570;20.1;202;
3217;2026.04.13 03:15;4;6.3125;6.375;4.125;1570;20.1;202;
3218;2026.04.13 03:30;4;6.3125;6.4375;4.6875;1570;20.1;202;
3219;2026.04.13 03:45;4;6.3125;6.375;5;1570;20.1;202;
3220;2026.04.13 04:00;4;6.3125;6.4375;5.3125;1570;20.1;202;
3221;2026.04.13 04:15;4;6.3125;6.4375;5.75;1571;20.1;202;
3222;2026.04.13 04:30;4;6.3125;6.4375;6.125;1571;20.1;202;
3223;2026.04.13 04:45;4;6.3125;6.4375;6.25;1571;20.1;202;
3224;2026.04.13 05:00;4;6.3125;6.4375;5.9375;1571;20.1;202;
3225;2026.04.13 05:15;4;6.3125;6.4375;6;1571;20.1;202;
3226;2026.04.13 05:30;4;6.3125;6.4375;6.25;1571;20.1;202;
3227;2026.04.13 05:45;4;6.375;6.4375;6.5625;1571;20.1;202;
3228;2026.04.13 06:00;4;6.375;6.4375;7;1571;20.1;202;
3229;2026.04.13 06:15;4;6.3125;6.4375;7.625;1571;20.1;202;
3230;2026.04.13 06:30;4;6.375;6.4375;8.125;1571;20.1;202;
3231;2026.04.13 06:45;4;6.375;6.4375;8.625;1571;20.1;202;
3232;2026.04.13 07:00;4;6.375;6.4375;9.25;1571;20.1;202;
3233;2026.04.13 07:15;4;6.375;6.4375;9.75;1571;20.1;202;
3234;2026.04.13 07:30;4;6.375;6.4375;10.25;1571;20.1;202;
3235;2026.04.13 07:45;4;6.375;6.5;10.8125;1571;20.1;202;
3236;2026.04.13 08:00;4;6.375;6.5;11.1875;1571;20.1;202;
3237;2026.04.13 08:15;4;6.375;6.5;11.4375;1571;20.1;202;
3238;2026.04.13 08:30;4;6.375;6.5;11.875;1571;20.1;202;
3239;2026.04.13 08:45;4;6.375;6.5;12.3125;1571;20.1;202;
3240;2026.04.13 09:00;4;6.375;6.5;12.375;1571;20.1;202;
3241;2026.04.13 09:15;4;6.375;6.5;13.3125;1571;20.1;202;
3242;2026.04.13 09:30;4;6.375;6.5;14.3125;1571;20.1;202;
3243;2026.04.13 09:45;4;6.375;6.5;15.625;1571;20.1;202;
3244;2026.04.13 10:00;4;6.375;6.5;16.5625;1571;20.1;202;
3245;2026.04.13 10:15;4;6.375;6.5;15.5625;1571;20.1;202;
3246;2026.04.13 10:30;4;6.375;6.5;15.5;1571;20.1;202;
3247;2026.04.13 10:45;4;6.375;6.5;16.375;1571;20.1;202;
3248;2026.04.13 11:00;4;6.375;6.5;16.6875;1571;20.1;202;
3249;2026.04.13 11:15;4;6.375;6.5;17.125;1571;20.1;202;
3250;2026.04.13 11:30;4;6.375;6.5;17.125;1571;20.1;202;
3251;2026.04.13 11:45;4;6.375;6.5;17.25;1571;20.1;202;
3252;2026.04.13 12:00;4;6.375;6.5;16.875;1571;20.1;202;
3253;2026.04.13 12:15;4;6.375;6.5;15.6875;1571;20.1;202;
3254;2026.04.13 12:30;4;6.375;6.5;15.6875;1571;20.1;202;
3255;2026.04.13 12:45;4;6.375;6.5;15.6875;1571;20.1;202;
3256;2026.04.13 13:00;4;6.375;6.5;15.625;1571;20.1;202;
3257;2026.04.13 13:15;4;6.375;6.5;16.375;1571;20.1;202;
3258;2026.04.13 13:30;4;6.375;6.5;15.75;1571;20.1;202;
3259;2026.04.13 13:45;4;6.375;6.5;15.5;1571;20.1;202;
3260;2026.04.13 14:00;4;6.375;6.5;16.1875;1571;20.1;202;
3261;2026.04.13 14:15;4;6.375;6.5;16.3125;1571;20.1;202;
3262;2026.04.13 14:30;4;6.375;6.5;16;1571;20.1;202;
3263;2026.04.13 14:45;4;6.375;6.5;15.8125;1571;20.1;202;
3264;2026.04.13 15:00;4;6.375;6.5;15.75;1571;20.1;202;
3265;2026.04.13 15:15;4;6.375;6.5;15.8125;1571;20.1;202;
3266;2026.04.13 15:30;4;6.375;6.5;15.3125;1571;20.1;202;
3267;2026.04.13 15:45;4;6.375;6.5;14.75;1571;20.1;202;
3268;2026.04.13 16:00;4;6.375;6.5;14.375;1571;20.1;202;
3269;2026.04.13 16:15;4;6.375;6.5;13.875;1571;20.1;202;
3270;2026.04.13 16:30;4;6.375;6.5;13.25;1571;20.1;202;
3271;2026.04.13 16:45;4;6.375;6.5;12.75;1571;20.1;202;
3272;2026.04.13 17:00;4;6.375;6.5;12.25;1571;20.1;202;
3273;2026.04.13 17:15;4;6.375;6.5;12;1571;20.1;202;
3274;2026.04.13 17:30;4;6.375;6.5625;12;1571;20.1;202;
3275;2026.04.13 17:45;4;6.375;6.5625;11.8125;1571;20.1;202;
3276;2026.04.13 18:00;4;6.375;6.5625;11.625;1571;20.1;202;
3277;2026.04.13 18:15;4;6.375;6.5625;11.25;1571;20.1;202;
3278;2026.04.13 18:30;4;6.375;6.5625;11.125;1571;20.1;202;
3279;2026.04.13 18:45;4;6.375;6.625;11.1875;1571;20.1;202;
3280;2026.04.13 19:00;4;6.375;6.625;11.25;1571;20.1;202;
3281;2026.04.13 19:15;4;6.375;6.625;11.125;1571;20.1;202;
3282;2026.04.13 19:30;4;6.375;6.625;10.875;1571;20.1;202;
3283;2026.04.13 19:45;4;6.375;6.625;10.5625;1571;20.1;202;
3284;2026.04.13 20:00;4;6.375;6.625;10.1875;1571;20.1;202;
3285;2026.04.13 20:15;4;6.375;6.625;10;1571;20.1;202;
3286;2026.04.13 20:30;4;6.4375;6.625;10.25;1571;20.1;202;
3287;2026.04.13 20:45;4;6.4375;6.625;10.375;1571;20.1;202;
3288;2026.04.13 21:00;4;6.4375;6.625;10.375;1571;20.1;202;
3289;2026.04.13 21:15;4;6.4375;6.625;10.25;1571;20.1;202;
3290;2026.04.13 21:30;4;6.4375;6.6875;9.9375;1571;20.1;202;
3291;2026.04.13 21:45;4;6.4375;6.6875;9.4375;1571;20.1;202;
3292;2026.04.13 22:00;4;6.5;6.6875;8.875;1571;20.1;202;
3293;2026.04.13 22:15;4;6.5;6.6875;8.5625;1571;20.1;202;
3294;2026.04.13 22:30;4;6.5;6.75;8.375;1571;20.1;202;
3295;2026.04.13 22:45;4;6.5;6.75;8.125;1571;20.1;202;
3296;2026.04.13 23:00;4;6.5;6.75;8;1571;20.1;202;
3297;2026.04.13 23:15;4;6.5;6.75;7.875;1571;20.1;202;
3298;2026.04.13 23:30;4;6.5;6.75;7.625;1571;20.1;202;
3299;2026.04.13 23:45;4;6.5;6.75;7.625;1571;20.1;202;
3300;2026.04.14 00:00;4;6.5;6.75;7.625;1571;20.1;202;
3301;2026.04.14 00:15;4;6.5;6.75;7.875;1571;20.1;202;
3302;2026.04.14 00:30;4;6.5;6.75;8;1571;20.1;202;
3303;2026.04.14 00:45;4;6.5;6.75;7.875;1571;20.1;202;
3304;2026.04.14 01:00;4;6.5;6.75;7.625;1571;20.1;202;
3305;2026.04.14 01:15;4;6.5;6.75;7;1571;20.1;202;
3306;2026.04.14 01:30;4;6.5;6.75;6.0625;1571;20.1;202;
3307;2026.04.14 01:45;4;6.5;6.75;6.0625;1571;20.1;202;
3308;2026.04.14 02:00;4;6.5;6.75;6.5;1571;20.1;202;
3309;2026.04.14 02:15;4;6.5;6.75;6.75;1572;20.1;202;
3310;2026.04.14 02:30;4;6.5;6.8125;7;1571;20.1;202;
3311;2026.04.14 02:45;4;6.5;6.8125;7.5;1571;20.1;202;
3312;2026.04.14 03:00;4;6.5;6.8125;7.75;1571;20.1;202;
3313;2026.04.14 03:15;4;6.5;6.8125;8.375;1571;20.1;202;
3314;2026.04.14 03:30;4;6.5625;6.8125;8.5;1571;20.1;202;
3315;2026.04.14 03:45;4;6.5625;6.8125;8.4375;1571;20.1;202;
3316;2026.04.14 04:00;4;6.5625;6.8125;8.5;1571;20.1;202;
3317;2026.04.14 04:15;4;6.5625;6.8125;8.5;1571;20.1;202;
3318;2026.04.14 04:30;4;6.5625;6.8125;8.5;1571;20.1;202;
3319;2026.04.14 04:45;4;6.5625;6.875;8.5;1571;20.1;202;
3320;2026.04.14 05:00;4;6.5625;6.875;8.625;1571;20.1;202;
3321;2026.04.14 05:15;4;6.625;6.875;8.75;1571;20.1;202;
3322;2026.04.14 05:30;4;6.5625;6.875;8.875;1571;20.1;202;
3323;2026.04.14 05:45;4;6.5625;6.875;9;1571;20.1;202;
3324;2026.04.14 06:00;4;6.625;6.875;8.875;1571;20.1;202;
3325;2026.04.14 06:15;4;6.625;6.875;10;1571;20.1;202;
3326;2026.04.14 06:30;4;6.625;6.875;11.375;1571;20.1;202;
3327;2026.04.14 06:45;4;6.625;6.875;12.1875;1571;20.1;202;
3328;2026.04.14 07:00;4;6.625;6.875;12.1875;1571;20.1;202;
3329;2026.04.14 07:15;4;6.625;6.875;12.625;1571;20.1;202;
3330;2026.04.14 07:30;4;6.625;6.875;13.625;1571;20.1;202;
3331;2026.04.14 07:45;4;6.625;6.875;15.5;1571;20.1;202;
3332;2026.04.14 08:00;4;6.625;6.875;16.9375;1571;20.1;202;
3333;2026.04.14 08:15;4;6.625;6.875;16.5;1571;20.1;202;
3334;2026.04.14 08:30;4;6.625;6.875;17.75;1571;20.1;202;
3335;2026.04.14 08:45;4;6.625;6.875;19.3125;1571;20.1;202;
3336;2026.04.14 09:00;4;6.625;6.875;19.75;1571;20.1;202;
3337;2026.04.14 09:15;4;6.625;6.875;19.5;1571;20.1;202;
3338;2026.04.14 09:30;4;6.625;6.875;19.625;1571;20.1;202;
3339;2026.04.14 09:45;4;6.625;6.875;20.125;1571;20.1;202;
3340;2026.04.14 10:00;4;6.625;6.875;20.5;1571;20.1;202;
3341;2026.04.14 10:15;4;6.625;6.875;21.375;1571;20.1;202;
3342;2026.04.14 10:30;4;6.625;6.875;20.5;1571;20.1;202;
3343;2026.04.14 10:45;4;6.625;6.875;19.375;1571;20.1;202;
3344;2026.04.14 11:00;4;6.625;6.875;19.5625;1571;20.1;202;
3345;2026.04.14 11:15;4;6.625;6.875;19.5;1571;20.1;202;
3346;2026.04.14 11:30;4;6.625;6.875;19.625;1571;20.1;202;
3347;2026.04.14 11:45;4;6.625;6.875;20.5;1571;20.1;202;
3348;2026.04.14 12:00;4;6.625;6.875;21.75;1571;20.1;202;
3349;2026.04.14 12:15;4;6.625;6.875;21.75;1571;20.1;202;
3350;2026.04.14 12:30;4;6.625;6.875;23.125;1571;20.1;202;
3351;2026.04.14 12:45;4;6.625;6.875;21.375;1571;20.1;202;
3352;2026.04.14 13:00;4;6.625;6.875;20.5;1571;20.1;202;
3353;2026.04.14 13:15;4;6.625;6.875;20.0625;1571;20.1;202;
3354;2026.04.14 13:30;4;6.625;6.875;20.0625;1571;20.1;202;
3355;2026.04.14 13:45;4;6.625;6.875;19.4375;1571;20.1;202;
3356;2026.04.14 14:00;4;6.625;6.875;18.625;1571;20.1;202;
3357;2026.04.14 14:15;4;6.625;6.875;17.625;1571;20.1;202;
3358;2026.04.14 14:30;4;6.625;6.875;17.125;1571;20.1;202;
3359;2026.04.14 14:45;4;6.625;6.875;17.25;1571;20.1;202;
3360;2026.04.14 15:00;4;6.625;6.875;17.0625;1572;20.1;202;
3361;2026.04.14 15:15;4;6.625;6.9375;16.375;1571;20.1;202;
3362;2026.04.14 15:30;4;6.625;6.9375;16;1572;20.1;202;
3363;2026.04.14 15:45;4;6.625;6.9375;14.875;1571;20.1;202;
3364;2026.04.14 16:00;4;6.625;6.9375;14;1572;20.1;202;
3365;2026.04.14 16:15;4;6.625;7;13.5;1572;20.1;202;
3366;2026.04.14 16:30;4;6.625;7;13.125;1572;20.1;202;
3367;2026.04.14 16:45;4;6.625;7;12.9375;1572;20.1;202;
3368;2026.04.14 17:00;4;6.6875;7;12.625;1572;20.1;202;
3369;2026.04.14 17:15;4;6.6875;7;12.25;1572;20.1;202;
3370;2026.04.14 17:30;4;6.6875;7;11.875;1572;20.1;202;
3371;2026.04.14 17:45;4;6.6875;7;11.5625;1572;20.1;202;
3372;2026.04.14 18:00;4;6.6875;7;11.3125;1572;20.1;202;
3373;2026.04.14 18:15;4;6.6875;7.0625;11;1572;20.1;202;
3374;2026.04.14 18:30;4;6.75;7.0625;10.875;1572;20.1;202;
3375;2026.04.14 18:45;4;6.75;7.0625;10.75;1572;20.1;202;
3376;2026.04.14 19:00;4;6.75;7.0625;10.6875;1572;20.1;202;
3377;2026.04.14 19:15;4;6.75;7.125;10.5;1572;20.1;202;
3378;2026.04.14 19:30;4;6.75;7.125;9.875;1572;20.1;202;
3379;2026.04.14 19:45;4;6.75;7.125;9.375;1572;20.1;202;
3380;2026.04.14 20:00;4;6.75;7.125;9.5625;1572;20.1;202;
3381;2026.04.14 20:15;4;6.75;7.125;9.75;1572;20.1;202;
3382;2026.04.14 20:30;4;6.75;7.125;9.6875;1572;20.1;202;
3383;2026.04.14 20:45;4;6.75;7.125;9.5;1572;20.1;202;
3384;2026.04.14 21:00;4;6.75;7.1875;9.5;1572;20.1;202;
3385;2026.04.14 21:15;4;6.75;7.1875;9.5;1572;20.1;202;
3386;2026.04.14 21:30;4;6.75;7.1875;9.5;1572;20.1;202;
3387;2026.04.14 21:45;4;6.75;7.25;9.5;1572;20.1;202;
3388;2026.04.14 22:00;4;6.8125;7.25;9.375;1572;20.1;202;
3389;2026.04.14 22:15;4;6.8125;7.25;9.25;1572;20.1;202;
3390;2026.04.14 22:30;4;6.8125;7.25;9.125;1572;20.1;202;
3391;2026.04.14 22:45;4;6.8125;7.25;9;1572;20.1;202;
3392;2026.04.14 23:00;4;6.875;7.25;8.75;1572;20.1;202;
3393;2026.04.14 23:15;4;6.875;7.25;8.875;1572;20.1;202;
3394;2026.04.14 23:30;4;6.875;7.25;8.875;1572;20.1;202;
3395;2026.04.14 23:45;4;6.875;7.25;8.625;1572;20.1;202;
3396;2026.04.15 00:00;4;6.875;7.3125;8.5625;1572;20.1;202;
3397;2026.04.15 00:15;4;6.875;7.3125;8.5;1572;20.1;202;
3398;2026.04.15 00:30;4;6.875;7.3125;8.375;1572;20.1;202;
3399;2026.04.15 00:45;4;6.875;7.3125;8.5;1572;20.1;202;
3400;2026.04.15 01:00;4;6.875;7.375;8.5;1572;20.1;202;
3401;2026.04.15 01:15;4;6.875;7.375;8.5;1572;20.1;202;
3402;2026.04.15 01:30;4;6.875;7.375;8.5;1572;20.1;202;
3403;2026.04.15 01:45;4;6.875;7.375;8.5;1572;20.1;202;
3404;2026.04.15 02:00;4;6.875;7.375;8.5;1572;20.1;202;
3405;2026.04.15 02:15;4;6.875;7.375;8.5;1572;20.1;202;
3406;2026.04.15 02:30;4;6.9375;7.375;8.4375;1572;20.1;202;
3407;2026.04.15 02:45;4;6.9375;7.375;8.375;1572;20.1;202;
3408;2026.04.15 03:00;4;6.9375;7.375;8.375;1572;20.1;202;
3409;2026.04.15 03:15;4;6.9375;7.375;8.3125;1572;20.1;202;
3410;2026.04.15 03:30;4;6.9375;7.375;8.25;1572;20.1;202;
3411;2026.04.15 03:45;4;7;7.375;8.25;1572;20.1;202;
3412;2026.04.15 04:00;4;7;7.375;8.125;1572;20.1;202;
3413;2026.04.15 04:15;4;7;7.375;8.125;1572;20.1;202;
3414;2026.04.15 04:30;4;7;7.375;8.125;1572;20.1;202;
3415;2026.04.15 04:45;4;7;7.375;8.1875;1572;20.1;202;
3416;2026.04.15 05:00;4;7;7.375;8.25;1572;20.1;202;
3417;2026.04.15 05:15;4;7;7.375;8.375;1572;20.1;202;
3418;2026.04.15 05:30;4;7;7.375;8.5;1572;20.1;202;
3419;2026.04.15 05:45;4;7;7.4375;8.625;1572;20.1;202;
3420;2026.04.15 06:00;4;7;7.375;8.6875;1572;20.1;202;
3421;2026.04.15 06:15;4;7;7.4375;8.75;1572;20.1;202;
3422;2026.04.15 06:30;4;7;7.4375;8.9375;1572;20.1;202;
3423;2026.04.15 06:45;4;7;7.4375;9.125;1572;20.1;202;
3424;2026.04.15 07:00;4;7;7.4375;9.5;1572;20.1;202;
3425;2026.04.15 07:15;4;7;7.4375;9.875;1572;20.1;202;
3426;2026.04.15 07:30;4;7;7.4375;10.25;1572;20.1;202;
3427;2026.04.15 07:45;4;7;7.4375;10.625;1572;20.1;202;
3428;2026.04.15 08:00;4;7;7.4375;11.125;1572;20.1;202;
3429;2026.04.15 08:15;4;7;7.4375;11.75;1572;20.1;202;
3430;2026.04.15 08:30;4;7;7.4375;12.25;1572;20.1;202;
3431;2026.04.15 08:45;4;7;7.4375;12.875;1572;20.1;202;
3432;2026.04.15 09:00;4;7;7.4375;12.1875;1572;20.1;202;
3433;2026.04.15 09:15;4;7.0625;7.4375;12.875;1572;20.1;202;
3434;2026.04.15 09:30;4;7;7.4375;13.5;1572;20.1;202;
3435;2026.04.15 09:45;4;7;7.4375;15;1572;20.1;202;
3436;2026.04.15 10:00;4;7.0625;7.5;16.6875;1572;20.1;202;
3437;2026.04.15 10:15;4;7.0625;7.5;16.75;1572;20.1;202;
3438;2026.04.15 10:30;4;7.0625;7.4375;16.375;1572;20.1;202;
3439;2026.04.15 10:45;4;7.0625;7.5;15.875;1572;20.1;202;
3440;2026.04.15 11:00;4;7.0625;7.5;15.625;1572;20.1;202;
3441;2026.04.15 11:15;4;7.0625;7.4375;15.4375;1572;20.1;202;
3442;2026.04.15 11:30;4;7.0625;7.5;15.1875;1572;20.1;202;
3443;2026.04.15 11:45;4;7.0625;7.5;15.4375;1572;20.1;202;
3444;2026.04.15 12:00;4;7.0625;7.5;15.375;1572;20.1;202;
3445;2026.04.15 12:15;4;7.0625;7.5;15.625;1572;20.1;202;
3446;2026.04.15 12:30;4;7.0625;7.5;15.375;1572;20.1;202;
3447;2026.04.15 12:45;4;7.125;7.5;15.125;1572;20.1;202;
3448;2026.04.15 13:00;4;7.125;7.5;14.875;1572;20.1;202;
3449;2026.04.15 13:15;4;7.125;7.5;14.875;1572;20.1;202;
3450;2026.04.15 13:30;4;7.125;7.5;14.875;1572;20.1;202;
3451;2026.04.15 13:45;4;7.125;7.5;15.25;1572;20.1;202;
3452;2026.04.15 14:00;4;7.125;7.5;15.5;1572;20.1;202;
3453;2026.04.15 14:15;4;7.125;7.5;15.875;1572;20.1;202;
3454;2026.04.15 14:30;4;7.125;7.5;15.75;1572;20.1;202;
3455;2026.04.15 14:45;4;7.125;7.5;15.8125;1572;20.1;202;
3456;2026.04.15 15:00;4;7.125;7.5;15.375;1572;20.1;202;
3457;2026.04.15 15:15;4;7.125;7.5;15.1875;1572;20.1;202;
3458;2026.04.15 15:30;4;7.125;7.5;15;1572;20.1;202;
3459;2026.04.15 15:45;4;7.125;7.5;14.75;1572;20.1;202;
3460;2026.04.15 16:00;4;7.125;7.5;14.625;1573;20.2;202;
3461;2026.04.15 16:15;4;7.125;7.5;14.125;1573;20.2;202;
3462;2026.04.15 16:30;4;7.125;7.5;13.75;1573;20.2;202;
3463;2026.04.15 16:45;4;7.125;7.5;13.5;1573;20.2;202;
3464;2026.04.15 17:00;4;7.125;7.5;13.125;1573;20.2;202;
3465;2026.04.15 17:15;4;7.125;7.5;12.75;1573;20.2;202;
3466;2026.04.15 17:30;4;7.125;7.5;12.4375;1573;20.2;202;
3467;2026.04.15 17:45;4;7.125;7.5;12;1573;20.2;202;
3468;2026.04.15 18:00;4;7.125;7.5625;11.5625;1573;20.2;202;
3469;2026.04.15 18:15;4;7.125;7.5625;11.25;1573;20.2;202;
3470;2026.04.15 18:30;4;7.125;7.5625;10.875;1573;20.2;202;
3471;2026.04.15 18:45;4;7.125;7.5625;10.875;1573;20.2;202;
3472;2026.04.15 19:00;4;7.125;7.5625;10.875;1573;20.2;202;
3473;2026.04.15 19:15;4;7.125;7.5625;10.625;1573;20.2;202;
3474;2026.04.15 19:30;4;7.125;7.625;10.125;1573;20.2;202;
3475;2026.04.15 19:45;4;7.125;7.625;9.375;1573;20.2;202;
3476;2026.04.15 20:00;4;7.125;7.625;9.1875;1573;20.2;202;
3477;2026.04.15 20:15;4;7.125;7.625;8.875;1573;20.2;202;
3478;2026.04.15 20:30;4;7.125;7.625;8.875;1573;20.2;202;
3479;2026.04.15 20:45;4;7.1875;7.625;8.5625;1573;20.2;202;
3480;2026.04.15 21:00;4;7.1875;7.625;7.6875;1573;20.2;202;
3481;2026.04.15 21:15;4;7.1875;7.625;7.25;1573;20.2;202;
3482;2026.04.15 21:30;4;7.1875;7.625;7.5;1573;20.2;202;
3483;2026.04.15 21:45;4;7.1875;7.625;8.1875;1573;20.2;202;
3484;2026.04.15 22:00;4;7.1875;7.625;8.875;1573;20.2;202;
3485;2026.04.15 22:15;4;7.1875;7.625;8.9375;1573;20.2;202;
3486;2026.04.15 22:30;4;7.25;7.625;9.0625;1573;20.2;202;
3487;2026.04.15 22:45;4;7.25;7.625;9.125;1573;20.2;202;
3488;2026.04.15 23:00;4;7.25;7.6875;9.125;1573;20.2;202;
3489;2026.04.15 23:15;4;7.25;7.6875;9;1573;20.2;202;
3490;2026.04.15 23:30;4;7.25;7.6875;8.875;1573;20.2;202;
3491;2026.04.15 23:45;4;7.25;7.6875;8.75;1573;20.2;202;
3492;2026.04.16 00:00;4;7.25;7.6875;8.75;1573;20.2;202;
3493;2026.04.16 00:15;4;7.25;7.6875;8.8125;1573;20.2;202;
3494;2026.04.16 00:30;4;7.25;7.6875;8.75;1573;20.2;202;
3495;2026.04.16 00:45;4;7.25;7.75;6.875;1573;20.2;202;
3496;2026.04.16 01:00;4;7.25;7.75;5.375;1573;20.2;202;
3497;2026.04.16 01:15;4;7.25;7.75;4.625;1573;20.2;202;
3498;2026.04.16 01:30;4;7.25;7.75;4.125;1573;20.2;202;
3499;2026.04.16 01:45;4;7.25;7.75;5.1875;1573;20.2;202;
3500;2026.04.16 02:00;4;7.25;7.75;5.875;1573;20.2;202;
3501;2026.04.16 02:15;4;7.25;7.75;6.25;1573;20.2;202;
3502;2026.04.16 02:30;4;7.25;7.75;6.0625;1573;20.2;202;
3503;2026.04.16 02:45;4;7.25;7.75;5.5;1573;20.2;202;
3504;2026.04.16 03:00;4;7.25;7.75;5.75;1573;20.2;202;
3505;2026.04.16 03:15;4;7.25;7.75;6.25;1573;20.2;202;
3506;2026.04.16 03:30;4;7.25;7.75;6.5625;1573;20.2;202;
3507;2026.04.16 03:45;4;7.25;7.75;6.6875;1573;20.2;202;
3508;2026.04.16 04:00;4;7.3125;7.75;6.5;1573;20.2;202;
3509;2026.04.16 04:15;4;7.3125;7.75;6.6875;1573;20.2;202;
3510;2026.04.16 04:30;4;7.3125;7.75;7;1573;20.2;202;
3511;2026.04.16 04:45;4;7.3125;7.75;7.25;1573;20.2;202;
3512;2026.04.16 05:00;4;7.3125;7.75;7.375;1573;20.2;202;
3513;2026.04.16 05:15;4;7.3125;7.75;7.6875;1573;20.2;202;
3514;2026.04.16 05:30;4;7.3125;7.75;8.125;1573;20.2;202;
3515;2026.04.16 05:45;4;7.3125;7.75;8.25;1573;20.2;202;
3516;2026.04.16 06:00;4;7.3125;7.75;8.5;1573;20.2;202;
3517;2026.04.16 06:15;4;7.375;7.75;8.75;1573;20.2;202;
3518;2026.04.16 06:30;4;7.3125;7.75;9.0625;1573;20.2;202;
3519;2026.04.16 06:45;4;7.375;7.75;9.625;1573;20.2;202;
3520;2026.04.16 07:00;4;7.375;7.75;10.125;1573;20.2;202;
3521;2026.04.16 07:15;4;7.375;7.75;10.75;1573;20.2;202;
3522;2026.04.16 07:30;4;7.375;7.75;11.375;1573;20.2;202;
3523;2026.04.16 07:45;4;7.375;7.75;12;1573;20.2;202;
3524;2026.04.16 08:00;4;7.375;7.75;12.75;1573;20.2;202;
3525;2026.04.16 08:15;4;7.375;7.75;13.3125;1573;20.2;202;
3526;2026.04.16 08:30;4;7.375;7.75;13.75;1573;20.2;202;
3527;2026.04.16 08:45;4;7.375;7.75;13.625;1573;20.2;202;
3528;2026.04.16 09:00;4;7.375;7.75;13.9375;1573;20.2;202;
3529;2026.04.16 09:15;4;7.375;7.75;14.25;1573;20.2;202;
3530;2026.04.16 09:30;4;7.375;7.75;14.375;1573;20.2;202;
3531;2026.04.16 09:45;4;7.375;7.75;14.875;1573;20.2;202;
3532;2026.04.16 10:00;4;7.375;7.75;16.625;1573;20.2;202;
3533;2026.04.16 10:15;4;7.375;7.75;18.3125;1573;20.2;202;
3534;2026.04.16 10:30;4;7.375;7.75;19.5;1573;20.2;202;
3535;2026.04.16 10:45;4;7.375;7.75;19.4375;1573;20.2;202;
3536;2026.04.16 11:00;4;7.375;7.75;20.5;1573;20.2;202;
3537;2026.04.16 11:15;4;7.375;7.75;20.5;1573;20.2;202;
3538;2026.04.16 11:30;4;7.375;7.75;20.125;1573;20.2;202;
3539;2026.04.16 11:45;4;7.375;7.75;20.625;1573;20.2;202;
3540;2026.04.16 12:00;4;7.375;7.75;22.25;1573;20.2;202;
3541;2026.04.16 12:15;4;7.375;7.75;22.5;1573;20.2;202;
3542;2026.04.16 12:30;4;7.375;7.75;23.0625;1574;20.2;202;
3543;2026.04.16 12:45;4;7.375;7.75;21.5;1573;20.2;202;
3544;2026.04.16 13:00;4;7.375;7.75;20.4375;1573;20.2;202;
3545;2026.04.16 13:15;4;7.375;7.75;18.5625;1574;20.2;202;
3546;2026.04.16 13:30;4;7.375;7.75;19;1574;20.2;202;
3547;2026.04.16 13:45;4;7.375;7.75;22.0625;1574;20.2;202;
3548;2026.04.16 14:00;4;7.375;7.75;21.875;1574;20.2;202;
3549;2026.04.16 14:15;4;7.375;7.75;19.75;1574;20.2;202;
3550;2026.04.16 14:30;4;7.375;7.75;17.875;1574;20.2;202;
3551;2026.04.16 14:45;4;7.375;7.75;17.1875;1574;20.2;202;
3552;2026.04.16 15:00;4;7.375;7.75;17.5;1574;20.2;202;
3553;2026.04.16 15:15;4;7.375;7.75;18.125;1574;20.2;202;
3554;2026.04.16 15:30;4;7.375;7.75;18;1574;20.2;202;
3555;2026.04.16 15:45;4;7.375;7.75;17.25;1574;20.2;202;
3556;2026.04.16 16:00;4;7.375;7.75;16.375;1574;20.2;202;
3557;2026.04.16 16:15;4;7.375;7.75;15.8125;1574;20.2;202;
3558;2026.04.16 16:30;4;7.375;7.75;15.625;1574;20.2;202;
3559;2026.04.16 16:45;4;7.375;7.75;15.4375;1574;20.2;202;
3560;2026.04.16 17:00;4;7.375;7.75;14.9375;1574;20.2;202;
3561;2026.04.16 17:15;4;7.375;7.8125;14.125;1574;20.2;202;
3562;2026.04.16 17:30;4;7.375;7.8125;13.125;1574;20.2;202;
3563;2026.04.16 17:45;4;7.375;7.8125;12.3125;1574;20.2;202;
3564;2026.04.16 18:00;4;7.375;7.8125;11.375;1574;20.2;202;
3565;2026.04.16 18:15;4;7.375;7.875;10.875;1574;20.2;202;
3566;2026.04.16 18:30;4;7.375;7.875;10.5;1574;20.2;202;
3567;2026.04.16 18:45;4;7.375;7.875;10.3125;1574;20.2;202;
3568;2026.04.16 19:00;4;7.375;7.875;10.1875;1574;20.2;202;
3569;2026.04.16 19:15;4;7.375;7.875;9.6875;1574;20.2;202;
3570;2026.04.16 19:30;4;7.4375;7.875;9.5;1574;20.2;202;
3571;2026.04.16 19:45;4;7.4375;7.875;9.1875;1574;20.2;202;
3572;2026.04.16 20:00;4;7.4375;7.875;8.8125;1574;20.2;202;
3573;2026.04.16 20:15;4;7.4375;7.875;8.375;1574;20.2;202;
3574;2026.04.16 20:30;4;7.4375;7.875;7.4375;1574;20.2;202;
3575;2026.04.16 20:45;4;7.4375;7.875;6.875;1574;20.2;202;
3576;2026.04.16 21:00;4;7.4375;7.9375;6.5625;1574;20.2;202;
3577;2026.04.16 21:15;4;7.5;7.9375;6.5;1574;20.2;202;
3578;2026.04.16 21:30;4;7.5;7.9375;6.875;1574;20.2;202;
3579;2026.04.16 21:45;4;7.5;8;7.375;1574;20.2;202;
3580;2026.04.16 22:00;4;7.5;8;7.5;1574;20.2;202;
3581;2026.04.16 22:15;4;7.5;8;7.25;1574;20.2;202;
3582;2026.04.16 22:30;4;7.5;8;6.75;1574;20.2;202;
3583;2026.04.16 22:45;4;7.5;8;6;1574;20.2;202;
3584;2026.04.16 23:00;4;7.5;8;5.5;1574;20.2;202;
3585;2026.04.16 23:15;4;7.5;8;5.4375;1574;20.2;202;
3586;2026.04.16 23:30;4;7.5;8;5.5;1574;20.2;202;
3587;2026.04.16 23:45;4;7.5;8;5.625;1574;20.2;202;
3588;2026.04.17 00:00;4;7.5;8;5.875;1574;20.2;202;
3589;2026.04.17 00:15;4;7.5;8;5.75;1574;20.2;202;
3590;2026.04.17 00:30;4;7.5;8;6.25;1574;20.2;202;
3591;2026.04.17 00:45;4;7.5;8;6.375;1574;20.2;202;
3592;2026.04.17 01:00;4;7.5;8;6.125;1574;20.2;202;
3593;2026.04.17 01:15;4;7.5;8;6.375;1574;20.2;202;
3594;2026.04.17 01:30;4;7.5625;8.0625;6.375;1574;20.2;202;
3595;2026.04.17 01:45;4;7.5625;8.0625;6.3125;1574;20.2;202;
3596;2026.04.17 02:00;4;7.5625;8.0625;6.125;1575;20.2;202;
3597;2026.04.17 02:15;4;7.5625;8.0625;5.75;1575;20.2;202;
3598;2026.04.17 02:30;4;7.5625;8.0625;5.375;1575;20.2;202;
3599;2026.04.17 02:45;4;7.5625;8.0625;5.125;1575;20.2;202;
3600;2026.04.17 03:00;4;7.5625;8.0625;5;1575;20.2;202;
3601;2026.04.17 03:15;4;7.5625;8.0625;5.125;1575;20.2;202;
3602;2026.04.17 03:30;4;7.625;8.0625;5.1875;1575;20.2;202;
3603;2026.04.17 03:45;4;7.625;8.0625;4.875;1575;20.2;202;
3604;2026.04.17 04:00;4;7.625;8.0625;4.5;1575;20.2;202;
3605;2026.04.17 04:15;4;7.625;8.0625;4.9375;1575;20.2;202;
3606;2026.04.17 04:30;4;7.625;8.0625;4.625;1575;20.2;202;
3607;2026.04.17 04:45;4;7.625;8.0625;4.75;1575;20.2;202;
3608;2026.04.17 05:00;4;7.625;8.0625;5.375;1575;20.2;202;
3609;2026.04.17 05:15;4;7.625;8.0625;5.875;1575;20.2;202;
3610;2026.04.17 05:30;4;7.625;8.0625;6.625;1575;20.2;202;
3611;2026.04.17 05:45;4;7.625;8.0625;7.6875;1575;20.2;202;
3612;2026.04.17 06:00;4;7.625;8.0625;9;1575;20.2;202;
3613;2026.04.17 06:15;4;7.625;8.0625;10.25;1575;20.2;202;
3614;2026.04.17 06:30;4;7.625;8.0625;10.75;1575;20.2;202;
3615;2026.04.17 06:45;4;7.625;8.0625;12.125;1575;20.2;202;
3616;2026.04.17 07:00;4;7.625;8.0625;12;1575;20.2;202;
3617;2026.04.17 07:15;4;7.625;8.0625;12.125;1575;20.2;202;
3618;2026.04.17 07:30;4;7.625;8.0625;12.8125;1575;20.2;202;
3619;2026.04.17 07:45;4;7.625;8.0625;15.125;1575;20.2;202;
3620;2026.04.17 08:00;4;7.625;8.0625;17.8125;1575;20.2;202;
3621;2026.04.17 08:15;4;7.625;8.0625;16.625;1575;20.2;202;
3622;2026.04.17 08:30;4;7.625;8.0625;18;1575;20.2;202;
3623;2026.04.17 08:45;4;7.625;8.0625;17.375;1575;20.2;202;
3624;2026.04.17 09:00;4;7.625;8;18.4375;1575;20.2;202;
3625;2026.04.17 09:15;4;7.625;8;20.25;1575;20.2;202;
3626;2026.04.17 09:30;4;7.625;8;22.5;1575;20.2;202;
3627;2026.04.17 09:45;4;7.625;8;22.0625;1575;20.2;202;
3628;2026.04.17 10:00;4;7.625;8;20.5;1575;20.2;202;
3629;2026.04.17 10:15;4;7.625;8;24.375;1575;20.2;202;
3630;2026.04.17 10:30;4;7.625;8;24.75;1575;20.2;202;
3631;2026.04.17 10:45;4;7.625;8;23;1575;20.2;202;
3632;2026.04.17 11:00;4;7.625;8;24.25;1575;20.2;202;
3633;2026.04.17 11:15;4;7.625;8;24.75;1575;20.2;202;
3634;2026.04.17 11:30;4;7.625;8;23.375;1575;20.2;202;
3635;2026.04.17 11:45;4;7.625;8;22.875;1575;20.2;202;
3636;2026.04.17 12:00;4;7.625;8;24.25;1575;20.2;202;
3637;2026.04.17 12:15;4;7.625;8;24.625;1575;20.2;202;
3638;2026.04.17 12:30;4;7.625;8;27;1575;20.2;202;
3639;2026.04.17 12:45;4;7.625;8;26.625;1575;20.2;202;
3640;2026.04.17 13:00;4;7.625;8;27.3125;1575;20.2;202;
3641;2026.04.17 13:15;4;7.625;8;24.0625;1575;20.2;202;
3642;2026.04.17 13:30;4;7.625;8;22.5;1575;20.2;202;
3643;2026.04.17 13:45;4;7.625;8;22.6875;1575;20.2;202;
3644;2026.04.17 14:00;4;7.625;8;25.0625;1575;20.2;202;
3645;2026.04.17 14:15;4;7.625;8;22.5;1575;20.2;202;
3646;2026.04.17 14:30;4;7.625;8;19.8125;1575;20.2;202;
3647;2026.04.17 14:45;4;7.625;8;19.625;1575;20.2;202;
3648;2026.04.17 15:00;4;7.625;8;20.0625;1575;20.2;202;
3649;2026.04.17 15:15;4;7.625;8;20;1575;20.2;202;
3650;2026.04.17 15:30;4;7.625;8.0625;19.125;1575;20.2;202;
3651;2026.04.17 15:45;4;7.625;8.0625;17.9375;1575;20.2;202;
3652;2026.04.17 16:00;4;7.625;8.0625;17.875;1575;20.2;202;
3653;2026.04.17 16:15;4;7.625;8.0625;17.375;1575;20.2;202;
3654;2026.04.17 16:30;4;7.625;8.125;16.3125;1575;20.2;202;
3655;2026.04.17 16:45;4;7.625;8.125;16.125;1575;20.2;202;
3656;2026.04.17 17:00;4;7.625;8.125;15.5625;1575;20.2;202;
3657;2026.04.17 17:15;4;7.625;8.125;14.875;1575;20.2;202;
3658;2026.04.17 17:30;4;7.625;8.125;13.25;1575;20.2;202;
3659;2026.04.17 17:45;4;7.625;8.125;11.5;1575;20.2;202;
3660;2026.04.17 18:00;4;7.6875;8.125;10.125;1575;20.2;202;
3661;2026.04.17 18:15;4;7.6875;8.125;9.25;1575;20.2;202;
3662;2026.04.17 18:30;4;7.6875;8.125;9.0625;1575;20.2;202;
3663;2026.04.17 18:45;4;7.6875;8.1875;10;1576;20.2;202;
3664;2026.04.17 19:00;4;7.6875;8.1875;10.4375;1576;20.2;202;
3665;2026.04.17 19:15;4;7.6875;8.1875;10.625;1576;20.2;202;
3666;2026.04.17 19:30;4;7.75;8.25;9.5;1576;20.2;202;
3667;2026.04.17 19:45;4;7.75;8.25;9.5;1576;20.2;202;
3668;2026.04.17 20:00;4;7.75;8.25;9.3125;1576;20.2;202;
3669;2026.04.17 20:15;4;7.75;8.25;10;1576;20.2;202;
3670;2026.04.17 20:30;4;7.75;8.25;9.9375;1576;20.2;202;
3671;2026.04.17 20:45;4;7.75;8.25;10.375;1576;20.2;202;
3672;2026.04.17 21:00;4;7.75;8.25;9.875;1576;20.2;202;
3673;2026.04.17 21:15;4;7.75;8.25;8.6875;1576;20.2;202;
3674;2026.04.17 21:30;4;7.75;8.25;7.0625;1576;20.2;202;
3675;2026.04.17 21:45;4;7.75;8.3125;6.125;1576;20.2;202;
3676;2026.04.17 22:00;4;7.75;8.3125;5.625;1576;20.2;202;
3677;2026.04.17 22:15;4;7.75;8.3125;5.1875;1576;20.2;202;
3678;2026.04.17 22:30;4;7.75;8.375;4.5;1576;20.2;202;
3679;2026.04.17 22:45;4;7.75;8.375;4.125;1576;20.2;202;
3680;2026.04.17 23:00;4;7.75;8.375;4.25;1576;20.2;202;
3681;2026.04.17 23:15;4;7.8125;8.375;4.5;1576;20.2;202;
3682;2026.04.17 23:30;4;7.8125;8.375;4.375;1576;20.2;202;
3683;2026.04.17 23:45;4;7.8125;8.375;3.75;1576;20.2;202;
3684;2026.04.18 00:00;4;7.8125;8.375;3.6875;1576;20.2;202;
3685;2026.04.18 00:15;4;7.8125;8.375;3.25;1576;20.2;202;
3686;2026.04.18 00:30;4;7.8125;8.375;2.875;1576;20.2;202;
3687;2026.04.18 00:45;4;7.875;8.375;2.9375;1576;20.2;202;
3688;2026.04.18 01:00;4;7.875;8.375;2.8125;1576;20.2;202;
3689;2026.04.18 01:15;4;7.875;8.375;2.75;1576;20.2;202;
3690;2026.04.18 01:30;4;7.875;8.375;3.625;1576;20.2;202;
3691;2026.04.18 01:45;4;7.875;8.375;4.5;1576;20.2;202;
3692;2026.04.18 02:00;4;7.875;8.375;4.6875;1576;20.2;202;
3693;2026.04.18 02:15;4;7.875;8.375;4.875;1576;20.2;202;
3694;2026.04.18 02:30;4;7.875;8.375;4.25;1576;20.2;202;
3695;2026.04.18 02:45;4;7.875;8.375;3.25;1576;20.2;202;
3696;2026.04.18 03:00;4;7.875;8.375;3.125;1577;20.2;202;
3697;2026.04.18 03:15;4;7.875;8.375;3.3125;1576;20.2;202;
3698;2026.04.18 03:30;4;7.875;8.4375;3.25;1576;20.2;202;
3699;2026.04.18 03:45;4;7.875;8.375;2.6875;1576;20.2;202;
3700;2026.04.18 04:00;4;7.875;8.375;2.375;1576;20.2;202;
3701;2026.04.18 04:15;4;7.875;8.375;2.9375;1576;20.2;202;
3702;2026.04.18 04:30;4;7.875;8.375;3.25;1576;20.2;202;
3703;2026.04.18 04:45;4;7.875;8.375;4.0625;1577;20.2;202;
3704;2026.04.18 05:00;4;7.875;8.375;5;1576;20.2;202;
3705;2026.04.18 05:15;4;7.875;8.375;5.625;1577;20.2;202;
3706;2026.04.18 05:30;4;7.875;8.375;6.8125;1577;20.2;202;
3707;2026.04.18 05:45;4;7.875;8.375;8.25;1577;20.2;202;
3708;2026.04.18 06:00;4;7.875;8.375;9.125;1577;20.2;202;
3709;2026.04.18 06:15;4;7.875;8.375;9.5;1577;20.2;202;
3710;2026.04.18 06:30;4;7.875;8.375;9.625;1577;20.2;202;
3711;2026.04.18 06:45;4;7.9375;8.375;11.75;1577;20.2;202;
3712;2026.04.18 07:00;4;7.875;8.375;13.125;1577;20.2;202;
3713;2026.04.18 07:15;4;7.875;8.375;12.625;1577;20.2;202;
3714;2026.04.18 07:30;4;7.875;8.375;13.125;1577;20.2;202;
3715;2026.04.18 07:45;4;7.9375;8.375;15.125;1577;20.2;202;
3716;2026.04.18 08:00;4;7.875;8.375;17.1875;1577;20.2;202;
3717;2026.04.18 08:15;4;7.9375;8.375;18.75;1577;20.2;202;
3718;2026.04.18 08:30;4;7.9375;8.375;20.0625;1577;20.2;202;
3719;2026.04.18 08:45;4;7.9375;8.375;20.25;1577;20.2;202;
3720;2026.04.18 09:00;4;7.9375;8.375;19.875;1577;20.2;202;
3721;2026.04.18 09:15;4;7.9375;8.375;19.625;1577;20.2;202;
3722;2026.04.18 09:30;4;7.9375;8.375;20.375;1577;20.2;202;
3723;2026.04.18 09:45;4;7.9375;8.375;23.3125;1577;20.2;202;
3724;2026.04.18 10:00;4;7.9375;8.375;24.125;1577;20.2;202;
3725;2026.04.18 10:15;4;7.9375;8.375;24.25;1577;20.2;202;
3726;2026.04.18 10:30;4;7.875;8.375;25.125;1577;20.2;202;
3727;2026.04.18 10:45;4;7.9375;8.3125;26.1875;1577;20.2;202;
3728;2026.04.18 11:00;4;7.9375;8.3125;26;1577;20.2;202;
3729;2026.04.18 11:15;4;7.875;8.3125;26.625;1577;20.2;202;
3730;2026.04.18 11:30;4;7.9375;8.3125;24.8125;1577;20.2;202;
3731;2026.04.18 11:45;4;7.9375;8.3125;26;1577;20.2;202;
3732;2026.04.18 12:00;4;7.9375;8.3125;27.25;1577;20.2;202;
3733;2026.04.18 12:15;4;7.875;8.3125;24.8125;1577;20.2;202;
3734;2026.04.18 12:30;4;7.875;8.3125;24;1577;20.2;202;
3735;2026.04.18 12:45;4;7.875;8.3125;23.5;1577;20.2;202;
3736;2026.04.18 13:00;4;7.875;8.3125;24.375;1577;20.2;202;
3737;2026.04.18 13:15;4;7.875;8.3125;23.625;1577;20.2;202;
3738;2026.04.18 13:30;4;7.875;8.3125;22.625;1577;20.2;202;
3739;2026.04.18 13:45;4;7.875;8.25;22.1875;1577;20.2;202;
3740;2026.04.18 14:00;4;7.875;8.3125;22.875;1577;20.2;202;
3741;2026.04.18 14:15;4;7.875;8.3125;22.5625;1577;20.2;202;
3742;2026.04.18 14:30;4;7.875;8.3125;22.5;1577;20.2;202;
3743;2026.04.18 14:45;4;7.875;8.3125;22.0625;1577;20.2;202;
3744;2026.04.18 15:00;4;7.875;8.3125;21.75;1577;20.2;202;
3745;2026.04.18 15:15;4;7.875;8.3125;20.625;1577;20.2;202;
3746;2026.04.18 15:30;4;7.875;8.3125;19.875;1577;20.2;202;
3747;2026.04.18 15:45;4;7.875;8.375;19.9375;1577;20.2;202;
3748;2026.04.18 16:00;4;7.875;8.375;19.4375;1577;20.2;202;
3749;2026.04.18 16:15;4;7.9375;8.375;18.875;1577;20.2;202;
3750;2026.04.18 16:30;4;7.9375;8.375;18.25;1577;20.2;202;
3751;2026.04.18 16:45;4;7.875;8.375;17.75;1577;20.2;202;
3752;2026.04.18 17:00;4;7.9375;8.375;17.375;1577;20.2;202;
3753;2026.04.18 17:15;4;7.9375;8.375;16.75;1577;20.2;202;
3754;2026.04.18 17:30;4;7.9375;8.375;16.125;1577;20.2;202;
3755;2026.04.18 17:45;4;7.9375;8.375;15.25;1577;20.2;202;
3756;2026.04.18 18:00;4;7.9375;8.375;14.375;1578;20.3;202;
3757;2026.04.18 18:15;4;7.9375;8.4375;13.625;1578;20.3;202;
3758;2026.04.18 18:30;4;7.9375;8.4375;13.25;1578;20.3;202;
3759;2026.04.18 18:45;4;8;8.5;12.8125;1578;20.3;202;
3760;2026.04.18 19:00;4;8;8.5;11.4375;1578;20.3;202;
3761;2026.04.18 19:15;4;8;8.5;10;1578;20.3;202;
3762;2026.04.18 19:30;4;8;8.5;8.75;1578;20.3;202;
3763;2026.04.18 19:45;4;8;8.5;8.5;1578;20.3;202;
3764;2026.04.18 20:00;4;8;8.5;8.125;1578;20.3;202;
3765;2026.04.18 20:15;4;8;8.5;7.875;1578;20.3;202;
3766;2026.04.18 20:30;4;8;8.5;7.8125;1578;20.3;202;
3767;2026.04.18 20:45;4;8;8.5625;8.25;1578;20.3;202;
3768;2026.04.18 21:00;4;8;8.5625;8.5;1578;20.3;202;
3769;2026.04.18 21:15;4;8;8.5625;8.625;1578;20.3;202;
3770;2026.04.18 21:30;4;8;8.625;8.375;1578;20.3;202;
3771;2026.04.18 21:45;4;8;8.625;7.75;1578;20.3;202;
3772;2026.04.18 22:00;4;8;8.625;7.75;1578;20.3;202;
3773;2026.04.18 22:15;4;8;8.625;8.25;1578;20.3;202;
3774;2026.04.18 22:30;4;8;8.625;8.875;1578;20.3;202;
3775;2026.04.18 22:45;4;8.0625;8.625;9.125;1578;20.3;202;
3776;2026.04.18 23:00;4;8.0625;8.625;9.125;1578;20.3;202;
3777;2026.04.18 23:15;4;8.0625;8.625;9.5;1578;20.3;202;
3778;2026.04.18 23:30;4;8.0625;8.625;9.8125;1578;20.3;202;
3779;2026.04.18 23:45;4;8.125;8.625;9.8125;1578;20.3;202;
3780;2026.04.19 00:00;4;8.125;8.6875;9.625;1578;20.3;202;
3781;2026.04.19 00:15;4;8.125;8.6875;9.3125;1578;20.3;202;
3782;2026.04.19 00:30;4;8.125;8.6875;8.875;1578;20.3;202;
3783;2026.04.19 00:45;4;8.125;8.6875;8.75;1579;20.3;202;
3784;2026.04.19 01:00;4;8.125;8.6875;8.8125;1579;20.3;202;
3785;2026.04.19 01:15;4;8.125;8.75;9;1579;20.3;202;
3786;2026.04.19 01:30;4;8.125;8.75;9;1579;20.3;202;
3787;2026.04.19 01:45;4;8.125;8.75;8.875;1579;20.3;202;
3788;2026.04.19 02:00;4;8.125;8.75;8.5625;1579;20.3;202;
3789;2026.04.19 02:15;4;8.125;8.75;8.375;1579;20.3;202;
3790;2026.04.19 02:30;4;8.125;8.75;8.25;1579;20.3;202;
3791;2026.04.19 02:45;4;8.125;8.75;8.3125;1579;20.3;202;
3792;2026.04.19 03:00;4;8.125;8.75;8.25;1579;20.3;202;
3793;2026.04.19 03:15;4;8.125;8.75;8.125;1579;20.3;202;
3794;2026.04.19 03:30;4;8.125;8.75;8.5;1579;20.3;202;
3795;2026.04.19 03:45;4;8.125;8.75;8.875;1579;20.3;202;
3796;2026.04.19 04:00;4;8.1875;8.75;9.25;1579;20.3;202;
3797;2026.04.19 04:15;4;8.1875;8.75;9.25;1579;20.3;202;
3798;2026.04.19 04:30;4;8.1875;8.75;9.375;1579;20.3;202;
3799;2026.04.19 04:45;4;8.1875;8.75;9.625;1579;20.3;202;
3800;2026.04.19 05:00;4;8.1875;8.75;9.75;1579;20.3;202;
3801;2026.04.19 05:15;4;8.1875;8.75;9.75;1579;20.3;202;
3802;2026.04.19 05:30;4;8.1875;8.75;9.5;1579;20.3;202;
3803;2026.04.19 05:45;4;8.1875;8.75;9.1875;1579;20.3;202;
3804;2026.04.19 06:00;4;8.1875;8.75;9.125;1579;20.3;202;
3805;2026.04.19 06:15;4;8.25;8.75;9.25;1579;20.3;202;
3806;2026.04.19 06:30;4;8.25;8.75;9.6875;1579;20.3;202;
3807;2026.04.19 06:45;4;8.25;8.75;10.25;1579;20.3;202;
3808;2026.04.19 07:00;4;8.25;8.75;10.9375;1579;20.3;202;
3809;2026.04.19 07:15;4;8.25;8.75;11.5625;1579;20.3;202;
3810;2026.04.19 07:30;4;8.25;8.75;12.25;1579;20.3;202;
3811;2026.04.19 07:45;4;8.25;8.75;12.625;1579;20.3;202;
3812;2026.04.19 08:00;4;8.25;8.75;13.5;1579;20.3;202;
3813;2026.04.19 08:15;4;8.25;8.75;12.5;1579;20.3;202;
3814;2026.04.19 08:30;4;8.25;8.75;11.8125;1579;20.3;202;
3815;2026.04.19 08:45;4;8.25;8.75;11.625;1579;20.3;202;
3816;2026.04.19 09:00;4;8.25;8.75;11.625;1579;20.3;202;
3817;2026.04.19 09:15;4;8.25;8.75;12.25;1579;20.3;202;
3818;2026.04.19 09:30;4;8.25;8.75;12.625;1579;20.3;202;
3819;2026.04.19 09:45;4;8.25;8.75;12.5;1579;20.3;202;
3820;2026.04.19 10:00;4;8.25;8.75;11.9375;1579;20.3;202;
3821;2026.04.19 10:15;4;8.25;8.75;11.375;1579;20.3;202;
3822;2026.04.19 10:30;4;8.25;8.75;12.375;1579;20.3;202;
3823;2026.04.19 10:45;4;8.25;8.75;12.875;1579;20.3;202;
3824;2026.04.19 11:00;4;8.25;8.75;12.375;1579;20.3;202;
3825;2026.04.19 11:15;4;8.25;8.75;12.25;1579;20.3;202;
3826;2026.04.19 11:30;4;8.25;8.75;14;1579;20.3;202;
3827;2026.04.19 11:45;4;8.25;8.75;14.25;1579;20.3;202;
3828;2026.04.19 12:00;4;8.25;8.75;14.75;1579;20.3;202;
3829;2026.04.19 12:15;4;8.25;8.75;14.875;1579;20.3;202;
3830;2026.04.19 12:30;4;8.25;8.75;14.875;1579;20.3;202;
3831;2026.04.19 12:45;4;8.25;8.75;15.9375;1579;20.3;202;
3832;2026.04.19 13:00;4;8.25;8.75;16.1875;1580;20.3;202;
3833;2026.04.19 13:15;4;8.25;8.75;17.25;1580;20.3;202;
3834;2026.04.19 13:30;4;8.25;8.75;17.4375;1580;20.3;202;
3835;2026.04.19 13:45;4;8.25;8.75;16.8125;1580;20.3;202;
3836;2026.04.19 14:00;4;8.25;8.75;17.75;1580;20.3;202;
3837;2026.04.19 14:15;4;8.25;8.75;16.25;1580;20.3;202;
3838;2026.04.19 14:30;4;8.25;8.75;15.625;1580;20.3;202;
3839;2026.04.19 14:45;4;8.25;8.75;15.5;1580;20.3;202;
3840;2026.04.19 15:00;4;8.25;8.75;14.75;1580;20.3;202;
3841;2026.04.19 15:15;4;8.25;8.75;14.4375;1580;20.3;202;
3842;2026.04.19 15:30;4;8.25;8.75;14.125;1580;20.3;202;
3843;2026.04.19 15:45;4;8.25;8.75;13.75;1580;20.3;202;
3844;2026.04.19 16:00;4;8.25;8.75;13.75;1580;20.3;202;
3845;2026.04.19 16:15;4;8.25;8.75;13.25;1580;20.3;202;
3846;2026.04.19 16:30;4;8.25;8.75;12.875;1580;20.3;202;
3847;2026.04.19 16:45;4;8.25;8.75;12.25;1580;20.3;202;
3848;2026.04.19 17:00;4;8.25;8.75;11.375;1580;20.3;202;
3849;2026.04.19 17:15;4;8.25;8.75;10.5;1580;20.3;202;
3850;2026.04.19 17:30;4;8.25;8.75;10.1875;1580;20.3;202;
3851;2026.04.19 17:45;4;8.25;8.75;9.5;1580;20.3;202;
3852;2026.04.19 18:00;4;8.25;8.75;8.9375;1580;20.3;202;
3853;2026.04.19 18:15;4;8.25;8.75;8.625;1580;20.3;202;
3854;2026.04.19 18:30;4;8.25;8.75;8.875;1580;20.3;202;
3855;2026.04.19 18:45;4;8.25;8.75;8.5;1580;20.3;202;
3856;2026.04.19 19:00;4;8.25;8.75;7.9375;1580;20.3;202;
3857;2026.04.19 19:15;4;8.25;8.8125;7.5;1580;20.3;202;
3858;2026.04.19 19:30;4;8.3125;8.8125;7.375;1580;20.3;202;
3859;2026.04.19 19:45;4;8.3125;8.8125;7.5;1580;20.3;202;
3860;2026.04.19 20:00;4;8.3125;8.8125;7.375;1580;20.3;202;
3861;2026.04.19 20:15;4;8.3125;8.8125;6.75;1580;20.3;202;
3862;2026.04.19 20:30;4;8.3125;8.875;6.125;1580;20.3;202;
3863;2026.04.19 20:45;4;8.3125;8.875;5.375;1580;20.3;202;
3864;2026.04.19 21:00;4;8.3125;8.875;5.0625;1580;20.3;202;
3865;2026.04.19 21:15;4;8.3125;8.875;4.75;1580;20.3;202;
3866;2026.04.19 21:30;4;8.3125;8.875;4.8125;1580;20.3;202;
3867;2026.04.19 21:45;4;8.3125;8.875;5.125;1580;20.3;202;
3868;2026.04.19 22:00;4;8.3125;8.875;4.375;1580;20.3;202;
3869;2026.04.19 22:15;4;8.375;8.875;3;1580;20.3;202;
3870;2026.04.19 22:30;4;8.375;8.875;1.75;1580;20.3;202;
3871;2026.04.19 22:45;4;8.375;8.875;0.9375;1580;20.3;202;
3872;2026.04.19 23:00;4;8.375;8.875;0.25;1580;20.3;202;
3873;2026.04.19 23:15;4;8.375;8.875;0.0625;1581;20.3;202;
3874;2026.04.19 23:30;4;8.375;8.875;-0.25;1581;20.3;202;
3875;2026.04.19 23:45;4;8.375;8.875;-0.25;1581;20.3;202;
3876;2026.04.20 00:00;4;8.375;8.875;-0.25;1581;20.3;202;
3877;2026.04.20 00:15;4;8.375;8.875;-0.375;1581;20.3;202;
3878;2026.04.20 00:30;4;8.375;8.875;-0.4375;1581;20.3;202;
3879;2026.04.20 00:45;4;8.375;8.875;-0.8125;1581;20.3;202;
3880;2026.04.20 01:00;4;8.375;8.875;-0.8125;1581;20.3;202;
3881;2026.04.20 01:15;4;8.375;8.875;-0.9375;1581;20.3;202;
3882;2026.04.20 01:30;4;8.375;8.875;-0.3125;1581;20.3;202;
3883;2026.04.20 01:45;4;8.375;8.875;0.5;1581;20.3;202;
3884;2026.04.20 02:00;4;8.375;8.875;0.625;1581;20.3;202;
3885;2026.04.20 02:15;4;8.375;8.875;1;1581;20.3;202;
3886;2026.04.20 02:30;4;8.375;8.875;1.625;1581;20.3;202;
3887;2026.04.20 02:45;4;8.375;8.875;1.75;1581;20.3;202;
3888;2026.04.20 03:00;4;8.375;8.875;1.5;1581;20.3;202;
3889;2026.04.20 03:15;4;8.375;8.875;0.6875;1581;20.3;202;
3890;2026.04.20 03:30;4;8.375;8.875;0.1875;1581;20.3;202;
3891;2026.04.20 03:45;4;8.375;8.875;-0.375;1581;20.3;202;
3892;2026.04.20 04:00;4;8.375;8.875;0;1581;20.3;202;
3893;2026.04.20 04:15;4;8.375;8.875;1;1581;20.3;202;
3894;2026.04.20 04:30;4;8.375;8.875;1.375;1581;20.3;202;
3895;2026.04.20 04:45;4;8.375;8.875;2;1581;20.3;202;
3896;2026.04.20 05:00;4;8.375;8.875;1.75;1581;20.3;202;
3897;2026.04.20 05:15;4;8.375;8.875;1.875;1581;20.3;202;
3898;2026.04.20 05:30;4;8.375;8.875;3.4375;1581;20.3;202;
3899;2026.04.20 05:45;4;8.375;8.875;4.5625;1581;20.3;202;
3900;2026.04.20 06:00;4;8.375;8.8125;4.75;1581;20.3;202;
3901;2026.04.20 06:15;4;8.375;8.8125;5.625;1581;20.3;202;
3902;2026.04.20 06:30;4;8.375;8.8125;6.5;1581;20.3;202;
3903;2026.04.20 06:45;4;8.375;8.8125;8.25;1581;20.3;202;
3904;2026.04.20 07:00;4;8.375;8.8125;9.25;1581;20.3;202;
3905;2026.04.20 07:15;4;8.375;8.75;9.625;1581;20.3;202;
3906;2026.04.20 07:30;4;8.375;8.75;9.25;1581;20.3;202;
3907;2026.04.20 07:45;4;8.375;8.75;11;1581;20.3;202;
3908;2026.04.20 08:00;4;8.375;8.75;12;1581;20.3;202;
3909;2026.04.20 08:15;4;8.375;8.75;13;1581;20.3;202;
3910;2026.04.20 08:30;4;8.375;8.75;11.25;1581;20.3;202;
3911;2026.04.20 08:45;4;8.375;8.75;10.1875;1581;20.3;202;
3912;2026.04.20 09:00;4;8.375;8.75;10.25;1581;20.3;202;
3913;2026.04.20 09:15;4;8.375;8.75;10.5625;1581;20.3;202;
3914;2026.04.20 09:30;4;8.375;8.75;11.375;1581;20.3;202;
3915;2026.04.20 09:45;4;8.375;8.6875;10.75;1581;20.3;202;
3916;2026.04.20 10:00;4;8.375;8.6875;10.875;1581;20.3;202;
3917;2026.04.20 10:15;4;8.375;8.6875;11;1581;20.3;202;
3918;2026.04.20 10:30;4;8.375;8.6875;13;1581;20.3;202;
3919;2026.04.20 10:45;4;8.375;8.6875;13.625;1581;20.3;202;
3920;2026.04.20 11:00;4;8.375;8.625;13.875;1581;20.3;202;
3921;2026.04.20 11:15;4;8.375;8.625;17;1581;20.3;202;
3922;2026.04.20 11:30;4;8.375;8.625;17.5;1581;20.3;202;
3923;2026.04.20 11:45;4;8.375;8.625;17.5;1581;20.3;202;
3924;2026.04.20 12:00;4;8.375;8.625;16.375;1581;20.3;202;
3925;2026.04.20 12:15;4;8.375;8.625;15.625;1581;20.3;202;
3926;2026.04.20 12:30;4;8.375;8.625;14.0625;1581;20.3;202;
3927;2026.04.20 12:45;4;8.3125;8.625;14.9375;1581;20.3;202;
3928;2026.04.20 13:00;4;8.3125;8.625;15.25;1581;20.3;202;
3929;2026.04.20 13:15;4;8.3125;8.625;14.625;1581;20.3;202;
3930;2026.04.20 13:30;4;8.3125;8.625;14.4375;1581;20.3;202;
3931;2026.04.20 13:45;4;8.3125;8.625;13.75;1581;20.3;202;
3932;2026.04.20 14:00;4;8.3125;8.625;15.4375;1581;20.3;202;
3933;2026.04.20 14:15;4;8.3125;8.625;14.6875;1581;20.3;202;
3934;2026.04.20 14:30;4;8.3125;8.625;14.0625;1581;20.3;202;
3935;2026.04.20 14:45;4;8.3125;8.625;12.625;1581;20.3;202;
3936;2026.04.20 15:00;4;8.3125;8.625;12.3125;1582;20.3;202;
3937;2026.04.20 15:15;4;8.25;8.625;12.0625;1581;20.3;202;
3938;2026.04.20 15:30;4;8.25;8.5625;11.75;1582;20.3;202;
3939;2026.04.20 15:45;4;8.25;8.625;11.375;1582;20.3;202;
3940;2026.04.20 16:00;4;8.25;8.5625;10.4375;1582;20.3;202;
3941;2026.04.20 16:15;4;8.25;8.5625;9.5;1582;20.3;202;
3942;2026.04.20 16:30;4;8.25;8.5625;8.375;1582;20.3;202;
3943;2026.04.20 16:45;4;8.25;8.5625;7.5625;1582;20.3;202;
3944;2026.04.20 17:00;4;8.25;8.625;6.625;1582;20.3;202;
3945;2026.04.20 17:15;4;8.25;8.5625;5.875;1582;20.3;202;
3946;2026.04.20 17:30;4;8.25;8.625;5.375;1582;20.3;202;
3947;2026.04.20 17:45;4;8.25;8.625;5;1582;20.3;202;
3948;2026.04.20 18:00;4;8.25;8.625;4.625;1582;20.3;202;
3949;2026.04.20 18:15;4;8.25;8.625;4.375;1582;20.3;202;
3950;2026.04.20 18:30;4;8.25;8.625;4.25;1582;20.3;202;
3951;2026.04.20 18:45;4;8.25;8.625;4.1875;1582;20.3;202;
3952;2026.04.20 19:00;4;8.25;8.625;4.25;1582;20.3;202;
3953;2026.04.20 19:15;4;8.25;8.625;4.25;1582;20.3;202;
3954;2026.04.20 19:30;4;8.25;8.625;4.25;1582;20.3;202;
3955;2026.04.20 19:45;4;8.25;8.625;4.125;1582;20.3;202;
3956;2026.04.20 20:00;4;8.25;8.625;4.1875;1582;20.3;202;
3957;2026.04.20 20:15;4;8.25;8.625;4.1875;1582;20.3;202;
3958;2026.04.20 20:30;4;8.25;8.625;4.25;1582;20.3;202;
3959;2026.04.20 20:45;4;8.25;8.625;4.25;1582;20.3;202;
3960;2026.04.20 21:00;4;8.25;8.625;4.3125;1582;20.3;202;
3961;2026.04.20 21:15;4;8.25;8.625;4.1875;1582;20.3;202;
3962;2026.04.20 21:30;4;8.25;8.625;4;1582;20.3;202;
3963;2026.04.20 21:45;4;8.25;8.625;3.9375;1582;20.3;202;
3964;2026.04.20 22:00;4;8.25;8.625;4;1582;20.3;202;
3965;2026.04.20 22:15;4;8.25;8.625;4;1582;20.3;202;
3966;2026.04.20 22:30;4;8.25;8.625;3.875;1582;20.3;202;
3967;2026.04.20 22:45;4;8.25;8.625;3.75;1582;20.3;202;
3968;2026.04.20 23:00;4;8.25;8.625;3.625;1582;20.3;202;
3969;2026.04.20 23:15;4;8.25;8.625;3.5;1582;20.3;202;
3970;2026.04.20 23:30;4;8.25;8.625;3.375;1582;20.3;202;
3971;2026.04.20 23:45;4;8.25;8.625;3.375;1582;20.3;202;
3972;2026.04.21 00:00;4;8.25;8.625;3.25;1582;20.3;202;
3973;2026.04.21 00:15;4;8.25;8.625;3.25;1582;20.3;202;
3974;2026.04.21 00:30;4;8.25;8.625;3.1875;1582;20.3;202;
3975;2026.04.21 00:45;4;8.25;8.625;3.25;1582;20.3;202;
3976;2026.04.21 01:00;4;8.25;8.625;3.1875;1582;20.3;202;
3977;2026.04.21 01:15;4;8.25;8.625;3.25;1582;20.3;202;
3978;2026.04.21 01:30;4;8.25;8.625;3.25;1582;20.3;202;
3979;2026.04.21 01:45;4;8.3125;8.625;3.25;1582;20.3;202;
3980;2026.04.21 02:00;4;8.3125;8.625;3.25;1582;20.3;202;
3981;2026.04.21 02:15;4;8.25;8.625;3.25;1582;20.3;202;
3982;2026.04.21 02:30;4;8.3125;8.625;3.125;1582;20.3;202;
3983;2026.04.21 02:45;4;8.3125;8.625;3.25;1582;20.3;202;
3984;2026.04.21 03:00;4;8.3125;8.625;3.3125;1582;20.3;202;
3985;2026.04.21 03:15;4;8.3125;8.625;3.375;1582;20.3;202;
3986;2026.04.21 03:30;4;8.3125;8.625;3.375;1583;20.4;202;
3987;2026.04.21 03:45;4;8.25;8.625;3.375;1583;20.4;202;
3988;2026.04.21 04:00;4;8.3125;8.625;3.375;1582;20.3;202;
3989;2026.04.21 04:15;4;8.25;8.625;3.5;1583;20.4;202;
3990;2026.04.21 04:30;4;8.3125;8.625;3.5;1583;20.4;202;
3991;2026.04.21 04:45;4;8.3125;8.625;3.625;1583;20.4;202;
3992;2026.04.21 05:00;4;8.3125;8.625;3.75;1583;20.4;202;
3993;2026.04.21 05:15;4;8.3125;8.625;3.9375;1583;20.4;202;
3994;2026.04.21 05:30;4;8.25;8.625;4;1583;20.4;202;
3995;2026.04.21 05:45;4;8.3125;8.625;4.25;1583;20.4;202;
3996;2026.04.21 06:00;4;8.25;8.625;4.375;1583;20.4;202;
3997;2026.04.21 06:15;4;8.25;8.625;4.4375;1583;20.4;202;
3998;2026.04.21 06:30;4;8.25;8.625;4.5;1583;20.4;202;
3999;2026.04.21 06:45;4;8.3125;8.5625;4.75;1583;20.4;202;
4000;2026.04.21 07:00;4;8.25;8.625;4.875;1583;20.4;202;
4001;2026.04.21 07:15;4;8.25;8.5625;4.9375;1583;20.4;202;
4002;2026.04.21 07:30;4;8.25;8.5625;4.875;1583;20.4;202;
4003;2026.04.21 07:45;4;8.25;8.5625;5.25;1583;20.4;202;
4004;2026.04.21 08:00;4;8.25;8.5625;5.3125;1583;20.4;202;
4005;2026.04.21 08:15;4;8.25;8.5625;5.5;1583;20.4;202;
4006;2026.04.21 08:30;4;8.25;8.5625;5.375;1583;20.4;202;
4007;2026.04.21 08:45;4;8.25;8.5;5.375;1583;20.4;202;
4008;2026.04.21 09:00;4;8.25;8.5;5.625;1583;20.4;202;
4009;2026.04.21 09:15;4;8.25;8.5;5.5625;1583;20.4;202;
4010;2026.04.21 09:30;4;8.25;8.5;5.75;1583;20.4;202;
4011;2026.04.21 09:45;4;8.25;8.5;6.6875;1583;20.4;202;
4012;2026.04.21 10:00;4;8.25;8.5;6.6875;1583;20.4;202;
4013;2026.04.21 10:15;4;8.25;8.5;6.5;1583;20.4;202;
4014;2026.04.21 10:30;4;8.25;8.5;6.75;1583;20.4;202;
4015;2026.04.21 10:45;4;8.25;8.5;7.625;1583;20.4;202;
4016;2026.04.21 11:00;4;8.25;8.5;8.25;1583;20.4;202;
4017;2026.04.21 11:15;4;8.25;8.5;8.75;1583;20.4;202;
4018;2026.04.21 11:30;4;8.25;8.5;9.1875;1583;20.4;202;
4019;2026.04.21 11:45;4;8.25;8.5;9.3125;1583;20.4;202;
4020;2026.04.21 12:00;4;8.25;8.5;9.25;1583;20.4;202;
4021;2026.04.21 12:15;4;8.25;8.5;10.375;1583;20.4;202;
4022;2026.04.21 12:30;4;8.25;8.5;9.875;1583;20.4;202;
4023;2026.04.21 12:45;4;8.25;8.5;8.625;1583;20.4;202;
4024;2026.04.21 13:00;4;8.25;8.5;8.9375;1583;20.4;202;
4025;2026.04.21 13:15;4;8.25;8.5;9.375;1583;20.4;202;
4026;2026.04.21 13:30;4;8.25;8.4375;10.1875;1583;20.4;202;
4027;2026.04.21 13:45;4;8.25;8.4375;11.125;1583;20.4;202;
4028;2026.04.21 14:00;4;8.25;8.4375;11.375;1583;20.4;202;
4029;2026.04.21 14:15;4;8.25;8.4375;12.125;1583;20.4;202;
4030;2026.04.21 14:30;4;8.25;8.4375;11.4375;1583;20.4;202;
4031;2026.04.21 14:45;4;8.25;8.4375;10.25;1583;20.4;202;
4032;2026.04.21 15:00;4;8.25;8.4375;9.875;1583;20.4;202;
4033;2026.04.21 15:15;4;8.25;8.375;6.6875;1583;20.4;202;
4034;2026.04.21 15:30;4;8.25;8.375;6.25;1583;20.4;202;
4035;2026.04.21 15:45;4;8.25;8.375;7.125;1583;20.4;202;
4036;2026.04.21 16:00;4;8.1875;8.375;7.5;1583;20.4;202;
4037;2026.04.21 16:15;4;8.25;8.375;6.875;1583;20.4;202;
4038;2026.04.21 16:30;4;8.1875;8.375;6.625;1583;20.4;202;
4039;2026.04.21 16:45;4;8.1875;8.375;6.125;1583;20.4;202;
4040;2026.04.21 17:00;4;8.1875;8.375;5.875;1583;20.4;202;
4041;2026.04.21 17:15;4;8.1875;8.375;5.625;1583;20.4;202;
4042;2026.04.21 17:30;4;8.1875;8.375;4.75;1583;20.4;202;
4043;2026.04.21 17:45;4;8.1875;8.375;3.375;1583;20.4;202;
4044;2026.04.21 18:00;4;8.1875;8.375;2;1583;20.4;202;
4045;2026.04.21 18:15;4;8.1875;8.375;1.3125;1583;20.4;202;
4046;2026.04.21 18:30;4;8.1875;8.375;1;1583;20.4;202;
4047;2026.04.21 18:45;4;8.1875;8.375;2;1583;20.4;202;
4048;2026.04.21 19:00;4;8.1875;8.375;1.5;1583;20.4;202;
4049;2026.04.21 19:15;4;8.1875;8.375;1.375;1583;20.4;202;
4050;2026.04.21 19:30;4;8.1875;8.375;2;1583;20.4;202;
4051;2026.04.21 19:45;4;8.1875;8.375;3.25;1583;20.4;202;
4052;2026.04.21 20:00;4;8.1875;8.375;3.125;1583;20.4;202;
4053;2026.04.21 20:15;4;8.1875;8.375;2.5625;1583;20.4;202;
4054;2026.04.21 20:30;4;8.1875;8.375;1.875;1583;20.4;202;
4055;2026.04.21 20:45;4;8.1875;8.375;0.875;1583;20.4;202;
4056;2026.04.21 21:00;4;8.125;8.375;0.4375;1583;20.4;202;
4057;2026.04.21 21:15;4;8.1875;8.375;1;1583;20.4;202;
4058;2026.04.21 21:30;4;8.125;8.375;1.375;1583;20.4;202;
4059;2026.04.21 21:45;4;8.125;8.375;1.875;1583;20.4;202;
4060;2026.04.21 22:00;4;8.125;8.375;1.375;1583;20.4;202;
4061;2026.04.21 22:15;4;8.125;8.375;0.625;1583;20.4;202;
4062;2026.04.21 22:30;4;8.125;8.375;0.0625;1583;20.4;202;
4063;2026.04.21 22:45;4;8.125;8.375;-0.4375;1583;20.4;202;
4064;2026.04.21 23:00;4;8.125;8.375;-0.875;1583;20.4;202;
4065;2026.04.21 23:15;4;8.125;8.375;-1.3125;1583;20.4;202;
4066;2026.04.21 23:30;4;8.125;8.375;-1.5;1583;20.4;202;
4067;2026.04.21 23:45;4;8.125;8.375;-1.875;1583;20.4;202;
4068;2026.04.22 00:00;4;8.125;8.375;-2.4375;1583;20.4;202;
4069;2026.04.22 00:15;4;8.125;8.375;-2.625;1583;20.4;202;
4070;2026.04.22 00:30;4;8.125;8.375;-2.9375;1583;20.4;202;
4071;2026.04.22 00:45;4;8.125;8.375;-3;1583;20.4;202;
4072;2026.04.22 01:00;4;8.125;8.375;-2.875;1583;20.4;202;
4073;2026.04.22 01:15;4;8.125;8.375;-3.25;1583;20.4;202;
4074;2026.04.22 01:30;4;8.125;8.375;-3.5;1583;20.4;202;
4075;2026.04.22 01:45;4;8.125;8.375;-3.6875;1583;20.4;202;
4076;2026.04.22 02:00;4;8.125;8.375;-3;1583;20.4;202;
4077;2026.04.22 02:15;4;8.125;8.375;-3.5;1583;20.4;202;
4078;2026.04.22 02:30;4;8.125;8.375;-4.25;1583;20.4;202;
4079;2026.04.22 02:45;4;8.125;8.375;-4.625;1583;20.4;202;
4080;2026.04.22 03:00;4;8.125;8.375;-4.4375;1583;20.4;202;
4081;2026.04.22 03:15;4;8.125;8.3125;-4.625;1583;20.4;202;
4082;2026.04.22 03:30;4;8.125;8.3125;-4.625;1583;20.4;202;
4083;2026.04.22 03:45;4;8.125;8.3125;-4;1583;20.4;202;
4084;2026.04.22 04:00;4;8.125;8.3125;-4.625;1583;20.4;202;
4085;2026.04.22 04:15;4;8.125;8.3125;-4.25;1583;20.4;202;
4086;2026.04.22 04:30;4;8.125;8.25;-3.625;1583;20.4;202;
4087;2026.04.22 04:45;4;8.125;8.25;-3.0625;1583;20.4;202;
4088;2026.04.22 05:00;4;8.125;8.25;-2.4375;1583;20.4;202;
4089;2026.04.22 05:15;4;8.125;8.25;-1.875;1583;20.4;202;
4090;2026.04.22 05:30;4;8.125;8.25;-0.75;1583;20.4;202;
4091;2026.04.22 05:45;4;8.125;8.25;0.5;1583;20.4;202;
4092;2026.04.22 06:00;4;8.125;8.25;1.125;1583;20.4;202;
4093;2026.04.22 06:15;4;8.125;8.25;1.625;1583;20.4;202;
4094;2026.04.22 06:30;4;8.125;8.25;2.375;1583;20.4;202;
4095;2026.04.22 06:45;4;8.125;8.25;4.125;1583;20.4;202;
4096;2026.04.22 07:00;4;8.125;8.25;6;1583;20.4;202;
4097;2026.04.22 07:15;4;8.125;8.25;6.1875;1583;20.4;202;
4098;2026.04.22 07:30;4;8.125;8.1875;8.25;1583;20.4;202;
4099;2026.04.22 07:45;4;8.125;8.1875;10.375;1583;20.4;202;
4100;2026.04.22 08:00;4;8.125;8.1875;11.25;1583;20.4;202;
4101;2026.04.22 08:15;4;8.125;8.125;12.625;1583;20.4;202;
4102;2026.04.22 08:30;4;8.0625;8.125;13.5;1583;20.4;202;
4103;2026.04.22 08:45;4;8.0625;8.125;15.125;1584;20.4;202;
4104;2026.04.22 09:00;4;8.0625;8.125;15.375;1584;20.4;202;
4105;2026.04.22 09:15;4;8.0625;8.125;14.625;1584;20.4;202;
4106;2026.04.22 09:30;4;8.0625;8.125;15.375;1584;20.4;202;
4107;2026.04.22 09:45;4;8.0625;8.125;16.5625;1584;20.4;202;
4108;2026.04.22 10:00;4;8;8.125;16.625;1584;20.4;202;
4109;2026.04.22 10:15;4;8;8.125;16.8125;1584;20.4;202;
4110;2026.04.22 10:30;4;8;8.0625;18;1584;20.4;202;
4111;2026.04.22 10:45;4;8;8;18.0625;1584;20.4;202;
4112;2026.04.22 11:00;4;8;8.0625;17.75;1584;20.4;202;
4113;2026.04.22 11:15;4;8;8;18.375;1584;20.4;202;
4114;2026.04.22 11:30;4;8;8;18.1875;1584;20.4;202;
4115;2026.04.22 11:45;4;8;8;19.0625;1584;20.4;202;
4116;2026.04.22 12:00;4;8;8;20;1584;20.4;202;
4117;2026.04.22 12:15;4;8;8;19.75;1584;20.4;202;
4118;2026.04.22 12:30;4;8;8;20;1584;20.4;202;
4119;2026.04.22 12:45;4;8;8;19.625;1584;20.4;202;
4120;2026.04.22 13:00;4;8;8;20.5;1584;20.4;202;
4121;2026.04.22 13:15;4;8;8;20.1875;1584;20.4;202;
4122;2026.04.22 13:30;4;8;8;20.5625;1584;20.4;202;
4123;2026.04.22 13:45;4;8;8;19.5625;1584;20.4;202;
4124;2026.04.22 14:00;4;8;8;19.375;1584;20.4;202;
4125;2026.04.22 14:15;4;7.9375;8;17;1584;20.4;202;
4126;2026.04.22 14:30;4;7.9375;8;15.6875;1584;20.4;202;
4127;2026.04.22 14:45;4;7.9375;7.9375;14;1584;20.4;202;
4128;2026.04.22 15:00;4;7.9375;8;13.3125;1584;20.4;202;
4129;2026.04.22 15:15;4;7.9375;8;13.3125;1584;20.4;202;
4130;2026.04.22 15:30;4;7.9375;8;12.5;1584;20.4;202;
4131;2026.04.22 15:45;4;7.9375;8;11.9375;1584;20.4;202;
4132;2026.04.22 16:00;4;7.9375;8;11.625;1584;20.4;202;
4133;2026.04.22 16:15;4;7.9375;8;11.1875;1584;20.4;202;
4134;2026.04.22 16:30;4;7.9375;8;10.75;1584;20.4;202;
4135;2026.04.22 16:45;4;7.9375;8;9.9375;1584;20.4;202;
4136;2026.04.22 17:00;4;7.9375;8;9.5;1584;20.4;202;
4137;2026.04.22 17:15;4;7.875;8;8.75;1584;20.4;202;
4138;2026.04.22 17:30;4;7.875;8;7.6875;1584;20.4;202;
4139;2026.04.22 17:45;4;7.875;8;7.25;1584;20.4;202;
4140;2026.04.22 18:00;4;7.9375;8;5;1584;20.4;202;
4141;2026.04.22 18:15;4;7.875;8;3.6875;1584;20.4;202;
4142;2026.04.22 18:30;4;7.875;8.0625;2.9375;1584;20.4;202;
4143;2026.04.22 18:45;4;7.875;8.0625;2.75;1584;20.4;202;
4144;2026.04.22 19:00;4;7.875;8.0625;2.375;1584;20.4;202;
4145;2026.04.22 19:15;4;7.875;8.0625;1.875;1584;20.4;202;
4146;2026.04.22 19:30;4;7.9375;8.125;1.3125;1584;20.4;202;
4147;2026.04.22 19:45;4;7.9375;8.125;1;1584;20.4;202;
4148;2026.04.22 20:00;4;7.9375;8.125;0.8125;1584;20.4;202;
4149;2026.04.22 20:15;4;7.9375;8.125;0.4375;1584;20.4;202;
4150;2026.04.22 20:30;4;7.9375;8.125;0.125;1584;20.4;202;
4151;2026.04.22 20:45;4;7.9375;8.125;0.125;1584;20.4;202;
4152;2026.04.22 21:00;4;7.9375;8.125;-0.125;1584;20.4;202;
4153;2026.04.22 21:15;4;7.9375;8.125;-0.25;1584;20.4;202;
4154;2026.04.22 21:30;4;7.9375;8.125;-0.5;1584;20.4;202;
4155;2026.04.22 21:45;4;7.9375;8.125;-0.6875;1584;20.4;202;
4156;2026.04.22 22:00;4;7.9375;8.125;-1;1584;20.4;202;
4157;2026.04.22 22:15;4;8;8.125;-1.125;1584;20.4;202;
4158;2026.04.22 22:30;4;8;8.125;-1.375;1584;20.4;202;
4159;2026.04.22 22:45;4;8;8.125;-1.375;1584;20.4;202;
4160;2026.04.22 23:00;4;8;8.1875;-1.4375;1584;20.4;202;
4161;2026.04.22 23:15;4;8;8.1875;-1.375;1584;20.4;202;
4162;2026.04.22 23:30;4;8;8.1875;-1.625;1584;20.4;202;
4163;2026.04.22 23:45;4;8;8.1875;-1.625;1584;20.4;202;
4164;2026.04.23 00:00;4;8;8.1875;-1.625;1584;20.4;202;
4165;2026.04.23 00:15;4;8;8.1875;-1.625;1584;20.4;202;
4166;2026.04.23 00:30;4;8;8.1875;-1.75;1584;20.4;202;
4167;2026.04.23 00:45;4;8;8.1875;-1.8125;1584;20.4;202;
4168;2026.04.23 01:00;4;8;8.1875;-2;1584;20.4;202;
4169;2026.04.23 01:15;4;8;8.1875;-2;1584;20.4;202;
4170;2026.04.23 01:30;4;8;8.1875;-2.125;1584;20.4;202;
4171;2026.04.23 01:45;4;8;8.1875;-2.1875;1584;20.4;202;
4172;2026.04.23 02:00;4;8;8.1875;-2.3125;1584;20.4;202;
4173;2026.04.23 02:15;4;8;8.1875;-2.1875;1584;20.4;202;
4174;2026.04.23 02:30;4;8;8.1875;-2.25;1585;20.4;202;
4175;2026.04.23 02:45;4;8;8.1875;-2.375;1584;20.4;202;
4176;2026.04.23 03:00;4;8;8.1875;-2.375;1584;20.4;202;
4177;2026.04.23 03:15;4;8;8.1875;-2.75;1584;20.4;202;
4178;2026.04.23 03:30;4;8;8.1875;-2.875;1585;20.4;202;
4179;2026.04.23 03:45;4;8;8.1875;-3;1584;20.4;202;
4180;2026.04.23 04:00;4;8;8.1875;-3;1584;20.4;202;
4181;2026.04.23 04:15;4;8;8.1875;-2.875;1584;20.4;202;
4182;2026.04.23 04:30;4;8;8.1875;-2.5;1584;20.4;202;
4183;2026.04.23 04:45;4;8;8.1875;-2.5625;1584;20.4;202;
4184;2026.04.23 05:00;4;8;8.125;-2.375;1584;20.4;202;
4185;2026.04.23 05:15;4;8;8.125;-1.375;1584;20.4;202;
4186;2026.04.23 05:30;4;8;8.125;0.75;1584;20.4;202;
4187;2026.04.23 05:45;4;8;8.125;3.6875;1584;20.4;202;
4188;2026.04.23 06:00;4;8;8.125;4.1875;1584;20.4;202;
4189;2026.04.23 06:15;4;8;8.125;4.9375;1585;20.4;202;
4190;2026.04.23 06:30;4;8;8.125;5.875;1585;20.4;202;
4191;2026.04.23 06:45;4;8;8.125;9;1585;20.4;202;
4192;2026.04.23 07:00;4;8;8.125;10.75;1585;20.4;202;
4193;2026.04.23 07:15;4;8;8.125;10.9375;1585;20.4;202;
4194;2026.04.23 07:30;4;8;8.125;12.875;1585;20.4;202;
4195;2026.04.23 07:45;4;8;8.125;14.375;1585;20.4;202;
4196;2026.04.23 08:00;4;8;8.125;16.25;1585;20.4;202;
4197;2026.04.23 08:15;4;8;8.125;17.375;1585;20.4;202;
4198;2026.04.23 08:30;4;8;8.0625;18.1875;1585;20.4;202;
4199;2026.04.23 08:45;4;8;8.0625;18.625;1585;20.4;202;
4200;2026.04.23 09:00;4;8;8.0625;18.875;1585;20.4;202;
4201;2026.04.23 09:15;4;8;8;19.75;1585;20.4;202;
4202;2026.04.23 09:30;4;8;8;20.625;1585;20.4;202;
4203;2026.04.23 09:45;4;8;8;21.4375;1585;20.4;202;
4204;2026.04.23 10:00;4;8;8;22.1875;1585;20.4;202;
4205;2026.04.23 10:15;4;8;8;22.625;1585;20.4;202;
4206;2026.04.23 10:30;4;7.9375;8;22.1875;1585;20.4;202;
4207;2026.04.23 10:45;4;7.9375;8;22.5;1585;20.4;202;
4208;2026.04.23 11:00;4;7.9375;8;23.3125;1585;20.4;202;
4209;2026.04.23 11:15;4;7.9375;8;24.25;1585;20.4;202;
4210;2026.04.23 11:30;4;7.9375;8;24.125;1585;20.4;202;
4211;2026.04.23 11:45;4;7.9375;8;24.375;1585;20.4;202;
4212;2026.04.23 12:00;4;7.9375;7.9375;23.25;1585;20.4;202;
4213;2026.04.23 12:15;4;7.875;8;24.625;1585;20.4;202;
4214;2026.04.23 12:30;4;7.875;7.9375;25.3125;1585;20.4;202;
4215;2026.04.23 12:45;4;7.875;8;25.125;1585;20.4;202;
4216;2026.04.23 13:00;4;7.875;8;24.125;1585;20.4;202;
4217;2026.04.23 13:15;4;7.875;8;24.125;1585;20.4;202;
4218;2026.04.23 13:30;4;7.875;7.9375;24.875;1585;20.4;202;
4219;2026.04.23 13:45;4;7.875;7.9375;25.5;1585;20.4;202;
4220;2026.04.23 14:00;4;7.875;7.9375;25.375;1585;20.4;202;
4221;2026.04.23 14:15;4;7.875;7.9375;22.125;1585;20.4;202;
4222;2026.04.23 14:30;4;7.875;8;21.25;1585;20.4;202;
4223;2026.04.23 14:45;4;7.875;8;19.1875;1585;20.4;202;
4224;2026.04.23 15:00;4;7.875;8;18.625;1585;20.4;202;
4225;2026.04.23 15:15;4;7.875;8;18.125;1585;20.4;202;
4226;2026.04.23 15:30;4;7.875;7.9375;17.125;1585;20.4;202;
4227;2026.04.23 15:45;4;7.875;8;16.875;1585;20.4;202;
4228;2026.04.23 16:00;4;7.875;8;16.3125;1585;20.4;202;
4229;2026.04.23 16:15;4;7.875;8;16.125;1585;20.4;202;
4230;2026.04.23 16:30;4;7.875;8;15.25;1585;20.4;202;
4231;2026.04.23 16:45;4;7.875;8;14.625;1585;20.4;202;
4232;2026.04.23 17:00;4;7.875;8;14;1585;20.4;202;
4233;2026.04.23 17:15;4;7.875;8;12.9375;1585;20.4;202;
4234;2026.04.23 17:30;4;7.875;8.0625;12.75;1585;20.4;202;
4235;2026.04.23 17:45;4;7.875;8.0625;11.875;1585;20.4;202;
4236;2026.04.23 18:00;4;7.875;8.0625;11.125;1585;20.4;202;
4237;2026.04.23 18:15;4;7.875;8.125;8.875;1585;20.4;202;
4238;2026.04.23 18:30;4;7.875;8.125;8.375;1585;20.4;202;
4239;2026.04.23 18:45;4;7.875;8.125;8.25;1585;20.4;202;
4240;2026.04.23 19:00;4;7.875;8.125;8.375;1585;20.4;202;
4241;2026.04.23 19:15;4;7.875;8.125;6.8125;1585;20.4;202;
4242;2026.04.23 19:30;4;7.875;8.125;5.25;1585;20.4;202;
4243;2026.04.23 19:45;4;7.875;8.125;4.1875;1585;20.4;202;
4244;2026.04.23 20:00;4;7.9375;8.1875;3.8125;1585;20.4;202;
4245;2026.04.23 20:15;4;7.9375;8.1875;3.3125;1585;20.4;202;
4246;2026.04.23 20:30;4;7.9375;8.1875;2.8125;1585;20.4;202;
4247;2026.04.23 20:45;4;7.9375;8.25;2.5;1585;20.4;202;
4248;2026.04.23 21:00;4;7.9375;8.25;2.4375;1585;20.4;202;
4249;2026.04.23 21:15;4;7.9375;8.25;2.125;1585;20.4;202;
4250;2026.04.23 21:30;4;7.9375;8.25;1.75;1585;20.4;202;
4251;2026.04.23 21:45;4;8;8.25;1.625;1585;20.4;202;
4252;2026.04.23 22:00;4;8;8.25;1.625;1585;20.4;202;
4253;2026.04.23 22:15;4;8;8.25;1.5625;1585;20.4;202;
4254;2026.04.23 22:30;4;8;8.25;1.75;1585;20.4;202;
4255;2026.04.23 22:45;4;8;8.25;1.375;1585;20.4;202;
4256;2026.04.23 23:00;4;8;8.3125;1.0625;1585;20.4;202;
4257;2026.04.23 23:15;4;8;8.3125;1;1585;20.4;202;
4258;2026.04.23 23:30;4;8;8.3125;1;1585;20.4;202;
4259;2026.04.23 23:45;4;8;8.3125;1;1585;20.4;202;
4260;2026.04.24 00:00;4;8;8.375;0.5;1585;20.4;202;
4261;2026.04.24 00:15;4;8;8.375;0.375;1585;20.4;202;
4262;2026.04.24 00:30;4;8;8.375;0.25;1585;20.4;202;
4263;2026.04.24 00:45;4;8;8.375;0;1585;20.4;202;
4264;2026.04.24 01:00;4;8;8.375;-0.1875;1585;20.4;202;
4265;2026.04.24 01:15;4;8;8.375;-0.25;1585;20.4;202;
4266;2026.04.24 01:30;4;8;8.375;0;1585;20.4;202;
4267;2026.04.24 01:45;4;8;8.375;-0.125;1585;20.4;202;
4268;2026.04.24 02:00;4;8.0625;8.375;-0.25;1585;20.4;202;
4269;2026.04.24 02:15;4;8.0625;8.375;-0.375;1585;20.4;202;
4270;2026.04.24 02:30;4;8.0625;8.375;-0.5625;1585;20.4;202;
4271;2026.04.24 02:45;4;8.0625;8.375;-0.375;1585;20.4;202;
4272;2026.04.24 03:00;4;8.0625;8.375;-0.3125;1585;20.4;202;
4273;2026.04.24 03:15;4;8.0625;8.375;-0.25;1585;20.4;202;
4274;2026.04.24 03:30;4;8.0625;8.375;-0.5;1585;20.4;202;
4275;2026.04.24 03:45;4;8.125;8.375;-0.5625;1585;20.4;202;
4276;2026.04.24 04:00;4;8.0625;8.375;-0.625;1586;20.4;202;
4277;2026.04.24 04:15;4;8.125;8.375;-0.375;1585;20.4;202;
4278;2026.04.24 04:30;4;8.125;8.375;-0.375;1585;20.4;202;
4279;2026.04.24 04:45;4;8.0625;8.375;0;1585;20.4;202;
4280;2026.04.24 05:00;4;8.125;8.375;0.8125;1585;20.4;202;
4281;2026.04.24 05:15;4;8.125;8.375;1.875;1585;20.4;202;
4282;2026.04.24 05:30;4;8.125;8.375;4.125;1585;20.4;202;
4283;2026.04.24 05:45;4;8.125;8.375;7.125;1585;20.4;202;
4284;2026.04.24 06:00;4;8.125;8.375;7.875;1585;20.4;202;
4285;2026.04.24 06:15;4;8.125;8.375;7.875;1586;20.4;202;
4286;2026.04.24 06:30;4;8.125;8.375;8.1875;1585;20.4;202;
4287;2026.04.24 06:45;4;8.125;8.375;11.125;1585;20.4;202;
4288;2026.04.24 07:00;4;8.125;8.375;13.375;1585;20.4;202;
4289;2026.04.24 07:15;4;8.125;8.3125;13.125;1586;20.4;202;
4290;2026.04.24 07:30;4;8.125;8.3125;15.375;1585;20.4;202;
4291;2026.04.24 07:45;4;8.125;8.3125;16.125;1585;20.4;202;
4292;2026.04.24 08:00;4;8.125;8.3125;17.5625;1586;20.4;202;
4293;2026.04.24 08:15;4;8.125;8.3125;18.375;1585;20.4;202;
4294;2026.04.24 08:30;4;8.125;8.3125;19.25;1585;20.4;202;
4295;2026.04.24 08:45;4;8.125;8.25;19.5625;1586;20.4;202;
4296;2026.04.24 09:00;4;8.125;8.25;20.75;1586;20.4;202;
4297;2026.04.24 09:15;4;8.125;8.25;21.4375;1586;20.4;202;
4298;2026.04.24 09:30;4;8.125;8.25;22.25;1586;20.4;202;
4299;2026.04.24 09:45;4;8.125;8.25;22.75;1586;20.4;202;
4300;2026.04.24 10:00;4;8.125;8.25;23.1875;1586;20.4;202;
4301;2026.04.24 10:15;4;8.125;8.25;23.75;1586;20.4;202;
4302;2026.04.24 10:30;4;8.0625;8.25;24.125;1586;20.4;202;
4303;2026.04.24 10:45;4;8.0625;8.25;24.5625;1586;20.4;202;
4304;2026.04.24 11:00;4;8.0625;8.25;24.625;1586;20.4;202;
4305;2026.04.24 11:15;4;8.0625;8.25;25;1586;20.4;202;
4306;2026.04.24 11:30;4;8.0625;8.25;25.625;1586;20.4;202;
4307;2026.04.24 11:45;4;8.0625;8.25;25.75;1586;20.4;202;
4308;2026.04.24 12:00;4;8.0625;8.25;25.875;1586;20.4;202;
4309;2026.04.24 12:15;4;8.0625;8.25;26.375;1586;20.4;202;
4310;2026.04.24 12:30;4;8.0625;8.25;26.5;1586;20.4;202;
4311;2026.04.24 12:45;4;8.0625;8.25;26;1586;20.4;202;
4312;2026.04.24 13:00;4;8.0625;8.25;26.1875;1586;20.4;202;
4313;2026.04.24 13:15;4;8.0625;8.25;26.5;1586;20.4;202;
4314;2026.04.24 13:30;4;8.0625;8.25;25.625;1586;20.4;202;
4315;2026.04.24 13:45;4;8.0625;8.25;26.75;1586;20.4;202;
4316;2026.04.24 14:00;4;8.0625;8.25;26.8125;1586;20.4;202;
4317;2026.04.24 14:15;4;8.0625;8.25;22.75;1586;20.4;202;
4318;2026.04.24 14:30;4;8.0625;8.1875;21.625;1586;20.4;202;
4319;2026.04.24 14:45;4;8.0625;8.25;19.875;1586;20.4;202;
4320;2026.04.24 15:00;4;8;8.25;18.875;1586;20.4;202;
4321;2026.04.24 15:15;4;8;8.25;19.125;1586;20.4;202;
4322;2026.04.24 15:30;4;8.0625;8.25;18;1586;20.4;202;
4323;2026.04.24 15:45;4;8;8.25;17.875;1586;20.4;202;
4324;2026.04.24 16:00;4;8.0625;8.25;17.375;1586;20.4;202;
4325;2026.04.24 16:15;4;8.0625;8.25;16.6875;1586;20.4;202;
4326;2026.04.24 16:30;4;8.0625;8.25;16.125;1586;20.4;202;
4327;2026.04.24 16:45;4;8.0625;8.3125;15.625;1586;20.4;202;
4328;2026.04.24 17:00;4;8.0625;8.3125;15.0625;1586;20.4;202;
4329;2026.04.24 17:15;4;8.0625;8.3125;14.5;1586;20.4;202;
4330;2026.04.24 17:30;4;8.0625;8.375;13.75;1586;20.4;202;
4331;2026.04.24 17:45;4;8.0625;8.375;12.625;1586;20.4;202;
4332;2026.04.24 18:00;4;8.0625;8.375;11.25;1586;20.4;202;
4333;2026.04.24 18:15;4;8.0625;8.375;9.5;1586;20.4;202;
4334;2026.04.24 18:30;4;8.0625;8.375;7.75;1586;20.4;202;
4335;2026.04.24 18:45;4;8.125;8.375;6.4375;1586;20.4;202;
4336;2026.04.24 19:00;4;8.125;8.375;5.5;1586;20.4;202;
4337;2026.04.24 19:15;4;8.125;8.4375;5.125;1586;20.4;202;
4338;2026.04.24 19:30;4;8.125;8.4375;4.75;1586;20.4;202;
4339;2026.04.24 19:45;4;8.125;8.5;4.5;1586;20.4;202;
4340;2026.04.24 20:00;4;8.125;8.5;4.0625;1586;20.4;202;
4341;2026.04.24 20:15;4;8.125;8.5;3.625;1586;20.4;202;
4342;2026.04.24 20:30;4;8.125;8.5;3.25;1586;20.4;202;
4343;2026.04.24 20:45;4;8.125;8.5;2.875;1586;20.4;202;
4344;2026.04.24 21:00;4;8.125;8.5;2.625;1586;20.4;202;
4345;2026.04.24 21:15;4;8.125;8.5;2.625;1586;20.4;202;
4346;2026.04.24 21:30;4;8.125;8.5625;2.875;1586;20.4;202;
4347;2026.04.24 21:45;4;8.125;8.5625;2.6875;1586;20.4;202;
4348;2026.04.24 22:00;4;8.125;8.5625;2.375;1586;20.4;202;
4349;2026.04.24 22:15;4;8.1875;8.625;2;1586;20.4;202;
4350;2026.04.24 22:30;4;8.1875;8.625;1.75;1586;20.4;202;
4351;2026.04.24 22:45;4;8.1875;8.625;1.625;1586;20.4;202;
4352;2026.04.24 23:00;4;8.1875;8.625;1.25;1586;20.4;202;
4353;2026.04.24 23:15;4;8.1875;8.625;1.125;1586;20.4;202;
4354;2026.04.24 23:30;4;8.25;8.625;0.5625;1586;20.4;202;
4355;2026.04.24 23:45;4;8.25;8.625;0.0625;1586;20.4;202;
4356;2026.04.25 00:00;4;8.25;8.625;-0.125;1586;20.4;202;
4357;2026.04.25 00:15;4;8.25;8.625;-0.25;1586;20.4;202;
4358;2026.04.25 00:30;4;8.25;8.625;-0.25;1586;20.4;202;
4359;2026.04.25 00:45;4;8.25;8.625;-0.125;1586;20.4;202;
4360;2026.04.25 01:00;4;8.25;8.6875;-0.1875;1586;20.4;202;
4361;2026.04.25 01:15;4;8.25;8.6875;-0.125;1586;20.4;202;
4362;2026.04.25 01:30;4;8.25;8.6875;-0.25;1586;20.4;202;
4363;2026.04.25 01:45;4;8.25;8.6875;-0.3125;1586;20.4;202;
4364;2026.04.25 02:00;4;8.25;8.6875;-0.75;1586;20.4;202;
4365;2026.04.25 02:15;4;8.25;8.6875;-1.25;1586;20.4;202;
4366;2026.04.25 02:30;4;8.25;8.6875;-1.375;1586;20.4;202;
4367;2026.04.25 02:45;4;8.25;8.6875;-1.375;1587;20.5;202;
4368;2026.04.25 03:00;4;8.25;8.6875;-1.3125;1586;20.4;202;
4369;2026.04.25 03:15;4;8.25;8.6875;-1.25;1587;20.5;202;
4370;2026.04.25 03:30;4;8.25;8.6875;-1.25;1587;20.5;202;
4371;2026.04.25 03:45;4;8.3125;8.6875;-1.25;1587;20.5;202;
4372;2026.04.25 04:00;4;8.3125;8.6875;-1;1587;20.5;202;
4373;2026.04.25 04:15;4;8.3125;8.6875;-0.625;1587;20.5;202;
4374;2026.04.25 04:30;4;8.3125;8.6875;-0.25;1587;20.5;202;
4375;2026.04.25 04:45;4;8.3125;8.6875;0.375;1587;20.5;202;
4376;2026.04.25 05:00;4;8.3125;8.6875;0.875;1587;20.5;202;
4377;2026.04.25 05:15;4;8.3125;8.6875;2.375;1587;20.5;202;
4378;2026.04.25 05:30;4;8.3125;8.6875;4.375;1587;20.5;202;
4379;2026.04.25 05:45;4;8.3125;8.6875;5.875;1587;20.5;202;
4380;2026.04.25 06:00;4;8.3125;8.6875;6.375;1587;20.5;202;
4381;2026.04.25 06:15;4;8.3125;8.625;6.5;1587;20.5;202;
4382;2026.04.25 06:30;4;8.3125;8.625;7.375;1587;20.5;202;
4383;2026.04.25 06:45;4;8.3125;8.625;10.625;1587;20.5;202;
4384;2026.04.25 07:00;4;8.3125;8.625;12.5;1587;20.5;202;
4385;2026.04.25 07:15;4;8.375;8.625;12.875;1587;20.5;202;
4386;2026.04.25 07:30;4;8.3125;8.625;15.25;1587;20.5;202;
4387;2026.04.25 07:45;4;8.3125;8.625;16.1875;1587;20.5;202;
4388;2026.04.25 08:00;4;8.375;8.625;17.5625;1587;20.5;202;
4389;2026.04.25 08:15;4;8.3125;8.625;19.25;1587;20.5;202;
4390;2026.04.25 08:30;4;8.3125;8.625;19.75;1587;20.5;202;
4391;2026.04.25 08:45;4;8.375;8.625;21;1587;20.5;202;
4392;2026.04.25 09:00;4;8.3125;8.625;21.75;1587;20.5;202;
4393;2026.04.25 09:15;4;8.3125;8.625;22.5;1587;20.5;202;
4394;2026.04.25 09:30;4;8.3125;8.625;22.9375;1587;20.5;202;
4395;2026.04.25 09:45;4;8.3125;8.625;23.75;1587;20.5;202;
4396;2026.04.25 10:00;4;8.3125;8.625;24.625;1587;20.5;202;
4397;2026.04.25 10:15;4;8.3125;8.625;24.625;1587;20.5;202;
4398;2026.04.25 10:30;4;8.3125;8.5625;25.625;1587;20.5;202;
4399;2026.04.25 10:45;4;8.3125;8.5625;26.25;1587;20.5;202;
4400;2026.04.25 11:00;4;8.3125;8.5625;26.625;1587;20.5;202;
4401;2026.04.25 11:15;4;8.3125;8.5625;27.25;1587;20.5;202;
4402;2026.04.25 11:30;4;8.3125;8.5625;27.1875;1587;20.5;202;
4403;2026.04.25 11:45;4;8.3125;8.5;27.5625;1587;20.5;202;
4404;2026.04.25 12:00;4;8.3125;8.5;27.5;1587;20.5;202;
4405;2026.04.25 12:15;4;8.3125;8.5;28.125;1587;20.5;202;
4406;2026.04.25 12:30;4;8.3125;8.5;28.3125;1587;20.5;202;
4407;2026.04.25 12:45;4;8.3125;8.5;28.75;1587;20.5;202;
4408;2026.04.25 13:00;4;8.3125;8.5;28.125;1587;20.5;202;
4409;2026.04.25 13:15;4;8.3125;8.5;28.25;1587;20.5;202;
4410;2026.04.25 13:30;4;8.25;8.5;28.5;1587;20.5;202;
4411;2026.04.25 13:45;4;8.25;8.5;28.875;1587;20.5;202;
4412;2026.04.25 14:00;4;8.25;8.5;28.3125;1587;20.5;202;
4413;2026.04.25 14:15;4;8.25;8.5;24.5;1587;20.5;202;
4414;2026.04.25 14:30;4;8.25;8.5;22.875;1587;20.5;202;
4415;2026.04.25 14:45;4;8.25;8.5625;21.5;1587;20.5;202;
4416;2026.04.25 15:00;4;8.25;8.5625;20.5;1587;20.5;202;
4417;2026.04.25 15:15;4;8.25;8.5625;21.75;1587;20.5;202;
4418;2026.04.25 15:30;4;8.25;8.5625;20;1587;20.5;202;
4419;2026.04.25 15:45;4;8.25;8.625;19.125;1587;20.5;202;
4420;2026.04.25 16:00;4;8.25;8.625;18.5;1587;20.5;202;
4421;2026.04.25 16:15;4;8.25;8.625;17.875;1587;20.5;202;
4422;2026.04.25 16:30;4;8.25;8.625;17;1587;20.5;202;
4423;2026.04.25 16:45;4;8.25;8.625;16.125;1587;20.5;202;
4424;2026.04.25 17:00;4;8.3125;8.625;15.25;1587;20.5;202;
4425;2026.04.25 17:15;4;8.3125;8.625;14.8125;1587;20.5;202;
4426;2026.04.25 17:30;4;8.3125;8.625;13.0625;1587;20.5;202;
4427;2026.04.25 17:45;4;8.3125;8.625;11.625;1587;20.5;202;
4428;2026.04.25 18:00;4;8.3125;8.6875;10.625;1587;20.5;202;
4429;2026.04.25 18:15;4;8.3125;8.6875;9.1875;1587;20.5;202;
4430;2026.04.25 18:30;4;8.3125;8.75;8.5;1587;20.5;202;
4431;2026.04.25 18:45;4;8.3125;8.75;7.625;1588;20.5;202;
4432;2026.04.25 19:00;4;8.375;8.75;6.9375;1587;20.5;202;
4433;2026.04.25 19:15;4;8.375;8.75;6.625;1587;20.5;202;
4434;2026.04.25 19:30;4;8.375;8.75;6;1588;20.5;202;
4435;2026.04.25 19:45;4;8.375;8.75;6;1588;20.5;202;
4436;2026.04.25 20:00;4;8.375;8.75;5.5;1588;20.5;202;
4437;2026.04.25 20:15;4;8.375;8.8125;5.125;1588;20.5;202;
4438;2026.04.25 20:30;4;8.375;8.8125;5.375;1588;20.5;202;
4439;2026.04.25 20:45;4;8.375;8.875;5;1588;20.5;202;
4440;2026.04.25 21:00;4;8.375;8.875;4.875;1588;20.5;202;
4441;2026.04.25 21:15;4;8.375;8.875;4.3125;1588;20.5;202;
4442;2026.04.25 21:30;4;8.375;8.875;3.8125;1588;20.5;202;
4443;2026.04.25 21:45;4;8.375;8.875;3.375;1588;20.5;202;
4444;2026.04.25 22:00;4;8.375;8.875;3.125;1588;20.5;202;
4445;2026.04.25 22:15;4;8.375;8.875;2.75;1588;20.5;202;
4446;2026.04.25 22:30;4;8.4375;8.875;2.75;1588;20.5;202;
4447;2026.04.25 22:45;4;8.4375;8.875;2.625;1588;20.5;202;
4448;2026.04.25 23:00;4;8.4375;8.9375;2.5625;1588;20.5;202;
4449;2026.04.25 23:15;4;8.4375;8.9375;2.5;1588;20.5;202;
4450;2026.04.25 23:30;4;8.4375;8.9375;2.625;1588;20.5;202;
4451;2026.04.25 23:45;4;8.5;9;2.3125;1588;20.5;202;
4452;2026.04.26 00:00;4;8.5;9;2.25;1588;20.5;202;
4453;2026.04.26 00:15;4;8.5;9;2.375;1588;20.5;202;
4454;2026.04.26 00:30;4;8.5;9;2.125;1588;20.5;202;
4455;2026.04.26 00:45;4;8.5;9;2.6875;1588;20.5;202;
4456;2026.04.26 01:00;4;8.5;9;3.25;1588;20.5;202;
4457;2026.04.26 01:15;4;8.5;9;2.875;1588;20.5;202;
4458;2026.04.26 01:30;4;8.5;9;2.1875;1588;20.5;202;
4459;2026.04.26 01:45;4;8.5;9;2;1588;20.5;202;
4460;2026.04.26 02:00;4;8.5;9;1.75;1588;20.5;202;
4461;2026.04.26 02:15;4;8.5;9;1.375;1588;20.5;202;
4462;2026.04.26 02:30;4;8.5;9;1.25;1588;20.5;202;
4463;2026.04.26 02:45;4;8.5;9;1.125;1588;20.5;202;
4464;2026.04.26 03:00;4;8.5;9;0.875;1588;20.5;202;
4465;2026.04.26 03:15;4;8.5;9;0.25;1588;20.5;202;
4466;2026.04.26 03:30;4;8.5;9;-0.125;1588;20.5;202;
4467;2026.04.26 03:45;4;8.5625;9;0.25;1588;20.5;202;
4468;2026.04.26 04:00;4;8.5;9;1.3125;1588;20.5;202;
4469;2026.04.26 04:15;4;8.5;9;3.5625;1588;20.5;202;
4470;2026.04.26 04:30;4;8.5625;9;4.375;1588;20.5;202;
4471;2026.04.26 04:45;4;8.5625;9;4.1875;1588;20.5;202;
4472;2026.04.26 05:00;4;8.5625;9;4.125;1588;20.5;202;
4473;2026.04.26 05:15;4;8.5625;9;4.5;1588;20.5;202;
4474;2026.04.26 05:30;4;8.5625;9;6.125;1588;20.5;202;
4475;2026.04.26 05:45;4;8.5625;9;7.5625;1588;20.5;202;
4476;2026.04.26 06:00;4;8.5625;9;7.25;1588;20.5;202;
4477;2026.04.26 06:15;4;8.5625;9;6.5;1588;20.5;202;
4478;2026.04.26 06:30;4;8.5625;9;6.5625;1588;20.5;202;
4479;2026.04.26 06:45;4;8.5625;8.9375;9;1588;20.5;202;
4480;2026.04.26 07:00;4;8.5625;8.9375;10.9375;1588;20.5;202;
4481;2026.04.26 07:15;4;8.5625;8.9375;11;1588;20.5;202;
4482;2026.04.26 07:30;4;8.5625;8.875;11.4375;1588;20.5;202;
4483;2026.04.26 07:45;4;8.5625;8.9375;11.625;1588;20.5;202;
4484;2026.04.26 08:00;4;8.5625;8.9375;12.625;1588;20.5;202;
4485;2026.04.26 08:15;4;8.5625;8.875;13.125;1588;20.5;202;
4486;2026.04.26 08:30;4;8.5625;8.875;13.9375;1588;20.5;202;
4487;2026.04.26 08:45;4;8.5625;8.875;15.125;1588;20.5;202;
4488;2026.04.26 09:00;4;8.5625;8.875;16;1588;20.5;202;
4489;2026.04.26 09:15;4;8.5625;8.875;16.25;1588;20.5;202;
4490;2026.04.26 09:30;4;8.5625;8.875;16.375;1588;20.5;202;
4491;2026.04.26 09:45;4;8.5625;8.875;17.5;1588;20.5;202;
4492;2026.04.26 10:00;4;8.5625;8.875;17.5;1588;20.5;202;
4493;2026.04.26 10:15;4;8.5625;8.875;18.4375;1588;20.5;202;
4494;2026.04.26 10:30;4;8.5625;8.875;18.5625;1588;20.5;202;
4495;2026.04.26 10:45;4;8.5625;8.875;19.625;1588;20.5;202;
4496;2026.04.26 11:00;4;8.5625;8.875;19.25;1588;20.5;202;
4497;2026.04.26 11:15;4;8.5625;8.875;19.8125;1588;20.5;202;
4498;2026.04.26 11:30;4;8.5625;8.875;19.75;1588;20.5;202;
4499;2026.04.26 11:45;4;8.5625;8.875;20.75;1588;20.5;202;
4500;2026.04.26 12:00;4;8.5625;8.875;21.375;1588;20.5;202;
4501;2026.04.26 12:15;4;8.5;8.8125;21.4375;1588;20.5;202;
4502;2026.04.26 12:30;4;8.5;8.8125;21.875;1588;20.5;202;
4503;2026.04.26 12:45;4;8.5;8.8125;22;1588;20.5;202;
4504;2026.04.26 13:00;4;8.5;8.8125;21;1588;20.5;202;
4505;2026.04.26 13:15;4;8.5;8.8125;21.625;1588;20.5;202;
4506;2026.04.26 13:30;4;8.5;8.8125;22.25;1588;20.5;202;
4507;2026.04.26 13:45;4;8.5;8.8125;21.875;1588;20.5;202;
4508;2026.04.26 14:00;4;8.5;8.8125;20.3125;1588;20.5;202;
4509;2026.04.26 14:15;4;8.5;8.8125;18.375;1588;20.5;202;
4510;2026.04.26 14:30;4;8.5;8.8125;17.25;1588;20.5;202;
4511;2026.04.26 14:45;4;8.5;8.8125;15.25;1588;20.5;202;
4512;2026.04.26 15:00;4;8.5;8.8125;14.625;1589;20.5;202;
4513;2026.04.26 15:15;4;8.5;8.8125;16;1588;20.5;202;
4514;2026.04.26 15:30;4;8.5;8.875;13.875;1588;20.5;202;
4515;2026.04.26 15:45;4;8.5;8.875;13.3125;1589;20.5;202;
4516;2026.04.26 16:00;4;8.5;8.875;12.875;1589;20.5;202;
4517;2026.04.26 16:15;4;8.5;8.875;12.75;1589;20.5;202;
4518;2026.04.26 16:30;4;8.5;8.875;12.4375;1589;20.5;202;
4519;2026.04.26 16:45;4;8.5;8.875;12;1589;20.5;202;
4520;2026.04.26 17:00;4;8.5;8.875;11.375;1589;20.5;202;
4521;2026.04.26 17:15;4;8.5;8.875;10.5;1589;20.5;202;
4522;2026.04.26 17:30;4;8.5;8.875;9.625;1589;20.5;202;
4523;2026.04.26 17:45;4;8.5;8.875;9.3125;1589;20.5;202;
4524;2026.04.26 18:00;4;8.5;8.875;8.4375;1589;20.5;202;
4525;2026.04.26 18:15;4;8.5;8.875;7.375;1589;20.5;202;
4526;2026.04.26 18:30;4;8.5;8.875;6.875;1589;20.5;202;
4527;2026.04.26 18:45;4;8.5625;8.9375;6.625;1589;20.5;202;
4528;2026.04.26 19:00;4;8.5625;8.9375;6.6875;1589;20.5;202;
4529;2026.04.26 19:15;4;8.5625;8.9375;6.5;1589;20.5;202;
4530;2026.04.26 19:30;4;8.5625;9;6.125;1589;20.5;202;
4531;2026.04.26 19:45;4;8.5625;9;6;1589;20.5;202;
4532;2026.04.26 20:00;4;8.5625;9;5.25;1589;20.5;202;
4533;2026.04.26 20:15;4;8.5625;9;5.375;1589;20.5;202;
4534;2026.04.26 20:30;4;8.5625;9;5.125;1589;20.5;202;
4535;2026.04.26 20:45;4;8.625;9;3.8125;1589;20.5;202;
4536;2026.04.26 21:00;4;8.625;9;3.4375;1589;20.5;202;
4537;2026.04.26 21:15;4;8.625;9;2.8125;1589;20.5;202;
4538;2026.04.26 21:30;4;8.625;9;2.25;1589;20.5;202;
4539;2026.04.26 21:45;4;8.625;9;1.6875;1589;20.5;202;
4540;2026.04.26 22:00;4;8.625;9;1.1875;1589;20.5;202;
4541;2026.04.26 22:15;4;8.625;9.0625;1.3125;1589;20.5;202;
4542;2026.04.26 22:30;4;8.625;9.0625;0.875;1589;20.5;202;
4543;2026.04.26 22:45;4;8.625;9.0625;-0.375;1589;20.5;202;
4544;2026.04.26 23:00;4;8.625;9.0625;-0.9375;1589;20.5;202;
4545;2026.04.26 23:15;4;8.625;9.0625;-1.25;1589;20.5;202;
4546;2026.04.26 23:30;4;8.625;9.125;-1.25;1589;20.5;202;
4547;2026.04.26 23:45;4;8.625;9.125;-1.125;1589;20.5;202;
4548;2026.04.27 00:00;4;8.625;9.125;-1.25;1589;20.5;202;
4549;2026.04.27 00:15;4;8.625;9.125;-1.375;1589;20.5;202;
4550;2026.04.27 00:30;4;8.625;9.125;-2.0625;1589;20.5;202;
4551;2026.04.27 00:45;4;8.625;9.125;-2.25;1589;20.5;202;
4552;2026.04.27 01:00;4;8.625;9.125;-2.125;1589;20.5;202;
4553;2026.04.27 01:15;4;8.625;9.125;-2.375;1589;20.5;202;
4554;2026.04.27 01:30;4;8.6875;9.125;-2.5;1590;20.5;202;
4555;2026.04.27 01:45;4;8.625;9.125;-3;1590;20.5;202;
4556;2026.04.27 02:00;4;8.625;9.125;-3.125;1590;20.5;202;
4557;2026.04.27 02:15;4;8.6875;9.125;-3.375;1590;20.5;202;
4558;2026.04.27 02:30;4;8.6875;9.125;-3.375;1590;20.5;202;
4559;2026.04.27 02:45;4;8.6875;9.125;-3.4375;1590;20.5;202;
4560;2026.04.27 03:00;4;8.6875;9.125;-3.75;1590;20.5;202;
4561;2026.04.27 03:15;4;8.6875;9.125;-4.125;1590;20.5;202;
4562;2026.04.27 03:30;4;8.6875;9.125;-4.3125;1590;20.5;202;
4563;2026.04.27 03:45;4;8.6875;9.125;-4.1875;1590;20.5;202;
4564;2026.04.27 04:00;4;8.6875;9.125;-4.25;1590;20.5;202;
4565;2026.04.27 04:15;4;8.6875;9.125;-4.125;1590;20.5;202;
4566;2026.04.27 04:30;4;8.6875;9.125;-3.625;1590;20.5;202;
4567;2026.04.27 04:45;4;8.75;9.0625;-3.125;1590;20.5;202;
4568;2026.04.27 05:00;4;8.6875;9.0625;-2.125;1590;20.5;202;
4569;2026.04.27 05:15;4;8.6875;9.0625;-1.25;1590;20.5;202;
4570;2026.04.27 05:30;4;8.6875;9.0625;1.3125;1590;20.5;202;
4571;2026.04.27 05:45;4;8.6875;9.0625;3.875;1590;20.5;202;
4572;2026.04.27 06:00;4;8.6875;9.0625;4;1590;20.5;202;
4573;2026.04.27 06:15;4;8.6875;9.0625;4.0625;1590;20.5;202;
4574;2026.04.27 06:30;4;8.6875;9;4.875;1590;20.5;202;
4575;2026.04.27 06:45;4;8.6875;9;9.375;1590;20.5;202;
4576;2026.04.27 07:00;4;8.75;9;11.875;1590;20.5;202;
4577;2026.04.27 07:15;4;8.6875;9;11.9375;1590;20.5;202;
4578;2026.04.27 07:30;4;8.6875;9;14;1590;20.5;202;
4579;2026.04.27 07:45;4;8.6875;9;14.3125;1590;20.5;202;
4580;2026.04.27 08:00;4;8.6875;9;15.5;1590;20.5;202;
4581;2026.04.27 08:15;4;8.6875;9;17.0625;1590;20.5;202;
4582;2026.04.27 08:30;4;8.6875;9;17.875;1590;20.5;202;
4583;2026.04.27 08:45;4;8.6875;8.9375;19.25;1590;20.5;202;
4584;2026.04.27 09:00;4;8.6875;8.9375;19.5;1590;20.5;202;
4585;2026.04.27 09:15;4;8.6875;8.875;20.25;1590;20.5;202;
4586;2026.04.27 09:30;4;8.6875;8.9375;20.875;1590;20.5;202;
4587;2026.04.27 09:45;4;8.625;8.875;21.375;1590;20.5;202;
4588;2026.04.27 10:00;4;8.625;8.875;22.375;1589;20.5;202;
4589;2026.04.27 10:15;4;8.625;8.875;22.1875;1590;20.5;202;
4590;2026.04.27 10:30;4;8.625;8.875;22.5;1590;20.5;202;
4591;2026.04.27 10:45;4;8.625;8.875;22.875;1590;20.5;202;
4592;2026.04.27 11:00;4;8.625;8.875;23.875;1590;20.5;202;
4593;2026.04.27 11:15;4;8.625;8.875;24.25;1590;20.5;202;
4594;2026.04.27 11:30;4;8.625;8.875;24.375;1590;20.5;202;
4595;2026.04.27 11:45;4;8.625;8.875;24.4375;1590;20.5;202;
4596;2026.04.27 12:00;4;8.625;8.875;25.3125;1590;20.5;202;
4597;2026.04.27 12:15;4;8.625;8.875;25.0625;1590;20.5;202;
4598;2026.04.27 12:30;4;8.625;8.8125;25.4375;1590;20.5;202;
4599;2026.04.27 12:45;4;8.625;8.8125;25.5;1590;20.5;202;
4600;2026.04.27 13:00;4;8.625;8.8125;25.625;1590;20.5;202;
4601;2026.04.27 13:15;4;8.625;8.875;25.375;1590;20.5;202;
4602;2026.04.27 13:30;4;8.625;8.875;25.6875;1590;20.5;202;
4603;2026.04.27 13:45;4;8.625;8.875;25.875;1590;20.5;202;
4604;2026.04.27 14:00;4;8.625;8.875;23.25;1590;20.5;202;
4605;2026.04.27 14:15;4;8.625;8.8125;21.25;1590;20.5;202;
4606;2026.04.27 14:30;4;8.625;8.875;20.5;1590;20.5;202;
4607;2026.04.27 14:45;4;8.625;8.8125;19.25;1590;20.5;202;
4608;2026.04.27 15:00;4;8.625;8.8125;19.0625;1590;20.5;202;
4609;2026.04.27 15:15;4;8.625;8.875;19.25;1590;20.5;202;
4610;2026.04.27 15:30;4;8.625;8.8125;18.5;1590;20.5;202;
4611;2026.04.27 15:45;4;8.625;8.875;18.125;1590;20.5;202;
4612;2026.04.27 16:00;4;8.625;8.875;17.25;1590;20.5;202;
4613;2026.04.27 16:15;4;8.625;8.875;16.875;1590;20.5;202;
4614;2026.04.27 16:30;4;8.625;8.875;16.25;1590;20.5;202;
4615;2026.04.27 16:45;4;8.625;8.875;15.4375;1590;20.5;202;
4616;2026.04.27 17:00;4;8.625;8.875;14.75;1590;20.5;202;
4617;2026.04.27 17:15;4;8.625;8.875;14.125;1590;20.5;202;
4618;2026.04.27 17:30;4;8.625;8.875;13.25;1590;20.5;202;
4619;2026.04.27 17:45;4;8.625;8.9375;12.5;1590;20.5;202;
4620;2026.04.27 18:00;4;8.625;8.9375;11.625;1590;20.5;202;
4621;2026.04.27 18:15;4;8.625;8.9375;11.5;1590;20.5;202;
4622;2026.04.27 18:30;4;8.625;9;10.625;1590;20.5;202;
4623;2026.04.27 18:45;4;8.625;9;10.5;1590;20.5;202;
4624;2026.04.27 19:00;4;8.625;9;10.375;1590;20.5;202;
4625;2026.04.27 19:15;4;8.625;9;10;1590;20.5;202;
4626;2026.04.27 19:30;4;8.625;9;9.5;1590;20.5;202;
4627;2026.04.27 19:45;4;8.625;9;8.625;1590;20.5;202;
4628;2026.04.27 20:00;4;8.625;9;8.1875;1590;20.5;202;
4629;2026.04.27 20:15;4;8.625;9;8.6875;1590;20.5;202;
4630;2026.04.27 20:30;4;8.625;9.0625;8.375;1590;20.5;202;
4631;2026.04.27 20:45;4;8.625;9.0625;7.625;1590;20.5;202;
4632;2026.04.27 21:00;4;8.625;9.125;7.125;1590;20.5;202;
4633;2026.04.27 21:15;4;8.6875;9.125;5;1590;20.5;202;
4634;2026.04.27 21:30;4;8.6875;9.125;5.125;1590;20.5;202;
4635;2026.04.27 21:45;4;8.6875;9.125;5.125;1590;20.5;202;
4636;2026.04.27 22:00;4;8.6875;9.125;4.1875;1590;20.5;202;
4637;2026.04.27 22:15;4;8.6875;9.125;3.125;1590;20.5;202;
4638;2026.04.27 22:30;4;8.75;9.125;1.8125;1590;20.5;202;
4639;2026.04.27 22:45;4;8.75;9.125;1.25;1590;20.5;202;
4640;2026.04.27 23:00;4;8.75;9.125;1.25;1590;20.5;202;
4641;2026.04.27 23:15;4;8.75;9.1875;1;1590;20.5;202;
4642;2026.04.27 23:30;4;8.75;9.1875;0.8125;1591;20.5;202;
4643;2026.04.27 23:45;4;8.75;9.1875;0.875;1591;20.5;202;
4644;2026.04.28 00:00;4;8.75;9.1875;1;1591;20.5;202;
4645;2026.04.28 00:15;4;8.75;9.1875;0.75;1591;20.5;202;
4646;2026.04.28 00:30;4;8.75;9.1875;1.125;1591;20.5;202;
4647;2026.04.28 00:45;4;8.75;9.25;0.8125;1591;20.5;202;
4648;2026.04.28 01:00;4;8.75;9.25;0.4375;1591;20.5;202;
4649;2026.04.28 01:15;4;8.75;9.25;0.375;1591;20.5;202;
4650;2026.04.28 01:30;4;8.75;9.25;0.25;1591;20.5;202;
4651;2026.04.28 01:45;4;8.75;9.25;0.3125;1591;20.5;202;
4652;2026.04.28 02:00;4;8.75;9.25;0;1591;20.5;202;
4653;2026.04.28 02:15;4;8.75;9.25;-0.0625;1591;20.5;202;
4654;2026.04.28 02:30;4;8.75;9.25;-0.375;1591;20.5;202;
4655;2026.04.28 02:45;4;8.75;9.25;-0.8125;1591;20.5;202;
4656;2026.04.28 03:00;4;8.75;9.25;-1.0625;1591;20.5;202;
4657;2026.04.28 03:15;4;8.8125;9.25;-0.5;1591;20.5;202;
4658;2026.04.28 03:30;4;8.8125;9.25;-0.0625;1591;20.5;202;
4659;2026.04.28 03:45;4;8.8125;9.25;0.375;1591;20.5;202;
4660;2026.04.28 04:00;4;8.8125;9.25;0.875;1591;20.5;202;
4661;2026.04.28 04:15;4;8.8125;9.25;1.25;1591;20.5;202;
4662;2026.04.28 04:30;4;8.8125;9.25;1.75;1591;20.5;202;
4663;2026.04.28 04:45;4;8.8125;9.25;2.5625;1591;20.5;202;
4664;2026.04.28 05:00;4;8.8125;9.25;3.5;1591;20.5;202;
4665;2026.04.28 05:15;4;8.8125;9.25;4.5;1591;20.5;202;
4666;2026.04.28 05:30;4;8.8125;9.25;5.5625;1591;20.5;202;
4667;2026.04.28 05:45;4;8.8125;9.25;6.75;1591;20.5;202;
4668;2026.04.28 06:00;4;8.8125;9.25;7.8125;1591;20.5;202;
4669;2026.04.28 06:15;4;8.8125;9.25;7.9375;1591;20.5;202;
4670;2026.04.28 06:30;4;8.875;9.25;8.9375;1591;20.5;202;
4671;2026.04.28 06:45;4;8.8125;9.25;12.25;1591;20.5;202;
4672;2026.04.28 07:00;4;8.8125;9.1875;13.5;1591;20.5;202;
4673;2026.04.28 07:15;4;8.8125;9.1875;13.875;1591;20.5;202;
4674;2026.04.28 07:30;4;8.875;9.1875;14.875;1591;20.5;202;
4675;2026.04.28 07:45;4;8.875;9.1875;15.5;1591;20.5;202;
4676;2026.04.28 08:00;4;8.8125;9.1875;16;1591;20.5;202;
4677;2026.04.28 08:15;4;8.8125;9.125;17.375;1591;20.5;202;
4678;2026.04.28 08:30;4;8.875;9.125;18.375;1591;20.5;202;
4679;2026.04.28 08:45;4;8.8125;9.125;19.25;1591;20.5;202;
4680;2026.04.28 09:00;4;8.8125;9.125;20;1591;20.5;202;
4681;2026.04.28 09:15;4;8.8125;9.125;20.375;1591;20.5;202;
4682;2026.04.28 09:30;4;8.8125;9.125;19.9375;1591;20.5;202;
4683;2026.04.28 09:45;4;8.8125;9.125;21.125;1591;20.5;202;
4684;2026.04.28 10:00;4;8.8125;9.125;22;1591;20.5;202;
4685;2026.04.28 10:15;4;8.8125;9.125;22.75;1591;20.5;202;
4686;2026.04.28 10:30;4;8.8125;9.125;22.625;1591;20.5;202;
4687;2026.04.28 10:45;4;8.8125;9.125;23.75;1591;20.5;202;
4688;2026.04.28 11:00;4;8.8125;9.125;25.125;1591;20.5;202;
4689;2026.04.28 11:15;4;8.8125;9.125;24.9375;1591;20.5;202;
4690;2026.04.28 11:30;4;8.8125;9.125;25.125;1591;20.5;202;
4691;2026.04.28 11:45;4;8.8125;9.125;25.5625;1591;20.5;202;
4692;2026.04.28 12:00;4;8.8125;9.125;25.75;1591;20.5;202;
4693;2026.04.28 12:15;4;8.8125;9.0625;25.625;1591;20.5;202;
4694;2026.04.28 12:30;4;8.8125;9.0625;25.875;1591;20.5;202;
4695;2026.04.28 12:45;4;8.75;9.0625;26;1591;20.5;202;
4696;2026.04.28 13:00;4;8.8125;9.125;26.0625;1591;20.5;202;
4697;2026.04.28 13:15;4;8.75;9;25.9375;1591;20.5;202;
4698;2026.04.28 13:30;4;8.75;9.0625;25.75;1591;20.5;202;
4699;2026.04.28 13:45;4;8.75;9.0625;24.75;1592;20.6;202;
4700;2026.04.28 14:00;4;8.75;9.0625;25.5;1592;20.6;202;
4701;2026.04.28 14:15;4;8.75;9.0625;22.5;1592;20.6;202;
4702;2026.04.28 14:30;4;8.75;9.125;21.125;1592;20.6;202;
4703;2026.04.28 14:45;4;8.75;9.0625;18.75;1592;20.6;202;
4704;2026.04.28 15:00;4;8.75;9.125;18.25;1592;20.6;202;
4705;2026.04.28 15:15;4;8.75;9.125;18.75;1592;20.6;202;
4706;2026.04.28 15:30;4;8.75;9.125;17.125;1592;20.6;202;
4707;2026.04.28 15:45;4;8.75;9.125;16.5;1592;20.6;202;
4708;2026.04.28 16:00;4;8.75;9.125;16.4375;1592;20.6;202;
4709;2026.04.28 16:15;4;8.75;9.125;16.5;1592;20.6;202;
4710;2026.04.28 16:30;4;8.75;9.125;15.5;1592;20.6;202;
4711;2026.04.28 16:45;4;8.75;9.125;15;1592;20.6;202;
4712;2026.04.28 17:00;4;8.75;9.125;14.5625;1592;20.6;202;
4713;2026.04.28 17:15;4;8.8125;9.125;14.0625;1592;20.6;202;
4714;2026.04.28 17:30;4;8.8125;9.125;13.5;1592;20.6;202;
4715;2026.04.28 17:45;4;8.8125;9.1875;12.75;1592;20.6;202;
4716;2026.04.28 18:00;4;8.8125;9.1875;12.3125;1592;20.6;202;
4717;2026.04.28 18:15;4;8.8125;9.1875;11.875;1592;20.6;202;
4718;2026.04.28 18:30;4;8.8125;9.25;11.375;1592;20.6;202;
4719;2026.04.28 18:45;4;8.8125;9.25;10.8125;1592;20.6;202;
4720;2026.04.28 19:00;4;8.8125;9.25;10.125;1592;20.6;202;
4721;2026.04.28 19:15;4;8.8125;9.25;9.75;1592;20.6;202;
4722;2026.04.28 19:30;4;8.8125;9.25;9;1592;20.6;202;
4723;2026.04.28 19:45;4;8.875;9.25;8.1875;1592;20.6;202;
4724;2026.04.28 20:00;4;8.875;9.25;7.9375;1592;20.6;202;
4725;2026.04.28 20:15;4;8.875;9.25;7.375;1592;20.6;202;
4726;2026.04.28 20:30;4;8.875;9.3125;8;1592;20.6;202;
4727;2026.04.28 20:45;4;8.875;9.3125;8.25;1592;20.6;202;
4728;2026.04.28 21:00;4;8.875;9.3125;8;1592;20.6;202;
4729;2026.04.28 21:15;4;8.875;9.375;7.375;1592;20.6;202;
4730;2026.04.28 21:30;4;8.875;9.375;6.875;1592;20.6;202;
4731;2026.04.28 21:45;4;8.875;9.375;6.0625;1592;20.6;202;
4732;2026.04.28 22:00;4;8.875;9.375;5.75;1592;20.6;202;
4733;2026.04.28 22:15;4;8.875;9.375;5.875;1592;20.6;202;
4734;2026.04.28 22:30;4;8.875;9.375;5.5;1592;20.6;202;
4735;2026.04.28 22:45;4;8.875;9.375;4.875;1592;20.6;202;
4736;2026.04.28 23:00;4;8.875;9.375;3.625;1592;20.6;202;
4737;2026.04.28 23:15;4;8.875;9.375;3.75;1592;20.6;202;
4738;2026.04.28 23:30;4;8.875;9.375;3.375;1592;20.6;202;
4739;2026.04.28 23:45;4;8.875;9.375;3.125;1592;20.6;202;
4740;2026.04.29 00:00;4;8.875;9.375;3.75;1592;20.6;202;
4741;2026.04.29 00:15;4;8.9375;9.4375;3.625;1592;20.6;202;
4742;2026.04.29 00:30;4;8.9375;9.4375;3.5;1592;20.6;202;
4743;2026.04.29 00:45;4;8.9375;9.4375;3.625;1592;20.6;202;
4744;2026.04.29 01:00;4;8.9375;9.4375;3.125;1592;20.6;202;
4745;2026.04.29 01:15;4;8.9375;9.4375;2.875;1592;20.6;202;
4746;2026.04.29 01:30;4;9;9.4375;2.125;1592;20.6;202;
4747;2026.04.29 01:45;4;9;9.4375;1.5;1592;20.6;202;
4748;2026.04.29 02:00;4;9;9.4375;0.875;1593;20.6;202;
4749;2026.04.29 02:15;4;9;9.4375;0.6875;1592;20.6;202;
4750;2026.04.29 02:30;4;9;9.4375;-0.375;1593;20.6;202;
4751;2026.04.29 02:45;4;9;9.4375;-1.875;1593;20.6;202;
4752;2026.04.29 03:00;4;9;9.4375;-2.4375;1593;20.6;202;
4753;2026.04.29 03:15;4;9;9.4375;-2.625;1593;20.6;202;
4754;2026.04.29 03:30;4;9;9.4375;-2.625;1593;20.6;202;
4755;2026.04.29 03:45;4;9;9.4375;-3;1593;20.6;202;
4756;2026.04.29 04:00;4;9;9.4375;-2.9375;1593;20.6;202;
4757;2026.04.29 04:15;4;9;9.4375;-3;1593;20.6;202;
4758;2026.04.29 04:30;4;9;9.4375;-2.375;1593;20.6;202;
4759;2026.04.29 04:45;4;9;9.4375;-1.6875;1593;20.6;202;
4760;2026.04.29 05:00;4;9;9.4375;-0.875;1593;20.6;202;
4761;2026.04.29 05:15;4;9;9.4375;0.375;1593;20.6;202;
4762;2026.04.29 05:30;4;9;9.4375;4.125;1593;20.6;202;
4763;2026.04.29 05:45;4;9;9.375;6.6875;1593;20.6;202;
4764;2026.04.29 06:00;4;9;9.375;7.25;1593;20.6;202;
4765;2026.04.29 06:15;4;9;9.375;6.5;1593;20.6;202;
4766;2026.04.29 06:30;4;9;9.375;6.9375;1593;20.6;202;
4767;2026.04.29 06:45;4;9;9.375;10.375;1593;20.6;202;
4768;2026.04.29 07:00;4;9;9.375;12.1875;1593;20.6;202;
4769;2026.04.29 07:15;4;9;9.375;12.125;1593;20.6;202;
4770;2026.04.29 07:30;4;9;9.375;12.75;1593;20.6;202;
4771;2026.04.29 07:45;4;9;9.375;14.0625;1593;20.6;202;
4772;2026.04.29 08:00;4;9;9.375;14.6875;1593;20.6;202;
4773;2026.04.29 08:15;4;9;9.375;16.375;1593;20.6;202;
4774;2026.04.29 08:30;4;9;9.375;16.75;1593;20.6;202;
4775;2026.04.29 08:45;4;9;9.375;17.75;1593;20.6;202;
4776;2026.04.29 09:00;4;9;9.375;18.1875;1593;20.6;202;
4777;2026.04.29 09:15;4;9;9.375;18.3125;1593;20.6;202;
4778;2026.04.29 09:30;4;9;9.3125;19.5;1593;20.6;202;
4779;2026.04.29 09:45;4;9;9.3125;20.25;1593;20.6;202;
4780;2026.04.29 10:00;4;9;9.3125;19.875;1593;20.6;202;
4781;2026.04.29 10:15;4;9;9.25;19.625;1593;20.6;202;
4782;2026.04.29 10:30;4;9;9.25;20.1875;1593;20.6;202;
4783;2026.04.29 10:45;4;9;9.25;20.875;1593;20.6;202;
4784;2026.04.29 11:00;4;9;9.25;21.5;1593;20.6;202;
4785;2026.04.29 11:15;4;9;9.25;21.625;1593;20.6;202;
4786;2026.04.29 11:30;4;9;9.25;21.375;1593;20.6;202;
4787;2026.04.29 11:45;4;9;9.25;21.375;1593;20.6;202;
4788;2026.04.29 12:00;4;9;9.25;21.6875;1593;20.6;202;
4789;2026.04.29 12:15;4;9;9.25;22.5;1593;20.6;202;
4790;2026.04.29 12:30;4;9;9.25;22.1875;1593;20.6;202;
4791;2026.04.29 12:45;4;9;9.25;21.875;1593;20.6;202;
4792;2026.04.29 13:00;4;8.9375;9.1875;22.0625;1593;20.6;202;
4793;2026.04.29 13:15;4;8.9375;9.25;21.25;1593;20.6;202;
4794;2026.04.29 13:30;4;9;9.25;21.0625;1593;20.6;202;
4795;2026.04.29 13:45;4;8.9375;9.1875;21.625;1593;20.6;202;
4796;2026.04.29 14:00;4;8.9375;9.1875;21.25;1593;20.6;202;
4797;2026.04.29 14:15;4;8.9375;9.1875;19.875;1593;20.6;202;
4798;2026.04.29 14:30;4;8.9375;9.25;16.75;1593;20.6;202;
4799;2026.04.29 14:45;4;8.9375;9.25;14.6875;1593;20.6;202;
4800;2026.04.29 15:00;4;8.9375;9.1875;14.5625;1593;20.6;202;
4801;2026.04.29 15:15;4;8.9375;9.1875;15.5;1593;20.6;202;
4802;2026.04.29 15:30;4;8.9375;9.25;13.5;1593;20.6;202;
4803;2026.04.29 15:45;4;8.9375;9.25;12.125;1593;20.6;202;
4804;2026.04.29 16:00;4;8.9375;9.25;12.0625;1593;20.6;202;
4805;2026.04.29 16:15;4;8.9375;9.25;12.125;1593;20.6;202;
4806;2026.04.29 16:30;4;8.9375;9.25;10.9375;1593;20.6;202;
4807;2026.04.29 16:45;4;8.9375;9.25;10.125;1593;20.6;202;
4808;2026.04.29 17:00;4;8.9375;9.25;9.5;1593;20.6;202;
4809;2026.04.29 17:15;4;8.9375;9.25;8.75;1593;20.6;202;
4810;2026.04.29 17:30;4;8.9375;9.25;8.125;1593;20.6;202;
4811;2026.04.29 17:45;4;8.9375;9.25;7.4375;1593;20.6;202;
4812;2026.04.29 18:00;4;8.9375;9.25;6.5;1593;20.6;202;
4813;2026.04.29 18:15;4;8.9375;9.3125;5.75;1593;20.6;202;
4814;2026.04.29 18:30;4;8.9375;9.3125;5.75;1593;20.6;202;
4815;2026.04.29 18:45;4;8.9375;9.3125;5.375;1593;20.6;202;
4816;2026.04.29 19:00;4;8.9375;9.375;4.75;1593;20.6;202;
4817;2026.04.29 19:15;4;8.9375;9.375;4.5;1593;20.6;202;
4818;2026.04.29 19:30;4;8.9375;9.375;3.9375;1593;20.6;202;
4819;2026.04.29 19:45;4;9;9.375;4.25;1593;20.6;202;
4820;2026.04.29 20:00;4;9;9.375;4;1593;20.6;202;
4821;2026.04.29 20:15;4;9;9.375;3.5;1593;20.6;202;
4822;2026.04.29 20:30;4;9;9.375;3.125;1593;20.6;202;
4823;2026.04.29 20:45;4;9;9.375;2.5;1593;20.6;202;
4824;2026.04.29 21:00;4;9;9.375;1.375;1593;20.6;202;
4825;2026.04.29 21:15;4;9;9.375;1.25;1593;20.6;202;
4826;2026.04.29 21:30;4;9;9.375;0.4375;1593;20.6;202;
4827;2026.04.29 21:45;4;9;9.375;0;1593;20.6;202;
4828;2026.04.29 22:00;4;9;9.4375;-0.25;1593;20.6;202;
4829;2026.04.29 22:15;4;9;9.4375;0;1593;20.6;202;
4830;2026.04.29 22:30;4;9;9.4375;-0.25;1593;20.6;202;
4831;2026.04.29 22:45;4;9;9.4375;-1.3125;1593;20.6;202;
4832;2026.04.29 23:00;4;9;9.4375;-2.625;1593;20.6;202;
4833;2026.04.29 23:15;4;9;9.4375;-3;1593;20.6;202;
4834;2026.04.29 23:30;4;9;9.4375;-2.75;1593;20.6;202;
4835;2026.04.29 23:45;4;9;9.4375;-2.875;1593;20.6;202;
4836;2026.04.30 00:00;4;9;9.4375;-2.9375;1593;20.6;202;
4837;2026.04.30 00:15;4;9;9.4375;-2.5;1593;20.6;202;
4838;2026.04.30 00:30;4;9;9.5;-2.9375;1593;20.6;202;
4839;2026.04.30 00:45;4;9;9.5;-3.4375;1593;20.6;202;
4840;2026.04.30 01:00;4;9;9.5;-3;1593;20.6;202;
4841;2026.04.30 01:15;4;9;9.5;-2.125;1593;20.6;202;
4842;2026.04.30 01:30;4;9;9.4375;-2.75;1593;20.6;202;
4843;2026.04.30 01:45;4;9.0625;9.4375;-3.8125;1593;20.6;202;
4844;2026.04.30 02:00;4;9.0625;9.4375;-5.0625;1593;20.6;202;
4845;2026.04.30 02:15;4;9;9.4375;-5.625;1594;20.6;202;
4846;2026.04.30 02:30;4;9.0625;9.4375;-5.375;1594;20.6;202;
4847;2026.04.30 02:45;4;9;9.4375;-6.5;1594;20.6;202;
4848;2026.04.30 03:00;4;9.0625;9.4375;-7.125;1594;20.6;202;
4849;2026.04.30 03:15;4;9.0625;9.4375;-7.5;1594;20.6;202;
4850;2026.04.30 03:30;4;9.0625;9.4375;-7.3125;1594;20.6;202;
4851;2026.04.30 03:45;4;9.0625;9.375;-7.1875;1594;20.6;202;
4852;2026.04.30 04:00;4;9.0625;9.375;-7.25;1594;20.6;202;
4853;2026.04.30 04:15;4;9.0625;9.375;-7.125;1594;20.6;202;
4854;2026.04.30 04:30;4;9.0625;9.375;-6.375;1594;20.6;202;
4855;2026.04.30 04:45;4;9.0625;9.375;-5.375;1594;20.6;202;
4856;2026.04.30 05:00;4;9.0625;9.375;-4.9375;1594;20.6;202;
4857;2026.04.30 05:15;4;9.0625;9.375;-4.0625;1594;20.6;202;
4858;2026.04.30 05:30;4;9.0625;9.375;-0.375;1594;20.6;202;
4859;2026.04.30 05:45;4;9.0625;9.375;3.125;1594;20.6;202;
4860;2026.04.30 06:00;4;9.0625;9.375;3.75;1594;20.6;202;
4861;2026.04.30 06:15;4;9.0625;9.375;2.5625;1594;20.6;202;
4862;2026.04.30 06:30;4;9;9.375;3.4375;1594;20.6;202;
4863;2026.04.30 06:45;4;9;9.3125;7.125;1594;20.6;202;
4864;2026.04.30 07:00;4;9;9.3125;9.9375;1594;20.6;202;
4865;2026.04.30 07:15;4;9;9.25;10.625;1594;20.6;202;
4866;2026.04.30 07:30;4;9;9.25;11.875;1594;20.6;202;
4867;2026.04.30 07:45;4;9;9.25;12;1594;20.6;202;
4868;2026.04.30 08:00;4;9;9.25;12.4375;1594;20.6;202;
4869;2026.04.30 08:15;4;9;9.25;14.875;1594;20.6;202;
4870;2026.04.30 08:30;4;9;9.25;15.25;1594;20.6;202;
4871;2026.04.30 08:45;4;9;9.25;15.875;1594;20.6;202;
4872;2026.04.30 09:00;4;9;9.25;16.5625;1594;20.6;202;
4873;2026.04.30 09:15;4;9;9.1875;17.1875;1594;20.6;202;
4874;2026.04.30 09:30;4;9;9.1875;18.375;1594;20.6;202;
4875;2026.04.30 09:45;4;9;9.125;18.25;1594;20.6;202;
4876;2026.04.30 10:00;4;9;9.125;17.875;1594;20.6;202;
4877;2026.04.30 10:15;4;9;9.125;18.75;1594;20.6;202;
4878;2026.04.30 10:30;4;9;9.125;19.25;1594;20.6;202;
4879;2026.04.30 10:45;4;9;9.125;19.5;1594;20.6;202;
4880;2026.04.30 11:00;4;9;9.125;20;1594;20.6;202;
4881;2026.04.30 11:15;4;9;9.125;20.125;1594;20.6;202;
4882;2026.04.30 11:30;4;9;9.125;19.875;1594;20.6;202;
4883;2026.04.30 11:45;4;9;9.125;20.9375;1594;20.6;202;
4884;2026.04.30 12:00;4;8.9375;9.125;21.375;1594;20.6;202;
4885;2026.04.30 12:15;4;8.9375;9.0625;21.1875;1594;20.6;202;
4886;2026.04.30 12:30;4;8.9375;9.0625;21.5625;1594;20.6;202;
4887;2026.04.30 12:45;4;8.9375;9.0625;21;1594;20.6;202;
4888;2026.04.30 13:00;4;8.9375;9.0625;21.5;1594;20.6;202;
4889;2026.04.30 13:15;4;8.9375;9.0625;21.625;1594;20.6;202;
4890;2026.04.30 13:30;4;8.875;9;22;1594;20.6;202;
4891;2026.04.30 13:45;4;8.875;9;21.625;1594;20.6;202;
4892;2026.04.30 14:00;4;8.875;9;21.125;1594;20.6;202;
4893;2026.04.30 14:15;4;8.875;9;19.625;1594;20.6;202;
4894;2026.04.30 14:30;4;8.875;9;17.625;1594;20.6;202;
4895;2026.04.30 14:45;4;8.875;9;14.25;1594;20.6;202;
4896;2026.04.30 15:00;4;8.875;9;13.6875;1594;20.6;202;
4897;2026.04.30 15:15;4;8.875;9;14.75;1594;20.6;202;
4898;2026.04.30 15:30;4;8.875;9;13;1594;20.6;202;
4899;2026.04.30 15:45;4;8.875;9;12.125;1594;20.6;202;
4900;2026.04.30 16:00;4;8.875;9;12;1594;20.6;202;
4901;2026.04.30 16:15;4;8.875;9;12.375;1594;20.6;202;
4902;2026.04.30 16:30;4;8.875;9.0625;11.25;1594;20.6;202;
4903;2026.04.30 16:45;4;8.875;9.0625;10.625;1594;20.6;202;
4904;2026.04.30 17:00;4;8.875;9.0625;10;1594;20.6;202;
4905;2026.04.30 17:15;4;8.875;9.0625;9.875;1594;20.6;202;
4906;2026.04.30 17:30;4;8.875;9.0625;9.0625;1594;20.6;202;
4907;2026.04.30 17:45;4;8.875;9.125;7.875;1594;20.6;202;
4908;2026.04.30 18:00;4;8.875;9.125;6.5;1594;20.6;202;
4909;2026.04.30 18:15;4;8.875;9.125;4.75;1594;20.6;202;
4910;2026.04.30 18:30;4;8.875;9.125;3.875;1594;20.6;202;
4911;2026.04.30 18:45;4;8.875;9.125;3.75;1594;20.6;202;
4912;2026.04.30 19:00;4;8.875;9.125;3.5;1594;20.6;202;
4913;2026.04.30 19:15;4;8.875;9.125;2.875;1594;20.6;202;
4914;2026.04.30 19:30;4;8.875;9.125;2.625;1594;20.6;202;
4915;2026.04.30 19:45;4;8.875;9.1875;2.125;1594;20.6;202;
4916;2026.04.30 20:00;4;8.875;9.1875;1.75;1594;20.6;202;
4917;2026.04.30 20:15;4;8.875;9.1875;1.5;1594;20.6;202;
4918;2026.04.30 20:30;4;8.875;9.125;1.8125;1594;20.6;202;
4919;2026.04.30 20:45;4;8.875;9.25;1.75;1594;20.6;202;
4920;2026.04.30 21:00;4;8.875;9.25;1.5625;1594;20.6;202;
4921;2026.04.30 21:15;4;8.875;9.25;1.1875;1594;20.6;202;
4922;2026.04.30 21:30;4;8.875;9.25;0.625;1594;20.6;202;
4923;2026.04.30 21:45;4;8.875;9.25;0.0625;1594;20.6;202;
4924;2026.04.30 22:00;4;8.875;9.25;0.0625;1594;20.6;202;
4925;2026.04.30 22:15;4;8.875;9.25;-0.5;1594;20.6;202;
4926;2026.04.30 22:30;4;8.9375;9.25;-0.6875;1594;20.6;202;
4927;2026.04.30 22:45;4;8.9375;9.25;-0.625;1594;20.6;202;
4928;2026.04.30 23:00;4;8.9375;9.25;-0.375;1594;20.6;202;
4929;2026.04.30 23:15;4;8.9375;9.25;-0.625;1594;20.6;202;
4930;2026.04.30 23:30;4;8.9375;9.25;-0.625;1594;20.6;202;
4931;2026.04.30 23:45;4;8.9375;9.25;-1.1875;1594;20.6;202;
4932;2026.05.01 00:00;4;8.9375;9.25;-1.5;1594;20.6;202;
4933;2026.05.01 00:15;4;8.9375;9.25;-1.5;1594;20.6;202;
4934;2026.05.01 00:30;4;8.9375;9.25;-1.6875;1594;20.6;202;
4935;2026.05.01 00:45;4;8.9375;9.25;-1.8125;1594;20.6;202;
4936;2026.05.01 01:00;4;8.9375;9.25;-1.5;1594;20.6;202;
4937;2026.05.01 01:15;4;9;9.25;-1.4375;1594;20.6;202;
4938;2026.05.01 01:30;4;8.9375;9.25;-1.75;1594;20.6;202;
4939;2026.05.01 01:45;4;9;9.25;-2;1594;20.6;202;
4940;2026.05.01 02:00;4;9;9.25;-2.125;1594;20.6;202;
4941;2026.05.01 02:15;4;9;9.25;-2.25;1594;20.6;202;
4942;2026.05.01 02:30;4;9;9.25;-2.5;1594;20.6;202;
4943;2026.05.01 02:45;4;9;9.25;-2.6875;1594;20.6;202;
4944;2026.05.01 03:00;4;9;9.25;-3;1594;20.6;202;
4945;2026.05.01 03:15;4;9;9.25;-3;1594;20.6;202;
4946;2026.05.01 03:30;4;9;9.25;-3.0625;1594;20.6;202;
4947;2026.05.01 03:45;4;9;9.25;-3.25;1594;20.6;202;
4948;2026.05.01 04:00;4;9;9.25;-3.25;1594;20.6;202;
4949;2026.05.01 04:15;4;9;9.25;-3.0625;1594;20.6;202;
4950;2026.05.01 04:30;4;9;9.25;-2.625;1594;20.6;202;
4951;2026.05.01 04:45;4;9;9.25;-2.3125;1594;20.6;202;
4952;2026.05.01 05:00;4;9;9.25;-1.625;1594;20.6;202;
4953;2026.05.01 05:15;4;9;9.1875;-0.1875;1594;20.6;202;
4954;2026.05.01 05:30;4;9;9.1875;3.75;1594;20.6;202;
4955;2026.05.01 05:45;4;9;9.1875;6.5;1594;20.6;202;
4956;2026.05.01 06:00;4;9;9.1875;6.5625;1594;20.6;202;
4957;2026.05.01 06:15;4;9;9.125;6;1594;20.6;202;
4958;2026.05.01 06:30;4;9;9.125;7.375;1594;20.6;202;
4959;2026.05.01 06:45;4;9;9.125;9.9375;1594;20.6;202;
4960;2026.05.01 07:00;4;8.9375;9.125;11.75;1594;20.6;202;
4961;2026.05.01 07:15;4;8.9375;9.125;13.5;1594;20.6;202;
4962;2026.05.01 07:30;4;8.9375;9.125;15.0625;1594;20.6;202;
4963;2026.05.01 07:45;4;8.9375;9.125;15.75;1594;20.6;202;
4964;2026.05.01 08:00;4;8.9375;9.125;15.25;1594;20.6;202;
4965;2026.05.01 08:15;4;8.9375;9.125;18.25;1594;20.6;202;
4966;2026.05.01 08:30;4;8.9375;9.125;20;1594;20.6;202;
4967;2026.05.01 08:45;4;8.9375;9.125;22;1594;20.6;202;
4968;2026.05.01 09:00;4;8.9375;9.125;22.0625;1594;20.6;202;
4969;2026.05.01 09:15;4;8.9375;9.0625;22.75;1594;20.6;202;
4970;2026.05.01 09:30;4;8.9375;9.0625;23.625;1594;20.6;202;
4971;2026.05.01 09:45;4;8.875;9.0625;23.25;1594;20.6;202;
4972;2026.05.01 10:00;4;8.875;9.0625;23.75;1594;20.6;202;
4973;2026.05.01 10:15;4;8.875;9;23.875;1594;20.6;202;
4974;2026.05.01 10:30;4;8.875;9;25.125;1594;20.6;202;
4975;2026.05.01 10:45;4;8.875;9;25.25;1594;20.6;202;
4976;2026.05.01 11:00;4;8.875;9;26.125;1594;20.6;202;
4977;2026.05.01 11:15;4;8.875;9;26.625;1594;20.6;202;
4978;2026.05.01 11:30;4;8.875;9;26.875;1594;20.6;202;
4979;2026.05.01 11:45;4;8.875;9;24.6875;1594;20.6;202;
4980;2026.05.01 12:00;4;8.875;9;24.5625;1595;20.6;202;
4981;2026.05.01 12:15;4;8.875;9;27.0625;1594;20.6;202;
4982;2026.05.01 12:30;4;8.875;9;27;1594;20.6;202;
4983;2026.05.01 12:45;4;8.875;9;27.25;1594;20.6;202;
4984;2026.05.01 13:00;4;8.875;9;26.625;1594;20.6;202;
4985;2026.05.01 13:15;4;8.875;9;27.25;1594;20.6;202;
4986;2026.05.01 13:30;4;8.875;9;27.125;1594;20.6;202;
4987;2026.05.01 13:45;4;8.875;9;27.6875;1594;20.6;202;
4988;2026.05.01 14:00;4;8.875;9;26.25;1594;20.6;202;
4989;2026.05.01 14:15;4;8.875;9;26.375;1594;20.6;202;
4990;2026.05.01 14:30;4;8.875;9;24.375;1594;20.6;202;
4991;2026.05.01 14:45;4;8.875;9;20.9375;1594;20.6;202;
4992;2026.05.01 15:00;4;8.875;9;20.375;1594;20.6;202;
4993;2026.05.01 15:15;4;8.875;9;21.125;1594;20.6;202;
4994;2026.05.01 15:30;4;8.875;9;18.875;1594;20.6;202;
4995;2026.05.01 15:45;4;8.875;9;18;1594;20.6;202;
4996;2026.05.01 16:00;4;8.875;9;17.6875;1594;20.6;202;
4997;2026.05.01 16:15;4;8.875;9;17.8125;1594;20.6;202;
4998;2026.05.01 16:30;4;8.875;9;16.6875;1594;20.6;202;
4999;2026.05.01 16:45;4;8.875;9.0625;15.75;1595;20.6;202;
5000;2026.05.01 17:00;4;8.875;9.0625;14.375;1595;20.6;202;
5001;2026.05.01 17:15;4;8.875;9.0625;14;1594;20.6;202;
5002;2026.05.01 17:30;4;8.875;9.125;12.875;1595;20.6;202;
5003;2026.05.01 17:45;4;8.875;9.125;11.5;1595;20.6;202;
5004;2026.05.01 18:00;4;8.875;9.125;10.25;1595;20.6;202;
5005;2026.05.01 18:15;4;8.875;9.125;9.625;1595;20.6;202;
5006;2026.05.01 18:30;4;8.875;9.125;8.875;1595;20.6;202;
5007;2026.05.01 18:45;4;8.875;9.125;8.625;1595;20.6;202;
5008;2026.05.01 19:00;4;8.875;9.1875;8.3125;1595;20.6;202;
5009;2026.05.01 19:15;4;8.875;9.25;8.375;1595;20.6;202;
5010;2026.05.01 19:30;4;8.875;9.25;8.125;1595;20.6;202;
5011;2026.05.01 19:45;4;8.875;9.25;8.25;1595;20.6;202;
5012;2026.05.01 20:00;4;8.875;9.25;7.375;1595;20.6;202;
5013;2026.05.01 20:15;4;8.875;9.25;6.625;1595;20.6;202;
5014;2026.05.01 20:30;4;8.875;9.25;6.25;1595;20.6;202;
5015;2026.05.01 20:45;4;8.875;9.25;6;1595;20.6;202;
5016;2026.05.01 21:00;4;8.875;9.25;5.75;1595;20.6;202;
5017;2026.05.01 21:15;4;8.875;9.3125;5.4375;1595;20.6;202;
5018;2026.05.01 21:30;4;8.875;9.25;5.125;1595;20.6;202;
5019;2026.05.01 21:45;4;8.9375;9.375;4.9375;1595;20.6;202;
5020;2026.05.01 22:00;4;8.9375;9.375;4.9375;1595;20.6;202;
5021;2026.05.01 22:15;4;8.9375;9.375;4.25;1595;20.6;202;
5022;2026.05.01 22:30;4;8.9375;9.375;3.8125;1595;20.6;202;
5023;2026.05.01 22:45;4;8.9375;9.375;3.5;1595;20.6;202;
5024;2026.05.01 23:00;4;9;9.375;3.25;1595;20.6;202;
5025;2026.05.01 23:15;4;9;9.375;3.125;1595;20.6;202;
5026;2026.05.01 23:30;4;9;9.375;2.875;1595;20.6;202;
5027;2026.05.01 23:45;4;9;9.375;2.625;1595;20.6;202;
5028;2026.05.02 00:00;4;9;9.375;2.5;1595;20.6;202;
5029;2026.05.02 00:15;4;9;9.375;2.25;1595;20.6;202;
5030;2026.05.02 00:30;4;9;9.4375;2.0625;1595;20.6;202;
5031;2026.05.02 00:45;4;9;9.4375;1.9375;1595;20.6;202;
5032;2026.05.02 01:00;4;9;9.4375;1.875;1595;20.6;202;
5033;2026.05.02 01:15;4;9;9.4375;1.5;1595;20.6;202;
5034;2026.05.02 01:30;4;9;9.4375;0.875;1595;20.6;202;
5035;2026.05.02 01:45;4;9;9.4375;0.5;1595;20.6;202;
5036;2026.05.02 02:00;4;9;9.4375;0.5;1595;20.6;202;
5037;2026.05.02 02:15;4;9;9.4375;0.375;1595;20.6;202;
5038;2026.05.02 02:30;4;9;9.4375;0.25;1595;20.6;202;
5039;2026.05.02 02:45;4;9;9.4375;0.375;1595;20.6;202;
5040;2026.05.02 03:00;4;9;9.4375;0.375;1595;20.6;202;
5041;2026.05.02 03:15;4;9;9.5;0.375;1595;20.6;202;
5042;2026.05.02 03:30;4;9.0625;9.4375;0.125;1595;20.6;202;
5043;2026.05.02 03:45;4;9.0625;9.5;-0.375;1595;20.6;202;
5044;2026.05.02 04:00;4;9.0625;9.4375;-0.5;1595;20.6;202;
5045;2026.05.02 04:15;4;9.0625;9.5;-0.25;1595;20.6;202;
5046;2026.05.02 04:30;4;9.0625;9.4375;0.25;1595;20.6;202;
5047;2026.05.02 04:45;4;9.0625;9.4375;1;1595;20.6;202;
5048;2026.05.02 05:00;4;9.0625;9.4375;1.375;1595;20.6;202;
5049;2026.05.02 05:15;4;9.0625;9.4375;2.5625;1595;20.6;202;
5050;2026.05.02 05:30;4;9.0625;9.4375;6.5;1595;20.6;202;
5051;2026.05.02 05:45;4;9.0625;9.4375;8.75;1595;20.6;202;
5052;2026.05.02 06:00;4;9.0625;9.375;9.0625;1595;20.6;202;
5053;2026.05.02 06:15;4;9.0625;9.4375;8.6875;1595;20.6;202;
5054;2026.05.02 06:30;4;9.0625;9.375;10.75;1595;20.6;202;
5055;2026.05.02 06:45;4;9.125;9.4375;14.625;1595;20.6;202;
5056;2026.05.02 07:00;4;9.0625;9.375;17.3125;1595;20.6;202;
5057;2026.05.02 07:15;4;9.0625;9.375;18.5625;1595;20.6;202;
5058;2026.05.02 07:30;4;9.125;9.375;19.875;1595;20.6;202;
5059;2026.05.02 07:45;4;9.0625;9.375;20.5;1595;20.6;202;
5060;2026.05.02 08:00;4;9.0625;9.375;20.1875;1595;20.6;202;
5061;2026.05.02 08:15;4;9.0625;9.375;23.125;1596;20.6;202;
5062;2026.05.02 08:30;4;9.0625;9.375;25;1595;20.6;202;
5063;2026.05.02 08:45;4;9.0625;9.375;26;1595;20.6;202;
5064;2026.05.02 09:00;4;9.0625;9.375;26.75;1596;20.6;202;
5065;2026.05.02 09:15;4;9.0625;9.375;27.8125;1595;20.6;202;
5066;2026.05.02 09:30;4;9.0625;9.375;27.375;1595;20.6;202;
5067;2026.05.02 09:45;4;9.0625;9.3125;27.75;1595;20.6;202;
5068;2026.05.02 10:00;4;9.0625;9.3125;28.875;1595;20.6;202;
5069;2026.05.02 10:15;4;9.0625;9.375;29.5;1595;20.6;202;
5070;2026.05.02 10:30;4;9.0625;9.3125;29.875;1595;20.6;202;
5071;2026.05.02 10:45;4;9.0625;9.3125;29.3125;1595;20.6;202;
5072;2026.05.02 11:00;4;9.0625;9.3125;30.25;1595;20.6;202;
5073;2026.05.02 11:15;4;9.0625;9.3125;30.5;1596;20.6;202;
5074;2026.05.02 11:30;4;9.0625;9.25;30.875;1595;20.6;202;
5075;2026.05.02 11:45;4;9.0625;9.25;31.625;1596;20.6;202;
5076;2026.05.02 12:00;4;9.0625;9.25;31.625;1596;20.6;202;
5077;2026.05.02 12:15;4;9.0625;9.25;32.0625;1596;20.6;202;
5078;2026.05.02 12:30;4;9;9.25;32;1596;20.6;202;
5079;2026.05.02 12:45;4;9.0625;9.25;32.25;1596;20.6;202;
5080;2026.05.02 13:00;4;9;9.25;32.4375;1595;20.6;202;
5081;2026.05.02 13:15;4;9.0625;9.3125;32.875;1596;20.6;202;
5082;2026.05.02 13:30;4;9.0625;9.3125;32;1596;20.6;202;
5083;2026.05.02 13:45;4;9;9.25;32.125;1596;20.6;202;
5084;2026.05.02 14:00;4;9.0625;9.3125;32.125;1596;20.6;202;
5085;2026.05.02 14:15;4;9;9.3125;31.5;1596;20.6;202;
5086;2026.05.02 14:30;4;9.0625;9.3125;28.5;1596;20.6;202;
5087;2026.05.02 14:45;4;9;9.3125;24.5;1596;20.6;202;
5088;2026.05.02 15:00;4;9.0625;9.375;23.5;1596;20.6;202;
5089;2026.05.02 15:15;4;9;9.375;23.75;1596;20.6;202;
5090;2026.05.02 15:30;4;9;9.375;22.375;1596;20.6;202;
5091;2026.05.02 15:45;4;9.0625;9.375;21.0625;1596;20.6;202;
5092;2026.05.02 16:00;4;9.0625;9.375;20.25;1596;20.6;202;
5093;2026.05.02 16:15;4;9.0625;9.375;20;1596;20.6;202;
5094;2026.05.02 16:30;4;9.0625;9.4375;18.8125;1596;20.6;202;
5095;2026.05.02 16:45;4;9.0625;9.4375;18;1596;20.6;202;
5096;2026.05.02 17:00;4;9.0625;9.4375;16.625;1596;20.6;202;
5097;2026.05.02 17:15;4;9.0625;9.4375;15.625;1596;20.6;202;
5098;2026.05.02 17:30;4;9.0625;9.5;13.9375;1596;20.6;202;
5099;2026.05.02 17:45;4;9.0625;9.5;12.625;1596;20.6;202;
5100;2026.05.02 18:00;4;9.125;9.5;11.5;1596;20.6;202;
5101;2026.05.02 18:15;4;9.125;9.5;10.375;1596;20.6;202;
5102;2026.05.02 18:30;4;9.125;9.5625;9.8125;1596;20.6;202;
5103;2026.05.02 18:45;4;9.125;9.5625;9.75;1596;20.6;202;
5104;2026.05.02 19:00;4;9.125;9.625;9.3125;1596;20.6;202;
5105;2026.05.02 19:15;4;9.125;9.625;9.125;1596;20.6;202;
5106;2026.05.02 19:30;4;9.125;9.625;9;1596;20.6;202;
5107;2026.05.02 19:45;4;9.125;9.625;10;1596;20.6;202;
5108;2026.05.02 20:00;4;9.125;9.625;10.375;1596;20.6;202;
5109;2026.05.02 20:15;4;9.125;9.625;10.375;1596;20.6;202;
5110;2026.05.02 20:30;4;9.125;9.625;10.0625;1596;20.6;202;
5111;2026.05.02 20:45;4;9.125;9.6875;9.875;1596;20.6;202;
5112;2026.05.02 21:00;4;9.125;9.6875;9.5;1596;20.6;202;
5113;2026.05.02 21:15;4;9.1875;9.75;8.875;1596;20.6;202;
5114;2026.05.02 21:30;4;9.1875;9.75;8.125;1596;20.6;202;
5115;2026.05.02 21:45;4;9.1875;9.75;7.25;1596;20.6;202;
5116;2026.05.02 22:00;4;9.1875;9.75;7;1596;20.6;202;
5117;2026.05.02 22:15;4;9.25;9.75;7.875;1596;20.6;202;
5118;2026.05.02 22:30;4;9.25;9.75;8.375;1596;20.6;202;
5119;2026.05.02 22:45;4;9.25;9.75;8.375;1596;20.6;202;
5120;2026.05.02 23:00;4;9.25;9.8125;7.875;1596;20.6;202;
5121;2026.05.02 23:15;4;9.25;9.8125;6.625;1596;20.6;202;
5122;2026.05.02 23:30;4;9.25;9.8125;5.9375;1596;20.6;202;
5123;2026.05.02 23:45;4;9.25;9.8125;6.5;1597;20.7;202;
5124;2026.05.03 00:00;4;9.25;9.875;6.875;1597;20.7;202;
5125;2026.05.03 00:15;4;9.25;9.875;6.75;1596;20.6;202;
5126;2026.05.03 00:30;4;9.25;9.875;6.5;1596;20.6;202;
5127;2026.05.03 00:45;4;9.25;9.875;6.75;1596;20.6;202;
5128;2026.05.03 01:00;4;9.25;9.875;6.375;1596;20.6;202;
5129;2026.05.03 01:15;4;9.25;9.875;5.75;1596;20.6;202;
5130;2026.05.03 01:30;4;9.3125;9.875;6;1597;20.7;202;
5131;2026.05.03 01:45;4;9.3125;9.875;5.875;1597;20.7;202;
5132;2026.05.03 02:00;4;9.3125;9.875;5.1875;1597;20.7;202;
5133;2026.05.03 02:15;4;9.3125;9.875;4.6875;1597;20.7;202;
5134;2026.05.03 02:30;4;9.3125;9.875;4;1597;20.7;202;
5135;2026.05.03 02:45;4;9.375;9.875;3.3125;1597;20.7;202;
5136;2026.05.03 03:00;4;9.375;9.875;3.125;1597;20.7;202;
5137;2026.05.03 03:15;4;9.375;9.875;2.5;1597;20.7;202;
5138;2026.05.03 03:30;4;9.375;9.875;2.125;1597;20.7;202;
5139;2026.05.03 03:45;4;9.375;9.875;1.8125;1597;20.7;202;
5140;2026.05.03 04:00;4;9.375;9.875;1.875;1597;20.7;202;
5141;2026.05.03 04:15;4;9.375;9.875;2.125;1597;20.7;202;
5142;2026.05.03 04:30;4;9.375;9.875;2.8125;1597;20.7;202;
5143;2026.05.03 04:45;4;9.375;9.875;3.375;1597;20.7;202;
5144;2026.05.03 05:00;4;9.375;9.875;4.125;1597;20.7;202;
5145;2026.05.03 05:15;4;9.375;9.875;5.375;1597;20.7;202;
5146;2026.05.03 05:30;4;9.375;9.875;8.875;1597;20.7;202;
5147;2026.05.03 05:45;4;9.375;9.875;11.375;1597;20.7;202;
5148;2026.05.03 06:00;4;9.375;9.875;11.875;1597;20.7;202;
5149;2026.05.03 06:15;4;9.375;9.875;11.5;1597;20.7;202;
5150;2026.05.03 06:30;4;9.375;9.875;14.25;1597;20.7;202;
5151;2026.05.03 06:45;4;9.375;9.875;17.875;1597;20.7;202;
5152;2026.05.03 07:00;4;9.375;9.875;20.25;1597;20.7;202;
5153;2026.05.03 07:15;4;9.375;9.875;20.3125;1597;20.7;202;
5154;2026.05.03 07:30;4;9.375;9.8125;21;1597;20.7;202;
5155;2026.05.03 07:45;4;9.375;9.875;21.375;1597;20.7;202;
5156;2026.05.03 08:00;4;9.375;9.875;21.75;1597;20.7;202;
5157;2026.05.03 08:15;4;9.375;9.875;24.375;1597;20.7;202;
5158;2026.05.03 08:30;4;9.375;9.8125;25.8125;1597;20.7;202;
5159;2026.05.03 08:45;4;9.375;9.8125;27;1597;20.7;202;
5160;2026.05.03 09:00;4;9.375;9.8125;27.625;1597;20.7;202;
5161;2026.05.03 09:15;4;9.375;9.8125;28.875;1597;20.7;202;
5162;2026.05.03 09:30;4;9.375;9.75;29.0625;1597;20.7;202;
5163;2026.05.03 09:45;4;9.375;9.75;29.75;1597;20.7;202;
5164;2026.05.03 10:00;4;9.375;9.8125;29.875;1597;20.7;202;
5165;2026.05.03 10:15;4;9.375;9.75;30.125;1597;20.7;202;
5166;2026.05.03 10:30;4;9.375;9.75;31.625;1597;20.7;202;
5167;2026.05.03 10:45;4;9.375;9.75;31.875;1597;20.7;202;
5168;2026.05.03 11:00;4;9.375;9.75;31.9375;1597;20.7;202;
5169;2026.05.03 11:15;4;9.375;9.75;32;1597;20.7;202;
5170;2026.05.03 11:30;4;9.375;9.75;32.5;1597;20.7;202;
5171;2026.05.03 11:45;4;9.375;9.75;32.8125;1597;20.7;202;
5172;2026.05.03 12:00;4;9.375;9.75;33.875;1597;20.7;202;
5173;2026.05.03 12:15;4;9.375;9.75;33.875;1597;20.7;202;
5174;2026.05.03 12:30;4;9.375;9.75;34.1875;1597;20.7;202;
5175;2026.05.03 12:45;4;9.375;9.75;33.75;1597;20.7;202;
5176;2026.05.03 13:00;4;9.375;9.75;33.4375;1597;20.7;202;
5177;2026.05.03 13:15;4;9.375;9.75;32.75;1597;20.7;202;
5178;2026.05.03 13:30;4;9.375;9.75;32.75;1597;20.7;202;
5179;2026.05.03 13:45;4;9.375;9.75;32.625;1597;20.7;202;
5180;2026.05.03 14:00;4;9.375;9.75;32.125;1597;20.7;202;
5181;2026.05.03 14:15;4;9.375;9.75;30.375;1597;20.7;202;
5182;2026.05.03 14:30;4;9.375;9.75;28.9375;1597;20.7;202;
5183;2026.05.03 14:45;4;9.375;9.8125;26.1875;1597;20.7;202;
5184;2026.05.03 15:00;4;9.375;9.8125;25.3125;1597;20.7;202;
5185;2026.05.03 15:15;4;9.375;9.8125;25.0625;1597;20.7;202;
5186;2026.05.03 15:30;4;9.375;9.875;24.5;1597;20.7;202;
5187;2026.05.03 15:45;4;9.375;9.8125;23.5;1597;20.7;202;
5188;2026.05.03 16:00;4;9.375;9.875;23.125;1597;20.7;202;
5189;2026.05.03 16:15;4;9.375;9.875;23.125;1597;20.7;202;
5190;2026.05.03 16:30;4;9.375;9.875;22.4375;1597;20.7;202;
5191;2026.05.03 16:45;4;9.375;9.875;22.0625;1597;20.7;202;
5192;2026.05.03 17:00;4;9.375;9.875;21.625;1597;20.7;202;
5193;2026.05.03 17:15;4;9.375;9.9375;21.0625;1597;20.7;202;
5194;2026.05.03 17:30;4;9.375;9.9375;20.5;1597;20.7;202;
5195;2026.05.03 17:45;4;9.375;9.9375;20.0625;1597;20.7;202;
5196;2026.05.03 18:00;4;9.4375;10;19;1597;20.7;202;
5197;2026.05.03 18:15;4;9.4375;10;18.25;1597;20.7;202;
5198;2026.05.03 18:30;4;9.4375;10;17.875;1597;20.7;202;
5199;2026.05.03 18:45;4;9.4375;10;17.4375;1597;20.7;202;
5200;2026.05.03 19:00;4;9.4375;10;17;1597;20.7;202;
5201;2026.05.03 19:15;4;9.5;10.0625;16.5;1598;20.7;202;
5202;2026.05.03 19:30;4;9.5;10.0625;16;1597;20.7;202;
5203;2026.05.03 19:45;4;9.5;10.0625;15.5;1598;20.7;202;
5204;2026.05.03 20:00;4;9.5;10.125;15.25;1598;20.7;202;
5205;2026.05.03 20:15;4;9.5;10.125;14.9375;1598;20.7;202;
5206;2026.05.03 20:30;4;9.5;10.125;14.75;1597;20.7;202;
5207;2026.05.03 20:45;4;9.5;10.125;14.625;1597;20.7;202;
5208;2026.05.03 21:00;4;9.5;10.125;14.375;1598;20.7;202;
5209;2026.05.03 21:15;4;9.5;10.125;13.875;1598;20.7;202;
5210;2026.05.03 21:30;4;9.5;10.1875;12.75;1598;20.7;202;
5211;2026.05.03 21:45;4;9.5;10.1875;11.625;1598;20.7;202;
5212;2026.05.03 22:00;4;9.5;10.25;11;1598;20.7;202;
5213;2026.05.03 22:15;4;9.5625;10.25;10.9375;1598;20.7;202;
5214;2026.05.03 22:30;4;9.5625;10.25;11;1598;20.7;202;
5215;2026.05.03 22:45;4;9.5625;10.25;11.125;1598;20.7;202;
5216;2026.05.03 23:00;4;9.625;10.25;10.6875;1598;20.7;202;
5217;2026.05.03 23:15;4;9.625;10.25;9.75;1598;20.7;202;
5218;2026.05.03 23:30;4;9.625;10.25;9.0625;1598;20.7;202;
5219;2026.05.03 23:45;4;9.625;10.25;9.125;1598;20.7;202;
5220;2026.05.04 00:00;4;9.625;10.25;9.25;1598;20.7;202;
5221;2026.05.04 00:15;4;9.625;10.3125;9.75;1598;20.7;202;
5222;2026.05.04 00:30;4;9.625;10.3125;10.125;1598;20.7;202;
5223;2026.05.04 00:45;4;9.625;10.3125;9.875;1598;20.7;202;
5224;2026.05.04 01:00;4;9.625;10.375;9.75;1598;20.7;202;
5225;2026.05.04 01:15;4;9.625;10.375;9.75;1598;20.7;202;
5226;2026.05.04 01:30;4;9.625;10.375;8.875;1598;20.7;202;
5227;2026.05.04 01:45;4;9.625;10.375;8.25;1598;20.7;202;
5228;2026.05.04 02:00;4;9.6875;10.375;7.9375;1598;20.7;202;
5229;2026.05.04 02:15;4;9.6875;10.375;7.75;1598;20.7;202;
5230;2026.05.04 02:30;4;9.6875;10.375;7.5625;1598;20.7;202;
5231;2026.05.04 02:45;4;9.6875;10.375;7.75;1598;20.7;202;
5232;2026.05.04 03:00;4;9.6875;10.375;7.75;1598;20.7;202;
5233;2026.05.04 03:15;4;9.6875;10.375;7.5;1598;20.7;202;
5234;2026.05.04 03:30;4;9.75;10.375;6.5;1598;20.7;202;
5235;2026.05.04 03:45;4;9.75;10.375;6.125;1598;20.7;202;
5236;2026.05.04 04:00;4;9.75;10.375;6.5;1598;20.7;202;
5237;2026.05.04 04:15;4;9.75;10.375;6.75;1598;20.7;202;
5238;2026.05.04 04:30;4;9.75;10.375;7.4375;1598;20.7;202;
5239;2026.05.04 04:45;4;9.75;10.375;8.375;1598;20.7;202;
5240;2026.05.04 05:00;4;9.75;10.375;9.875;1598;20.7;202;
5241;2026.05.04 05:15;4;9.75;10.375;11.1875;1598;20.7;202;
5242;2026.05.04 05:30;4;9.75;10.375;11.9375;1598;20.7;202;
5243;2026.05.04 05:45;4;9.75;10.375;12.375;1598;20.7;202;
5244;2026.05.04 06:00;4;9.75;10.375;12.625;1598;20.7;202;
5245;2026.05.04 06:15;4;9.75;10.375;13;1598;20.7;202;
5246;2026.05.04 06:30;4;9.75;10.375;15.0625;1598;20.7;202;
5247;2026.05.04 06:45;4;9.75;10.375;17.625;1598;20.7;202;
5248;2026.05.04 07:00;4;9.75;10.375;18.8125;1598;20.7;202;
5249;2026.05.04 07:15;4;9.75;10.375;19.75;1598;20.7;202;
5250;2026.05.04 07:30;4;9.75;10.375;21.5625;1598;20.7;202;
5251;2026.05.04 07:45;4;9.75;10.375;21.25;1598;20.7;202;
5252;2026.05.04 08:00;4;9.75;10.375;22;1598;20.7;202;
5253;2026.05.04 08:15;4;9.75;10.375;22.875;1598;20.7;202;
5254;2026.05.04 08:30;4;9.75;10.375;24.1875;1598;20.7;202;
5255;2026.05.04 08:45;4;9.75;10.375;26.3125;1598;20.7;202;
5256;2026.05.04 09:00;4;9.75;10.375;28.625;1598;20.7;202;
5257;2026.05.04 09:15;4;9.75;10.375;29.1875;1598;20.7;202;
5258;2026.05.04 09:30;4;9.75;10.375;30.125;1598;20.7;202;
5259;2026.05.04 09:45;4;9.75;10.375;30.625;1598;20.7;202;
5260;2026.05.04 10:00;4;9.75;10.375;29.625;1598;20.7;202;
5261;2026.05.04 10:15;4;9.75;10.375;29.0625;1598;20.7;202;
5262;2026.05.04 10:30;4;9.8125;10.375;28.25;1598;20.7;202;
5263;2026.05.04 10:45;4;9.75;10.375;27.4375;1598;20.7;202;
5264;2026.05.04 11:00;4;9.75;10.375;29.125;1598;20.7;202;
5265;2026.05.04 11:15;4;9.8125;10.375;30.625;1598;20.7;202;
5266;2026.05.04 11:30;4;9.75;10.375;30.875;1598;20.7;202;
5267;2026.05.04 11:45;4;9.75;10.375;32.375;1598;20.7;202;
5268;2026.05.04 12:00;4;9.8125;10.375;32.125;1598;20.7;202;
5269;2026.05.04 12:15;4;9.75;10.375;31.625;1598;20.7;202;
5270;2026.05.04 12:30;4;9.75;10.375;28.75;1598;20.7;202;
5271;2026.05.04 12:45;4;9.75;10.375;29.25;1598;20.7;202;
5272;2026.05.04 13:00;4;9.75;10.375;29.3125;1598;20.7;202;
5273;2026.05.04 13:15;4;9.8125;10.375;29.1875;1598;20.7;202;
5274;2026.05.04 13:30;4;9.8125;10.375;29;1598;20.7;202;
5275;2026.05.04 13:45;4;9.75;10.375;27.5;1598;20.7;202;
5276;2026.05.04 14:00;4;9.8125;10.375;27.375;1598;20.7;202;
5277;2026.05.04 14:15;4;9.8125;10.375;27.625;1598;20.7;202;
5278;2026.05.04 14:30;4;9.8125;10.375;28.375;1598;20.7;202;
5279;2026.05.04 14:45;4;9.8125;10.375;26.8125;1598;20.7;202;
5280;2026.05.04 15:00;4;9.8125;10.375;27.1875;1598;20.7;202;
5281;2026.05.04 15:15;4;9.8125;10.375;27.1875;1598;20.7;202;
5282;2026.05.04 15:30;4;9.8125;10.375;26;1598;20.7;202;
5283;2026.05.04 15:45;4;9.8125;10.375;25.5;1598;20.7;202;
5284;2026.05.04 16:00;4;9.8125;10.375;25.5;1598;20.7;202;
5285;2026.05.04 16:15;4;9.8125;10.4375;24.75;1598;20.7;202;
5286;2026.05.04 16:30;4;9.8125;10.4375;24;1598;20.7;202;
5287;2026.05.04 16:45;4;9.875;10.4375;23.3125;1598;20.7;202;
5288;2026.05.04 17:00;4;9.875;10.5;22.375;1598;20.7;202;
5289;2026.05.04 17:15;4;9.875;10.5;20.75;1598;20.7;202;
5290;2026.05.04 17:30;4;9.875;10.5;19.5;1598;20.7;202;
5291;2026.05.04 17:45;4;9.875;10.5;18.875;1598;20.7;202;
5292;2026.05.04 18:00;4;9.875;10.5;18.375;1598;20.7;202;
5293;2026.05.04 18:15;4;9.875;10.5;18.125;1598;20.7;202;
5294;2026.05.04 18:30;4;9.875;10.5;18.25;1598;20.7;202;
5295;2026.05.04 18:45;4;9.875;10.5625;18.25;1598;20.7;202;
5296;2026.05.04 19:00;4;9.875;10.5625;18.5;1599;20.7;202;
5297;2026.05.04 19:15;4;9.875;10.5625;18.25;1598;20.7;202;
5298;2026.05.04 19:30;4;9.875;10.625;18;1598;20.7;202;
5299;2026.05.04 19:45;4;9.875;10.625;17.875;1598;20.7;202;
5300;2026.05.04 20:00;4;9.875;10.625;17.8125;1599;20.7;202;
5301;2026.05.04 20:15;4;9.875;10.625;17.5625;1598;20.7;202;
5302;2026.05.04 20:30;4;9.9375;10.625;17;1598;20.7;202;
5303;2026.05.04 20:45;4;9.9375;10.625;16.625;1598;20.7;202;
5304;2026.05.04 21:00;4;9.9375;10.625;16.8125;1598;20.7;202;
5305;2026.05.04 21:15;4;9.9375;10.6875;16.625;1598;20.7;202;
5306;2026.05.04 21:30;4;9.9375;10.6875;16.125;1598;20.7;202;
5307;2026.05.04 21:45;4;10;10.6875;15.9375;1598;20.7;202;
5308;2026.05.04 22:00;4;10;10.75;16.625;1598;20.7;202;
5309;2026.05.04 22:15;4;10;10.75;17.25;1598;20.7;202;
5310;2026.05.04 22:30;4;10;10.75;17.25;1599;20.7;202;
5311;2026.05.04 22:45;4;10;10.75;17;1598;20.7;202;
5312;2026.05.04 23:00;4;10;10.75;16.375;1599;20.7;202;
5313;2026.05.04 23:15;4;10;10.75;14.875;1598;20.7;202;
5314;2026.05.04 23:30;4;10;10.75;14.0625;1598;20.7;202;
5315;2026.05.04 23:45;4;10;10.75;12.875;1599;20.7;202;
5316;2026.05.05 00:00;4;10;10.75;12.5625;1599;20.7;202;
5317;2026.05.05 00:15;4;10;10.75;13.125;1599;20.7;202;
5318;2026.05.05 00:30;4;10;10.8125;13.125;1599;20.7;202;
5319;2026.05.05 00:45;4;10.0625;10.8125;12.5;1599;20.7;202;
5320;2026.05.05 01:00;4;10.0625;10.8125;11.875;1599;20.7;202;
5321;2026.05.05 01:15;4;10.0625;10.8125;11.875;1599;20.7;202;
5322;2026.05.05 01:30;4;10.0625;10.875;11.875;1599;20.7;202;
5323;2026.05.05 01:45;4;10.0625;10.875;11.6875;1599;20.7;202;
5324;2026.05.05 02:00;4;10.125;10.875;11.375;1599;20.7;202;
5325;2026.05.05 02:15;4;10.125;10.875;10.75;1599;20.7;202;
5326;2026.05.05 02:30;4;10.125;10.875;10.5625;1599;20.7;202;
5327;2026.05.05 02:45;4;10.125;10.875;10.25;1599;20.7;202;
5328;2026.05.05 03:00;4;10.125;10.875;10.1875;1599;20.7;202;
5329;2026.05.05 03:15;4;10.125;10.875;9.9375;1599;20.7;202;
5330;2026.05.05 03:30;4;10.125;10.875;9.8125;1599;20.7;202;
5331;2026.05.05 03:45;4;10.125;10.875;9.375;1599;20.7;202;
5332;2026.05.05 04:00;4;10.125;10.875;9.1875;1599;20.7;202;
5333;2026.05.05 04:15;4;10.125;10.875;9.625;1599;20.7;202;
5334;2026.05.05 04:30;4;10.125;10.875;10.875;1599;20.7;202;
5335;2026.05.05 04:45;4;10.125;10.875;12;1599;20.7;202;
5336;2026.05.05 05:00;4;10.125;10.875;13;1599;20.7;202;
5337;2026.05.05 05:15;4;10.125;10.875;14.0625;1599;20.7;202;
5338;2026.05.05 05:30;4;10.125;10.875;15.8125;1599;20.7;202;
5339;2026.05.05 05:45;4;10.125;10.875;16.5625;1599;20.7;202;
5340;2026.05.05 06:00;4;10.125;10.875;16.6875;1599;20.7;202;
5341;2026.05.05 06:15;4;10.1875;10.875;16.625;1599;20.7;202;
5342;2026.05.05 06:30;4;10.1875;10.875;20;1599;20.7;202;
5343;2026.05.05 06:45;4;10.1875;10.875;22;1599;20.7;202;
5344;2026.05.05 07:00;4;10.1875;10.875;22.625;1599;20.7;202;
5345;2026.05.05 07:15;4;10.1875;10.875;23;1599;20.7;202;
5346;2026.05.05 07:30;4;10.1875;10.875;24.375;1599;20.7;202;
5347;2026.05.05 07:45;4;10.1875;10.875;24.125;1599;20.7;202;
5348;2026.05.05 08:00;4;10.1875;10.875;23;1599;20.7;202;
5349;2026.05.05 08:15;4;10.1875;10.875;25.375;1599;20.7;202;
5350;2026.05.05 08:30;4;10.1875;10.875;27.125;1599;20.7;202;
5351;2026.05.05 08:45;4;10.1875;10.875;28.75;1599;20.7;202;
5352;2026.05.05 09:00;4;10.25;10.875;28.5;1599;20.7;202;
5353;2026.05.05 09:15;4;10.25;10.875;29.375;1599;20.7;202;
5354;2026.05.05 09:30;4;10.25;10.875;30.3125;1599;20.7;202;
5355;2026.05.05 09:45;4;10.25;10.875;30.875;1599;20.7;202;
5356;2026.05.05 10:00;4;10.25;10.875;31.625;1599;20.7;202;
5357;2026.05.05 10:15;4;10.25;10.875;32.125;1599;20.7;202;
5358;2026.05.05 10:30;4;10.25;10.875;33;1599;20.7;202;
5359;2026.05.05 10:45;4;10.25;10.875;33.8125;1599;20.7;202;
5360;2026.05.05 11:00;4;10.25;10.875;33.0625;1599;20.7;202;
5361;2026.05.05 11:15;4;10.25;10.875;32.375;1599;20.7;202;
5362;2026.05.05 11:30;4;10.25;10.875;32.625;1599;20.7;202;
5363;2026.05.05 11:45;4;10.25;10.875;32.5625;1599;20.7;202;
5364;2026.05.05 12:00;4;10.25;10.875;29.125;1599;20.7;202;
5365;2026.05.05 12:15;4;10.25;10.875;27.0625;1599;20.7;202;
5366;2026.05.05 12:30;4;10.25;10.875;25.375;1599;20.7;202;
5367;2026.05.05 12:45;4;10.25;10.875;24.5625;1599;20.7;202;
5368;2026.05.05 13:00;4;10.25;10.875;24.25;1599;20.7;202;
5369;2026.05.05 13:15;4;10.25;10.875;24.375;1599;20.7;202;
5370;2026.05.05 13:30;4;10.25;10.875;24.5;1599;20.7;202;
5371;2026.05.05 13:45;4;10.25;10.9375;25.25;1599;20.7;202;
5372;2026.05.05 14:00;4;10.25;10.9375;27.625;1599;20.7;202;
5373;2026.05.05 14:15;4;10.25;10.9375;26.125;1599;20.7;202;
5374;2026.05.05 14:30;4;10.25;10.9375;25.8125;1599;20.7;202;
5375;2026.05.05 14:45;4;10.25;10.9375;25.25;1599;20.7;202;
5376;2026.05.05 15:00;4;10.25;11;22.8125;1599;20.7;202;
5377;2026.05.05 15:15;4;10.25;11;22.375;1599;20.7;202;
5378;2026.05.05 15:30;4;10.25;11;22.625;1599;20.7;202;
5379;2026.05.05 15:45;4;10.25;11;22;1599;20.7;202;
5380;2026.05.05 16:00;4;10.25;11;21.75;1599;20.7;202;
5381;2026.05.05 16:15;4;10.25;11;21.875;1599;20.7;202;
5382;2026.05.05 16:30;4;10.25;11;21.5;1599;20.7;202;
5383;2026.05.05 16:45;4;10.25;11;21.625;1600;20.7;202;
5384;2026.05.05 17:00;4;10.3125;11.0625;21.25;1600;20.7;202;
5385;2026.05.05 17:15;4;10.3125;11.0625;20.125;1599;20.7;202;
5386;2026.05.05 17:30;4;10.3125;11.0625;19.3125;1600;20.7;202;
5387;2026.05.05 17:45;4;10.3125;11.125;18.75;1600;20.7;202;
5388;2026.05.05 18:00;4;10.3125;11.125;18.25;1600;20.7;202;
5389;2026.05.05 18:15;4;10.375;11.125;17.6875;1600;20.7;202;
5390;2026.05.05 18:30;4;10.375;11.125;17.3125;1600;20.7;202;
5391;2026.05.05 18:45;4;10.375;11.125;16;1600;20.7;202;
5392;2026.05.05 19:00;4;10.375;11.125;14.9375;1600;20.7;202;
5393;2026.05.05 19:15;4;10.375;11.125;14.625;1600;20.7;202;
5394;2026.05.05 19:30;4;10.375;11.125;14.5;1600;20.7;202;
5395;2026.05.05 19:45;4;10.375;11.1875;14.875;1600;20.7;202;
5396;2026.05.05 20:00;4;10.375;11.1875;15.75;1600;20.7;202;
5397;2026.05.05 20:15;4;10.375;11.25;15.75;1600;20.7;202;
5398;2026.05.05 20:30;4;10.375;11.25;15.625;1600;20.7;202;
5399;2026.05.05 20:45;4;10.375;11.25;15.4375;1600;20.7;202;
5400;2026.05.05 21:00;4;10.375;11.25;14.75;1600;20.7;202;
5401;2026.05.05 21:15;4;10.4375;11.25;13.875;1600;20.7;202;
5402;2026.05.05 21:30;4;10.4375;11.25;13.3125;1600;20.7;202;
5403;2026.05.05 21:45;4;10.4375;11.25;13;1600;20.7;202;
5404;2026.05.05 22:00;4;10.4375;11.25;12.75;1600;20.7;202;
5405;2026.05.05 22:15;4;10.4375;11.25;12.625;1600;20.7;202;
5406;2026.05.05 22:30;4;10.5;11.3125;12.5;1600;20.7;202;
5407;2026.05.05 22:45;4;10.5;11.3125;12.25;1600;20.7;202;
5408;2026.05.05 23:00;4;10.5;11.3125;12;1600;20.7;202;
5409;2026.05.05 23:15;4;10.5;11.3125;11.375;1600;20.7;202;
5410;2026.05.05 23:30;4;10.5;11.3125;10.625;1600;20.7;202;
5411;2026.05.05 23:45;4;10.5;11.375;10.25;1600;20.7;202;
5412;2026.05.06 00:00;4;10.5;11.375;10.125;1600;20.7;202;
5413;2026.05.06 00:15;4;10.5;11.375;9.4375;1600;20.7;202;
5414;2026.05.06 00:30;4;10.5;11.375;9;1600;20.7;202;
5415;2026.05.06 00:45;4;10.5;11.375;8.375;1600;20.7;202;
5416;2026.05.06 01:00;4;10.5;11.375;8.25;1600;20.7;202;
5417;2026.05.06 01:15;4;10.5;11.375;7.75;1600;20.7;202;
5418;2026.05.06 01:30;4;10.5;11.375;7.3125;1600;20.7;202;
5419;2026.05.06 01:45;4;10.5;11.375;7.375;1600;20.7;202;
5420;2026.05.06 02:00;4;10.5625;11.375;7.625;1600;20.7;202;
5421;2026.05.06 02:15;4;10.5625;11.375;8.125;1600;20.7;202;
5422;2026.05.06 02:30;4;10.5625;11.375;8.5;1600;20.7;202;
5423;2026.05.06 02:45;4;10.5625;11.375;7.875;1600;20.7;202;
5424;2026.05.06 03:00;4;10.5625;11.375;7.5;1600;20.7;202;
5425;2026.05.06 03:15;4;10.5625;11.375;7.4375;1600;20.7;202;
5426;2026.05.06 03:30;4;10.625;11.375;7.125;1600;20.7;202;
5427;2026.05.06 03:45;4;10.625;11.375;7.5;1600;20.7;202;
5428;2026.05.06 04:00;4;10.625;11.375;7.9375;1600;20.7;202;
5429;2026.05.06 04:15;4;10.625;11.375;9.125;1600;20.7;202;
5430;2026.05.06 04:30;4;10.625;11.375;10.3125;1600;20.7;202;
5431;2026.05.06 04:45;4;10.625;11.375;11;1600;20.7;202;
5432;2026.05.06 05:00;4;10.625;11.375;11.375;1600;20.7;202;
5433;2026.05.06 05:15;4;10.625;11.375;12;1600;20.7;202;
5434;2026.05.06 05:30;4;10.625;11.375;11.875;1600;20.7;202;
5435;2026.05.06 05:45;4;10.625;11.375;12.125;1600;20.7;202;
5436;2026.05.06 06:00;4;10.625;11.375;12.5;1600;20.7;202;
5437;2026.05.06 06:15;4;10.625;11.375;12.875;1600;20.7;202;
5438;2026.05.06 06:30;4;10.625;11.375;14.6875;1600;20.7;202;
5439;2026.05.06 06:45;4;10.625;11.375;14.75;1600;20.7;202;
5440;2026.05.06 07:00;4;10.625;11.375;15.875;1600;20.7;202;
5441;2026.05.06 07:15;4;10.625;11.375;16.3125;1600;20.7;202;
5442;2026.05.06 07:30;4;10.625;11.375;17.875;1600;20.7;202;
5443;2026.05.06 07:45;4;10.625;11.375;18.625;1600;20.7;202;
5444;2026.05.06 08:00;4;10.625;11.375;18.0625;1600;20.7;202;
5445;2026.05.06 08:15;4;10.625;11.375;18.6875;1600;20.7;202;
5446;2026.05.06 08:30;4;10.625;11.375;19.625;1600;20.7;202;
5447;2026.05.06 08:45;4;10.625;11.375;22;1600;20.7;202;
5448;2026.05.06 09:00;4;10.625;11.375;23.125;1600;20.7;202;
5449;2026.05.06 09:15;4;10.625;11.375;23.6875;1600;20.7;202;
5450;2026.05.06 09:30;4;10.625;11.375;25.125;1600;20.7;202;
5451;2026.05.06 09:45;4;10.625;11.375;25.5625;1600;20.7;202;
5452;2026.05.06 10:00;4;10.625;11.375;25.625;1600;20.7;202;
5453;2026.05.06 10:15;4;10.625;11.375;26.4375;1600;20.7;202;
5454;2026.05.06 10:30;4;10.625;11.375;27.5625;1600;20.7;202;
5455;2026.05.06 10:45;4;10.625;11.375;28.125;1600;20.7;202;
5456;2026.05.06 11:00;4;10.625;11.3125;27.875;1600;20.7;202;
5457;2026.05.06 11:15;4;10.625;11.3125;28.1875;1600;20.7;202;
5458;2026.05.06 11:30;4;10.625;11.3125;28.75;1600;20.7;202;
5459;2026.05.06 11:45;4;10.625;11.3125;27.75;1600;20.7;202;
5460;2026.05.06 12:00;4;10.625;11.3125;29.5;1600;20.7;202;
5461;2026.05.06 12:15;4;10.625;11.3125;26.75;1600;20.7;202;
5462;2026.05.06 12:30;4;10.625;11.3125;25.875;1600;20.7;202;
5463;2026.05.06 12:45;4;10.625;11.3125;24.875;1600;20.7;202;
5464;2026.05.06 13:00;4;10.625;11.3125;26.625;1600;20.7;202;
5465;2026.05.06 13:15;4;10.625;11.3125;25.3125;1600;20.7;202;
5466;2026.05.06 13:30;4;10.625;11.3125;25.125;1600;20.7;202;
5467;2026.05.06 13:45;4;10.625;11.3125;24.25;1600;20.7;202;
5468;2026.05.06 14:00;4;10.625;11.3125;27.25;1600;20.7;202;
5469;2026.05.06 14:15;4;10.625;11.375;24.6875;1600;20.7;202;
5470;2026.05.06 14:30;4;10.625;11.375;23.75;1600;20.7;202;
5471;2026.05.06 14:45;4;10.625;11.375;23.8125;1600;20.7;202;
5472;2026.05.06 15:00;4;10.625;11.375;23.375;1600;20.7;202;
5473;2026.05.06 15:15;4;10.625;11.375;21.1875;1600;20.7;202;
5474;2026.05.06 15:30;4;10.625;11.375;20.1875;1600;20.7;202;
5475;2026.05.06 15:45;4;10.625;11.375;19.5625;1600;20.7;202;
5476;2026.05.06 16:00;4;10.625;11.375;18.875;1600;20.7;202;
5477;2026.05.06 16:15;4;10.625;11.375;18.375;1600;20.7;202;
5478;2026.05.06 16:30;4;10.625;11.375;18.5;1600;20.7;202;
5479;2026.05.06 16:45;4;10.6875;11.375;18.125;1600;20.7;202;
5480;2026.05.06 17:00;4;10.6875;11.375;17.375;1600;20.7;202;
5481;2026.05.06 17:15;4;10.6875;11.375;16.75;1600;20.7;202;
5482;2026.05.06 17:30;4;10.6875;11.4375;16.25;1600;20.7;202;
5483;2026.05.06 17:45;4;10.6875;11.4375;16.0625;1600;20.7;202;
5484;2026.05.06 18:00;4;10.6875;11.5;15.875;1600;20.7;202;
5485;2026.05.06 18:15;4;10.75;11.5;15.375;1600;20.7;202;
5486;2026.05.06 18:30;4;10.75;11.5;14.75;1600;20.7;202;
5487;2026.05.06 18:45;4;10.75;11.5;14.375;1600;20.7;202;
5488;2026.05.06 19:00;4;10.75;11.5;13.75;1600;20.7;202;
5489;2026.05.06 19:15;4;10.75;11.5;13.1875;1600;20.7;202;
5490;2026.05.06 19:30;4;10.75;11.5;12.875;1600;20.7;202;
5491;2026.05.06 19:45;4;10.75;11.5;12.5;1600;20.7;202;
5492;2026.05.06 20:00;4;10.75;11.5;12.125;1600;20.7;202;
5493;2026.05.06 20:15;4;10.75;11.5625;11.875;1600;20.7;202;
5494;2026.05.06 20:30;4;10.75;11.5625;11.75;1600;20.7;202;
5495;2026.05.06 20:45;4;10.75;11.5625;11.4375;1600;20.7;202;
5496;2026.05.06 21:00;4;10.75;11.5625;11.3125;1600;20.7;202;
5497;2026.05.06 21:15;4;10.75;11.625;11;1600;20.7;202;
5498;2026.05.06 21:30;4;10.75;11.625;10.75;1600;20.7;202;
5499;2026.05.06 21:45;4;10.75;11.625;10.75;1600;20.7;202;
5500;2026.05.06 22:00;4;10.75;11.625;11.0625;1600;20.7;202;
5501;2026.05.06 22:15;4;10.75;11.625;11.125;1600;20.7;202;
5502;2026.05.06 22:30;4;10.8125;11.625;10.4375;1600;20.7;202;
5503;2026.05.06 22:45;4;10.8125;11.625;9.5;1600;20.7;202;
5504;2026.05.06 23:00;4;10.8125;11.625;9.125;1600;20.7;202;
5505;2026.05.06 23:15;4;10.8125;11.625;8.875;1600;20.7;202;
5506;2026.05.06 23:30;4;10.8125;11.625;8.75;1600;20.7;202;
5507;2026.05.06 23:45;4;10.875;11.625;8.25;1600;20.7;202;
5508;2026.05.07 00:00;4;10.875;11.625;7.875;1600;20.7;202;
5509;2026.05.07 00:15;4;10.875;11.625;8.375;1600;20.7;202;
5510;2026.05.07 00:30;4;10.875;11.625;8.6875;1600;20.7;202;
5511;2026.05.07 00:45;4;10.875;11.625;7.375;1600;20.7;202;
5512;2026.05.07 01:00;4;10.875;11.625;7.0625;1600;20.7;202;
5513;2026.05.07 01:15;4;10.875;11.6875;7.4375;1600;20.7;202;
5514;2026.05.07 01:30;4;10.875;11.625;6.875;1600;20.7;202;
5515;2026.05.07 01:45;4;10.875;11.6875;6;1600;20.7;202;
5516;2026.05.07 02:00;4;10.875;11.6875;5.5;1600;20.7;202;
5517;2026.05.07 02:15;4;10.875;11.6875;5.875;1600;20.7;202;
5518;2026.05.07 02:30;4;10.875;11.6875;5.8125;1600;20.7;202;
5519;2026.05.07 02:45;4;10.875;11.6875;5.75;1600;20.7;202;
5520;2026.05.07 03:00;4;10.875;11.6875;5.5;1600;20.7;202;
5521;2026.05.07 03:15;4;10.875;11.6875;5.625;1600;20.7;202;
5522;2026.05.07 03:30;4;10.875;11.6875;5.125;1600;20.7;202;
5523;2026.05.07 03:45;4;10.875;11.6875;5.375;1600;20.7;202;
5524;2026.05.07 04:00;4;10.875;11.6875;5.5;1600;20.7;202;
5525;2026.05.07 04:15;4;10.875;11.6875;5;1600;20.7;202;
5526;2026.05.07 04:30;4;10.875;11.6875;4.5625;1600;20.7;202;
5527;2026.05.07 04:45;4;10.9375;11.6875;4.875;1600;20.7;202;
5528;2026.05.07 05:00;4;10.875;11.6875;6.125;1600;20.7;202;
5529;2026.05.07 05:15;4;10.9375;11.625;7.8125;1600;20.7;202;
5530;2026.05.07 05:30;4;10.9375;11.625;10.75;1600;20.7;202;
5531;2026.05.07 05:45;4;10.9375;11.625;11.625;1600;20.7;202;
5532;2026.05.07 06:00;4;10.9375;11.625;12;1600;20.7;202;
5533;2026.05.07 06:15;4;10.9375;11.625;11.75;1600;20.7;202;
5534;2026.05.07 06:30;4;10.9375;11.625;12.375;1600;20.7;202;
5535;2026.05.07 06:45;4;10.9375;11.625;13;1600;20.7;202;
5536;2026.05.07 07:00;4;10.9375;11.625;13.5;1600;20.7;202;
5537;2026.05.07 07:15;4;10.9375;11.625;13.25;1600;20.7;202;
5538;2026.05.07 07:30;4;10.9375;11.625;13.5;1600;20.7;202;
5539;2026.05.07 07:45;4;10.9375;11.625;14;1600;20.7;202;
5540;2026.05.07 08:00;4;10.9375;11.625;14.875;1600;20.7;202;
5541;2026.05.07 08:15;4;10.9375;11.625;16.5;1600;20.7;202;
5542;2026.05.07 08:30;4;10.9375;11.625;19.375;1600;20.7;202;
5543;2026.05.07 08:45;4;10.9375;11.625;18.375;1600;20.7;202;
5544;2026.05.07 09:00;4;10.9375;11.625;18.75;1600;20.7;202;
5545;2026.05.07 09:15;4;10.9375;11.625;17.625;1600;20.7;202;
5546;2026.05.07 09:30;4;10.9375;11.5625;19.625;1600;20.7;202;
5547;2026.05.07 09:45;4;10.9375;11.5625;19.875;1600;20.7;202;
5548;2026.05.07 10:00;4;10.875;11.5625;19;1600;20.7;202;
5549;2026.05.07 10:15;4;10.875;11.5625;19.125;1600;20.7;202;
5550;2026.05.07 10:30;4;10.875;11.5625;19.25;1600;20.7;202;
5551;2026.05.07 10:45;4;10.9375;11.5;19.625;1600;20.7;202;
5552;2026.05.07 11:00;4;10.875;11.5;19.9375;1600;20.7;202;
5553;2026.05.07 11:15;4;10.875;11.5;19.625;1600;20.7;202;
5554;2026.05.07 11:30;4;10.875;11.5;20;1600;20.7;202;
5555;2026.05.07 11:45;4;10.875;11.5;22.8125;1600;20.7;202;
5556;2026.05.07 12:00;4;10.875;11.5;19.875;1600;20.7;202;
5557;2026.05.07 12:15;4;10.875;11.5;20.5625;1600;20.7;202;
5558;2026.05.07 12:30;4;10.875;11.5;19.375;1600;20.7;202;
5559;2026.05.07 12:45;4;10.875;11.5;19;1600;20.7;202;
5560;2026.05.07 13:00;4;10.875;11.5;17.625;1600;20.7;202;
5561;2026.05.07 13:15;4;10.875;11.5;17.4375;1600;20.7;202;
5562;2026.05.07 13:30;4;10.875;11.5;18.1875;1600;20.7;202;
5563;2026.05.07 13:45;4;10.875;11.5;18.6875;1600;20.7;202;
5564;2026.05.07 14:00;4;10.875;11.5;19.625;1601;20.7;202;
5565;2026.05.07 14:15;4;10.875;11.5;18;1600;20.7;202;
5566;2026.05.07 14:30;4;10.875;11.5;17.3125;1600;20.7;202;
5567;2026.05.07 14:45;4;10.875;11.5;16.625;1600;20.7;202;
5568;2026.05.07 15:00;4;10.875;11.5;16.5;1600;20.7;202;
5569;2026.05.07 15:15;4;10.875;11.5;16.4375;1600;20.7;202;
5570;2026.05.07 15:30;4;10.875;11.5;16.3125;1600;20.7;202;
5571;2026.05.07 15:45;4;10.875;11.5;15.625;1600;20.7;202;
5572;2026.05.07 16:00;4;10.875;11.5;15.625;1600;20.7;202;
5573;2026.05.07 16:15;4;10.875;11.5;15.1875;1600;20.7;202;
5574;2026.05.07 16:30;4;10.875;11.5;14.375;1600;20.7;202;
5575;2026.05.07 16:45;4;10.875;11.5;13.9375;1600;20.7;202;
5576;2026.05.07 17:00;4;10.875;11.5;13.25;1600;20.7;202;
5577;2026.05.07 17:15;4;10.875;11.5;12;1601;20.7;202;
5578;2026.05.07 17:30;4;10.875;11.5;11.25;1600;20.7;202;
5579;2026.05.07 17:45;4;10.875;11.5;10.6875;1601;20.7;202;
5580;2026.05.07 18:00;4;10.875;11.5;10.375;1601;20.7;202;
5581;2026.05.07 18:15;4;10.875;11.5;9.625;1600;20.7;202;
5582;2026.05.07 18:30;4;10.875;11.5;8.875;1600;20.7;202;
5583;2026.05.07 18:45;4;10.875;11.5;8.3125;1600;20.7;202;
5584;2026.05.07 19:00;4;10.875;11.5;7.6875;1600;20.7;202;
5585;2026.05.07 19:15;4;10.875;11.5625;6.6875;1600;20.7;202;
5586;2026.05.07 19:30;4;10.875;11.5625;5.875;1600;20.7;202;
5587;2026.05.07 19:45;4;10.875;11.5625;5.1875;1601;20.7;202;
5588;2026.05.07 20:00;4;10.875;11.5625;4.5625;1601;20.7;202;
5589;2026.05.07 20:15;4;10.875;11.5625;4.25;1601;20.7;202;
5590;2026.05.07 20:30;4;10.875;11.5625;4.125;1601;20.7;202;
5591;2026.05.07 20:45;4;10.9375;11.5625;3.9375;1601;20.7;202;
5592;2026.05.07 21:00;4;10.875;11.625;3.625;1601;20.7;202;
5593;2026.05.07 21:15;4;10.9375;11.5625;3.625;1601;20.7;202;
5594;2026.05.07 21:30;4;10.875;11.5625;3.625;1601;20.7;202;
5595;2026.05.07 21:45;4;10.9375;11.625;4;1601;20.7;202;
5596;2026.05.07 22:00;4;10.9375;11.625;5.1875;1601;20.7;202;
5597;2026.05.07 22:15;4;10.9375;11.625;4.75;1601;20.7;202;
5598;2026.05.07 22:30;4;10.9375;11.625;4.1875;1601;20.7;202;
5599;2026.05.07 22:45;4;10.9375;11.625;3.875;1601;20.7;202;
5600;2026.05.07 23:00;4;10.9375;11.625;4.75;1601;20.7;202;
5601;2026.05.07 23:15;4;10.9375;11.625;5.5;1601;20.7;202;
5602;2026.05.07 23:30;4;10.9375;11.625;6;1601;20.7;202;
5603;2026.05.07 23:45;4;10.9375;11.625;6;1601;20.7;202;
5604;2026.05.08 00:00;4;10.9375;11.625;6.125;1601;20.7;202;
5605;2026.05.08 00:15;4;11;11.625;6.1875;1601;20.7;202;
5606;2026.05.08 00:30;4;10.9375;11.625;6.375;1601;20.7;202;
5607;2026.05.08 00:45;4;11;11.625;6.625;1601;20.7;202;
5608;2026.05.08 01:00;4;10.9375;11.625;6.8125;1601;20.7;202;
5609;2026.05.08 01:15;4;11;11.625;6.875;1601;20.7;202;
5610;2026.05.08 01:30;4;11;11.625;7.125;1601;20.7;202;
5611;2026.05.08 01:45;4;11;11.5625;7.25;1601;20.7;202;
5612;2026.05.08 02:00;4;11;11.5625;7.25;1601;20.7;202;
5613;2026.05.08 02:15;4;10.9375;11.5625;7;1601;20.7;202;
5614;2026.05.08 02:30;4;11;11.5625;6.375;1601;20.7;202;
5615;2026.05.08 02:45;4;11;11.5625;5.875;1601;20.7;202;
5616;2026.05.08 03:00;4;11;11.5;5.125;1601;20.7;202;
5617;2026.05.08 03:15;4;11;11.5;5;1601;20.7;202;
5618;2026.05.08 03:30;4;11;11.5;4.625;1601;20.7;202;
5619;2026.05.08 03:45;4;11;11.5;4.5;1601;20.7;202;
5620;2026.05.08 04:00;4;11;11.5;4.5;1601;20.7;202;
5621;2026.05.08 04:15;4;11;11.5;5.0625;1601;20.7;202;
5622;2026.05.08 04:30;4;11;11.5;6.8125;1601;20.7;202;
5623;2026.05.08 04:45;4;10.9375;11.5;7.75;1601;20.7;202;
5624;2026.05.08 05:00;4;10.9375;11.5;8.25;1601;20.7;202;
5625;2026.05.08 05:15;4;11;11.5;8.6875;1601;20.7;202;
5626;2026.05.08 05:30;4;10.9375;11.5;8.8125;1601;20.7;202;
5627;2026.05.08 05:45;4;10.9375;11.5;9.0625;1601;20.7;202;
5628;2026.05.08 06:00;4;10.9375;11.4375;9.625;1601;20.7;202;
5629;2026.05.08 06:15;4;10.9375;11.4375;10.75;1600;20.7;202;
5630;2026.05.08 06:30;4;10.9375;11.4375;13.625;1600;20.7;202;
5631;2026.05.08 06:45;4;10.9375;11.4375;15.875;1600;20.7;202;
5632;2026.05.08 07:00;4;10.9375;11.375;17.25;1600;20.7;202;
5633;2026.05.08 07:15;4;10.9375;11.4375;14.5;1600;20.7;202;
5634;2026.05.08 07:30;4;10.9375;11.375;13.5625;1600;20.7;202;
5635;2026.05.08 07:45;4;10.9375;11.375;13.125;1600;20.7;202;
5636;2026.05.08 08:00;4;10.9375;11.375;13;1600;20.7;202;
5637;2026.05.08 08:15;4;10.875;11.375;13.375;1600;20.7;202;
5638;2026.05.08 08:30;4;10.875;11.375;14;1600;20.7;202;
5639;2026.05.08 08:45;4;10.875;11.375;15.1875;1600;20.7;202;
5640;2026.05.08 09:00;4;10.875;11.375;15.5;1600;20.7;202;
5641;2026.05.08 09:15;4;10.875;11.375;15.5;1600;20.7;202;
5642;2026.05.08 09:30;4;10.875;11.375;15.5;1600;20.7;202;
5643;2026.05.08 09:45;4;10.875;11.3125;16.625;1600;20.7;202;
5644;2026.05.08 10:00;4;10.875;11.3125;17.25;1600;20.7;202;
5645;2026.05.08 10:15;4;10.875;11.3125;17.5;1600;20.7;202;
5646;2026.05.08 10:30;4;10.875;11.3125;18.4375;1600;20.7;202;
5647;2026.05.08 10:45;4;10.875;11.3125;19.625;1600;20.7;202;
5648;2026.05.08 11:00;4;10.875;11.25;19.375;1600;20.7;202;
5649;2026.05.08 11:15;4;10.875;11.25;18.8125;1600;20.7;202;
5650;2026.05.08 11:30;4;10.875;11.25;23.5;1600;20.7;202;
5651;2026.05.08 11:45;4;10.875;11.25;21.625;1600;20.7;202;
5652;2026.05.08 12:00;4;10.875;11.25;20.375;1600;20.7;202;
5653;2026.05.08 12:15;4;10.875;11.25;20.5;1600;20.7;202;
5654;2026.05.08 12:30;4;10.875;11.25;19.9375;1600;20.7;202;
5655;2026.05.08 12:45;4;10.875;11.25;21.375;1600;20.7;202;
5656;2026.05.08 13:00;4;10.875;11.25;21.9375;1600;20.7;202;
5657;2026.05.08 13:15;4;10.875;11.25;22.9375;1600;20.7;202;
5658;2026.05.08 13:30;4;10.875;11.25;20.4375;1600;20.7;202;
5659;2026.05.08 13:45;4;10.875;11.25;18.25;1600;20.7;202;
5660;2026.05.08 14:00;4;10.875;11.25;18.125;1600;20.7;202;
5661;2026.05.08 14:15;4;10.875;11.25;18;1600;20.7;202;
5662;2026.05.08 14:30;4;10.875;11.25;19.75;1600;20.7;202;
5663;2026.05.08 14:45;4;10.875;11.25;18.4375;1600;20.7;202;
5664;2026.05.08 15:00;4;10.8125;11.25;18.25;1600;20.7;202;
5665;2026.05.08 15:15;4;10.8125;11.25;17.5625;1600;20.7;202;
5666;2026.05.08 15:30;4;10.8125;11.25;17.375;1600;20.7;202;
5667;2026.05.08 15:45;4;10.8125;11.25;17.1875;1600;20.7;202;
5668;2026.05.08 16:00;4;10.8125;11.25;17;1600;20.7;202;
5669;2026.05.08 16:15;4;10.8125;11.25;16.8125;1600;20.7;202;
5670;2026.05.08 16:30;4;10.8125;11.25;16.4375;1600;20.7;202;
5671;2026.05.08 16:45;4;10.8125;11.25;16.5;1600;20.7;202;
5672;2026.05.08 17:00;4;10.8125;11.25;16;1600;20.7;202;
5673;2026.05.08 17:15;4;10.8125;11.25;14.875;1600;20.7;202;
5674;2026.05.08 17:30;4;10.8125;11.25;14.125;1600;20.7;202;
5675;2026.05.08 17:45;4;10.8125;11.25;12.875;1600;20.7;202;
5676;2026.05.08 18:00;4;10.8125;11.25;10.9375;1600;20.7;202;
5677;2026.05.08 18:15;4;10.8125;11.25;10.125;1600;20.7;202;
5678;2026.05.08 18:30;4;10.8125;11.3125;9;1600;20.7;202;
5679;2026.05.08 18:45;4;10.8125;11.3125;8.875;1600;20.7;202;
5680;2026.05.08 19:00;4;10.8125;11.25;9.25;1600;20.7;202;
5681;2026.05.08 19:15;4;10.8125;11.3125;9.1875;1600;20.7;202;
5682;2026.05.08 19:30;4;10.8125;11.25;8.75;1600;20.7;202;
5683;2026.05.08 19:45;4;10.8125;11.3125;8.1875;1600;20.7;202;
5684;2026.05.08 20:00;4;10.8125;11.375;8.1875;1600;20.7;202;
5685;2026.05.08 20:15;4;10.875;11.375;8;1600;20.7;202;
5686;2026.05.08 20:30;4;10.8125;11.3125;8.125;1600;20.7;202;
5687;2026.05.08 20:45;4;10.8125;11.375;7.125;1600;20.7;202;
5688;2026.05.08 21:00;4;10.8125;11.3125;5.875;1600;20.7;202;
5689;2026.05.08 21:15;4;10.875;11.375;5.25;1600;20.7;202;
5690;2026.05.08 21:30;4;10.875;11.375;5.4375;1600;20.7;202;
5691;2026.05.08 21:45;4;10.875;11.375;6;1600;20.7;202;
5692;2026.05.08 22:00;4;10.875;11.375;6.0625;1600;20.7;202;
5693;2026.05.08 22:15;4;10.875;11.375;6.25;1600;20.7;202;
5694;2026.05.08 22:30;4;10.875;11.375;5.6875;1600;20.7;202;
5695;2026.05.08 22:45;4;10.875;11.375;5.25;1600;20.7;202;
5696;2026.05.08 23:00;4;10.875;11.375;5.3125;1600;20.7;202;
5697;2026.05.08 23:15;4;10.875;11.375;5.9375;1600;20.7;202;
5698;2026.05.08 23:30;4;10.875;11.375;6.5;1600;20.7;202;
5699;2026.05.08 23:45;4;10.875;11.375;7;1600;20.7;202;
5700;2026.05.09 00:00;4;10.875;11.375;7.375;1600;20.7;202;
5701;2026.05.09 00:15;4;10.875;11.375;7.75;1600;20.7;202;
5702;2026.05.09 00:30;4;10.875;11.375;8;1600;20.7;202;
5703;2026.05.09 00:45;4;10.875;11.375;8.125;1600;20.7;202;
5704;2026.05.09 01:00;4;10.875;11.375;8.125;1601;20.7;202;
5705;2026.05.09 01:15;4;10.875;11.375;8;1600;20.7;202;
5706;2026.05.09 01:30;4;10.875;11.375;7.8125;1600;20.7;202;
5707;2026.05.09 01:45;4;10.875;11.375;7;1600;20.7;202;
5708;2026.05.09 02:00;4;10.875;11.375;5.375;1600;20.7;202;
5709;2026.05.09 02:15;4;10.875;11.375;4.25;1600;20.7;202;
5710;2026.05.09 02:30;4;10.875;11.375;4.25;1600;20.7;202;
5711;2026.05.09 02:45;4;10.875;11.375;4;1600;20.7;202;
5712;2026.05.09 03:00;4;10.875;11.375;3.875;1600;20.7;202;
5713;2026.05.09 03:15;4;10.875;11.375;4.625;1600;20.7;202;
5714;2026.05.09 03:30;4;10.875;11.375;4;1600;20.7;202;
5715;2026.05.09 03:45;4;10.875;11.375;3.625;1600;20.7;202;
5716;2026.05.09 04:00;4;10.875;11.375;4.875;1600;20.7;202;
5717;2026.05.09 04:15;4;10.875;11.375;5.5;1600;20.7;202;
5718;2026.05.09 04:30;4;10.875;11.375;5.625;1600;20.7;202;
5719;2026.05.09 04:45;4;10.875;11.3125;5.9375;1600;20.7;202;
5720;2026.05.09 05:00;4;10.875;11.375;6.6875;1600;20.7;202;
5721;2026.05.09 05:15;4;10.875;11.3125;7.25;1600;20.7;202;
5722;2026.05.09 05:30;4;10.875;11.3125;9.375;1600;20.7;202;
5723;2026.05.09 05:45;4;10.875;11.3125;10.875;1600;20.7;202;
5724;2026.05.09 06:00;4;10.875;11.3125;10.75;1600;20.7;202;
5725;2026.05.09 06:15;4;10.875;11.25;11.5;1600;20.7;202;
5726;2026.05.09 06:30;4;10.875;11.25;12.375;1600;20.7;202;
5727;2026.05.09 06:45;4;10.875;11.25;12.875;1600;20.7;202;
5728;2026.05.09 07:00;4;10.875;11.25;15.4375;1600;20.7;202;
5729;2026.05.09 07:15;4;10.875;11.25;15.875;1600;20.7;202;
5730;2026.05.09 07:30;4;10.875;11.25;17.125;1600;20.7;202;
5731;2026.05.09 07:45;4;10.875;11.25;17.5625;1600;20.7;202;
5732;2026.05.09 08:00;4;10.875;11.25;18.25;1600;20.7;202;
5733;2026.05.09 08:15;4;10.875;11.25;17.25;1600;20.7;202;
5734;2026.05.09 08:30;4;10.875;11.25;16.8125;1600;20.7;202;
5735;2026.05.09 08:45;4;10.875;11.25;18.5;1600;20.7;202;
5736;2026.05.09 09:00;4;10.875;11.25;20.625;1600;20.7;202;
5737;2026.05.09 09:15;4;10.875;11.25;23;1600;20.7;202;
5738;2026.05.09 09:30;4;10.875;11.25;19.9375;1600;20.7;202;
5739;2026.05.09 09:45;4;10.8125;11.1875;21.375;1600;20.7;202;
5740;2026.05.09 10:00;4;10.8125;11.1875;19.875;1600;20.7;202;
5741;2026.05.09 10:15;4;10.8125;11.1875;20.625;1600;20.7;202;
5742;2026.05.09 10:30;4;10.8125;11.1875;23.125;1600;20.7;202;
5743;2026.05.09 10:45;4;10.8125;11.1875;22.625;1600;20.7;202;
5744;2026.05.09 11:00;4;10.8125;11.1875;21.5;1600;20.7;202;
5745;2026.05.09 11:15;4;10.8125;11.1875;19.125;1600;20.7;202;
5746;2026.05.09 11:30;4;10.8125;11.125;22.625;1600;20.7;202;
5747;2026.05.09 11:45;4;10.8125;11.125;21.9375;1600;20.7;202;
5748;2026.05.09 12:00;4;10.8125;11.125;21.5;1600;20.7;202;
5749;2026.05.09 12:15;4;10.8125;11.125;25.25;1600;20.7;202;
5750;2026.05.09 12:30;4;10.75;11.125;24.0625;1600;20.7;202;
5751;2026.05.09 12:45;4;10.75;11.125;22.25;1600;20.7;202;
5752;2026.05.09 13:00;4;10.75;11.125;25.875;1600;20.7;202;
5753;2026.05.09 13:15;4;10.75;11.125;24.875;1600;20.7;202;
5754;2026.05.09 13:30;4;10.75;11.125;27;1600;20.7;202;
5755;2026.05.09 13:45;4;10.75;11.125;26.3125;1600;20.7;202;
5756;2026.05.09 14:00;4;10.75;11.125;25.875;1600;20.7;202;
5757;2026.05.09 14:15;4;10.75;11.125;26.375;1600;20.7;202;
5758;2026.05.09 14:30;4;10.75;11.125;25.25;1600;20.7;202;
5759;2026.05.09 14:45;4;10.75;11.125;23.25;1600;20.7;202;
5760;2026.05.09 15:00;4;10.75;11.125;22;1600;20.7;202;
5761;2026.05.09 15:15;4;10.75;11.125;20.4375;1600;20.7;202;
5762;2026.05.09 15:30;4;10.75;11.125;19.6875;1600;20.7;202;
5763;2026.05.09 15:45;4;10.75;11.125;19.125;1600;20.7;202;
5764;2026.05.09 16:00;4;10.75;11.125;18.25;1600;20.7;202;
5765;2026.05.09 16:15;4;10.75;11.125;17.875;1600;20.7;202;
5766;2026.05.09 16:30;4;10.75;11.1875;17.0625;1600;20.7;202;
5767;2026.05.09 16:45;4;10.75;11.1875;15.875;1600;20.7;202;
5768;2026.05.09 17:00;4;10.75;11.1875;15.125;1600;20.7;202;
5769;2026.05.09 17:15;4;10.75;11.1875;14.625;1600;20.7;202;
5770;2026.05.09 17:30;4;10.75;11.1875;14.125;1601;20.7;202;
5771;2026.05.09 17:45;4;10.75;11.25;13.5;1600;20.7;202;
5772;2026.05.09 18:00;4;10.75;11.25;12.625;1600;20.7;202;
5773;2026.05.09 18:15;4;10.75;11.25;12;1601;20.7;202;
5774;2026.05.09 18:30;4;10.75;11.25;11.25;1601;20.7;202;
5775;2026.05.09 18:45;4;10.75;11.25;10.4375;1601;20.7;202;
5776;2026.05.09 19:00;4;10.75;11.25;9.9375;1601;20.7;202;
5777;2026.05.09 19:15;4;10.75;11.25;8.875;1601;20.7;202;
5778;2026.05.09 19:30;4;10.75;11.25;8.4375;1601;20.7;202;
5779;2026.05.09 19:45;4;10.75;11.25;8.5;1601;20.7;202;
5780;2026.05.09 20:00;4;10.8125;11.25;8.25;1601;20.7;202;
5781;2026.05.09 20:15;4;10.8125;11.3125;7.75;1601;20.7;202;
5782;2026.05.09 20:30;4;10.8125;11.3125;7.25;1601;20.7;202;
5783;2026.05.09 20:45;4;10.8125;11.375;7.3125;1601;20.7;202;
5784;2026.05.09 21:00;4;10.8125;11.375;7.25;1601;20.7;202;
5785;2026.05.09 21:15;4;10.8125;11.375;7.125;1601;20.7;202;
5786;2026.05.09 21:30;4;10.8125;11.375;6.5;1601;20.7;202;
5787;2026.05.09 21:45;4;10.875;11.375;6.125;1601;20.7;202;
5788;2026.05.09 22:00;4;10.8125;11.375;5.875;1601;20.7;202;
5789;2026.05.09 22:15;4;10.875;11.375;5.875;1601;20.7;202;
5790;2026.05.09 22:30;4;10.875;11.375;5.875;1601;20.7;202;
5791;2026.05.09 22:45;4;10.875;11.375;6.25;1601;20.7;202;
5792;2026.05.09 23:00;4;10.875;11.375;6.5;1601;20.7;202;
5793;2026.05.09 23:15;4;10.875;11.375;5.875;1601;20.7;202;
5794;2026.05.09 23:30;4;10.875;11.375;5.375;1601;20.7;202;
5795;2026.05.09 23:45;4;10.875;11.375;5.625;1601;20.7;202;
5796;2026.05.10 00:00;4;10.875;11.4375;5.75;1601;20.7;202;
5797;2026.05.10 00:15;4;10.875;11.375;5.375;1601;20.7;202;
5798;2026.05.10 00:30;4;10.875;11.4375;4.625;1601;20.7;202;
5799;2026.05.10 00:45;4;10.875;11.4375;5;1601;20.7;202;
5800;2026.05.10 01:00;4;10.875;11.375;5.5;1601;20.7;202;
5801;2026.05.10 01:15;4;10.875;11.4375;5.1875;1601;20.7;202;
5802;2026.05.10 01:30;4;10.875;11.375;4.25;1601;20.7;202;
5803;2026.05.10 01:45;4;10.875;11.375;4.125;1601;20.7;202;
5804;2026.05.10 02:00;4;10.875;11.375;4.375;1601;20.7;202;
5805;2026.05.10 02:15;4;10.875;11.4375;3.375;1601;20.7;202;
5806;2026.05.10 02:30;4;10.875;11.4375;3;1601;20.7;202;
5807;2026.05.10 02:45;4;10.875;11.375;3.4375;1601;20.7;202;
5808;2026.05.10 03:00;4;10.875;11.375;3.75;1601;20.7;202;
5809;2026.05.10 03:15;4;10.875;11.4375;3.9375;1601;20.7;202;
5810;2026.05.10 03:30;4;10.875;11.375;3.75;1601;20.7;202;
5811;2026.05.10 03:45;4;10.875;11.375;2.875;1601;20.7;202;
5812;2026.05.10 04:00;4;10.875;11.375;2.75;1601;20.7;202;
5813;2026.05.10 04:15;4;10.875;11.375;3.875;1601;20.7;202;
5814;2026.05.10 04:30;4;10.875;11.375;4.5;1601;20.7;202;
5815;2026.05.10 04:45;4;10.875;11.375;5;1601;20.7;202;
5816;2026.05.10 05:00;4;10.875;11.375;5.625;1601;20.7;202;
5817;2026.05.10 05:15;4;10.875;11.375;6.6875;1601;20.7;202;
5818;2026.05.10 05:30;4;10.875;11.375;9.625;1601;20.7;202;
5819;2026.05.10 05:45;4;10.875;11.375;11.375;1601;20.7;202;
5820;2026.05.10 06:00;4;10.875;11.375;10.625;1601;20.7;202;
5821;2026.05.10 06:15;4;10.875;11.375;11;1601;20.7;202;
5822;2026.05.10 06:30;4;10.875;11.375;13.75;1601;20.7;202;
5823;2026.05.10 06:45;4;10.875;11.375;15.5;1601;20.7;202;
5824;2026.05.10 07:00;4;10.875;11.375;16.75;1601;20.7;202;
5825;2026.05.10 07:15;4;10.875;11.375;17.75;1601;20.7;202;
5826;2026.05.10 07:30;4;10.875;11.3125;19.0625;1601;20.7;202;
5827;2026.05.10 07:45;4;10.875;11.3125;17.625;1601;20.7;202;
5828;2026.05.10 08:00;4;10.875;11.3125;17.1875;1601;20.7;202;
5829;2026.05.10 08:15;4;10.875;11.25;19.25;1601;20.7;202;
5830;2026.05.10 08:30;4;10.875;11.25;22;1601;20.7;202;
5831;2026.05.10 08:45;4;10.875;11.25;23.125;1601;20.7;202;
5832;2026.05.10 09:00;4;10.875;11.25;24.4375;1601;20.7;202;
5833;2026.05.10 09:15;4;10.875;11.25;24.875;1601;20.7;202;
5834;2026.05.10 09:30;4;10.875;11.25;25.75;1601;20.7;202;
5835;2026.05.10 09:45;4;10.875;11.25;26.5;1601;20.7;202;
5836;2026.05.10 10:00;4;10.875;11.25;27.0625;1601;20.7;202;
5837;2026.05.10 10:15;4;10.875;11.25;27.75;1601;20.7;202;
5838;2026.05.10 10:30;4;10.875;11.25;28.125;1601;20.7;202;
5839;2026.05.10 10:45;4;10.875;11.25;28;1601;20.7;202;
5840;2026.05.10 11:00;4;10.875;11.25;28.25;1601;20.7;202;
5841;2026.05.10 11:15;4;10.875;11.1875;28.375;1601;20.7;202;
5842;2026.05.10 11:30;4;10.875;11.25;29.25;1601;20.7;202;
5843;2026.05.10 11:45;4;10.875;11.1875;29;1601;20.7;202;
5844;2026.05.10 12:00;4;10.875;11.1875;29.875;1601;20.7;202;
5845;2026.05.10 12:15;4;10.875;11.1875;29.75;1601;20.7;202;
5846;2026.05.10 12:30;4;10.875;11.1875;29.875;1601;20.7;202;
5847;2026.05.10 12:45;4;10.875;11.1875;30.625;1601;20.7;202;
5848;2026.05.10 13:00;4;10.875;11.1875;28.875;1601;20.7;202;
5849;2026.05.10 13:15;4;10.8125;11.1875;28;1601;20.7;202;
5850;2026.05.10 13:30;4;10.8125;11.1875;25.75;1601;20.7;202;
5851;2026.05.10 13:45;4;10.8125;11.1875;24.375;1601;20.7;202;
5852;2026.05.10 14:00;4;10.8125;11.1875;24.875;1601;20.7;202;
5853;2026.05.10 14:15;4;10.8125;11.1875;25.25;1601;20.7;202;
5854;2026.05.10 14:30;4;10.8125;11.1875;24.75;1601;20.7;202;
5855;2026.05.10 14:45;4;10.8125;11.1875;23.75;1601;20.7;202;
5856;2026.05.10 15:00;4;10.8125;11.1875;25.375;1601;20.7;202;
5857;2026.05.10 15:15;4;10.8125;11.25;23.75;1601;20.7;202;
5858;2026.05.10 15:30;4;10.8125;11.25;22;1601;20.7;202;
5859;2026.05.10 15:45;4;10.8125;11.25;20.5;1601;20.7;202;
5860;2026.05.10 16:00;4;10.8125;11.25;19.375;1601;20.7;202;
5861;2026.05.10 16:15;4;10.8125;11.25;20.1875;1601;20.7;202;
5862;2026.05.10 16:30;4;10.8125;11.25;19;1601;20.7;202;
5863;2026.05.10 16:45;4;10.8125;11.25;18.3125;1601;20.7;202;
5864;2026.05.10 17:00;4;10.8125;11.25;17.25;1601;20.7;202;
5865;2026.05.10 17:15;4;10.8125;11.25;15.875;1601;20.7;202;
5866;2026.05.10 17:30;4;10.875;11.25;14.6875;1601;20.7;202;
5867;2026.05.10 17:45;4;10.875;11.3125;13.25;1601;20.7;202;
5868;2026.05.10 18:00;4;10.875;11.3125;11.875;1601;20.7;202;
5869;2026.05.10 18:15;4;10.875;11.3125;10.9375;1601;20.7;202;
5870;2026.05.10 18:30;4;10.875;11.375;10.125;1601;20.7;202;
5871;2026.05.10 18:45;4;10.875;11.375;9.3125;1601;20.7;202;
5872;2026.05.10 19:00;4;10.875;11.375;9.25;1601;20.7;202;
5873;2026.05.10 19:15;4;10.875;11.375;9.75;1601;20.7;202;
5874;2026.05.10 19:30;4;10.875;11.375;10.375;1601;20.7;202;
5875;2026.05.10 19:45;4;10.875;11.4375;10.5;1601;20.7;202;
5876;2026.05.10 20:00;4;10.875;11.4375;10.1875;1601;20.7;202;
5877;2026.05.10 20:15;4;10.875;11.375;10;1601;20.7;202;
5878;2026.05.10 20:30;4;10.875;11.4375;9.625;1601;20.7;202;
5879;2026.05.10 20:45;4;10.875;11.5;9.125;1601;20.7;202;
5880;2026.05.10 21:00;4;10.875;11.5;8.6875;1601;20.7;202;
5881;2026.05.10 21:15;4;10.875;11.5;8.3125;1601;20.7;202;
5882;2026.05.10 21:30;4;10.875;11.5;8.9375;1601;20.7;202;
5883;2026.05.10 21:45;4;10.875;11.5;9.375;1601;20.7;202;
5884;2026.05.10 22:00;4;10.875;11.5;9.8125;1601;20.7;202;
5885;2026.05.10 22:15;4;10.875;11.5;9.0625;1601;20.7;202;
5886;2026.05.10 22:30;4;10.875;11.5;7.625;1601;20.7;202;
5887;2026.05.10 22:45;4;10.9375;11.5;7.125;1601;20.7;202;
5888;2026.05.10 23:00;4;10.9375;11.5;7.125;1601;20.7;202;
5889;2026.05.10 23:15;4;10.9375;11.5625;7.25;1601;20.7;202;
5890;2026.05.10 23:30;4;10.9375;11.5625;6.9375;1601;20.7;202;
5891;2026.05.10 23:45;4;10.9375;11.5625;6.75;1601;20.7;202;
5892;2026.05.11 00:00;4;11;11.5625;6.8125;1601;20.7;202;
5893;2026.05.11 00:15;4;11;11.5625;7.3125;1601;20.7;202;
5894;2026.05.11 00:30;4;11;11.5625;7.625;1601;20.7;202;
5895;2026.05.11 00:45;4;11;11.625;8.0625;1601;20.7;202;
5896;2026.05.11 01:00;4;11;11.625;8.1875;1601;20.7;202;
5897;2026.05.11 01:15;4;11;11.625;7.8125;1601;20.7;202;
5898;2026.05.11 01:30;4;11;11.625;7.25;1601;20.7;202;
5899;2026.05.11 01:45;4;11;11.5625;7;1601;20.7;202;
5900;2026.05.11 02:00;4;11;11.625;6.9375;1601;20.7;202;
5901;2026.05.11 02:15;4;11;11.5625;7.25;1601;20.7;202;
5902;2026.05.11 02:30;4;11;11.625;8.375;1601;20.7;202;
5903;2026.05.11 02:45;4;11;11.625;9.375;1601;20.7;202;
5904;2026.05.11 03:00;4;11;11.5625;8.875;1601;20.7;202;
5905;2026.05.11 03:15;4;11;11.5625;8.25;1601;20.7;202;
5906;2026.05.11 03:30;4;11;11.5625;8.375;1601;20.7;202;
5907;2026.05.11 03:45;4;11;11.625;8.5;1601;20.7;202;
5908;2026.05.11 04:00;4;11;11.5625;9.125;1601;20.7;202;
5909;2026.05.11 04:15;4;11;11.5625;9.5;1601;20.7;202;
5910;2026.05.11 04:30;4;11;11.625;9.75;1601;20.7;202;
5911;2026.05.11 04:45;4;11;11.5625;10;1601;20.7;202;
5912;2026.05.11 05:00;4;11;11.5625;10.4375;1601;20.7;202;
5913;2026.05.11 05:15;4;11;11.5625;10.75;1601;20.7;202;
5914;2026.05.11 05:30;4;11;11.5625;11.875;1601;20.7;202;
5915;2026.05.11 05:45;4;11;11.5625;12.1875;1601;20.7;202;
5916;2026.05.11 06:00;4;11;11.5;12.9375;1601;20.7;202;
5917;2026.05.11 06:15;4;11;11.5;15.1875;1601;20.7;202;
5918;2026.05.11 06:30;4;11;11.5;18.4375;1601;20.7;202;
5919;2026.05.11 06:45;4;11;11.5;20;1601;20.7;202;
5920;2026.05.11 07:00;4;11;11.5;20.9375;1601;20.7;202;
5921;2026.05.11 07:15;4;11;11.5;21.625;1601;20.7;202;
5922;2026.05.11 07:30;4;11;11.5;22.75;1601;20.7;202;
5923;2026.05.11 07:45;4;11;11.5;21.0625;1601;20.7;202;
5924;2026.05.11 08:00;4;11;11.5;20.375;1601;20.7;202;
5925;2026.05.11 08:15;4;11;11.5;20.125;1601;20.7;202;
5926;2026.05.11 08:30;4;11;11.5;24.4375;1601;20.7;202;
5927;2026.05.11 08:45;4;11;11.5;26.375;1601;20.7;202;
5928;2026.05.11 09:00;4;11;11.5;25.8125;1601;20.7;202;
5929;2026.05.11 09:15;4;11;11.5;26.8125;1601;20.7;202;
5930;2026.05.11 09:30;4;11;11.5;27.6875;1601;20.7;202;
5931;2026.05.11 09:45;4;11;11.5;27.875;1601;20.7;202;
5932;2026.05.11 10:00;4;11;11.5;27.5625;1601;20.7;202;
5933;2026.05.11 10:15;4;11;11.5;29.375;1601;20.7;202;
5934;2026.05.11 10:30;4;11;11.5;29.75;1601;20.7;202;
5935;2026.05.11 10:45;4;11;11.5;27.0625;1601;20.7;202;
5936;2026.05.11 11:00;4;11;11.5;27;1601;20.7;202;
5937;2026.05.11 11:15;4;11;11.5;29.25;1601;20.7;202;
5938;2026.05.11 11:30;4;11;11.5;28.9375;1601;20.7;202;
5939;2026.05.11 11:45;4;11;11.5;31;1601;20.7;202;
5940;2026.05.11 12:00;4;11;11.5;28.5;1601;20.7;202;
5941;2026.05.11 12:15;4;11;11.4375;24.5;1601;20.7;202;
5942;2026.05.11 12:30;4;11;11.5;26.125;1601;20.7;202;
5943;2026.05.11 12:45;4;11;11.5;24.75;1601;20.7;202;
5944;2026.05.11 13:00;4;11;11.5;26.5;1601;20.7;202;
5945;2026.05.11 13:15;4;11;11.5;21.25;1601;20.7;202;
5946;2026.05.11 13:30;4;11;11.5;17.5;1601;20.7;202;
5947;2026.05.11 13:45;4;11;11.5;19.4375;1601;20.7;202;
5948;2026.05.11 14:00;4;11;11.5;21.1875;1601;20.7;202;
5949;2026.05.11 14:15;4;11;11.5;19.75;1601;20.7;202;
5950;2026.05.11 14:30;4;11;11.5;18.875;1601;20.7;202;
5951;2026.05.11 14:45;4;11;11.5;18.6875;1601;20.7;202;
5952;2026.05.11 15:00;4;11;11.5;19.125;1601;20.7;202;
5953;2026.05.11 15:15;4;11;11.5;18.25;1601;20.7;202;
5954;2026.05.11 15:30;4;11;11.5;16.375;1601;20.7;202;
5955;2026.05.11 15:45;4;11;11.5;13.875;1601;20.7;202;
5956;2026.05.11 16:00;4;11;11.5;13.4375;1601;20.7;202;
5957;2026.05.11 16:15;4;11;11.5;13;1601;20.7;202;
5958;2026.05.11 16:30;4;11;11.5;12.6875;1601;20.7;202;
5959;2026.05.11 16:45;4;11;11.5625;11.9375;1601;20.7;202;
5960;2026.05.11 17:00;4;11;11.5625;11.5;1601;20.7;202;
5961;2026.05.11 17:15;4;11;11.625;11.25;1601;20.7;202;
5962;2026.05.11 17:30;4;11;11.625;11;1601;20.7;202;
5963;2026.05.11 17:45;4;11;11.625;10.875;1601;20.7;202;
5964;2026.05.11 18:00;4;11;11.625;10.75;1601;20.7;202;
5965;2026.05.11 18:15;4;11;11.625;10.6875;1601;20.7;202;
5966;2026.05.11 18:30;4;11.0625;11.625;10.5625;1601;20.7;202;
5967;2026.05.11 18:45;4;11.0625;11.625;10.4375;1601;20.7;202;
5968;2026.05.11 19:00;4;11.0625;11.6875;10.375;1601;20.7;202;
5969;2026.05.11 19:15;4;11.0625;11.6875;10.375;1601;20.7;202;
5970;2026.05.11 19:30;4;11.0625;11.6875;10.25;1601;20.7;202;
5971;2026.05.11 19:45;4;11.125;11.75;10.3125;1601;20.7;202;
5972;2026.05.11 20:00;4;11.125;11.75;10.25;1601;20.7;202;
5973;2026.05.11 20:15;4;11.125;11.75;10.125;1601;20.7;202;
5974;2026.05.11 20:30;4;11.125;11.75;10.125;1601;20.7;202;
5975;2026.05.11 20:45;4;11.125;11.75;10.0625;1601;20.7;202;
5976;2026.05.11 21:00;4;11.125;11.75;9.9375;1601;20.7;202;
5977;2026.05.11 21:15;4;11.125;11.75;9.625;1601;20.7;202;
5978;2026.05.11 21:30;4;11.125;11.75;9.4375;1601;20.7;202;
5979;2026.05.11 21:45;4;11.125;11.75;9.5;1601;20.7;202;
5980;2026.05.11 22:00;4;11.125;11.75;9.25;1601;20.7;202;
5981;2026.05.11 22:15;4;11.125;11.75;9;1601;20.7;202;
5982;2026.05.11 22:30;4;11.125;11.8125;8.75;1601;20.7;202;
5983;2026.05.11 22:45;4;11.125;11.75;8.75;1601;20.7;202;
5984;2026.05.11 23:00;4;11.125;11.8125;8.6875;1601;20.7;202;
5985;2026.05.11 23:15;4;11.125;11.8125;8.5;1601;20.7;202;
5986;2026.05.11 23:30;4;11.125;11.8125;8.25;1601;20.7;202;
5987;2026.05.11 23:45;4;11.125;11.8125;8;1601;20.7;202;
5988;2026.05.12 00:00;4;11.125;11.8125;7.75;1601;20.7;202;
5989;2026.05.12 00:15;4;11.1875;11.8125;7.5;1601;20.7;202;
5990;2026.05.12 00:30;4;11.1875;11.8125;7.25;1601;20.7;202;
5991;2026.05.12 00:45;4;11.1875;11.875;7;1601;20.7;202;
5992;2026.05.12 01:00;4;11.1875;11.875;6.8125;1601;20.7;202;
5993;2026.05.12 01:15;4;11.1875;11.875;6.6875;1601;20.7;202;
5994;2026.05.12 01:30;4;11.1875;11.8125;6.625;1601;20.7;202;
5995;2026.05.12 01:45;4;11.1875;11.875;6.5625;1601;20.7;202;
5996;2026.05.12 02:00;4;11.1875;11.875;6.3125;1601;20.7;202;
5997;2026.05.12 02:15;4;11.25;11.875;6.1875;1601;20.7;202;
5998;2026.05.12 02:30;4;11.25;11.875;6;1601;20.7;202;
5999;2026.05.12 02:45;4;11.25;11.875;5.75;1601;20.7;202;
6000;2026.05.12 03:00;4;11.25;11.875;5.5625;1601;20.7;202;
6001;2026.05.12 03:15;4;11.25;11.875;5.375;1601;20.7;202;
6002;2026.05.12 03:30;4;11.25;11.8125;5;1601;20.7;202;
6003;2026.05.12 03:45;4;11.25;11.875;4.25;1601;20.7;202;
6004;2026.05.12 04:00;4;11.25;11.875;3.6875;1601;20.7;202;
6005;2026.05.12 04:15;4;11.25;11.875;3.5;1601;20.7;202;
6006;2026.05.12 04:30;4;11.25;11.875;4.25;1601;20.7;202;
6007;2026.05.12 04:45;4;11.25;11.8125;5.125;1601;20.7;202;
6008;2026.05.12 05:00;4;11.25;11.8125;5.625;1601;20.7;202;
6009;2026.05.12 05:15;4;11.25;11.8125;5.875;1601;20.7;202;
6010;2026.05.12 05:30;4;11.25;11.75;6.75;1601;20.7;202;
6011;2026.05.12 05:45;4;11.25;11.75;7.625;1601;20.7;202;
6012;2026.05.12 06:00;4;11.25;11.75;8.0625;1601;20.7;202;
6013;2026.05.12 06:15;4;11.25;11.75;8.25;1601;20.7;202;
6014;2026.05.12 06:30;4;11.25;11.75;9.625;1601;20.7;202;
6015;2026.05.12 06:45;4;11.25;11.75;9.6875;1601;20.7;202;
6016;2026.05.12 07:00;4;11.25;11.75;9.625;1601;20.7;202;
6017;2026.05.12 07:15;4;11.25;11.75;9.1875;1601;20.7;202;
6018;2026.05.12 07:30;4;11.25;11.75;9;1601;20.7;202;
6019;2026.05.12 07:45;4;11.25;11.75;8.875;1601;20.7;202;
6020;2026.05.12 08:00;4;11.25;11.75;8.75;1601;20.7;202;
6021;2026.05.12 08:15;4;11.25;11.75;9.625;1601;20.7;202;
6022;2026.05.12 08:30;4;11.25;11.75;9.875;1601;20.7;202;
6023;2026.05.12 08:45;4;11.25;11.75;9.25;1601;20.7;202;
6024;2026.05.12 09:00;4;11.25;11.75;10.8125;1601;20.7;202;
6025;2026.05.12 09:15;4;11.25;11.75;12.9375;1601;20.7;202;
6026;2026.05.12 09:30;4;11.25;11.75;11.9375;1601;20.7;202;
6027;2026.05.12 09:45;4;11.25;11.75;10.625;1601;20.7;202;
6028;2026.05.12 10:00;4;11.25;11.6875;10.5;1601;20.7;202;
6029;2026.05.12 10:15;4;11.25;11.6875;10.5;1601;20.7;202;
6030;2026.05.12 10:30;4;11.25;11.6875;13.25;1601;20.7;202;
6031;2026.05.12 10:45;4;11.25;11.6875;10.625;1601;20.7;202;
6032;2026.05.12 11:00;4;11.25;11.6875;9.125;1601;20.7;202;
6033;2026.05.12 11:15;4;11.25;11.625;10.625;1601;20.7;202;
6034;2026.05.12 11:30;4;11.25;11.625;9.75;1601;20.7;202;
6035;2026.05.12 11:45;4;11.25;11.625;8.75;1601;20.7;202;
6036;2026.05.12 12:00;4;11.25;11.625;10.0625;1601;20.7;202;
6037;2026.05.12 12:15;4;11.25;11.625;9.75;1600;20.7;202;
6038;2026.05.12 12:30;4;11.25;11.625;12.375;1600;20.7;202;
6039;2026.05.12 12:45;4;11.1875;11.625;12.75;1600;20.7;202;
6040;2026.05.12 13:00;4;11.1875;11.625;12.6875;1600;20.7;202;
6041;2026.05.12 13:15;4;11.1875;11.625;11.75;1600;20.7;202;
6042;2026.05.12 13:30;4;11.1875;11.625;13.4375;1600;20.7;202;
6043;2026.05.12 13:45;4;11.1875;11.625;11.125;1600;20.7;202;
6044;2026.05.12 14:00;4;11.1875;11.625;10.5;1600;20.7;202;
6045;2026.05.12 14:15;4;11.1875;11.625;9.5625;1600;20.7;202;
6046;2026.05.12 14:30;4;11.1875;11.625;12.375;1600;20.7;202;
6047;2026.05.12 14:45;4;11.1875;11.625;11.375;1600;20.7;202;
6048;2026.05.12 15:00;4;11.1875;11.625;9.875;1600;20.7;202;
6049;2026.05.12 15:15;4;11.1875;11.5625;9.625;1600;20.7;202;
6050;2026.05.12 15:30;4;11.1875;11.5625;9.8125;1600;20.7;202;
6051;2026.05.12 15:45;4;11.1875;11.5625;9.875;1600;20.7;202;
6052;2026.05.12 16:00;4;11.1875;11.5625;9.1875;1600;20.7;202;
6053;2026.05.12 16:15;4;11.125;11.5625;8.5;1600;20.7;202;
6054;2026.05.12 16:30;4;11.125;11.5625;7.875;1600;20.7;202;
6055;2026.05.12 16:45;4;11.125;11.5625;6.8125;1600;20.7;202;
6056;2026.05.12 17:00;4;11.125;11.5625;6.25;1600;20.7;202;
6057;2026.05.12 17:15;4;11.125;11.5625;6.125;1600;20.7;202;
6058;2026.05.12 17:30;4;11.125;11.5625;6.0625;1600;20.7;202;
6059;2026.05.12 17:45;4;11.125;11.5625;6;1600;20.7;202;
6060;2026.05.12 18:00;4;11.125;11.5;5.6875;1600;20.7;202;
6061;2026.05.12 18:15;4;11.125;11.5;5.1875;1600;20.7;202;
6062;2026.05.12 18:30;4;11.125;11.5;5.25;1600;20.7;202;
6063;2026.05.12 18:45;4;11.125;11.5;5.0625;1600;20.7;202;
6064;2026.05.12 19:00;4;11.125;11.5;4.875;1600;20.7;202;
6065;2026.05.12 19:15;4;11.125;11.5;3.75;1600;20.7;202;
6066;2026.05.12 19:30;4;11.125;11.5;2.3125;1600;20.7;202;
6067;2026.05.12 19:45;4;11.125;11.5;1.5;1600;20.7;202;
6068;2026.05.12 20:00;4;11.125;11.5;1.5;1600;20.7;202;
6069;2026.05.12 20:15;4;11.125;11.5;1.8125;1600;20.7;202;
6070;2026.05.12 20:30;4;11.125;11.5;1.1875;1600;20.7;202;
6071;2026.05.12 20:45;4;11.125;11.5;0.75;1600;20.7;202;
6072;2026.05.12 21:00;4;11.125;11.5;0.375;1600;20.7;202;
6073;2026.05.12 21:15;4;11.125;11.5;0.5625;1600;20.7;202;
6074;2026.05.12 21:30;4;11.125;11.5;0.5;1600;20.7;202;
6075;2026.05.12 21:45;4;11.125;11.5;-0.0625;1600;20.7;202;
6076;2026.05.12 22:00;4;11.125;11.5;-0.9375;1600;20.7;202;
6077;2026.05.12 22:15;4;11.125;11.5;-1.5;1600;20.7;202;
6078;2026.05.12 22:30;4;11.125;11.5;-1.875;1600;20.7;202;
6079;2026.05.12 22:45;4;11.125;11.5;-1.625;1600;20.7;202;
6080;2026.05.12 23:00;4;11.125;11.5;-1.75;1600;20.7;202;
6081;2026.05.12 23:15;4;11.125;11.5;-2;1600;20.7;202;
6082;2026.05.12 23:30;4;11.125;11.5;-2.125;1600;20.7;202;
6083;2026.05.12 23:45;4;11.125;11.5;-2.25;1600;20.7;202;
6084;2026.05.13 00:00;4;11.125;11.5;-2.5;1600;20.7;202;
6085;2026.05.13 00:15;4;11.125;11.4375;-2.5;1600;20.7;202;
6086;2026.05.13 00:30;4;11.125;11.4375;-2.5625;1600;20.7;202;
6087;2026.05.13 00:45;4;11.125;11.4375;-2.5;1600;20.7;202;
6088;2026.05.13 01:00;4;11.125;11.4375;-2.375;1600;20.7;202;
6089;2026.05.13 01:15;4;11.125;11.4375;-2;1600;20.7;202;
6090;2026.05.13 01:30;4;11.125;11.375;-1.875;1600;20.7;202;
6091;2026.05.13 01:45;4;11.125;11.375;-2.5625;1600;20.7;202;
6092;2026.05.13 02:00;4;11.125;11.375;-2.875;1600;20.7;202;
6093;2026.05.13 02:15;4;11.125;11.375;-3;1600;20.7;202;
6094;2026.05.13 02:30;4;11.0625;11.375;-3.0625;1600;20.7;202;
6095;2026.05.13 02:45;4;11.0625;11.375;-2.9375;1600;20.7;202;
6096;2026.05.13 03:00;4;11.0625;11.375;-3.375;1600;20.7;202;
6097;2026.05.13 03:15;4;11.0625;11.375;-3.375;1600;20.7;202;
6098;2026.05.13 03:30;4;11.0625;11.375;-3.3125;1600;20.7;202;
6099;2026.05.13 03:45;4;11.0625;11.375;-2.4375;1600;20.7;202;
6100;2026.05.13 04:00;4;11.0625;11.375;-2.5;1600;20.7;202;
6101;2026.05.13 04:15;4;11.0625;11.3125;-2.5;1600;20.7;202;
6102;2026.05.13 04:30;4;11;11.3125;-1.875;1599;20.7;202;
6103;2026.05.13 04:45;4;11;11.3125;-1.0625;1599;20.7;202;
6104;2026.05.13 05:00;4;11;11.25;-0.25;1599;20.7;202;
6105;2026.05.13 05:15;4;11;11.25;0.9375;1599;20.7;202;
6106;2026.05.13 05:30;4;11;11.25;2.875;1599;20.7;202;
6107;2026.05.13 05:45;4;11;11.25;6.5;1599;20.7;202;
6108;2026.05.13 06:00;4;11;11.25;6.9375;1599;20.7;202;
6109;2026.05.13 06:15;4;11;11.25;9;1599;20.7;202;
6110;2026.05.13 06:30;4;11;11.25;10.375;1599;20.7;202;
6111;2026.05.13 06:45;4;11;11.25;12.625;1599;20.7;202;
6112;2026.05.13 07:00;4;11;11.25;13.125;1599;20.7;202;
6113;2026.05.13 07:15;4;11;11.1875;13.375;1599;20.7;202;
6114;2026.05.13 07:30;4;11;11.125;15.3125;1599;20.7;202;
6115;2026.05.13 07:45;4;11;11.125;14.625;1599;20.7;202;
6116;2026.05.13 08:00;4;11;11.125;14.0625;1599;20.7;202;
6117;2026.05.13 08:15;4;11;11.125;13.625;1599;20.7;202;
6118;2026.05.13 08:30;4;11;11.125;17.9375;1599;20.7;202;
6119;2026.05.13 08:45;4;10.9375;11.125;19.4375;1599;20.7;202;
6120;2026.05.13 09:00;4;10.9375;11.125;19.875;1599;20.7;202;
6121;2026.05.13 09:15;4;10.9375;11.0625;19.625;1599;20.7;202;
6122;2026.05.13 09:30;4;10.9375;11.0625;17.375;1599;20.7;202;
6123;2026.05.13 09:45;4;10.9375;11.0625;16;1599;20.7;202;
6124;2026.05.13 10:00;4;10.875;11;15.75;1599;20.7;202;
6125;2026.05.13 10:15;4;10.875;11;19.5;1599;20.7;202;
6126;2026.05.13 10:30;4;10.875;11;23.75;1599;20.7;202;
6127;2026.05.13 10:45;4;10.875;11;20.25;1599;20.7;202;
6128;2026.05.13 11:00;4;10.875;11;18.5;1599;20.7;202;
6129;2026.05.13 11:15;4;10.875;11;16.375;1599;20.7;202;
6130;2026.05.13 11:30;4;10.875;11;15;1599;20.7;202;
6131;2026.05.13 11:45;4;10.875;11;14.875;1599;20.7;202;
6132;2026.05.13 12:00;4;10.875;11;15.875;1599;20.7;202;
6133;2026.05.13 12:15;4;10.875;10.9375;15.625;1599;20.7;202;
6134;2026.05.13 12:30;4;10.875;10.9375;14.625;1599;20.7;202;
6135;2026.05.13 12:45;4;10.875;10.9375;14.8125;1599;20.7;202;
6136;2026.05.13 13:00;4;10.8125;10.875;13.625;1599;20.7;202;
6137;2026.05.13 13:15;4;10.8125;10.875;14.125;1599;20.7;202;
6138;2026.05.13 13:30;4;10.8125;10.875;14.125;1599;20.7;202;
6139;2026.05.13 13:45;4;10.8125;10.875;13.625;1599;20.7;202;
6140;2026.05.13 14:00;4;10.8125;10.875;15.1875;1599;20.7;202;
6141;2026.05.13 14:15;4;10.75;10.875;15.6875;1599;20.7;202;
6142;2026.05.13 14:30;4;10.75;10.875;16.25;1599;20.7;202;
6143;2026.05.13 14:45;4;10.75;10.875;15.875;1599;20.7;202;
6144;2026.05.13 15:00;4;10.75;10.875;14.75;1599;20.7;202;
6145;2026.05.13 15:15;4;10.75;10.875;14.1875;1599;20.7;202;
6146;2026.05.13 15:30;4;10.75;10.875;14.125;1598;20.7;202;
6147;2026.05.13 15:45;4;10.75;10.875;13.625;1598;20.7;202;
6148;2026.05.13 16:00;4;10.75;10.875;13.75;1598;20.7;202;
6149;2026.05.13 16:15;4;10.75;10.875;13.625;1598;20.7;202;
6150;2026.05.13 16:30;4;10.75;10.875;13.3125;1598;20.7;202;
6151;2026.05.13 16:45;4;10.75;10.875;12.75;1598;20.7;202;
6152;2026.05.13 17:00;4;10.75;10.875;12.625;1598;20.7;202;
6153;2026.05.13 17:15;4;10.75;10.875;12.5;1598;20.7;202;
6154;2026.05.13 17:30;4;10.75;10.875;12.25;1598;20.7;202;
6155;2026.05.13 17:45;4;10.75;10.875;11.5;1598;20.7;202;
6156;2026.05.13 18:00;4;10.75;10.875;10.4375;1598;20.7;202;
6157;2026.05.13 18:15;4;10.75;10.875;9.875;1598;20.7;202;
6158;2026.05.13 18:30;4;10.75;10.875;8.8125;1598;20.7;202;
6159;2026.05.13 18:45;4;10.75;10.875;7.25;1598;20.7;202;
6160;2026.05.13 19:00;4;10.75;10.9375;6.25;1598;20.7;202;
6161;2026.05.13 19:15;4;10.75;10.9375;5.4375;1598;20.7;202;
6162;2026.05.13 19:30;4;10.75;10.9375;4.5625;1598;20.7;202;
6163;2026.05.13 19:45;4;10.75;10.9375;4.125;1598;20.7;202;
6164;2026.05.13 20:00;4;10.75;10.9375;4.125;1598;20.7;202;
6165;2026.05.13 20:15;4;10.75;10.9375;3.75;1598;20.7;202;
6166;2026.05.13 20:30;4;10.75;10.9375;3.1875;1598;20.7;202;
6167;2026.05.13 20:45;4;10.75;10.9375;3;1598;20.7;202;
6168;2026.05.13 21:00;4;10.75;10.9375;2.875;1598;20.7;202;
6169;2026.05.13 21:15;4;10.75;10.9375;2.75;1598;20.7;202;
6170;2026.05.13 21:30;4;10.75;10.9375;2.75;1598;20.7;202;
6171;2026.05.13 21:45;4;10.75;10.9375;3;1598;20.7;202;
6172;2026.05.13 22:00;4;10.75;11;3;1598;20.7;202;
6173;2026.05.13 22:15;4;10.75;10.9375;3.375;1598;20.7;202;
6174;2026.05.13 22:30;4;10.75;11;3.875;1598;20.7;202;
6175;2026.05.13 22:45;4;10.75;11;4.25;1598;20.7;202;
6176;2026.05.13 23:00;4;10.75;11;4.375;1598;20.7;202;
6177;2026.05.13 23:15;4;10.75;11;5.125;1598;20.7;202;
6178;2026.05.13 23:30;4;10.75;11;6.625;1598;20.7;202;
6179;2026.05.13 23:45;4;10.75;11;7.0625;1598;20.7;202;
6180;2026.05.14 00:00;4;10.75;11;6.75;1598;20.7;202;
6181;2026.05.14 00:15;4;10.75;11;6.875;1598;20.7;202;
6182;2026.05.14 00:30;4;10.75;11;6.75;1598;20.7;202;
6183;2026.05.14 00:45;4;10.75;10.9375;6.125;1598;20.7;202;
6184;2026.05.14 01:00;4;10.75;11;5.6875;1598;20.7;202;
6185;2026.05.14 01:15;4;10.75;10.9375;5.5;1598;20.7;202;
6186;2026.05.14 01:30;4;10.75;10.9375;5.1875;1598;20.7;202;
6187;2026.05.14 01:45;4;10.75;10.9375;4.75;1598;20.7;202;
6188;2026.05.14 02:00;4;10.6875;11;4.375;1598;20.7;202;
6189;2026.05.14 02:15;4;10.75;10.9375;4.4375;1598;20.7;202;
6190;2026.05.14 02:30;4;10.75;10.9375;4.5625;1598;20.7;202;
6191;2026.05.14 02:45;4;10.75;10.9375;5;1598;20.7;202;
6192;2026.05.14 03:00;4;10.75;10.9375;5.375;1598;20.7;202;
6193;2026.05.14 03:15;4;10.75;10.9375;5.5;1598;20.7;202;
6194;2026.05.14 03:30;4;10.75;10.9375;5;1598;20.7;202;
6195;2026.05.14 03:45;4;10.75;10.875;4.5;1598;20.7;202;
6196;2026.05.14 04:00;4;10.75;10.875;4.75;1598;20.7;202;
6197;2026.05.14 04:15;4;10.75;10.875;4.5;1598;20.7;202;
6198;2026.05.14 04:30;4;10.75;10.875;4.75;1598;20.7;202;
6199;2026.05.14 04:45;4;10.75;10.875;5.75;1598;20.7;202;
6200;2026.05.14 05:00;4;10.75;10.875;6.875;1598;20.7;202;
6201;2026.05.14 05:15;4;10.75;10.875;7.75;1598;20.7;202;
6202;2026.05.14 05:30;4;10.6875;10.875;8.1875;1598;20.7;202;
6203;2026.05.14 05:45;4;10.6875;10.875;8.1875;1598;20.7;202;
6204;2026.05.14 06:00;4;10.6875;10.875;8.9375;1598;20.7;202;
6205;2026.05.14 06:15;4;10.6875;10.875;11.875;1598;20.7;202;
6206;2026.05.14 06:30;4;10.6875;10.875;11.9375;1598;20.7;202;
6207;2026.05.14 06:45;4;10.6875;10.875;10.625;1597;20.7;202;
6208;2026.05.14 07:00;4;10.6875;10.875;9.6875;1597;20.7;202;
6209;2026.05.14 07:15;4;10.6875;10.875;10.625;1597;20.7;202;
6210;2026.05.14 07:30;4;10.6875;10.875;10.8125;1597;20.7;202;
6211;2026.05.14 07:45;4;10.6875;10.875;11.0625;1597;20.7;202;
6212;2026.05.14 08:00;4;10.625;10.8125;11;1597;20.7;202;
6213;2026.05.14 08:15;4;10.625;10.8125;10.5;1597;20.7;202;
6214;2026.05.14 08:30;4;10.625;10.8125;8.5;1597;20.7;202;
6215;2026.05.14 08:45;4;10.625;10.8125;8.5;1597;20.7;202;
6216;2026.05.14 09:00;4;10.625;10.8125;8.375;1597;20.7;202;
6217;2026.05.14 09:15;4;10.625;10.75;9.75;1597;20.7;202;
6218;2026.05.14 09:30;4;10.625;10.75;11.875;1597;20.7;202;
6219;2026.05.14 09:45;4;10.625;10.75;14.875;1597;20.7;202;
6220;2026.05.14 10:00;4;10.625;10.75;17.125;1597;20.7;202;
6221;2026.05.14 10:15;4;10.625;10.75;16.6875;1597;20.7;202;
6222;2026.05.14 10:30;4;10.625;10.75;15;1597;20.7;202;
6223;2026.05.14 10:45;4;10.625;10.75;13.9375;1597;20.7;202;
6224;2026.05.14 11:00;4;10.625;10.75;12.5;1597;20.7;202;
6225;2026.05.14 11:15;4;10.625;10.75;14;1597;20.7;202;
6226;2026.05.14 11:30;4;10.625;10.75;16.1875;1597;20.7;202;
6227;2026.05.14 11:45;4;10.625;10.75;16.5625;1597;20.7;202;
6228;2026.05.14 12:00;4;10.625;10.75;15;1597;20.7;202;
6229;2026.05.14 12:15;4;10.625;10.75;16.625;1597;20.7;202;
6230;2026.05.14 12:30;4;10.625;10.75;16.9375;1597;20.7;202;
6231;2026.05.14 12:45;4;10.625;10.75;16.875;1597;20.7;202;
6232;2026.05.14 13:00;4;10.625;10.75;16.4375;1597;20.7;202;
6233;2026.05.14 13:15;4;10.625;10.75;15.5;1597;20.7;202;
6234;2026.05.14 13:30;4;10.625;10.75;14.5;1597;20.7;202;
6235;2026.05.14 13:45;4;10.625;10.75;14.75;1597;20.7;202;
6236;2026.05.14 14:00;4;10.625;10.75;14.125;1597;20.7;202;
6237;2026.05.14 14:15;4;10.625;10.75;13.875;1597;20.7;202;
6238;2026.05.14 14:30;4;10.625;10.75;14.125;1597;20.7;202;
6239;2026.05.14 14:45;4;10.625;10.75;14.125;1597;20.7;202;
6240;2026.05.14 15:00;4;10.5625;10.75;13.5;1597;20.7;202;
6241;2026.05.14 15:15;4;10.5625;10.75;12.5625;1597;20.7;202;
6242;2026.05.14 15:30;4;10.5625;10.75;11.375;1597;20.7;202;
6243;2026.05.14 15:45;4;10.5625;10.75;10.625;1597;20.7;202;
6244;2026.05.14 16:00;4;10.5625;10.75;10.625;1597;20.7;202;
6245;2026.05.14 16:15;4;10.5625;10.75;10.5;1597;20.7;202;
6246;2026.05.14 16:30;4;10.5625;10.75;10.375;1597;20.7;202;
6247;2026.05.14 16:45;4;10.5625;10.75;10.25;1597;20.7;202;
6248;2026.05.14 17:00;4;10.5625;10.75;10.0625;1597;20.7;202;
6249;2026.05.14 17:15;4;10.5625;10.75;9.875;1597;20.7;202;
6250;2026.05.14 17:30;4;10.5625;10.75;9.5;1597;20.7;202;
6251;2026.05.14 17:45;4;10.5625;10.75;9.0625;1597;20.7;202;
6252;2026.05.14 18:00;4;10.5625;10.75;8.625;1597;20.7;202;
6253;2026.05.14 18:15;4;10.5625;10.75;8.25;1597;20.7;202;
6254;2026.05.14 18:30;4;10.5625;10.75;7.875;1597;20.7;202;
6255;2026.05.14 18:45;4;10.5625;10.75;7.375;1597;20.7;202;
6256;2026.05.14 19:00;4;10.5625;10.75;6.8125;1597;20.7;202;
6257;2026.05.14 19:15;4;10.5625;10.75;6.4375;1597;20.7;202;
6258;2026.05.14 19:30;4;10.5625;10.75;6.0625;1597;20.7;202;
6259;2026.05.14 19:45;4;10.5625;10.75;5.375;1597;20.7;202;
6260;2026.05.14 20:00;4;10.5625;10.75;5.1875;1597;20.7;202;
6261;2026.05.14 20:15;4;10.5625;10.75;5.3125;1597;20.7;202;
6262;2026.05.14 20:30;4;10.5625;10.75;5.625;1597;20.7;202;
6263;2026.05.14 20:45;4;10.5625;10.75;5.9375;1597;20.7;202;
6264;2026.05.14 21:00;4;10.5625;10.75;6;1597;20.7;202;
6265;2026.05.14 21:15;4;10.5625;10.75;6.125;1597;20.7;202;
6266;2026.05.14 21:30;4;10.5625;10.8125;5.875;1597;20.7;202;
6267;2026.05.14 21:45;4;10.5625;10.8125;5.5625;1597;20.7;202;
6268;2026.05.14 22:00;4;10.5625;10.8125;4.6875;1597;20.7;202;
6269;2026.05.14 22:15;4;10.5625;10.8125;3.6875;1597;20.7;202;
6270;2026.05.14 22:30;4;10.5625;10.8125;3.0625;1597;20.7;202;
6271;2026.05.14 22:45;4;10.5625;10.8125;2.4375;1597;20.7;202;
6272;2026.05.14 23:00;4;10.625;10.8125;2.125;1597;20.7;202;
6273;2026.05.14 23:15;4;10.625;10.8125;3;1597;20.7;202;
6274;2026.05.14 23:30;4;10.625;10.8125;4.125;1597;20.7;202;
6275;2026.05.14 23:45;4;10.5625;10.8125;4.625;1597;20.7;202;
6276;2026.05.15 00:00;4;10.5625;10.8125;4.875;1596;20.6;202;
6277;2026.05.15 00:15;4;10.5625;10.8125;4.75;1597;20.7;202;
6278;2026.05.15 00:30;4;10.625;10.8125;4.625;1596;20.6;202;
6279;2026.05.15 00:45;4;10.625;10.8125;4.125;1596;20.6;202;
6280;2026.05.15 01:00;4;10.625;10.8125;3.75;1596;20.6;202;
6281;2026.05.15 01:15;4;10.625;10.8125;3.0625;1596;20.6;202;
6282;2026.05.15 01:30;4;10.625;10.8125;2;1596;20.6;202;
6283;2026.05.15 01:45;4;10.5625;10.8125;1.125;1596;20.6;202;
6284;2026.05.15 02:00;4;10.625;10.8125;1.375;1596;20.6;202;
6285;2026.05.15 02:15;4;10.625;10.8125;2.5625;1596;20.6;202;
6286;2026.05.15 02:30;4;10.625;10.8125;3.25;1596;20.6;202;
6287;2026.05.15 02:45;4;10.625;10.8125;3.5625;1596;20.6;202;
6288;2026.05.15 03:00;4;10.625;10.8125;3.75;1596;20.6;202;
6289;2026.05.15 03:15;4;10.625;10.8125;3.9375;1596;20.6;202;
6290;2026.05.15 03:30;4;10.625;10.8125;4;1596;20.6;202;
6291;2026.05.15 03:45;4;10.5625;10.75;4.125;1596;20.6;202;
6292;2026.05.15 04:00;4;10.5625;10.75;4.375;1596;20.6;202;
6293;2026.05.15 04:15;4;10.5625;10.75;4.5;1596;20.6;202;
6294;2026.05.15 04:30;4;10.5625;10.75;4.75;1596;20.6;202;
6295;2026.05.15 04:45;4;10.5625;10.75;5.125;1596;20.6;202;
6296;2026.05.15 05:00;4;10.5625;10.75;5.5;1596;20.6;202;
6297;2026.05.15 05:15;4;10.5625;10.75;6.125;1596;20.6;202;
6298;2026.05.15 05:30;4;10.5625;10.75;6.5;1596;20.6;202;
6299;2026.05.15 05:45;4;10.5625;10.75;6.9375;1596;20.6;202;
6300;2026.05.15 06:00;4;10.5625;10.75;8;1596;20.6;202;
6301;2026.05.15 06:15;4;10.5625;10.75;8.625;1596;20.6;202;
6302;2026.05.15 06:30;4;10.5625;10.75;9;1596;20.6;202;
6303;2026.05.15 06:45;4;10.5625;10.75;9.75;1596;20.6;202;
6304;2026.05.15 07:00;4;10.5625;10.75;10.375;1596;20.6;202;
6305;2026.05.15 07:15;4;10.5625;10.75;11.125;1596;20.6;202;
6306;2026.05.15 07:30;4;10.5625;10.75;12.25;1596;20.6;202;
6307;2026.05.15 07:45;4;10.5625;10.75;13.6875;1596;20.6;202;
6308;2026.05.15 08:00;4;10.5625;10.75;14.5;1596;20.6;202;
6309;2026.05.15 08:15;4;10.5;10.75;15.0625;1596;20.6;202;
6310;2026.05.15 08:30;4;10.5;10.6875;15.125;1596;20.6;202;
6311;2026.05.15 08:45;4;10.5;10.6875;16.75;1596;20.6;202;
6312;2026.05.15 09:00;4;10.5;10.6875;20.0625;1596;20.6;202;
6313;2026.05.15 09:15;4;10.5;10.6875;20.375;1596;20.6;202;
6314;2026.05.15 09:30;4;10.5;10.625;21.125;1596;20.6;202;
6315;2026.05.15 09:45;4;10.5;10.625;22.25;1596;20.6;202;
6316;2026.05.15 10:00;4;10.5;10.625;19;1596;20.6;202;
6317;2026.05.15 10:15;4;10.5;10.625;19.625;1596;20.6;202;
6318;2026.05.15 10:30;4;10.5;10.625;19.5;1596;20.6;202;
6319;2026.05.15 10:45;4;10.5;10.625;22.875;1596;20.6;202;
6320;2026.05.15 11:00;4;10.5;10.625;24.25;1596;20.6;202;
6321;2026.05.15 11:15;4;10.5;10.625;20.75;1596;20.6;202;
6322;2026.05.15 11:30;4;10.5;10.625;17.8125;1596;20.6;202;
6323;2026.05.15 11:45;4;10.5;10.625;16.25;1596;20.6;202;
6324;2026.05.15 12:00;4;10.5;10.625;15.75;1596;20.6;202;
6325;2026.05.15 12:15;4;10.5;10.625;16;1596;20.6;202;
6326;2026.05.15 12:30;4;10.5;10.625;17.75;1595;20.6;202;
6327;2026.05.15 12:45;4;10.5;10.625;20.5;1596;20.6;202;
6328;2026.05.15 13:00;4;10.5;10.625;21.375;1595;20.6;202;
6329;2026.05.15 13:15;4;10.5;10.625;22.1875;1595;20.6;202;
6330;2026.05.15 13:30;4;10.5;10.625;21.8125;1595;20.6;202;
6331;2026.05.15 13:45;4;10.5;10.625;18.625;1595;20.6;202;
6332;2026.05.15 14:00;4;10.5;10.625;17.5;1595;20.6;202;
6333;2026.05.15 14:15;4;10.5;10.625;16.375;1595;20.6;202;
6334;2026.05.15 14:30;4;10.5;10.625;16.5625;1595;20.6;202;
6335;2026.05.15 14:45;4;10.5;10.625;16.625;1595;20.6;202;
6336;2026.05.15 15:00;4;10.5;10.625;16.625;1595;20.6;202;
6337;2026.05.15 15:15;4;10.5;10.625;18.25;1595;20.6;202;
6338;2026.05.15 15:30;4;10.5;10.625;17.25;1595;20.6;202;
6339;2026.05.15 15:45;4;10.5;10.625;16.375;1595;20.6;202;
6340;2026.05.15 16:00;4;10.5;10.625;16.3125;1595;20.6;202;
6341;2026.05.15 16:15;4;10.5;10.625;16.625;1595;20.6;202;
6342;2026.05.15 16:30;4;10.5;10.625;15.75;1595;20.6;202;
6343;2026.05.15 16:45;4;10.5;10.625;14.75;1595;20.6;202;
6344;2026.05.15 17:00;4;10.5;10.625;13.375;1595;20.6;202;
6345;2026.05.15 17:15;4;10.5;10.625;11;1595;20.6;202;
6346;2026.05.15 17:30;4;10.5;10.6875;9.375;1595;20.6;202;
6347;2026.05.15 17:45;4;10.5;10.6875;8.5;1595;20.6;202;
6348;2026.05.15 18:00;4;10.5;10.6875;8.125;1595;20.6;202;
6349;2026.05.15 18:15;4;10.5;10.6875;7.875;1595;20.6;202;
6350;2026.05.15 18:30;4;10.5;10.6875;7.75;1595;20.6;202;
6351;2026.05.15 18:45;4;10.5;10.75;7.5;1595;20.6;202;
6352;2026.05.15 19:00;4;10.5;10.75;7.375;1595;20.6;202;
6353;2026.05.15 19:15;4;10.5;10.75;7.25;1595;20.6;202;
6354;2026.05.15 19:30;4;10.5;10.75;7.0625;1595;20.6;202;
6355;2026.05.15 19:45;4;10.5;10.75;6.9375;1595;20.6;202;
6356;2026.05.15 20:00;4;10.5;10.75;6.875;1595;20.6;202;
6357;2026.05.15 20:15;4;10.5;10.75;6.875;1595;20.6;202;
6358;2026.05.15 20:30;4;10.5;10.75;6.875;1595;20.6;202;
6359;2026.05.15 20:45;4;10.5;10.75;6.875;1595;20.6;202;
6360;2026.05.15 21:00;4;10.5;10.75;6.875;1595;20.6;202;
6361;2026.05.15 21:15;4;10.5;10.75;6.875;1595;20.6;202;
6362;2026.05.15 21:30;4;10.5;10.75;6.875;1595;20.6;202;
6363;2026.05.15 21:45;4;10.5;10.75;6.875;1595;20.6;202;
6364;2026.05.15 22:00;4;10.5;10.8125;6.75;1595;20.6;202;
6365;2026.05.15 22:15;4;10.5;10.8125;6.75;1595;20.6;202;
6366;2026.05.15 22:30;4;10.5;10.8125;6.75;1595;20.6;202;
6367;2026.05.15 22:45;4;10.5;10.8125;6.625;1595;20.6;202;
6368;2026.05.15 23:00;4;10.5;10.8125;6.625;1595;20.6;202;
6369;2026.05.15 23:15;4;10.5;10.875;6.625;1595;20.6;202;
6370;2026.05.15 23:30;4;10.5;10.875;6.6875;1595;20.6;202;
6371;2026.05.15 23:45;4;10.5;10.875;6.75;1595;20.6;202;
6372;2026.05.16 00:00;4;10.5;10.875;6.6875;1595;20.6;202;
6373;2026.05.16 00:15;4;10.5;10.875;6.75;1595;20.6;202;
6374;2026.05.16 00:30;4;10.5;10.875;6.75;1595;20.6;202;
6375;2026.05.16 00:45;4;10.5;10.875;6.75;1595;20.6;202;
6376;2026.05.16 01:00;4;10.5;10.875;6.8125;1595;20.6;202;
6377;2026.05.16 01:15;4;10.5;10.875;6.875;1595;20.6;202;
6378;2026.05.16 01:30;4;10.5625;10.875;6.875;1595;20.6;202;
6379;2026.05.16 01:45;4;10.5625;10.875;6.875;1595;20.6;202;
6380;2026.05.16 02:00;4;10.5625;10.875;6.8125;1595;20.6;202;
6381;2026.05.16 02:15;4;10.5625;10.875;6.875;1595;20.6;202;
6382;2026.05.16 02:30;4;10.5625;10.875;6.875;1595;20.6;202;
6383;2026.05.16 02:45;4;10.5625;10.875;6.9375;1595;20.6;202;
6384;2026.05.16 03:00;4;10.5625;10.875;6.9375;1595;20.6;202;
6385;2026.05.16 03:15;4;10.5625;10.875;7;1595;20.6;202;
6386;2026.05.16 03:30;4;10.5625;10.875;6.875;1595;20.6;202;
6387;2026.05.16 03:45;4;10.5625;10.875;6.875;1595;20.6;202;
6388;2026.05.16 04:00;4;10.5625;10.875;6.75;1595;20.6;202;
6389;2026.05.16 04:15;4;10.5625;10.875;6.8125;1595;20.6;202;
6390;2026.05.16 04:30;4;10.5625;10.875;6.9375;1595;20.6;202;
6391;2026.05.16 04:45;4;10.5625;10.875;6.9375;1595;20.6;202;
6392;2026.05.16 05:00;4;10.5625;10.875;7;1595;20.6;202;
6393;2026.05.16 05:15;4;10.5625;10.875;7.125;1595;20.6;202;
6394;2026.05.16 05:30;4;10.5625;10.875;7.25;1595;20.6;202;
6395;2026.05.16 05:45;4;10.5625;10.875;7.3125;1595;20.6;202;
6396;2026.05.16 06:00;4;10.5625;10.875;7.375;1928;27.4;202;
6397;2026.05.16 06:15;4;10.625;10.875;7.4375;2071;30.2;202;
6398;2026.05.16 06:30;4;10.625;10.875;7.5;2106;30.8;202;
6399;2026.05.16 06:45;4;10.625;10.875;7.375;2148;31.6;202;
6400;2026.05.16 07:00;4;10.625;10.875;7.4375;2149;31.7;202;
6401;2026.05.16 07:15;4;10.5625;10.875;7.6875;2106;30.8;202;
6402;2026.05.16 07:30;4;10.625;10.875;7.75;2075;30.2;202;
6403;2026.05.16 07:45;4;10.625;10.875;7.8125;2060;29.9;202;
6404;2026.05.16 08:00;4;10.5625;10.8125;7.875;2050;29.8;202;
6405;2026.05.16 08:15;4;10.5625;10.8125;8.0625;2038;29.5;202;
6406;2026.05.16 08:30;4;10.5625;10.8125;8.5;2028;29.3;202;
6407;2026.05.16 08:45;4;10.5625;10.8125;9.0625;2008;28.9;202;
6408;2026.05.16 09:00;4;10.5625;10.8125;9.125;1986;28.5;202;
6409;2026.05.16 09:15;4;10.5625;10.8125;9.0625;1966;28.1;202;
6410;2026.05.16 09:30;4;10.5625;10.75;9.0625;1955;27.9;202;
6411;2026.05.16 09:45;4;10.5625;10.75;9.125;1944;27.7;202;
6412;2026.05.16 10:00;4;10.5625;10.75;9.5;1934;27.5;202;
6413;2026.05.16 10:15;4;10.5625;10.75;9.9375;1921;27.2;202;
6414;2026.05.16 10:30;4;10.5625;10.75;10.0625;1911;27.0;202;
6415;2026.05.16 10:45;4;10.5625;10.75;10.5;1899;26.8;202;
6416;2026.05.16 11:00;4;10.5625;10.75;11.5;1886;26.5;202;
6417;2026.05.16 11:15;4;10.5625;10.75;12;1872;26.2;202;
6418;2026.05.16 11:30;4;10.5625;10.75;12.625;1858;26.0;202;
6419;2026.05.16 11:45;4;10.5625;10.75;13.0625;1846;25.7;202;
6420;2026.05.16 12:00;4;10.5625;10.75;14.375;1836;25.5;202;
6421;2026.05.16 12:15;4;10.5;10.75;14.875;1827;25.3;202;
6422;2026.05.16 12:30;4;10.5;10.75;12.8125;1820;25.2;202;
6423;2026.05.16 12:45;4;10.5;10.75;11.5;1814;25.1;202;
6424;2026.05.16 13:00;4;10.5;10.75;11.4375;1809;25.0;202;
6425;2026.05.16 13:15;4;10.5;10.75;10.375;1805;24.9;202;
6426;2026.05.16 13:30;4;10.5;10.75;9.875;1802;24.8;202;
6427;2026.05.16 13:45;4;10.5;10.75;10.125;1799;24.8;202;
6428;2026.05.16 14:00;4;10.5;10.75;10.75;1796;24.7;202;
6429;2026.05.16 14:15;4;10.5;10.75;12.625;1794;24.7;202;
6430;2026.05.16 14:30;4;10.5;10.75;14.125;1793;24.7;202;
6431;2026.05.16 14:45;4;10.5;10.6875;12.875;1791;24.6;202;
6432;2026.05.16 15:00;4;10.5;10.6875;12.1875;1790;24.6;202;
6433;2026.05.16 15:15;4;10.5;10.6875;11.75;1789;24.6;202;
6434;2026.05.16 15:30;4;10.5;10.6875;11.625;1788;24.6;202;
6435;2026.05.16 15:45;4;10.5;10.6875;11.125;1787;24.5;202;
6436;2026.05.16 16:00;4;10.5;10.6875;10.1875;1786;24.5;202;
6437;2026.05.16 16:15;4;10.5;10.6875;8.75;1786;24.5;202;
6438;2026.05.16 16:30;4;10.5;10.6875;8.0625;1785;24.5;202;
6439;2026.05.16 16:45;4;10.5;10.6875;8;1785;24.5;202;
6440;2026.05.16 17:00;4;10.5;10.6875;8.1875;1784;24.5;202;
6441;2026.05.16 17:15;4;10.5;10.6875;8.5;1784;24.5;202;
6442;2026.05.16 17:30;4;10.5;10.6875;8.625;1783;24.5;202;
6443;2026.05.16 17:45;4;10.5;10.6875;8.5;1783;24.5;202;
6444;2026.05.16 18:00;4;10.5;10.75;8.3125;1783;24.5;202;
6445;2026.05.16 18:15;4;10.5;10.6875;8.25;1783;24.5;202;
6446;2026.05.16 18:30;4;10.5;10.6875;8;1782;24.4;202;
6447;2026.05.16 18:45;4;10.5;10.75;7.625;1782;24.4;202;
6448;2026.05.16 19:00;4;10.5;10.6875;7.25;1782;24.4;202;
6449;2026.05.16 19:15;4;10.5;10.75;6.75;1782;24.4;202;
6450;2026.05.16 19:30;4;10.5;10.75;6.5;1781;24.4;202;
6451;2026.05.16 19:45;4;10.5;10.75;6.25;1781;24.4;202;
6452;2026.05.16 20:00;4;10.5;10.75;5.625;1781;24.4;202;
6453;2026.05.16 20:15;4;10.5;10.75;5.25;1781;24.4;202;
6454;2026.05.16 20:30;4;10.5;10.75;5.625;1781;24.4;202;
6455;2026.05.16 20:45;4;10.5;10.75;6;1781;24.4;202;
6456;2026.05.16 21:00;4;10.5;10.75;6;1781;24.4;202;
6457;2026.05.16 21:15;4;10.5;10.75;5.625;1780;24.4;202;
6458;2026.05.16 21:30;4;10.5;10.75;5.125;1780;24.4;202;
6459;2026.05.16 21:45;4;10.5;10.75;4.5;1780;24.4;202;
6460;2026.05.16 22:00;4;10.5;10.75;4.0625;1780;24.4;202;
6461;2026.05.16 22:15;4;10.5;10.75;3.8125;1780;24.4;202;
6462;2026.05.16 22:30;4;10.5;10.75;3.6875;1780;24.4;202;
6463;2026.05.16 22:45;4;10.5;10.75;3.375;1780;24.4;202;
6464;2026.05.16 23:00;4;10.5;10.75;2.75;1780;24.4;202;
6465;2026.05.16 23:15;4;10.5;10.75;2.3125;1780;24.4;202;
6466;2026.05.16 23:30;4;10.5;10.75;2;1780;24.4;202;
6467;2026.05.16 23:45;4;10.5;10.75;1.875;1780;24.4;202;
6468;2026.05.17 00:00;4;10.5;10.75;1.625;1780;24.4;202;
6469;2026.05.17 00:15;4;10.5;10.75;1.375;1780;24.4;202;
6470;2026.05.17 00:30;4;10.5;10.75;1.5625;1780;24.4;202;
6471;2026.05.17 00:45;4;10.5;10.75;1.75;1780;24.4;202;
6472;2026.05.17 01:00;4;10.5;10.75;1.75;1780;24.4;202;
6473;2026.05.17 01:15;4;10.5;10.75;1.4375;1780;24.4;202;
6474;2026.05.17 01:30;4;10.5;10.75;0.8125;1780;24.4;202;
6475;2026.05.17 01:45;4;10.5;10.75;0.625;1780;24.4;202;
6476;2026.05.17 02:00;4;10.5;10.75;0.625;1780;24.4;202;
6477;2026.05.17 02:15;4;10.5;10.75;1;1780;24.4;202;
6478;2026.05.17 02:30;4;10.5;10.75;1.4375;1780;24.4;202;
6479;2026.05.17 02:45;4;10.5;10.75;1.1875;1780;24.4;202;
6480;2026.05.17 03:00;4;10.5;10.75;1.125;1779;24.4;202;
6481;2026.05.17 03:15;4;10.5;10.75;1.0625;1779;24.4;202;
6482;2026.05.17 03:30;4;10.5;10.75;1.125;1779;24.4;202;
6483;2026.05.17 03:45;4;10.5;10.75;1.1875;1779;24.4;202;
6484;2026.05.17 04:00;4;10.5;10.75;1.375;1779;24.4;202;
6485;2026.05.17 04:15;4;10.5;10.75;1.125;1779;24.4;202;
6486;2026.05.17 04:30;4;10.5;10.75;1;1779;24.4;202;
6487;2026.05.17 04:45;4;10.5;10.6875;1.375;1779;24.4;202;
6488;2026.05.17 05:00;4;10.5;10.6875;2;1779;24.4;202;
6489;2026.05.17 05:15;4;10.5;10.6875;2.875;1779;24.4;202;
6490;2026.05.17 05:30;4;10.5;10.6875;4.375;1779;24.4;202;
6491;2026.05.17 05:45;4;10.5;10.6875;7.0625;1779;24.4;202;
6492;2026.05.17 06:00;4;10.5;10.6875;7.4375;1779;24.4;202;
6493;2026.05.17 06:15;4;10.5;10.625;8.1875;1779;24.4;202;
6494;2026.05.17 06:30;4;10.5;10.625;9.625;1779;24.4;202;
6495;2026.05.17 06:45;4;10.5;10.625;10.375;1779;24.4;202;
6496;2026.05.17 07:00;4;10.5;10.625;12;1779;24.4;202;
6497;2026.05.17 07:15;4;10.5;10.625;13.0625;1779;24.4;202;
6498;2026.05.17 07:30;4;10.5;10.625;13.6875;1779;24.4;202;
6499;2026.05.17 07:45;4;10.5;10.625;13.5625;1779;24.4;202;
6500;2026.05.17 08:00;4;10.5;10.625;12.375;1779;24.4;202;
6501;2026.05.17 08:15;4;10.5;10.625;14.875;1779;24.4;202;
6502;2026.05.17 08:30;4;10.5;10.625;16.625;1779;24.4;202;
6503;2026.05.17 08:45;4;10.5;10.625;18.0625;1779;24.4;202;
6504;2026.05.17 09:00;4;10.5;10.625;18;1779;24.4;202;
6505;2026.05.17 09:15;4;10.5;10.5625;17.625;1779;24.4;202;
6506;2026.05.17 09:30;4;10.5;10.5625;16.375;1779;24.4;202;
6507;2026.05.17 09:45;4;10.4375;10.5625;16.5;1779;24.4;202;
6508;2026.05.17 10:00;4;10.4375;10.5625;17.75;1779;24.4;202;
6509;2026.05.17 10:15;4;10.4375;10.5625;18.25;1779;24.4;202;
6510;2026.05.17 10:30;4;10.4375;10.5;19.3125;1779;24.4;202;
6511;2026.05.17 10:45;4;10.4375;10.5;20.9375;1779;24.4;202;
6512;2026.05.17 11:00;4;10.4375;10.5;18.9375;1779;24.4;202;
6513;2026.05.17 11:15;4;10.4375;10.5;19.75;1779;24.4;202;
6514;2026.05.17 11:30;4;10.4375;10.5;22.125;1779;24.4;202;
6515;2026.05.17 11:45;4;10.375;10.5;21.875;1779;24.4;202;
6516;2026.05.17 12:00;4;10.375;10.5;21.5;1779;24.4;202;
6517;2026.05.17 12:15;4;10.375;10.5;20.75;1779;24.4;202;
6518;2026.05.17 12:30;4;10.375;10.5;18.6875;1779;24.4;202;
6519;2026.05.17 12:45;4;10.375;10.5;22.375;1779;24.4;202;
6520;2026.05.17 13:00;4;10.375;10.5;22.4375;1779;24.4;202;
6521;2026.05.17 13:15;4;10.375;10.5;23.875;1779;24.4;202;
6522;2026.05.17 13:30;4;10.375;10.5;24.25;1779;24.4;202;
6523;2026.05.17 13:45;4;10.375;10.5;19.875;1779;24.4;202;
6524;2026.05.17 14:00;4;10.375;10.5;18.375;1779;24.4;202;
6525;2026.05.17 14:15;4;10.375;10.5;21.125;1779;24.4;202;
6526;2026.05.17 14:30;4;10.375;10.5;17.625;1779;24.4;202;
6527;2026.05.17 14:45;4;10.375;10.5;16.25;1779;24.4;202;
6528;2026.05.17 15:00;4;10.375;10.5;15.625;1779;24.4;202;
6529;2026.05.17 15:15;4;10.375;10.5;14.875;1779;24.4;202;
6530;2026.05.17 15:30;4;10.375;10.5;14.75;1779;24.4;202;
6531;2026.05.17 15:45;4;10.375;10.5;14.875;1779;24.4;202;
6532;2026.05.17 16:00;4;10.375;10.5;15.75;1779;24.4;202;
6533;2026.05.17 16:15;4;10.375;10.5;17.75;1779;24.4;202;
6534;2026.05.17 16:30;4;10.375;10.5;17.6875;1779;24.4;202;
6535;2026.05.17 16:45;4;10.375;10.5;15.25;1778;24.4;202;
6536;2026.05.17 17:00;4;10.375;10.5;14;1778;24.4;202;
6537;2026.05.17 17:15;4;10.375;10.5;13.5;1778;24.4;202;
6538;2026.05.17 17:30;4;10.375;10.5;12.875;1778;24.4;202;
6539;2026.05.17 17:45;4;10.375;10.5625;11.6875;1778;24.4;202;
6540;2026.05.17 18:00;4;10.375;10.5625;10.6875;1778;24.4;202;
6541;2026.05.17 18:15;4;10.375;10.5625;9.875;1778;24.4;202;
6542;2026.05.17 18:30;4;10.375;10.625;9.125;1778;24.4;202;
6543;2026.05.17 18:45;4;10.375;10.625;8.75;1778;24.4;202;
6544;2026.05.17 19:00;4;10.375;10.625;8.375;1778;24.4;202;
6545;2026.05.17 19:15;4;10.375;10.625;8.0625;1778;24.4;202;
6546;2026.05.17 19:30;4;10.375;10.625;7.375;1778;24.4;202;
6547;2026.05.17 19:45;4;10.375;10.625;6.375;1778;24.4;202;
6548;2026.05.17 20:00;4;10.375;10.625;5.5;1778;24.4;202;
6549;2026.05.17 20:15;4;10.375;10.625;4.8125;1778;24.4;202;
6550;2026.05.17 20:30;4;10.375;10.625;4.625;1778;24.4;202;
6551;2026.05.17 20:45;4;10.375;10.6875;4.125;1778;24.4;202;
6552;2026.05.17 21:00;4;10.375;10.6875;3.625;1778;24.4;202;
6553;2026.05.17 21:15;4;10.375;10.6875;3.0625;1778;24.4;202;
6554;2026.05.17 21:30;4;10.375;10.6875;2.875;1778;24.4;202;
6555;2026.05.17 21:45;4;10.4375;10.75;3.25;1778;24.4;202;
6556;2026.05.17 22:00;4;10.375;10.75;2.75;1778;24.4;202;
6557;2026.05.17 22:15;4;10.4375;10.75;2.5;1778;24.4;202;
6558;2026.05.17 22:30;4;10.4375;10.75;2.1875;1778;24.4;202;
6559;2026.05.17 22:45;4;10.4375;10.75;1.875;1778;24.4;202;
6560;2026.05.17 23:00;4;10.4375;10.75;2.1875;1778;24.4;202;
6561;2026.05.17 23:15;4;10.4375;10.75;2.1875;1778;24.4;202;
6562;2026.05.17 23:30;4;10.4375;10.75;1.875;1778;24.4;202;
6563;2026.05.17 23:45;4;10.5;10.75;1.375;1778;24.4;202;
6564;2026.05.18 00:00;4;10.5;10.75;1.375;1778;24.4;202;
6565;2026.05.18 00:15;4;10.5;10.75;0.75;1778;24.4;202;
6566;2026.05.18 00:30;4;10.5;10.75;0.375;1778;24.4;202;
6567;2026.05.18 00:45;4;10.5;10.75;0;1778;24.4;202;
6568;2026.05.18 01:00;4;10.5;10.75;-0.375;1778;24.4;202;
6569;2026.05.18 01:15;4;10.5;10.8125;-0.5;1778;24.4;202;
6570;2026.05.18 01:30;4;10.5;10.8125;-1;1778;24.4;202;
6571;2026.05.18 01:45;4;10.5;10.8125;-0.4375;1778;24.4;202;
6572;2026.05.18 02:00;4;10.5;10.8125;0;1778;24.4;202;
6573;2026.05.18 02:15;4;10.5;10.8125;-0.5;1778;24.4;202;
6574;2026.05.18 02:30;4;10.5;10.75;-0.875;1778;24.4;202;
6575;2026.05.18 02:45;4;10.5;10.8125;-0.375;1778;24.4;202;
6576;2026.05.18 03:00;4;10.5;10.8125;-0.125;1778;24.4;202;
6577;2026.05.18 03:15;4;10.5;10.8125;-0.75;1778;24.4;202;
6578;2026.05.18 03:30;4;10.5;10.8125;-0.875;1778;24.4;202;
6579;2026.05.18 03:45;4;10.5;10.8125;-0.375;1778;24.4;202;
6580;2026.05.18 04:00;4;10.5;10.8125;-0.125;1778;24.4;202;
6581;2026.05.18 04:15;4;10.5;10.75;0.0625;1778;24.4;202;
6582;2026.05.18 04:30;4;10.5;10.75;0.25;1778;24.4;202;
6583;2026.05.18 04:45;4;10.5;10.75;0.625;1778;24.4;202;
6584;2026.05.18 05:00;4;10.5;10.75;1.0625;1778;24.4;202;
6585;2026.05.18 05:15;4;10.5;10.75;2.3125;1778;24.4;202;
6586;2026.05.18 05:30;4;10.5;10.75;4.4375;1778;24.4;202;
6587;2026.05.18 05:45;4;10.5;10.75;7.375;1778;24.4;202;
6588;2026.05.18 06:00;4;10.5;10.75;8.625;1778;24.4;202;
6589;2026.05.18 06:15;4;10.5;10.75;10.125;1778;24.4;202;
6590;2026.05.18 06:30;4;10.5;10.75;13.125;1778;24.4;202;
6591;2026.05.18 06:45;4;10.5;10.75;15.1875;1778;24.4;202;
6592;2026.05.18 07:00;4;10.5;10.75;15.875;1777;24.3;202;
6593;2026.05.18 07:15;4;10.5;10.75;17.75;1777;24.3;202;
6594;2026.05.18 07:30;4;10.5;10.75;19.125;1777;24.3;202;
6595;2026.05.18 07:45;4;10.5;10.75;18.0625;1777;24.3;202;
6596;2026.05.18 08:00;4;10.5;10.75;16.0625;1777;24.3;202;
6597;2026.05.18 08:15;4;10.5;10.75;18.75;1777;24.3;202;
6598;2026.05.18 08:30;4;10.5;10.6875;20.75;1777;24.3;202;
6599;2026.05.18 08:45;4;10.5;10.6875;22;1777;24.3;202;
6600;2026.05.18 09:00;4;10.5;10.6875;22.1875;1777;24.3;202;
6601;2026.05.18 09:15;4;10.5;10.6875;23.875;1777;24.3;202;
6602;2026.05.18 09:30;4;10.5;10.6875;23.9375;1777;24.3;202;
6603;2026.05.18 09:45;4;10.5;10.625;22.375;1777;24.3;202;
6604;2026.05.18 10:00;4;10.5;10.625;21.625;1777;24.3;202;
6605;2026.05.18 10:15;4;10.5;10.625;20.9375;1777;24.3;202;
6606;2026.05.18 10:30;4;10.5;10.625;23.75;1777;24.3;202;
6607;2026.05.18 10:45;4;10.5;10.625;23;1777;24.3;202;
6608;2026.05.18 11:00;4;10.5;10.625;21.625;1777;24.3;202;
6609;2026.05.18 11:15;4;10.5;10.625;21;1777;24.3;202;
6610;2026.05.18 11:30;4;10.5;10.625;20.75;1777;24.3;202;
6611;2026.05.18 11:45;4;10.5;10.625;20.125;1777;24.3;202;
6612;2026.05.18 12:00;4;10.5;10.625;19.9375;1777;24.3;202;
6613;2026.05.18 12:15;4;10.5;10.625;22.25;1777;24.3;202;
6614;2026.05.18 12:30;4;10.5;10.625;22.125;1777;24.3;202;
6615;2026.05.18 12:45;4;10.5;10.625;26.375;1777;24.3;202;
6616;2026.05.18 13:00;4;10.5;10.625;26;1777;24.3;202;
6617;2026.05.18 13:15;4;10.5;10.625;25.25;1777;24.3;202;
6618;2026.05.18 13:30;4;10.5;10.625;28.0625;1777;24.3;202;
6619;2026.05.18 13:45;4;10.4375;10.625;28.125;1776;24.3;202;
6620;2026.05.18 14:00;4;10.5;10.625;25.75;1776;24.3;202;
6621;2026.05.18 14:15;4;10.4375;10.625;24.625;1776;24.3;202;
6622;2026.05.18 14:30;4;10.4375;10.625;23.125;1776;24.3;202;
6623;2026.05.18 14:45;4;10.4375;10.625;21.875;1776;24.3;202;
6624;2026.05.18 15:00;4;10.4375;10.625;20.125;1776;24.3;202;
6625;2026.05.18 15:15;4;10.4375;10.625;19.625;1776;24.3;202;
6626;2026.05.18 15:30;4;10.4375;10.625;19.5;1776;24.3;202;
6627;2026.05.18 15:45;4;10.4375;10.625;19.75;1776;24.3;202;
6628;2026.05.18 16:00;4;10.4375;10.625;20.1875;1776;24.3;202;
6629;2026.05.18 16:15;4;10.4375;10.625;19.75;1776;24.3;202;
6630;2026.05.18 16:30;4;10.4375;10.625;21;1776;24.3;202;
6631;2026.05.18 16:45;4;10.4375;10.625;18.25;1776;24.3;202;
6632;2026.05.18 17:00;4;10.4375;10.6875;17.375;1776;24.3;202;
6633;2026.05.18 17:15;4;10.4375;10.6875;16.9375;1776;24.3;202;
6634;2026.05.18 17:30;4;10.4375;10.6875;16.125;1776;24.3;202;
6635;2026.05.18 17:45;4;10.5;10.6875;14.625;1776;24.3;202;
6636;2026.05.18 18:00;4;10.5;10.75;12.25;1776;24.3;202;
6637;2026.05.18 18:15;4;10.5;10.75;10.5625;1776;24.3;202;
6638;2026.05.18 18:30;4;10.5;10.75;9.375;1775;24.3;202;
6639;2026.05.18 18:45;4;10.5;10.75;8.375;1775;24.3;202;
6640;2026.05.18 19:00;4;10.5;10.75;8;1775;24.3;202;
6641;2026.05.18 19:15;4;10.5;10.75;7.625;1775;24.3;202;
6642;2026.05.18 19:30;4;10.5;10.75;6.6875;1775;24.3;202;
6643;2026.05.18 19:45;4;10.5;10.75;6.625;1775;24.3;202;
6644;2026.05.18 20:00;4;10.5;10.8125;6.75;1775;24.3;202;
6645;2026.05.18 20:15;4;10.5;10.875;7.375;1775;24.3;202;
6646;2026.05.18 20:30;4;10.5;10.875;8.25;1775;24.3;202;
6647;2026.05.18 20:45;4;10.5;10.875;8.75;1775;24.3;202;
6648;2026.05.18 21:00;4;10.5;10.875;8.8125;1775;24.3;202;
6649;2026.05.18 21:15;4;10.5;10.875;9.125;1775;24.3;202;
6650;2026.05.18 21:30;4;10.5;10.875;9.25;1775;24.3;202;
6651;2026.05.18 21:45;4;10.5;10.875;8.9375;1775;24.3;202;
6652;2026.05.18 22:00;4;10.5;10.875;8.625;1775;24.3;202;
6653;2026.05.18 22:15;4;10.5;10.875;8.625;1775;24.3;202;
6654;2026.05.18 22:30;4;10.5;10.9375;8.625;1775;24.3;202;
6655;2026.05.18 22:45;4;10.5625;10.9375;8.75;1775;24.3;202;
6656;2026.05.18 23:00;4;10.5625;11;8.75;1775;24.3;202;
6657;2026.05.18 23:15;4;10.5625;11;8.5;1775;24.3;202;
6658;2026.05.18 23:30;4;10.5625;11;8.5;1775;24.3;202;
6659;2026.05.18 23:45;4;10.5625;11;8.5;1775;24.3;202;
6660;2026.05.19 00:00;4;10.5625;11;8.25;1775;24.3;202;
6661;2026.05.19 00:15;4;10.625;11;7.875;1775;24.3;202;
6662;2026.05.19 00:30;4;10.625;11;7.875;1775;24.3;202;
6663;2026.05.19 00:45;4;10.625;11;7.75;1774;24.3;202;
6664;2026.05.19 01:00;4;10.625;11;7.75;1774;24.3;202;
6665;2026.05.19 01:15;4;10.625;11;6.875;1774;24.3;202;
6666;2026.05.19 01:30;4;10.625;11;5.375;1774;24.3;202;
6667;2026.05.19 01:45;4;10.625;11;4.5;1774;24.3;202;
6668;2026.05.19 02:00;4;10.625;11;4.125;1774;24.3;202;
6669;2026.05.19 02:15;4;10.625;11.0625;4;1774;24.3;202;
6670;2026.05.19 02:30;4;10.625;11;3.5625;1774;24.3;202;
6671;2026.05.19 02:45;4;10.625;11.0625;3.4375;1774;24.3;202;
6672;2026.05.19 03:00;4;10.625;11.0625;3.1875;1774;24.3;202;
6673;2026.05.19 03:15;4;10.625;11;3.125;1774;24.3;202;
6674;2026.05.19 03:30;4;10.625;11;3.25;1774;24.3;202;
6675;2026.05.19 03:45;4;10.625;11;3.625;1774;24.3;202;
6676;2026.05.19 04:00;4;10.625;11;4.75;1774;24.3;202;
6677;2026.05.19 04:15;4;10.625;11;5.4375;1774;24.3;202;
6678;2026.05.19 04:30;4;10.625;11;6.375;1774;24.3;202;
6679;2026.05.19 04:45;4;10.625;11.0625;7.75;1774;24.3;202;
6680;2026.05.19 05:00;4;10.625;11;9.125;1774;24.3;202;
6681;2026.05.19 05:15;4;10.6875;11.0625;9.9375;1774;24.3;202;
6682;2026.05.19 05:30;4;10.6875;11.0625;10.875;1773;24.3;202;
6683;2026.05.19 05:45;4;10.6875;11.0625;11.25;1773;24.3;202;
6684;2026.05.19 06:00;4;10.6875;11;11.375;1773;24.3;202;
6685;2026.05.19 06:15;4;10.6875;11;12.75;1773;24.3;202;
6686;2026.05.19 06:30;4;10.6875;11;14;1773;24.3;202;
6687;2026.05.19 06:45;4;10.6875;11;13.5;1773;24.3;202;
6688;2026.05.19 07:00;4;10.6875;11;13.625;1773;24.3;202;
6689;2026.05.19 07:15;4;10.6875;11;14.125;1773;24.3;202;
6690;2026.05.19 07:30;4;10.6875;11;14.875;1773;24.3;202;
6691;2026.05.19 07:45;4;10.6875;11;15.875;1773;24.3;202;
6692;2026.05.19 08:00;4;10.6875;11;16.75;1773;24.3;202;
6693;2026.05.19 08:15;4;10.6875;11;17.375;1773;24.3;202;
6694;2026.05.19 08:30;4;10.6875;11;18.75;1773;24.3;202;
6695;2026.05.19 08:45;4;10.6875;11;21.875;1773;24.3;202;
6696;2026.05.19 09:00;4;10.6875;11;21.875;1773;24.3;202;
6697;2026.05.19 09:15;4;10.6875;11;22.5;1772;24.2;202;
6698;2026.05.19 09:30;4;10.6875;11;22.5;1772;24.2;202;
6699;2026.05.19 09:45;4;10.6875;11;24.3125;1772;24.2;202;
6700;2026.05.19 10:00;4;10.6875;11;27;1772;24.2;202;
6701;2026.05.19 10:15;4;10.6875;11;26.375;1772;24.2;202;
6702;2026.05.19 10:30;4;10.6875;11;24.75;1772;24.2;202;
6703;2026.05.19 10:45;4;10.6875;11;25.5;1772;24.2;202;
6704;2026.05.19 11:00;4;10.6875;11;28.25;1772;24.2;202;
6705;2026.05.19 11:15;4;10.6875;11;24.375;1772;24.2;202;
6706;2026.05.19 11:30;4;10.6875;11;26.25;1772;24.2;202;
6707;2026.05.19 11:45;4;10.6875;11;27.0625;1772;24.2;202;
6708;2026.05.19 12:00;4;10.6875;11;24.25;1772;24.2;202;
6709;2026.05.19 12:15;4;10.6875;11;22.625;1772;24.2;202;
6710;2026.05.19 12:30;4;10.6875;11;20.875;1772;24.2;202;
6711;2026.05.19 12:45;4;10.6875;11;19.375;1772;24.2;202;
6712;2026.05.19 13:00;4;10.6875;11;17.25;1771;24.2;202;
6713;2026.05.19 13:15;4;10.6875;11;16.125;1771;24.2;202;
6714;2026.05.19 13:30;4;10.6875;11;17.5;1771;24.2;202;
6715;2026.05.19 13:45;4;10.6875;11;18.625;1771;24.2;202;
6716;2026.05.19 14:00;4;10.6875;11;19;1771;24.2;202;
6717;2026.05.19 14:15;4;10.6875;11;21.75;1771;24.2;202;
6718;2026.05.19 14:30;4;10.6875;11;24.75;1771;24.2;202;
6719;2026.05.19 14:45;4;10.6875;11;24.25;1771;24.2;202;
6720;2026.05.19 15:00;4;10.6875;11;25.125;1771;24.2;202;
6721;2026.05.19 15:15;4;10.6875;11;25.125;1771;24.2;202;
6722;2026.05.19 15:30;4;10.6875;11;21.5;1771;24.2;202;
6723;2026.05.19 15:45;4;10.6875;11;19.25;1771;24.2;202;
6724;2026.05.19 16:00;4;10.6875;11;19.8125;1771;24.2;202;
6725;2026.05.19 16:15;4;10.6875;11;20.25;1771;24.2;202;
6726;2026.05.19 16:30;4;10.6875;11.0625;19.75;1771;24.2;202;
6727;2026.05.19 16:45;4;10.6875;11.0625;16.6875;1770;24.2;202;
6728;2026.05.19 17:00;4;10.75;11.0625;15.125;1770;24.2;202;
6729;2026.05.19 17:15;4;10.75;11.0625;14.25;1770;24.2;202;
6730;2026.05.19 17:30;4;10.75;11.125;13.375;1770;24.2;202;
6731;2026.05.19 17:45;4;10.75;11.125;12.375;1770;24.2;202;
6732;2026.05.19 18:00;4;10.75;11.125;11.3125;1770;24.2;202;
6733;2026.05.19 18:15;4;10.75;11.125;10.375;1770;24.2;202;
6734;2026.05.19 18:30;4;10.75;11.125;9.5;1770;24.2;202;
6735;2026.05.19 18:45;4;10.75;11.125;8.875;1770;24.2;202;
6736;2026.05.19 19:00;4;10.75;11.125;9;1770;24.2;202;
6737;2026.05.19 19:15;4;10.75;11.125;9.125;1770;24.2;202;
6738;2026.05.19 19:30;4;10.75;11.1875;8.8125;1770;24.2;202;
6739;2026.05.19 19:45;4;10.75;11.1875;8.625;1770;24.2;202;
6740;2026.05.19 20:00;4;10.75;11.1875;8.75;1770;24.2;202;
6741;2026.05.19 20:15;4;10.75;11.25;8.375;1770;24.2;202;
6742;2026.05.19 20:30;4;10.75;11.25;8.25;1769;24.2;202;
6743;2026.05.19 20:45;4;10.75;11.25;8.25;1769;24.2;202;
6744;2026.05.19 21:00;4;10.75;11.25;9;1769;24.2;202;
6745;2026.05.19 21:15;4;10.75;11.25;9.5;1769;24.2;202;
6746;2026.05.19 21:30;4;10.75;11.25;9.5;1769;24.2;202;
6747;2026.05.19 21:45;4;10.8125;11.25;8.75;1769;24.2;202;
6748;2026.05.19 22:00;4;10.8125;11.3125;8.4375;1769;24.2;202;
6749;2026.05.19 22:15;4;10.8125;11.3125;8.125;1769;24.2;202;
6750;2026.05.19 22:30;4;10.8125;11.3125;7.5;1769;24.2;202;
6751;2026.05.19 22:45;4;10.8125;11.375;6.8125;1769;24.2;202;
6752;2026.05.19 23:00;4;10.8125;11.375;6.5;1769;24.2;202;
6753;2026.05.19 23:15;4;10.875;11.3125;6.125;1769;24.2;202;
6754;2026.05.19 23:30;4;10.875;11.375;5.4375;1769;24.2;202;
6755;2026.05.19 23:45;4;10.875;11.375;5;1769;24.2;202;
6756;2026.05.20 00:00;4;10.875;11.375;4.8125;1769;24.2;202;
6757;2026.05.20 00:15;4;10.875;11.375;4.625;1769;24.2;202;
6758;2026.05.20 00:30;4;10.875;11.375;4.9375;1769;24.2;202;
6759;2026.05.20 00:45;4;10.875;11.375;4.375;1769;24.2;202;
6760;2026.05.20 01:00;4;10.875;11.375;4.5;1768;24.2;202;
6761;2026.05.20 01:15;4;10.875;11.375;4.25;1768;24.2;202;
6762;2026.05.20 01:30;4;10.875;11.375;4.1875;1768;24.2;202;
6763;2026.05.20 01:45;4;10.875;11.375;4.125;1768;24.2;202;
6764;2026.05.20 02:00;4;10.875;11.375;4.1875;1768;24.2;202;
6765;2026.05.20 02:15;4;10.875;11.375;5.25;1768;24.2;202;
6766;2026.05.20 02:30;4;10.875;11.375;5.75;1768;24.2;202;
6767;2026.05.20 02:45;4;10.875;11.375;6.25;1768;24.2;202;
6768;2026.05.20 03:00;4;10.875;11.375;6.5;1768;24.2;202;
6769;2026.05.20 03:15;4;10.875;11.375;6.375;1768;24.2;202;
6770;2026.05.20 03:30;4;10.875;11.375;6.4375;1768;24.2;202;
6771;2026.05.20 03:45;4;10.875;11.375;6.75;1768;24.2;202;
6772;2026.05.20 04:00;4;10.9375;11.375;6.875;1768;24.2;202;
6773;2026.05.20 04:15;4;10.875;11.375;7.875;1767;24.1;202;
6774;2026.05.20 04:30;4;10.875;11.375;9.125;1767;24.1;202;
6775;2026.05.20 04:45;4;10.875;11.375;10.375;1767;24.1;202;
6776;2026.05.20 05:00;4;10.9375;11.375;10.75;1767;24.1;202;
6777;2026.05.20 05:15;4;10.9375;11.375;11.3125;1767;24.1;202;
6778;2026.05.20 05:30;4;10.9375;11.375;11.875;1767;24.1;202;
6779;2026.05.20 05:45;4;10.9375;11.375;11.625;1767;24.1;202;
6780;2026.05.20 06:00;4;10.9375;11.375;14.375;1767;24.1;202;
6781;2026.05.20 06:15;4;10.9375;11.375;14.8125;1767;24.1;202;
6782;2026.05.20 06:30;4;10.9375;11.375;16.25;1767;24.1;202;
6783;2026.05.20 06:45;4;10.9375;11.375;17.5;1767;24.1;202;
6784;2026.05.20 07:00;4;10.9375;11.375;18.25;1767;24.1;202;
6785;2026.05.20 07:15;4;10.9375;11.375;20.5625;1767;24.1;202;
6786;2026.05.20 07:30;4;10.9375;11.375;21.4375;1766;24.1;202;
6787;2026.05.20 07:45;4;10.9375;11.3125;21.3125;1766;24.1;202;
