0;2026.03.10 15:00;4;23.5;23.75;24.75;764;202;0;
1;2026.03.10 15:15;4;24.875;24.1875;23.8125;267;202;0;
2;2026.03.10 15:30;4;25;24.5;24.5;267;202;0;
3;2026.03.10 15:45;4;24.625;24.6875;24.4375;267;202;0;
4;2026.03.10 16:00;4;24.375;24.625;24.1875;266;202;0;
5;2026.03.10 16:15;4;24.125;24.4375;24;266;202;0;
6;2026.03.10 16:30;4;24.0625;24.25;23.875;265;202;0;
7;2026.03.10 16:45;4;24;24.1875;23.75;265;202;0;
8;2026.03.10 17:00;4;23.875;24.125;23.6875;265;202;0;
9;2026.03.10 17:15;4;23.875;24;23.625;265;202;0;
10;2026.03.10 17:30;4;23.75;24;23.5625;265;202;0;
11;2026.03.10 17:45;4;23.75;23.875;23.5;264;202;0;
12;2026.03.10 18:00;4;23.625;23.875;23.4375;264;202;0;
13;2026.03.10 18:15;4;23.625;23.75;23.375;264;202;0;
14;2026.03.10 18:30;4;23.5;23.75;23.3125;264;202;0;
15;2026.03.10 18:45;4;23.5;23.6875;23.25;264;202;0;
16;2026.03.10 19:00;4;23.5;23.625;23.25;264;202;0;
17;2026.03.10 19:15;4;23.5;23.625;23.25;264;202;0;
18;2026.03.10 19:30;4;23.4375;23.625;23.1875;264;202;0;
19;2026.03.10 19:45;4;23.4375;23.625;23.125;264;202;0;
20;2026.03.10 20:00;4;23.4375;23.625;23.125;264;202;0;
21;2026.03.10 20:15;4;23.375;23.5625;23.125;264;202;0;
22;2026.03.10 20:30;4;23.375;23.5625;23.125;264;202;0;
23;2026.03.10 20:45;4;23.375;23.5;23.125;264;202;0;
24;2026.03.10 21:00;4;23.375;23.5;23.0625;264;202;0;
25;2026.03.10 21:15;4;23.375;23.5;23;264;202;0;
26;2026.03.10 21:30;4;23.375;23.5;23;264;202;0;
27;2026.03.10 21:45;4;23.375;23.4375;23;263;202;0;
28;2026.03.10 22:00;4;23.375;23.4375;23;263;202;0;
29;2026.03.10 22:15;4;23.3125;23.375;23;263;202;0;
30;2026.03.10 22:30;4;23.3125;23.375;23;263;202;0;
31;2026.03.10 22:45;4;23.25;23.375;22.9375;263;202;0;
32;2026.03.10 23:00;4;23.25;23.375;22.9375;263;202;0;
33;2026.03.10 23:15;4;23.25;23.375;22.875;263;202;0;
34;2026.03.10 23:30;4;23.25;23.375;22.875;263;202;0;
35;2026.03.10 23:45;4;23.25;23.375;22.875;263;202;0;
36;2026.03.11 00:00;4;23.25;23.3125;22.875;263;202;0;
37;2026.03.11 00:15;4;23.1875;23.3125;22.875;263;202;0;
38;2026.03.11 00:30;4;23.1875;23.3125;22.875;263;202;0;
39;2026.03.11 00:45;4;23.125;23.25;22.8125;263;202;0;
40;2026.03.11 01:00;4;23.125;23.25;22.8125;263;202;0;
41;2026.03.11 01:15;4;23.125;23.25;22.8125;263;202;0;
42;2026.03.11 01:30;4;23.125;23.25;22.8125;263;202;0;
43;2026.03.11 01:45;4;23.125;23.25;22.8125;263;202;0;
44;2026.03.11 02:00;4;23.125;23.25;22.75;263;202;0;
45;2026.03.11 02:15;4;23.125;23.25;22.75;263;202;0;
46;2026.03.11 02:30;4;23.125;23.25;22.75;263;202;0;
47;2026.03.11 02:45;4;23.125;23.25;22.75;263;202;0;
48;2026.03.11 03:00;4;23.125;23.1875;22.75;263;202;0;
49;2026.03.11 03:15;4;23.0625;23.1875;22.75;263;202;0;
50;2026.03.11 03:30;4;23.0625;23.1875;22.75;263;202;0;
51;2026.03.11 03:45;4;23;23.125;22.75;263;202;0;
52;2026.03.11 04:00;4;23;23.125;22.6875;263;202;0;
53;2026.03.11 04:15;4;23;23.125;22.6875;263;202;0;
54;2026.03.11 04:30;4;23;23.125;22.6875;263;202;0;
55;2026.03.11 04:45;4;23;23.125;22.625;263;202;0;
56;2026.03.11 05:00;4;23;23.125;22.625;263;202;0;
57;2026.03.11 05:15;4;23;23.125;22.625;263;202;0;
58;2026.03.11 05:30;4;23;23.125;22.625;263;202;0;
59;2026.03.11 05:45;4;23;23.125;22.625;262;202;0;
60;2026.03.11 06:00;4;23;23.125;22.625;262;202;0;
61;2026.03.11 06:15;4;23;23.0625;22.625;262;202;0;
62;2026.03.11 06:30;4;23;23.0625;22.625;262;202;0;
63;2026.03.11 06:45;4;23;23.0625;22.625;262;202;0;
64;2026.03.11 07:00;4;22.75;23;22.5;262;202;0;
65;2026.03.11 07:15;4;23.625;23.125;22.9375;284;202;0;
66;2026.03.11 07:30;4;23.5;23.375;23.5;291;202;0;
67;2026.03.11 07:45;4;23.3125;23.375;23.5;291;202;0;
68;2026.03.11 08:00;4;22.9375;23.25;23.375;291;202;0;
69;2026.03.11 08:15;4;22.875;23.125;23.25;291;202;0;
70;2026.03.11 08:30;4;22.875;23.0625;23.25;291;202;0;
71;2026.03.11 08:45;4;22.9375;23;23.25;291;202;0;
72;2026.03.11 09:00;4;23.125;23;23.375;291;202;0;
73;2026.03.11 09:15;4;23.25;23.125;23.5;291;202;0;
74;2026.03.11 09:30;4;23.375;23.125;23.625;292;202;0;
75;2026.03.11 09:45;4;23.5;23.25;23.75;292;202;0;
76;2026.03.11 10:00;4;22.5;23.0625;23.375;278;202;0;
77;2026.03.11 10:15;4;22.125;23;23.375;277;202;0;
78;2026.03.11 10:30;4;21.9375;22.75;23.25;276;202;0;
79;2026.03.11 10:45;4;21.5;22.375;22.75;274;202;0;
80;2026.03.11 11:00;4;20.875;21.875;22.125;272;202;0;
81;2026.03.11 11:15;4;20.125;21.25;21.25;270;202;0;
82;2026.03.11 11:30;4;19.375;20.5625;20.5;267;202;0;
83;2026.03.11 11:45;4;18.625;19.875;19.6875;265;202;0;
84;2026.03.11 12:00;4;19.125;19.5;20;265;202;0;
85;2026.03.11 12:15;4;19.875;19.875;20.9375;271;202;0;
86;2026.03.11 12:30;4;20.25;20;21.25;267;202;0;
87;2026.03.11 12:45;4;18.625;18.8125;19.875;262;202;0;
88;2026.03.11 13:00;4;18;18.25;18.625;260;202;0;
89;2026.03.11 13:15;4;22.3125;18.625;19.625;266;202;0;
90;2026.03.11 13:30;4;17.875;18;17.75;259;202;0;
91;2026.03.11 13:45;4;16.25;17.25;16.625;255;202;0;
92;2026.03.11 14:00;4;15.75;16.625;15.9375;253;202;0;
93;2026.03.11 14:15;4;16;16.25;16;252;202;0;
94;2026.03.11 14:30;4;19.875;16.5625;18.3125;257;202;0;
95;2026.03.11 14:45;4;20.75;17.125;19.75;260;202;0;
96;2026.03.11 15:00;4;20.1875;17.5625;18.625;261;202;0;
97;2026.03.11 15:15;4;17.3125;17.125;17.1875;256;202;0;
98;2026.03.11 15:30;4;16.75;16.875;16.5625;255;202;0;
99;2026.03.11 15:45;4;15.9375;16.4375;15.875;252;202;0;
100;2026.03.11 16:00;4;15.375;16;15.3125;251;202;0;
101;2026.03.11 16:15;4;14.8125;15.5;14.75;249;202;0;
102;2026.03.11 16:30;4;14.125;15.0625;14.1875;247;202;0;
103;2026.03.11 16:45;4;13.375;14.5;13.5;244;202;0;
104;2026.03.11 17:00;4;12.625;13.875;12.875;242;202;0;
105;2026.03.11 17:15;4;11.875;13.25;12.125;239;202;0;
106;2026.03.11 17:30;4;11.125;12.5;11.375;237;202;0;
107;2026.03.11 17:45;4;10.5625;11.875;10.75;235;202;0;
108;2026.03.11 18:00;4;10.125;11.375;10.25;233;202;0;
109;2026.03.11 18:15;4;9.75;10.875;9.8125;231;202;0;
110;2026.03.11 18:30;4;9.75;10.625;9.625;230;202;0;
111;2026.03.11 18:45;4;10;10.5625;9.6875;231;202;0;
112;2026.03.11 19:00;4;11;10.9375;10.4375;233;202;0;
113;2026.03.11 19:15;4;10.875;11;10.5625;233;202;0;
114;2026.03.11 19:30;4;11.0625;11.125;10.75;234;202;0;
115;2026.03.11 19:45;4;10.5625;10.9375;10.4375;232;202;0;
116;2026.03.11 20:00;4;9.75;10.5625;9.875;230;202;0;
117;2026.03.11 20:15;4;9.0625;10.0625;9.25;228;202;0;
118;2026.03.11 20:30;4;8.5625;9.625;8.6875;227;202;0;
119;2026.03.11 20:45;4;8.1875;9.1875;8.25;225;202;0;
120;2026.03.11 21:00;4;8.0625;8.875;8;224;202;0;
121;2026.03.11 21:15;4;8;8.6875;7.875;224;202;0;
122;2026.03.11 21:30;4;7.75;8.4375;7.625;223;202;0;
123;2026.03.11 21:45;4;7.375;8.125;7.25;222;202;0;
124;2026.03.11 22:00;4;7.0625;7.875;7;221;202;0;
125;2026.03.11 22:15;4;7.125;7.625;6.9375;220;202;0;
126;2026.03.11 22:30;4;7.25;7.625;7;221;202;0;
127;2026.03.11 22:45;4;7.375;7.625;7.0625;221;202;0;
128;2026.03.11 23:00;4;7.25;7.625;7;221;202;0;
129;2026.03.11 23:15;4;7.25;7.5;7;220;202;0;
130;2026.03.11 23:30;4;7.125;7.5;6.9375;220;202;0;
131;2026.03.11 23:45;4;6.875;7.3125;6.8125;219;202;0;
132;2026.03.12 00:00;4;6.875;7.25;6.75;219;202;0;
133;2026.03.12 00:15;4;6.75;7.125;6.625;219;202;0;
134;2026.03.12 00:30;4;6.625;7;6.5;218;202;0;
135;2026.03.12 00:45;4;6.6875;7;6.5;219;202;0;
136;2026.03.12 01:00;4;6.875;7;6.6875;219;202;0;
137;2026.03.12 01:15;4;6.875;7;6.75;219;202;0;
138;2026.03.12 01:30;4;6.875;7;6.75;219;202;0;
139;2026.03.12 01:45;4;6.8125;7;6.6875;219;202;0;
140;2026.03.12 02:00;4;6.875;7;6.75;219;202;0;
141;2026.03.12 02:15;4;7.125;7.125;7;220;202;0;
142;2026.03.12 02:30;4;7.3125;7.25;7.1875;220;202;0;
143;2026.03.12 02:45;4;7.375;7.375;7.375;221;202;0;
144;2026.03.12 03:00;4;7.5;7.5;7.4375;221;202;0;
145;2026.03.12 03:15;4;7.375;7.5;7.3125;221;202;0;
146;2026.03.12 03:30;4;7.5;7.5625;7.375;221;202;0;
147;2026.03.12 03:45;4;7.375;7.5;7.25;221;202;0;
148;2026.03.12 04:00;4;7.3125;7.5;7.125;221;202;0;
149;2026.03.12 04:15;4;7.25;7.4375;7;221;202;0;
150;2026.03.12 04:30;4;7.3125;7.5;7.125;221;202;0;
151;2026.03.12 04:45;4;7.375;7.5;7.125;221;202;0;
152;2026.03.12 05:00;4;7.375;7.5;7.125;221;202;0;
153;2026.03.12 05:15;4;7.25;7.5;7.125;221;202;0;
154;2026.03.12 05:30;4;7.3125;7.5;7.125;221;202;0;
155;2026.03.12 05:45;4;7.375;7.5;7.1875;221;202;0;
156;2026.03.12 06:00;4;7.5;7.625;7.25;222;202;0;
157;2026.03.12 06:15;4;7.6875;7.6875;7.375;222;202;0;
158;2026.03.12 06:30;4;7.875;7.8125;7.5625;223;202;0;
159;2026.03.12 06:45;4;8.125;8;7.875;223;202;0;
160;2026.03.12 07:00;4;8.375;8.1875;8.125;224;202;0;
161;2026.03.12 07:15;4;8.5;8.375;8.25;225;202;0;
162;2026.03.12 07:30;4;8.625;8.5;8.5;225;202;0;
163;2026.03.12 07:45;4;8.6875;8.625;8.625;226;202;0;
164;2026.03.12 08:00;4;8.875;8.75;8.875;226;202;0;
165;2026.03.12 08:15;4;9.125;8.9375;9.125;227;202;0;
166;2026.03.12 08:30;4;9.1875;9;9.1875;228;202;0;
167;2026.03.12 08:45;4;9.125;9.125;9.25;228;202;0;
168;2026.03.12 09:00;4;9.25;9.125;9.375;228;202;0;
169;2026.03.12 09:15;4;9.375;9.25;9.5;228;202;0;
170;2026.03.12 09:30;4;9.375;9.3125;9.4375;228;202;0;
171;2026.03.12 09:45;4;9.3125;9.375;9.4375;228;202;0;
172;2026.03.12 10:00;4;9.3125;9.375;9.4375;229;202;0;
173;2026.03.12 10:15;4;9.25;9.375;9.375;228;202;0;
174;2026.03.12 10:30;4;9.125;9.25;9.25;228;202;0;
175;2026.03.12 10:45;4;9;9.1875;9.1875;228;202;0;
176;2026.03.12 11:00;4;9;9.125;9.125;228;202;0;
177;2026.03.12 11:15;4;9.25;9.1875;9.25;228;202;0;
178;2026.03.12 11:30;4;9.125;9.1875;9.4375;228;202;0;
179;2026.03.12 11:45;4;9.375;9.25;9.625;228;202;0;
180;2026.03.12 12:00;4;9.625;9.375;10.0625;229;202;0;
181;2026.03.12 12:15;4;9.875;9.5;10.25;230;202;0;
182;2026.03.12 12:30;4;9.75;9.5625;10.375;230;202;0;
183;2026.03.12 12:45;4;9.875;9.625;10.6875;230;202;0;
184;2026.03.12 13:00;4;10.375;9.875;11.3125;232;202;0;
185;2026.03.12 13:15;4;10.8125;10.25;12.125;233;202;0;
186;2026.03.12 13:30;4;11;10.5;12.25;234;202;0;
187;2026.03.12 13:45;4;10.75;10.5;11.6875;233;202;0;
188;2026.03.12 14:00;4;13.75;11.125;14.625;238;202;0;
189;2026.03.12 14:15;4;14;11.875;13.5625;238;202;0;
190;2026.03.12 14:30;4;17.125;13.25;17.125;246;202;0;
191;2026.03.12 14:45;4;18.4375;14.625;18.375;251;202;0;
192;2026.03.12 15:00;4;14.75;14.25;16.25;246;202;0;
193;2026.03.12 15:15;4;13.25;13.625;14.875;242;202;0;
194;2026.03.12 15:30;4;12.125;13;13.625;239;202;0;
195;2026.03.12 15:45;4;11.5;12.375;12.625;237;202;0;
196;2026.03.12 16:00;4;10.9375;11.8125;11.8125;235;202;0;
197;2026.03.12 16:15;4;10.4375;11.25;11.125;233;202;0;
198;2026.03.12 16:30;4;9.875;10.75;10.375;231;202;0;
199;2026.03.12 16:45;4;9.3125;10.1875;9.875;229;202;0;
200;2026.03.12 17:00;4;8.625;9.625;9.125;227;202;0;
201;2026.03.12 17:15;4;8;9;8.5;224;202;0;
202;2026.03.12 17:30;4;7.4375;8.4375;7.875;222;202;0;
203;2026.03.12 17:45;4;7.125;8.0625;7.5;221;202;0;
204;2026.03.12 18:00;4;6.875;7.625;7.125;220;202;0;
205;2026.03.12 18:15;4;6.5;7.25;6.75;218;202;0;
206;2026.03.12 18:30;4;6.25;7;6.5;217;202;0;
207;2026.03.12 18:45;4;6.125;6.75;6.25;217;202;0;
208;2026.03.12 19:00;4;5.875;6.5;6;216;202;0;
209;2026.03.12 19:15;4;5.625;6.25;5.75;215;202;0;
210;2026.03.12 19:30;4;5.4375;6;5.5;214;202;0;
211;2026.03.12 19:45;4;5.25;5.75;5.25;213;202;0;
212;2026.03.12 20:00;4;5.0625;5.5625;5.0625;212;202;0;
213;2026.03.12 20:15;4;4.875;5.375;4.875;212;202;0;
214;2026.03.12 20:30;4;4.75;5.1875;4.75;211;202;0;
215;2026.03.12 20:45;4;4.5625;5;4.5625;211;202;0;
216;2026.03.12 21:00;4;4.375;4.875;4.375;210;202;0;
217;2026.03.12 21:15;4;4.25;4.625;4.25;209;202;0;
218;2026.03.12 21:30;4;4.125;4.5;4.0625;209;202;0;
219;2026.03.12 21:45;4;4;4.375;3.9375;208;202;0;
220;2026.03.12 22:00;4;3.875;4.25;3.8125;208;202;0;
221;2026.03.12 22:15;4;3.75;4.125;3.6875;207;202;0;
222;2026.03.12 22:30;4;3.625;4;3.5625;207;202;0;
223;2026.03.12 22:45;4;3.5;3.875;3.375;206;202;0;
224;2026.03.12 23:00;4;3.25;3.75;3.25;206;202;0;
225;2026.03.12 23:15;4;3.125;3.5;3.125;205;202;0;
226;2026.03.12 23:30;4;3;3.375;3;205;202;0;
227;2026.03.12 23:45;4;2.9375;3.3125;2.875;204;202;0;
228;2026.03.13 00:00;4;2.875;3.1875;2.75;204;202;0;
229;2026.03.13 00:15;4;2.75;3.125;2.6875;204;202;0;
230;2026.03.13 00:30;4;2.75;3;2.625;204;202;0;
231;2026.03.13 00:45;4;2.5;2.875;2.5;203;202;0;
232;2026.03.13 01:00;4;2.25;2.6875;2.3125;202;202;0;
233;2026.03.13 01:15;4;2.25;2.625;2.25;202;202;0;
234;2026.03.13 01:30;4;2.1875;2.5;2.125;202;202;0;
235;2026.03.13 01:45;4;2.25;2.5;2.125;202;202;0;
236;2026.03.13 02:00;4;2.125;2.4375;2.0625;201;202;0;
237;2026.03.13 02:15;4;2.0625;2.375;2;201;202;0;
238;2026.03.13 02:30;4;2;2.25;1.875;201;202;0;
239;2026.03.13 02:45;4;1.9375;2.25;1.8125;201;202;0;
240;2026.03.13 03:00;4;1.8125;2.125;1.75;200;202;0;
241;2026.03.13 03:15;4;1.6875;2;1.625;200;202;0;
242;2026.03.13 03:30;4;1.5;1.875;1.5;199;202;0;
243;2026.03.13 03:45;4;1.5;1.8125;1.375;199;202;0;
244;2026.03.13 04:00;4;1.375;1.75;1.375;199;202;0;
245;2026.03.13 04:15;4;1.25;1.625;1.25;198;202;0;
246;2026.03.13 04:30;4;1.125;1.5;1.125;198;202;0;
247;2026.03.13 04:45;4;1;1.375;1;197;202;0;
248;2026.03.13 05:00;4;0.9375;1.25;0.875;197;202;0;
249;2026.03.13 05:15;4;0.875;1.25;0.875;197;202;0;
250;2026.03.13 05:30;4;0.875;1.125;0.8125;197;202;0;
251;2026.03.13 05:45;4;0.9375;1.125;0.875;197;202;0;
252;2026.03.13 06:00;4;1;1.125;0.875;197;202;0;
253;2026.03.13 06:15;4;1.25;1.25;1;198;202;0;
254;2026.03.13 06:30;4;1.625;1.5;1.25;199;202;0;
255;2026.03.13 06:45;4;2.125;1.8125;1.625;200;202;0;
256;2026.03.13 07:00;4;2.625;2.25;2.0625;202;202;0;
257;2026.03.13 07:15;4;3.1875;2.625;2.625;204;202;0;
258;2026.03.13 07:30;4;3.5;3;2.9375;205;202;0;
259;2026.03.13 07:45;4;4;3.375;3.375;206;202;0;
260;2026.03.13 08:00;4;4.625;3.875;3.875;208;202;0;
261;2026.03.13 08:15;4;5.375;4.4375;4.5;211;202;0;
262;2026.03.13 08:30;4;6.25;5.125;5.25;214;202;0;
263;2026.03.13 08:45;4;7.25;5.875;6.25;217;202;0;
264;2026.03.13 09:00;4;8.25;6.6875;7.375;220;202;0;
265;2026.03.13 09:15;4;9.375;7.5;8.75;223;202;0;
266;2026.03.13 09:30;4;10.1875;8.25;10.25;226;202;0;
267;2026.03.13 09:45;4;11.125;9.0625;11.375;229;202;0;
268;2026.03.13 10:00;4;12.125;9.9375;14.25;233;202;0;
269;2026.03.13 10:15;4;13.125;10.75;16.5625;236;202;0;
270;2026.03.13 10:30;4;16.3125;11.9375;17.875;243;202;0;
271;2026.03.13 10:45;4;15.375;12.625;16.625;244;202;0;
272;2026.03.13 11:00;4;17.25;13.25;15.9375;247;202;0;
273;2026.03.13 11:15;4;16.375;13.625;15.0625;247;202;0;
274;2026.03.13 11:30;4;15.4375;13.875;14.6875;247;202;0;
275;2026.03.13 11:45;4;15.375;14.0625;14.625;247;202;0;
276;2026.03.13 12:00;4;15.25;14.25;14.5;247;202;0;
277;2026.03.13 12:15;4;15.125;14.25;14.5;247;202;0;
278;2026.03.13 12:30;4;15.25;14.4375;14.5625;248;202;0;
279;2026.03.13 12:45;4;15.625;14.625;14.75;249;202;0;
280;2026.03.13 13:00;4;16;14.9375;15.5625;250;202;0;
281;2026.03.13 13:15;4;17.375;15.5625;16.125;254;202;0;
282;2026.03.13 13:30;4;18.625;16.4375;17.875;257;202;0;
283;2026.03.13 13:45;4;19.6875;17.375;19.875;261;202;0;
284;2026.03.13 14:00;4;20.125;18.125;20.625;263;202;0;
285;2026.03.13 14:15;4;20.3125;18.75;21.125;265;202;0;
286;2026.03.13 14:30;4;23.6875;19.5625;26.1875;271;202;0;
287;2026.03.13 14:45;4;28.375;20.625;26.4375;277;202;0;
288;2026.03.13 15:00;4;43;24.5;23.4375;303;202;0;
289;2026.03.13 15:15;4;22.875;22.25;19.6875;277;202;0;
290;2026.03.13 15:30;4;18.25;19.6875;17.875;265;202;0;
291;2026.03.13 15:45;4;17.125;18.375;16.875;260;202;0;
292;2026.03.13 16:00;4;16.5;17.5;16.25;257;202;0;
293;2026.03.13 16:15;4;15.8125;16.75;15.625;254;202;0;
294;2026.03.13 16:30;4;15.125;16.0625;15.0625;252;202;0;
295;2026.03.13 16:45;4;13.9375;15.25;14.3125;248;202;0;
296;2026.03.13 17:00;4;12.8125;14.375;13.5;244;202;0;
297;2026.03.13 17:15;4;11.625;13.3125;12.5;240;202;0;
298;2026.03.13 17:30;4;11.0625;12.5;11.8125;238;202;0;
299;2026.03.13 17:45;4;10.375;11.75;11.0625;235;202;0;
300;2026.03.13 18:00;4;9.625;10.9375;10.3125;232;202;0;
301;2026.03.13 18:15;4;9.0625;10.25;9.625;230;202;0;
302;2026.03.13 18:30;4;8.6875;9.75;9.125;228;202;0;
303;2026.03.13 18:45;4;8.25;9.25;8.625;226;202;0;
304;2026.03.13 19:00;4;7.75;8.6875;8.125;224;202;0;
305;2026.03.13 19:15;4;7.4375;8.25;7.75;223;202;0;
306;2026.03.13 19:30;4;7.125;7.875;7.375;221;202;0;
307;2026.03.13 19:45;4;6.875;7.5;7.125;220;202;0;
308;2026.03.13 20:00;4;6.4375;7.125;6.75;219;202;0;
309;2026.03.13 20:15;4;6;6.75;6.375;217;202;0;
310;2026.03.13 20:30;4;5.6875;6.375;6.0625;216;202;0;
311;2026.03.13 20:45;4;5.5;6.125;5.75;215;202;0;
312;2026.03.13 21:00;4;5.3125;5.875;5.5625;214;202;0;
313;2026.03.13 21:15;4;5;5.625;5.3125;213;202;0;
314;2026.03.13 21:30;4;4.875;5.375;5.125;213;202;0;
315;2026.03.13 21:45;4;4.8125;5.25;5;212;202;0;
316;2026.03.13 22:00;4;4.625;5;4.8125;212;202;0;
317;2026.03.13 22:15;4;4.5;4.875;4.625;211;202;0;
318;2026.03.13 22:30;4;4.25;4.6875;4.5;210;202;0;
319;2026.03.13 22:45;4;4;4.5;4.25;210;202;0;
320;2026.03.13 23:00;4;3.875;4.25;4.125;209;202;0;
321;2026.03.13 23:15;4;3.8125;4.125;4;209;202;0;
322;2026.03.13 23:30;4;3.75;4;3.875;208;202;0;
323;2026.03.13 23:45;4;3.625;3.9375;3.8125;208;202;0;
324;2026.03.14 00:00;4;3.625;3.875;3.75;208;202;0;
325;2026.03.14 00:15;4;3.5;3.75;3.625;207;202;0;
326;2026.03.14 00:30;4;3.3125;3.625;3.5;207;202;0;
327;2026.03.14 00:45;4;3.25;3.5;3.375;210;202;0;
328;2026.03.14 01:00;4;3.125;3.375;3.3125;206;202;0;
329;2026.03.14 01:15;4;3;3.25;3.1875;206;202;0;
330;2026.03.14 01:30;4;2.875;3.125;3.125;205;202;0;
331;2026.03.14 01:45;4;2.75;3.0625;3;205;202;0;
332;2026.03.14 02:00;4;2.625;2.9375;2.875;205;202;0;
333;2026.03.14 02:15;4;2.5;2.8125;2.75;204;202;0;
334;2026.03.14 02:30;4;2.375;2.6875;2.625;204;202;0;
335;2026.03.14 02:45;4;2.375;2.625;2.5625;203;202;0;
336;2026.03.14 03:00;4;2.3125;2.5625;2.5;203;202;0;
337;2026.03.14 03:15;4;2.25;2.5;2.4375;203;202;0;
338;2026.03.14 03:30;4;2.25;2.4375;2.4375;203;202;0;
339;2026.03.14 03:45;4;2.25;2.4375;2.4375;203;202;0;
340;2026.03.14 04:00;4;2.375;2.4375;2.4375;203;202;0;
341;2026.03.14 04:15;4;2.25;2.375;2.375;203;202;0;
342;2026.03.14 04:30;4;2.0625;2.3125;2.25;203;202;0;
343;2026.03.14 04:45;4;2;2.25;2.1875;202;202;0;
344;2026.03.14 05:00;4;1.8125;2.125;2.0625;202;202;0;
345;2026.03.14 05:15;4;1.875;2;2;202;202;0;
346;2026.03.14 05:30;4;2.0625;2.125;2.125;202;202;0;
347;2026.03.14 05:45;4;2.25;2.125;2.25;203;202;0;
348;2026.03.14 06:00;4;3;2.5;2.5625;204;202;0;
349;2026.03.14 06:15;4;3.9375;3;3.125;207;202;0;
350;2026.03.14 06:30;4;4.8125;3.625;3.8125;210;202;0;
351;2026.03.14 06:45;4;5.4375;4.25;4.5;212;202;0;
352;2026.03.14 07:00;4;6.25;4.9375;5.1875;215;202;0;
353;2026.03.14 07:15;4;6.75;5.5;5.8125;217;202;0;
354;2026.03.14 07:30;4;7.125;6;6.375;219;202;0;
355;2026.03.14 07:45;4;7.5;6.5;6.75;220;202;0;
356;2026.03.14 08:00;4;7.9375;6.875;7.1875;222;202;0;
357;2026.03.14 08:15;4;8.5;7.375;7.75;224;202;0;
358;2026.03.14 08:30;4;9.25;7.875;8.25;226;202;0;
359;2026.03.14 08:45;4;9.8125;8.4375;9;228;202;0;
360;2026.03.14 09:00;4;10.5;9;11.5;231;202;0;
361;2026.03.14 09:15;4;11.125;9.625;13.625;233;202;0;
362;2026.03.14 09:30;4;12;10.4375;15.75;236;202;0;
363;2026.03.14 09:45;4;12.375;11;16.75;238;202;0;
364;2026.03.14 10:00;4;12.5625;11.375;16.25;239;202;0;
365;2026.03.14 10:15;4;12.875;11.8125;15.6875;241;202;0;
366;2026.03.14 10:30;4;13.5625;12.3125;17.125;243;202;0;
367;2026.03.14 10:45;4;14.625;13;18.375;246;202;0;
368;2026.03.14 11:00;4;15.5;13.75;19.125;249;202;0;
369;2026.03.14 11:15;4;16.4375;14.5625;21.125;252;202;0;
370;2026.03.14 11:30;4;16.875;15.1875;21;254;202;0;
371;2026.03.14 11:45;4;16.875;15.5625;20.625;254;202;0;
372;2026.03.14 12:00;4;16.875;15.625;19.75;254;202;0;
373;2026.03.14 12:15;4;17.875;16.0625;19.6875;257;202;0;
374;2026.03.14 12:30;4;17.4375;16.125;18.3125;257;202;0;
375;2026.03.14 12:45;4;20.375;16.5625;18.875;261;202;0;
376;2026.03.14 13:00;4;26.5;18.5;21.3125;273;202;0;
377;2026.03.14 13:15;4;19.375;17.75;18.9375;263;202;0;
378;2026.03.14 13:30;4;22.125;20.25;22.125;274;202;0;
379;2026.03.14 13:45;4;20.4375;20.375;22.5;270;202;0;
380;2026.03.14 14:00;4;22.5;19.5;21.625;270;202;0;
381;2026.03.14 14:15;4;24.1875;19.125;20.125;272;202;0;
382;2026.03.14 14:30;4;29.5;20.125;19.75;280;202;0;
383;2026.03.14 14:45;4;22.0625;19.6875;19.625;270;202;0;
384;2026.03.14 15:00;4;26.375;20.1875;18.75;275;202;0;
385;2026.03.14 15:15;4;20.625;19.375;17.625;267;202;0;
386;2026.03.14 15:30;4;18.125;18.25;17;262;202;0;
387;2026.03.14 15:45;4;17.25;17.5;16.5;259;202;0;
388;2026.03.14 16:00;4;16.625;17;16.125;257;202;0;
389;2026.03.14 16:15;4;15.75;16.375;15.5625;254;202;0;
390;2026.03.14 16:30;4;14.4375;15.5;14.75;250;202;0;
391;2026.03.14 16:45;4;13.3125;14.5625;13.875;246;202;0;
392;2026.03.14 17:00;4;12.375;13.75;13;243;202;0;
393;2026.03.14 17:15;4;11.5625;12.875;12.25;240;202;0;
394;2026.03.14 17:30;4;10.8125;12.125;11.4375;237;202;0;
395;2026.03.14 17:45;4;10.125;11.375;10.75;234;202;0;
396;2026.03.14 18:00;4;9.75;10.875;10.25;233;202;0;
397;2026.03.14 18:15;4;10.125;10.6875;10.25;233;202;0;
398;2026.03.14 18:30;4;10.5;10.6875;10.375;233;202;0;
399;2026.03.14 18:45;4;10.8125;10.8125;10.5625;234;202;0;
400;2026.03.14 19:00;4;10.875;10.875;10.625;235;202;0;
401;2026.03.14 19:15;4;10.75;10.875;10.625;234;202;0;
402;2026.03.14 19:30;4;10.5;10.75;10.5;234;202;0;
403;2026.03.14 19:45;4;10;10.375;10.1875;233;202;0;
404;2026.03.14 20:00;4;9.5;10.0625;9.8125;231;202;0;
405;2026.03.14 20:15;4;9.125;9.6875;9.4375;230;202;0;
406;2026.03.14 20:30;4;8.75;9.375;9;229;202;0;
407;2026.03.14 20:45;4;8.375;9;8.625;227;202;0;
408;2026.03.14 21:00;4;8;8.625;8.25;226;202;0;
409;2026.03.14 21:15;4;7.75;8.3125;7.875;225;202;0;
410;2026.03.14 21:30;4;7.625;8.125;7.75;224;202;0;
411;2026.03.14 21:45;4;7.625;8;7.625;224;202;0;
412;2026.03.14 22:00;4;7.625;7.875;7.625;224;202;0;
413;2026.03.14 22:15;4;7.625;7.875;7.5625;224;202;0;
414;2026.03.14 22:30;4;7.5625;7.75;7.5625;224;202;0;
415;2026.03.14 22:45;4;7.5;7.6875;7.5;223;202;0;
416;2026.03.14 23:00;4;7.375;7.625;7.4375;223;202;0;
417;2026.03.14 23:15;4;7.375;7.5625;7.375;223;202;0;
418;2026.03.14 23:30;4;7.25;7.5;7.375;223;202;0;
419;2026.03.14 23:45;4;7.25;7.5;7.375;223;202;0;
420;2026.03.15 00:00;4;7.25;7.4375;7.3125;222;202;0;
421;2026.03.15 00:15;4;7.25;7.375;7.25;222;202;0;
422;2026.03.15 00:30;4;7.1875;7.375;7.25;222;202;0;
423;2026.03.15 00:45;4;7.125;7.3125;7.1875;222;202;0;
424;2026.03.15 01:00;4;7.0625;7.25;7.125;222;202;0;
425;2026.03.15 01:15;4;7;7.1875;7.0625;222;202;0;
426;2026.03.15 01:30;4;6.875;7.125;7;221;202;0;
427;2026.03.15 01:45;4;6.8125;7;6.9375;221;202;0;
428;2026.03.15 02:00;4;6.75;7;6.875;221;202;0;
429;2026.03.15 02:15;4;6.625;6.875;6.75;221;202;0;
430;2026.03.15 02:30;4;6.5625;6.75;6.6875;220;202;0;
431;2026.03.15 02:45;4;6.5;6.75;6.625;220;202;0;
432;2026.03.15 03:00;4;6.5;6.6875;6.625;220;202;0;
433;2026.03.15 03:15;4;6.5;6.625;6.5625;220;202;0;
434;2026.03.15 03:30;4;6.4375;6.625;6.5;220;202;0;
435;2026.03.15 03:45;4;6.375;6.625;6.5;220;202;0;
436;2026.03.15 04:00;4;6.375;6.5625;6.5;220;202;0;
437;2026.03.15 04:15;4;6.375;6.5;6.5;220;202;0;
438;2026.03.15 04:30;4;6.375;6.5;6.4375;219;202;0;
439;2026.03.15 04:45;4;6.375;6.5;6.4375;219;202;0;
440;2026.03.15 05:00;4;6.375;6.5;6.375;219;202;0;
441;2026.03.15 05:15;4;6.375;6.5;6.375;219;202;0;
442;2026.03.15 05:30;4;6.25;6.4375;6.375;219;202;0;
443;2026.03.15 05:45;4;6.375;6.4375;6.375;219;202;0;
444;2026.03.15 06:00;4;6.375;6.5;6.4375;220;202;0;
445;2026.03.15 06:15;4;6.5;6.5;6.5;220;202;0;
446;2026.03.15 06:30;4;6.5625;6.5;6.5;220;202;0;
447;2026.03.15 06:45;4;6.625;6.625;6.625;220;202;0;
448;2026.03.15 07:00;4;6.75;6.625;6.625;220;202;0;
449;2026.03.15 07:15;4;7;6.75;6.8125;221;202;0;
450;2026.03.15 07:30;4;7.3125;6.875;7;222;202;0;
451;2026.03.15 07:45;4;7.5;7.125;7.1875;223;202;0;
452;2026.03.15 08:00;4;7.6875;7.25;7.375;223;202;0;
453;2026.03.15 08:15;4;8.125;7.4375;7.6875;224;202;0;
454;2026.03.15 08:30;4;8.1875;7.625;7.875;225;202;0;
455;2026.03.15 08:45;4;8.25;7.75;7.875;225;202;0;
456;2026.03.15 09:00;4;8.375;7.875;8.0625;226;202;0;
457;2026.03.15 09:15;4;8.75;8.0625;8.25;227;202;0;
458;2026.03.15 09:30;4;8.75;8.1875;8.375;227;202;0;
459;2026.03.15 09:45;4;8.75;8.25;8.4375;227;202;0;
460;2026.03.15 10:00;4;8.875;8.375;8.5625;228;202;0;
461;2026.03.15 10:15;4;8.75;8.4375;8.5625;228;202;0;
462;2026.03.15 10:30;4;8.875;8.5;8.625;228;202;0;
463;2026.03.15 10:45;4;8.9375;8.5;8.625;228;202;0;
464;2026.03.15 11:00;4;9.125;8.625;8.8125;229;202;0;
465;2026.03.15 11:15;4;9.25;8.75;8.9375;229;202;0;
466;2026.03.15 11:30;4;9.375;8.8125;9;230;202;0;
467;2026.03.15 11:45;4;9.5;8.9375;9.1875;230;202;0;
468;2026.03.15 12:00;4;9.5;9;9.25;230;202;0;
469;2026.03.15 12:15;4;9.375;9;9.1875;230;202;0;
470;2026.03.15 12:30;4;9.125;9;9.125;230;202;0;
471;2026.03.15 12:45;4;9;8.875;9;229;202;0;
472;2026.03.15 13:00;4;9.125;8.875;9;230;202;0;
473;2026.03.15 13:15;4;9;8.875;9;229;202;0;
474;2026.03.15 13:30;4;9.125;8.875;9;230;202;0;
475;2026.03.15 13:45;4;9.125;8.875;9;230;202;0;
476;2026.03.15 14:00;4;8.875;8.8125;8.875;229;202;0;
477;2026.03.15 14:15;4;8.8125;8.75;8.8125;229;202;0;
478;2026.03.15 14:30;4;8.625;8.6875;8.6875;229;202;0;
479;2026.03.15 14:45;4;8.5;8.625;8.625;228;202;0;
480;2026.03.15 15:00;4;8.375;8.5;8.5;228;202;0;
481;2026.03.15 15:15;4;8.25;8.375;8.375;227;202;0;
482;2026.03.15 15:30;4;8.125;8.25;8.25;227;202;0;
483;2026.03.15 15:45;4;8;8.1875;8.125;227;202;0;
484;2026.03.15 16:00;4;8;8.125;8.0625;226;202;0;
485;2026.03.15 16:15;4;7.875;8;8;226;202;0;
486;2026.03.15 16:30;4;7.75;7.9375;7.875;226;202;0;
487;2026.03.15 16:45;4;7.625;7.875;7.75;226;202;0;
488;2026.03.15 17:00;4;7.5625;7.75;7.6875;225;202;0;
489;2026.03.15 17:15;4;10.625;9.0625;9.375;233;202;0;
490;2026.03.15 17:30;4;15.25;11.5;12.25;244;202;0;
491;2026.03.15 17:45;4;18.375;14.25;16.5;259;202;0;
492;2026.03.15 18:00;4;18.5;15.6875;17.125;264;202;0;
493;2026.03.15 18:15;4;15.6875;15.375;16;259;202;0;
494;2026.03.15 18:30;4;15;15.25;15.5;258;202;0;
495;2026.03.15 18:45;4;14.9375;15.125;15.3125;257;202;0;
496;2026.03.15 19:00;4;15;15.125;15.25;257;202;0;
497;2026.03.15 19:15;4;14.875;15;15.125;257;202;0;
498;2026.03.15 19:30;4;16.3125;15.625;15.625;260;202;0;
499;2026.03.15 19:45;4;17;16.1875;16;263;202;0;
500;2026.03.15 20:00;4;17.125;16.5;16.25;264;202;0;
501;2026.03.15 20:15;4;17.25;16.6875;16.375;264;202;0;
502;2026.03.15 20:30;4;17.25;16.875;16.5;265;202;0;
503;2026.03.15 20:45;4;17.25;16.9375;16.5;265;202;0;
504;2026.03.15 21:00;4;17.25;17;16.625;265;202;0;
505;2026.03.15 21:15;4;17.1875;17;16.625;265;202;0;
506;2026.03.15 21:30;4;16.4375;16.625;16.375;263;202;0;
507;2026.03.15 21:45;4;16.125;16.375;16.25;262;202;0;
508;2026.03.15 22:00;4;16;16.1875;16.0625;262;202;0;
509;2026.03.15 22:15;4;15.875;16.0625;16;261;202;0;
510;2026.03.15 22:30;4;15.75;16;15.875;261;202;0;
511;2026.03.15 22:45;4;15.75;15.875;15.8125;261;202;0;
512;2026.03.15 23:00;4;15.6875;15.875;15.75;260;202;0;
513;2026.03.15 23:15;4;15.625;15.75;15.75;260;202;0;
514;2026.03.15 23:30;4;15.625;15.75;15.6875;260;202;0;
515;2026.03.15 23:45;4;15.625;15.75;15.625;260;202;0;
516;2026.03.16 00:00;4;15.625;15.6875;15.625;260;202;0;
517;2026.03.16 00:15;4;15.5625;15.625;15.625;260;202;0;
518;2026.03.16 00:30;4;15.5;15.625;15.625;260;202;0;
519;2026.03.16 00:45;4;15.5;15.625;15.5625;260;202;0;
520;2026.03.16 01:00;4;15.5;15.625;15.5625;260;202;0;
521;2026.03.16 01:15;4;15.5;15.625;15.5;260;202;0;
522;2026.03.16 01:30;4;15.4375;15.5625;15.5;259;202;0;
523;2026.03.16 01:45;4;15.4375;15.5;15.5;259;202;0;
524;2026.03.16 02:00;4;15.375;15.5;15.5;259;202;0;
525;2026.03.16 02:15;4;15.375;15.5;15.5;259;202;0;
526;2026.03.16 02:30;4;15.375;15.5;15.5;259;202;0;
527;2026.03.16 02:45;4;15.375;15.5;15.4375;259;202;0;
528;2026.03.16 03:00;4;15.375;15.5;15.4375;259;202;0;
529;2026.03.16 03:15;4;15.375;15.5;15.4375;259;202;0;
530;2026.03.16 03:30;4;15.375;15.4375;15.375;259;202;0;
531;2026.03.16 03:45;4;15.3125;15.4375;15.375;259;202;0;
532;2026.03.16 04:00;4;15.3125;15.4375;15.375;259;202;0;
533;2026.03.16 04:15;4;15.3125;15.375;15.375;259;202;0;
534;2026.03.16 04:30;4;15.125;15.375;15.25;258;202;0;
535;2026.03.16 04:45;4;13.3125;14.6875;13.9375;261;202;0;
536;2026.03.16 05:00;4;8.625;12.5;10.875;249;202;0;
537;2026.03.16 05:15;4;7.25;10.9375;9.25;243;202;0;
538;2026.03.16 05:30;4;6.75;9.875;8.25;240;202;0;
539;2026.03.16 05:45;4;6.625;9.0625;7.625;256;202;0;
540;2026.03.16 06:00;4;7.25;8.625;7.875;252;202;0;
541;2026.03.16 06:15;4;7.375;8.4375;7.875;252;202;0;
542;2026.03.16 06:30;4;7.375;8.25;7.6875;252;202;0;
543;2026.03.16 06:45;4;7.375;8.125;7.5625;251;202;0;
544;2026.03.16 07:00;4;7.6875;8;8;252;202;0;
545;2026.03.16 07:15;4;9;8.375;9.25;254;202;0;
546;2026.03.16 07:30;4;10.125;8.875;10.75;256;202;0;
547;2026.03.16 07:45;4;11.0625;9.625;12.125;258;202;0;
548;2026.03.16 08:00;4;12;10.375;13.5;262;202;0;
549;2026.03.16 08:15;4;12.6875;11.125;14.625;263;202;0;
550;2026.03.16 08:30;4;13.375;11.75;15.5;266;202;0;
551;2026.03.16 08:45;4;14.1875;12.375;16.3125;269;202;0;
552;2026.03.16 09:00;4;15;13.125;17.125;271;202;0;
553;2026.03.16 09:15;4;15.625;13.625;16.5;254;202;0;
554;2026.03.16 09:30;4;9.5;10.75;11.875;1059;202;0;
555;2026.03.16 09:45;4;6.3125;7.125;9.4375;1072;202;0;
556;2026.03.16 10:00;4;5.625;6.1875;9.1875;1092;202;0;
557;2026.03.16 10:15;4;5.5;5.875;8.625;1114;202;0;
558;2026.03.16 10:30;4;5.375;5.6875;7.875;1136;202;0;
559;2026.03.16 10:45;4;5.375;5.625;7.625;1157;202;0;
560;2026.03.16 11:00;4;5.3125;5.5625;8.5;1176;202;0;
561;2026.03.16 11:15;4;5.3125;5.5;9.5;1193;202;0;
562;2026.03.16 11:30;4;5.25;5.5;9;1209;202;0;
563;2026.03.16 11:45;4;5.25;5.5;8.0625;1223;202;0;
564;2026.03.16 12:00;4;5.25;5.5;7.25;1235;202;0;
565;2026.03.16 12:15;4;5.25;5.5;6.5;1247;202;0;
566;2026.03.16 12:30;4;5.25;5.4375;6.375;1257;202;0;
567;2026.03.16 12:45;4;5.25;5.4375;6.5625;1267;202;0;
568;2026.03.16 13:00;4;5.25;5.4375;7.25;1275;202;0;
569;2026.03.16 13:15;4;5.25;5.375;7.875;1283;202;0;
570;2026.03.16 13:30;4;5.25;5.375;8.3125;1291;202;0;
571;2026.03.16 13:45;4;5.25;5.375;8.875;1298;202;0;
572;2026.03.16 14:00;4;5.25;5.375;9.0625;1304;202;0;
573;2026.03.16 14:15;4;5.25;5.375;8.625;1310;202;0;
574;2026.03.16 14:30;4;5.25;5.375;8.125;1315;202;0;
575;2026.03.16 14:45;4;5.25;5.375;7.8125;1320;202;0;
576;2026.03.16 15:00;4;5.25;5.375;7.3125;1325;202;0;
577;2026.03.16 15:15;4;5.25;5.375;4.0625;1329;202;0;
578;2026.03.16 15:30;4;5.25;5.375;3.625;1333;202;0;
579;2026.03.16 15:45;4;5.25;5.375;3.625;1337;202;0;
580;2026.03.16 16:00;4;5.25;5.375;3;1341;202;0;
581;2026.03.16 16:15;4;5.25;5.375;2.375;1344;202;0;
582;2026.03.16 16:30;4;5.25;5.375;1.6875;1347;202;0;
583;2026.03.16 16:45;4;5.25;5.375;1.125;1350;202;0;
584;2026.03.16 17:00;4;5.25;5.375;0.5;1352;202;0;
585;2026.03.16 17:15;4;5.25;5.375;0.0625;1355;202;0;
586;2026.03.16 17:30;4;5.25;5.375;-0.25;1357;202;0;
587;2026.03.16 17:45;4;5.25;5.375;-0.25;1360;202;0;
588;2026.03.16 18:00;4;5.25;5.375;0;1362;202;0;
589;2026.03.16 18:15;4;5.25;5.375;0.5625;1364;202;0;
590;2026.03.16 18:30;4;5.25;5.375;0.75;1366;202;0;
591;2026.03.16 18:45;4;5.25;5.375;0.6875;1367;202;0;
592;2026.03.16 19:00;4;5.25;5.375;0.5;1369;202;0;
593;2026.03.16 19:15;4;5.25;5.4375;0.5;1371;202;0;
594;2026.03.16 19:30;4;5.25;5.4375;0.625;1372;202;0;
595;2026.03.16 19:45;4;5.25;5.4375;0.5;1374;202;0;
596;2026.03.16 20:00;4;5.25;5.4375;0;1375;202;0;
597;2026.03.16 20:15;4;5.25;5.4375;-0.375;1376;202;0;
598;2026.03.16 20:30;4;5.25;5.4375;-1;1378;202;0;
599;2026.03.16 20:45;4;5.25;5.4375;-1.5;1379;202;0;
600;2026.03.16 21:00;4;5.25;5.4375;-1.875;1380;202;0;
601;2026.03.16 21:15;4;5.25;5.4375;-2.125;1381;202;0;
602;2026.03.16 21:30;4;5.25;5.4375;-2;1382;202;0;
603;2026.03.16 21:45;4;5.25;5.4375;-2.3125;1383;202;0;
604;2026.03.16 22:00;4;5.25;5.4375;-2.5;1385;202;0;
605;2026.03.16 22:15;4;5.25;5.4375;-2.25;1386;202;0;
606;2026.03.16 22:30;4;5.25;5.4375;-2.0625;1387;202;0;
607;2026.03.16 22:45;4;5.25;5.4375;-2.3125;1388;202;0;
608;2026.03.16 23:00;4;5.25;5.4375;-2.5625;1388;202;0;
609;2026.03.16 23:15;4;5.25;5.4375;-2.8125;1389;202;0;
610;2026.03.16 23:30;4;5.25;5.4375;-2.875;1390;202;0;
611;2026.03.16 23:45;4;5.25;5.4375;-3;1391;202;0;
612;2026.03.17 00:00;4;5.25;5.4375;-2.5625;1392;202;0;
613;2026.03.17 00:15;4;5.25;5.4375;-2.5;1393;202;0;
614;2026.03.17 00:30;4;5.25;5.4375;-2.5625;1394;202;0;
615;2026.03.17 00:45;4;5.25;5.4375;-2.375;1394;202;0;
616;2026.03.17 01:00;4;5.25;5.4375;-2.5;1395;202;0;
617;2026.03.17 01:15;4;5.25;5.4375;-3.125;1396;202;0;
618;2026.03.17 01:30;4;5.25;5.4375;-3.625;1397;202;0;
619;2026.03.17 01:45;4;5.25;5.4375;-3.8125;1397;202;0;
620;2026.03.17 02:00;4;5.25;5.4375;-3.875;1398;202;0;
621;2026.03.17 02:15;4;5.25;5.4375;-4;1399;202;0;
622;2026.03.17 02:30;4;5.25;5.4375;-4.25;1399;202;0;
623;2026.03.17 02:45;4;5.25;5.4375;-4.4375;1400;202;0;
624;2026.03.17 03:00;4;5.25;5.4375;-4.625;1401;202;0;
625;2026.03.17 03:15;4;5.25;5.375;-4.8125;1401;202;0;
626;2026.03.17 03:30;4;5.25;5.375;-5.0625;1402;202;0;
627;2026.03.17 03:45;4;5.25;5.375;-5.125;1403;202;0;
628;2026.03.17 04:00;4;5.25;5.375;-5.125;1403;202;0;
629;2026.03.17 04:15;4;5.25;5.375;-5.1875;1404;202;0;
630;2026.03.17 04:30;4;5.25;5.375;-5.0625;1404;202;0;
631;2026.03.17 04:45;4;5.25;5.375;-5;1405;202;0;
632;2026.03.17 05:00;4;5.25;5.375;-5.125;1406;202;0;
633;2026.03.17 05:15;4;5.25;5.375;-5.125;1406;202;0;
634;2026.03.17 05:30;4;5.25;5.375;-5;1407;202;0;
635;2026.03.17 05:45;4;5.25;5.375;-4.6875;1407;202;0;
636;2026.03.17 06:00;4;5.25;5.375;-4.125;1408;202;0;
637;2026.03.17 06:15;4;5.25;5.375;-3.5;1408;202;0;
638;2026.03.17 06:30;4;5.25;5.375;-2.75;1409;202;0;
639;2026.03.17 06:45;4;5.25;5.375;-2.3125;1409;202;0;
640;2026.03.17 07:00;4;5.25;5.375;-1.5;1410;202;0;
641;2026.03.17 07:15;4;5.25;5.375;0;1410;202;0;
642;2026.03.17 07:30;4;5.25;5.375;0.625;1411;202;0;
643;2026.03.17 07:45;4;5.25;5.375;3;1411;202;0;
644;2026.03.17 08:00;4;5.25;5.375;3.375;1411;202;0;
645;2026.03.17 08:15;4;5.25;5.375;3.9375;1412;202;0;
646;2026.03.17 08:30;4;5.25;5.3125;4.8125;1412;202;0;
647;2026.03.17 08:45;4;5.25;5.3125;6.125;1413;202;0;
648;2026.03.17 09:00;4;5.25;5.3125;5.625;1413;202;0;
649;2026.03.17 09:15;4;5.25;5.3125;5.75;1413;202;0;
650;2026.03.17 09:30;4;5.25;5.3125;7;1414;202;0;
651;2026.03.17 09:45;4;5.25;5.3125;6.6875;1414;202;0;
652;2026.03.17 10:00;4;5.25;5.3125;7.25;1415;202;0;
653;2026.03.17 10:15;4;5.25;5.25;7.0625;1415;202;0;
654;2026.03.17 10:30;4;5.25;5.25;6.875;1415;202;0;
655;2026.03.17 10:45;4;5.25;5.25;6.125;1416;202;0;
656;2026.03.17 11:00;4;5.25;5.25;7.6875;1416;202;0;
657;2026.03.17 11:15;4;5.25;5.25;8.3125;1417;202;0;
658;2026.03.17 11:30;4;5.25;5.25;8.8125;1417;202;0;
659;2026.03.17 11:45;4;5.25;5.25;9.875;1417;202;0;
660;2026.03.17 12:00;4;5.25;5.25;8.5625;1418;202;0;
661;2026.03.17 12:15;4;5.25;5.25;11.625;1418;202;0;
662;2026.03.17 12:30;4;5.25;5.25;12.5;1418;202;0;
663;2026.03.17 12:45;4;5.25;5.25;9.4375;1419;202;0;
664;2026.03.17 13:00;4;5.25;5.25;7.8125;1419;202;0;
665;2026.03.17 13:15;4;5.25;5.25;8.5;1420;202;0;
666;2026.03.17 13:30;4;5.25;5.25;8.4375;1420;202;0;
667;2026.03.17 13:45;4;5.25;5.25;8.25;1420;202;0;
668;2026.03.17 14:00;4;5.25;5.1875;7.4375;1421;202;0;
669;2026.03.17 14:15;4;5.25;5.1875;6.125;1421;202;0;
670;2026.03.17 14:30;4;5.25;5.1875;6.125;1421;202;0;
671;2026.03.17 14:45;4;5.25;5.1875;7.25;1422;202;0;
672;2026.03.17 15:00;4;5.1875;5.1875;6.6875;1422;202;0;
673;2026.03.17 15:15;4;5.25;5.1875;5.75;1422;202;0;
674;2026.03.17 15:30;4;5.1875;5.125;5.375;1423;202;0;
675;2026.03.17 15:45;4;5.1875;5.125;6.5;1423;202;0;
676;2026.03.17 16:00;4;5.1875;5.125;6.375;1423;202;0;
677;2026.03.17 16:15;4;5.1875;5.125;5.25;1423;202;0;
678;2026.03.17 16:30;4;5.1875;5.125;4.25;1424;202;0;
679;2026.03.17 16:45;4;5.1875;5.125;3.9375;1424;202;0;
680;2026.03.17 17:00;4;5.1875;5.125;3.3125;1424;202;0;
681;2026.03.17 17:15;4;5.1875;5.125;2.125;1425;202;0;
682;2026.03.17 17:30;4;5.1875;5.125;1.375;1425;202;0;
683;2026.03.17 17:45;4;5.1875;5.125;0.375;1425;202;0;
684;2026.03.17 18:00;4;5.125;5.125;0.3125;1426;202;0;
685;2026.03.17 18:15;4;5.1875;5.125;0.375;1426;202;0;
686;2026.03.17 18:30;4;5.125;5.125;-0.125;1426;202;0;
687;2026.03.17 18:45;4;5.125;5.125;0.625;1426;202;0;
688;2026.03.17 19:00;4;5.125;5.125;1;1427;202;0;
689;2026.03.17 19:15;4;5.125;5.125;0.25;1427;202;0;
690;2026.03.17 19:30;4;5.125;5.125;-0.8125;1427;202;0;
691;2026.03.17 19:45;4;5.125;5.125;-1.625;1428;202;0;
692;2026.03.17 20:00;4;5.125;5.125;-2.0625;1428;202;0;
693;2026.03.17 20:15;4;5.125;5.125;-1.875;1428;202;0;
694;2026.03.17 20:30;4;5.125;5.125;-2.1875;1428;202;0;
695;2026.03.17 20:45;4;5.125;5.125;-2.1875;1429;202;0;
696;2026.03.17 21:00;4;5.125;5.125;-2.4375;1429;202;0;
697;2026.03.17 21:15;4;5.125;5.125;-1.9375;1429;202;0;
698;2026.03.17 21:30;4;5.125;5.125;-1.875;1430;202;0;
699;2026.03.17 21:45;4;5.125;5.125;-1.9375;1430;202;0;
700;2026.03.17 22:00;4;5.125;5.125;-2.1875;1430;202;0;
701;2026.03.17 22:15;4;5.125;5.125;-2.75;1430;202;0;
702;2026.03.17 22:30;4;5.125;5.125;-2.5;1431;202;0;
703;2026.03.17 22:45;4;5.125;5.125;-2.25;1431;202;0;
704;2026.03.17 23:00;4;5.125;5.125;-2.75;1431;202;0;
705;2026.03.17 23:15;4;5.125;5.125;-3.1875;1431;202;0;
706;2026.03.17 23:30;4;5.125;5.125;-3.375;1431;202;0;
707;2026.03.17 23:45;4;5.125;5.125;-3.4375;1432;202;0;
708;2026.03.18 00:00;4;5.125;5.125;-3.5;1432;202;0;
709;2026.03.18 00:15;4;5.125;5.125;-3.375;1432;202;0;
710;2026.03.18 00:30;4;5.125;5.125;-2.875;1432;202;0;
711;2026.03.18 00:45;4;5.125;5.125;-2.1875;1433;202;0;
712;2026.03.18 01:00;4;5.125;5.125;-1.9375;1433;202;0;
713;2026.03.18 01:15;4;5.125;5.125;-1.75;1433;202;0;
714;2026.03.18 01:30;4;5.125;5.125;-1.5;1433;202;0;
715;2026.03.18 01:45;4;5.125;5.125;-1.25;1433;202;0;
716;2026.03.18 02:00;4;5.125;5.125;-1.375;1434;202;0;
717;2026.03.18 02:15;4;5.125;5.125;-1.5;1434;202;0;
718;2026.03.18 02:30;4;5.125;5.125;-1.25;1434;202;0;
719;2026.03.18 02:45;4;5.125;5.125;-0.875;1434;202;0;
720;2026.03.18 03:00;4;5.125;5.125;-0.625;1435;202;0;
721;2026.03.18 03:15;4;5.125;5.0625;-0.375;1435;202;0;
722;2026.03.18 03:30;4;5.125;5.0625;-0.375;1435;202;0;
723;2026.03.18 03:45;4;5.125;5.0625;0.5;1435;202;0;
724;2026.03.18 04:00;4;5.125;5.0625;0.875;1436;202;0;
725;2026.03.18 04:15;4;5.125;5.0625;0.1875;1436;202;0;
726;2026.03.18 04:30;4;5.125;5.0625;-1.125;1436;202;0;
727;2026.03.18 04:45;4;5.125;5.0625;-1.9375;1436;202;0;
728;2026.03.18 05:00;4;5.125;5.0625;-2.375;1436;202;0;
729;2026.03.18 05:15;4;5.125;5.0625;-2.75;1437;202;0;
730;2026.03.18 05:30;4;5.125;5;-2.75;1437;202;0;
731;2026.03.18 05:45;4;5.125;5;-2.375;1437;202;0;
732;2026.03.18 06:00;4;5.125;5;-2.0625;1437;202;0;
733;2026.03.18 06:15;4;5.125;5;-2;1437;202;0;
734;2026.03.18 06:30;4;5.125;5;-1.75;1438;202;0;
735;2026.03.18 06:45;4;5.125;5;-0.8125;1438;202;0;
736;2026.03.18 07:00;4;5.125;5;0.1875;1438;202;0;
737;2026.03.18 07:15;4;5.125;5;1.375;1438;202;0;
738;2026.03.18 07:30;4;5.125;5;2.0625;1438;202;0;
739;2026.03.18 07:45;4;5.125;5;3.9375;1439;202;0;
740;2026.03.18 08:00;4;5.125;5;5.5;1439;202;0;
741;2026.03.18 08:15;4;5.125;5;6.875;1439;202;0;
742;2026.03.18 08:30;4;5.125;5;9.125;1439;202;0;
743;2026.03.18 08:45;4;5.125;5;10;1439;202;0;
744;2026.03.18 09:00;4;5.0625;5;9.25;1440;202;0;
745;2026.03.18 09:15;4;5.0625;5;9.375;1440;202;0;
746;2026.03.18 09:30;4;5.0625;5;9.625;1440;202;0;
747;2026.03.18 09:45;4;5.0625;5;11.625;1440;202;0;
748;2026.03.18 10:00;4;5.0625;5;12.625;1440;202;0;
749;2026.03.18 10:15;4;5.0625;5;13.5625;1441;202;0;
750;2026.03.18 10:30;4;5.0625;5;13;1441;202;0;
751;2026.03.18 10:45;4;5.0625;4.9375;12.375;1441;202;0;
752;2026.03.18 11:00;4;5.0625;4.9375;13.75;1441;202;0;
753;2026.03.18 11:15;4;5.0625;4.9375;14.125;1441;202;0;
754;2026.03.18 11:30;4;5.0625;4.9375;14.625;1442;202;0;
755;2026.03.18 11:45;4;5.0625;4.9375;15.125;1442;202;0;
756;2026.03.18 12:00;4;5.0625;4.9375;16.25;1442;202;0;
757;2026.03.18 12:15;4;5;4.875;17.75;1442;202;0;
758;2026.03.18 12:30;4;5;4.875;15.75;1442;202;0;
759;2026.03.18 12:45;4;5;4.875;13.25;1443;202;0;
760;2026.03.18 13:00;4;5;4.875;13.25;1443;202;0;
761;2026.03.18 13:15;4;5;4.875;14;1443;202;0;
762;2026.03.18 13:30;4;5;4.875;14.5;1443;202;0;
763;2026.03.18 13:45;4;5;4.875;14.125;1443;202;0;
764;2026.03.18 14:00;4;5;4.875;14;1443;202;0;
765;2026.03.18 14:15;4;5;4.875;13.875;1444;202;0;
766;2026.03.18 14:30;4;5;4.875;12.9375;1444;202;0;
767;2026.03.18 14:45;4;5;4.875;13.0625;1444;202;0;
768;2026.03.18 15:00;4;5;4.875;12.5;1444;202;0;
769;2026.03.18 15:15;4;5;4.875;12.5;1444;202;0;
770;2026.03.18 15:30;4;5;4.875;12;1445;202;0;
771;2026.03.18 15:45;4;5;4.875;11;1445;202;0;
772;2026.03.18 16:00;4;5;4.875;10.8125;1445;202;0;
773;2026.03.18 16:15;4;5;4.875;10;1445;202;0;
774;2026.03.18 16:30;4;5;4.875;9.75;1445;202;0;
775;2026.03.18 16:45;4;5;4.875;9.375;1445;202;0;
776;2026.03.18 17:00;4;5;4.875;8.6875;1446;202;0;
777;2026.03.18 17:15;4;5;4.875;7.875;1446;202;0;
778;2026.03.18 17:30;4;5;4.875;7;1446;202;0;
779;2026.03.18 17:45;4;5;4.875;6.375;1446;202;0;
780;2026.03.18 18:00;4;5;4.875;6.625;1446;202;0;
781;2026.03.18 18:15;4;5;4.875;7;1446;202;0;
782;2026.03.18 18:30;4;5;4.875;6.75;1446;202;0;
783;2026.03.18 18:45;4;5;4.875;6.625;1446;202;0;
784;2026.03.18 19:00;4;5;4.875;5.6875;1447;202;0;
785;2026.03.18 19:15;4;5;4.875;4.25;1447;202;0;
786;2026.03.18 19:30;4;5;4.875;3.5;1447;202;0;
787;2026.03.18 19:45;4;5;4.875;2.125;1447;202;0;
788;2026.03.18 20:00;4;5;4.875;2.125;1447;202;0;
789;2026.03.18 20:15;4;5;4.9375;2.75;1447;202;0;
790;2026.03.18 20:30;4;5;4.9375;3;1448;202;0;
791;2026.03.18 20:45;4;5;4.9375;3.5;1448;202;0;
792;2026.03.18 21:00;4;5;4.9375;3.75;1448;202;0;
793;2026.03.18 21:15;4;5;4.9375;3.25;1448;202;0;
794;2026.03.18 21:30;4;5;5;2.25;1448;202;0;
795;2026.03.18 21:45;4;5;4.9375;1.25;1448;202;0;
796;2026.03.18 22:00;4;5;5;0.5625;1449;202;0;
797;2026.03.18 22:15;4;5;5;0.375;1449;202;0;
798;2026.03.18 22:30;4;5;5;-0.125;1449;202;0;
799;2026.03.18 22:45;4;5;5;-0.625;1449;202;0;
800;2026.03.18 23:00;4;5;5;-1.25;1449;202;0;
801;2026.03.18 23:15;4;5;5;-1.4375;1449;202;0;
802;2026.03.18 23:30;4;5;5;-1.5625;1450;202;0;
803;2026.03.18 23:45;4;5;5;-1.875;1450;202;0;
804;2026.03.19 00:00;4;5;5;-1.875;1450;202;0;
805;2026.03.19 00:15;4;5;5;-2.0625;1450;202;0;
806;2026.03.19 00:30;4;5;5;-2.25;1450;202;0;
807;2026.03.19 00:45;4;5;5;-2.1875;1450;202;0;
808;2026.03.19 01:00;4;5;5;-2.3125;1451;202;0;
809;2026.03.19 01:15;4;5;5;-2.25;1451;202;0;
810;2026.03.19 01:30;4;5;5;-2.3125;1451;202;0;
811;2026.03.19 01:45;4;5;5;-2.375;1451;202;0;
812;2026.03.19 02:00;4;5;5;-2.375;1451;202;0;
813;2026.03.19 02:15;4;5;5;-2.5;1451;202;0;
814;2026.03.19 02:30;4;5;5;-2.5;1452;202;0;
815;2026.03.19 02:45;4;5;5;-2.9375;1452;202;0;
816;2026.03.19 03:00;4;5;5;-3.0625;1452;202;0;
817;2026.03.19 03:15;4;5;5;-3.125;1452;202;0;
818;2026.03.19 03:30;4;5;5;-3;1452;202;0;
819;2026.03.19 03:45;4;5;5;-3;1452;202;0;
820;2026.03.19 04:00;4;5;5;-3;1452;202;0;
821;2026.03.19 04:15;4;5;5;-3.1875;1453;202;0;
822;2026.03.19 04:30;4;5;5;-3.3125;1453;202;0;
823;2026.03.19 04:45;4;5;5;-3.25;1453;202;0;
824;2026.03.19 05:00;4;5;5;-3.5;1453;202;0;
825;2026.03.19 05:15;4;5;5;-3.4375;1453;202;0;
826;2026.03.19 05:30;4;5;5;-3.125;1453;202;0;
827;2026.03.19 05:45;4;5;5;-2.875;1454;202;0;
828;2026.03.19 06:00;4;5;5;-2.875;1454;202;0;
829;2026.03.19 06:15;4;5;5;-2.75;1454;202;0;
830;2026.03.19 06:30;4;5;5;-2.5;1454;202;0;
831;2026.03.19 06:45;4;5;5;-1.875;1454;202;0;
832;2026.03.19 07:00;4;5;5;0;1454;202;0;
833;2026.03.19 07:15;4;5;5;2.25;1454;202;0;
834;2026.03.19 07:30;4;5;5;3.125;1454;202;0;
835;2026.03.19 07:45;4;5;5;6.9375;1455;202;0;
836;2026.03.19 08:00;4;5;5;10.0625;1455;202;0;
837;2026.03.19 08:15;4;5;5;12.375;1455;202;0;
838;2026.03.19 08:30;4;5;5;13.25;1455;202;0;
839;2026.03.19 08:45;4;5;5;14;1455;202;0;
840;2026.03.19 09:00;4;5;5;12.5;1455;202;0;
841;2026.03.19 09:15;4;5;5;10.375;1455;202;0;
842;2026.03.19 09:30;4;5;5;13.625;1455;202;0;
843;2026.03.19 09:45;4;5;5;15.4375;1456;202;0;
844;2026.03.19 10:00;4;5;5;13.375;1456;202;0;
845;2026.03.19 10:15;4;5;5;11.9375;1456;202;0;
846;2026.03.19 10:30;4;5;5;11.25;1456;202;0;
847;2026.03.19 10:45;4;5;5;10.75;1456;202;0;
848;2026.03.19 11:00;4;5;5;12.4375;1456;202;0;
849;2026.03.19 11:15;4;5;5;14.75;1456;202;0;
850;2026.03.19 11:30;4;5;4.9375;16.0625;1456;202;0;
851;2026.03.19 11:45;4;5;4.9375;17.375;1457;202;0;
852;2026.03.19 12:00;4;5;4.9375;17.75;1457;202;0;
853;2026.03.19 12:15;4;5;4.9375;18.25;1457;202;0;
854;2026.03.19 12:30;4;5;4.9375;17.5;1457;202;0;
855;2026.03.19 12:45;4;5;4.9375;18.375;1457;202;0;
856;2026.03.19 13:00;4;5;4.9375;16.125;1457;202;0;
857;2026.03.19 13:15;4;5;4.9375;13.625;1457;202;0;
858;2026.03.19 13:30;4;5;4.9375;12.625;1457;202;0;
859;2026.03.19 13:45;4;5;4.9375;11.5;1458;202;0;
860;2026.03.19 14:00;4;5;4.9375;11.375;1458;202;0;
861;2026.03.19 14:15;4;5;4.875;11.4375;1458;202;0;
862;2026.03.19 14:30;4;5;4.875;10.75;1458;202;0;
863;2026.03.19 14:45;4;5;4.875;10.3125;1458;202;0;
864;2026.03.19 15:00;4;5;4.875;10;1458;202;0;
865;2026.03.19 15:15;4;5;4.875;9.625;1458;202;0;
866;2026.03.19 15:30;4;5;4.875;9.6875;1458;202;0;
867;2026.03.19 15:45;4;5;4.875;9.3125;1459;202;0;
868;2026.03.19 16:00;4;5;4.875;8.3125;1459;202;0;
869;2026.03.19 16:15;4;5;4.875;7.5;1459;202;0;
870;2026.03.19 16:30;4;5;4.875;6.625;1459;202;0;
871;2026.03.19 16:45;4;5;4.875;5;1459;202;0;
872;2026.03.19 17:00;4;5;4.875;4;1459;202;0;
873;2026.03.19 17:15;4;5;4.875;3.75;1459;202;0;
874;2026.03.19 17:30;4;5;4.875;3.5;1459;202;0;
875;2026.03.19 17:45;4;5;4.9375;2.875;1460;202;0;
876;2026.03.19 18:00;4;5;4.9375;2;1460;202;0;
877;2026.03.19 18:15;4;5;4.9375;2;1460;202;0;
878;2026.03.19 18:30;4;5;4.9375;1.75;1460;202;0;
879;2026.03.19 18:45;4;5;4.9375;2.25;1460;202;0;
880;2026.03.19 19:00;4;5;4.9375;2.375;1460;202;0;
881;2026.03.19 19:15;4;5;4.9375;2.0625;1460;202;0;
882;2026.03.19 19:30;4;5;4.9375;1.25;1460;202;0;
883;2026.03.19 19:45;4;5;4.9375;1.0625;1460;202;0;
884;2026.03.19 20:00;4;5;5;1;1461;202;0;
885;2026.03.19 20:15;4;5;5;0.1875;1461;202;0;
886;2026.03.19 20:30;4;5;5;-0.875;1461;202;0;
887;2026.03.19 20:45;4;5;5;-1.1875;1461;202;0;
888;2026.03.19 21:00;4;5;5;-1.75;1461;202;0;
889;2026.03.19 21:15;4;5;5;-1.75;1461;202;0;
890;2026.03.19 21:30;4;5;5;-1.5;1461;202;0;
891;2026.03.19 21:45;4;5;5;-1;1461;202;0;
892;2026.03.19 22:00;4;5;5;-1.1875;1461;202;0;
893;2026.03.19 22:15;4;5;5;-1.875;1461;202;0;
894;2026.03.19 22:30;4;5;5;-2.375;1462;202;0;
895;2026.03.19 22:45;4;5;5;-2.4375;1462;202;0;
896;2026.03.19 23:00;4;5;5;-2.75;1462;202;0;
897;2026.03.19 23:15;4;5;5;-2.875;1462;202;0;
898;2026.03.19 23:30;4;5;5;-2.875;1462;202;0;
899;2026.03.19 23:45;4;5;5;-3;1462;202;0;
900;2026.03.20 00:00;4;5;5;-3.375;1462;202;0;
901;2026.03.20 00:15;4;5;5;-3.3125;1462;202;0;
902;2026.03.20 00:30;4;5;5;-3.25;1462;202;0;
903;2026.03.20 00:45;4;5;5;-3.375;1462;202;0;
904;2026.03.20 01:00;4;5;5;-3.375;1463;202;0;
905;2026.03.20 01:15;4;5;5;-3.375;1463;202;0;
906;2026.03.20 01:30;4;5;5;-3.25;1463;202;0;
907;2026.03.20 01:45;4;5;5;-3.375;1463;202;0;
908;2026.03.20 02:00;4;5;5;-3.375;1463;202;0;
909;2026.03.20 02:15;4;5;5;-3.4375;1463;202;0;
910;2026.03.20 02:30;4;5;5;-3.625;1463;202;0;
911;2026.03.20 02:45;4;5;5;-3.875;1464;202;0;
912;2026.03.20 03:00;4;5;5;-4;1464;202;0;
913;2026.03.20 03:15;4;5;5;-3.4375;1464;202;0;
914;2026.03.20 03:30;4;5;5;-3.5;1464;202;0;
915;2026.03.20 03:45;4;5;5;-3.625;1464;202;0;
916;2026.03.20 04:00;4;5;5;-3.875;1464;202;0;
917;2026.03.20 04:15;4;5;5;-4.1875;1464;202;0;
918;2026.03.20 04:30;4;5;5;-4.4375;1464;202;0;
919;2026.03.20 04:45;4;5;5;-4.625;1464;202;0;
920;2026.03.20 05:00;4;5;5;-4.375;1465;202;0;
921;2026.03.20 05:15;4;5;5;-4;1465;202;0;
922;2026.03.20 05:30;4;5;5;-3.75;1465;202;0;
923;2026.03.20 05:45;4;5;5;-3.6875;1465;202;0;
924;2026.03.20 06:00;4;5;5;-3.25;1465;202;0;
925;2026.03.20 06:15;4;5;5;-2.6875;1465;202;0;
926;2026.03.20 06:30;4;5;5;-1.5625;1465;202;0;
927;2026.03.20 06:45;4;5;5;-0.625;1465;202;0;
928;2026.03.20 07:00;4;5;5;0.875;1465;202;0;
929;2026.03.20 07:15;4;5;5;2.125;1465;202;0;
930;2026.03.20 07:30;4;5;5;3.125;1465;202;0;
931;2026.03.20 07:45;4;5;5;4.375;1466;202;0;
932;2026.03.20 08:00;4;5;5;6.4375;1466;202;0;
933;2026.03.20 08:15;4;5;4.9375;7.625;1466;202;0;
934;2026.03.20 08:30;4;5;4.9375;9.3125;1466;202;0;
935;2026.03.20 08:45;4;5;4.9375;10.375;1466;202;0;
936;2026.03.20 09:00;4;5;4.9375;9.5625;1466;202;0;
937;2026.03.20 09:15;4;5;4.9375;9.75;1466;202;0;
938;2026.03.20 09:30;4;5;4.9375;13.75;1466;202;0;
939;2026.03.20 09:45;4;5;4.9375;14.8125;1466;202;0;
940;2026.03.20 10:00;4;5;4.9375;12.5;1466;202;0;
941;2026.03.20 10:15;4;5;4.875;12.75;1466;202;0;
942;2026.03.20 10:30;4;5;4.875;11.625;1467;202;0;
943;2026.03.20 10:45;4;5;4.875;11.4375;1467;202;0;
944;2026.03.20 11:00;4;5;4.875;12;1467;202;0;
945;2026.03.20 11:15;4;5;4.875;12.5;1467;202;0;
946;2026.03.20 11:30;4;5;4.875;13.4375;1467;202;0;
947;2026.03.20 11:45;4;5;4.875;15.5;1467;202;0;
948;2026.03.20 12:00;4;5;4.875;16.125;1467;202;0;
949;2026.03.20 12:15;4;5;4.875;16;1467;202;0;
950;2026.03.20 12:30;4;5;4.875;14.125;1467;202;0;
951;2026.03.20 12:45;4;5;4.875;12.4375;1467;202;0;
952;2026.03.20 13:00;4;5;4.875;12.6875;1468;202;0;
953;2026.03.20 13:15;4;5;4.875;12.625;1468;202;0;
954;2026.03.20 13:30;4;5;4.875;11.75;1468;202;0;
955;2026.03.20 13:45;4;5;4.875;11.875;1468;202;0;
956;2026.03.20 14:00;4;5;4.875;12.5;1468;202;0;
957;2026.03.20 14:15;4;5;4.875;12.75;1468;202;0;
958;2026.03.20 14:30;4;5;4.875;12.25;1468;202;0;
959;2026.03.20 14:45;4;5;4.875;11.75;1468;202;0;
960;2026.03.20 15:00;4;4.9375;4.875;11.8125;1468;202;0;
961;2026.03.20 15:15;4;5;4.875;11.4375;1469;202;0;
962;2026.03.20 15:30;4;4.9375;4.875;11.125;1469;202;0;
963;2026.03.20 15:45;4;4.9375;4.875;10.75;1469;202;0;
964;2026.03.20 16:00;4;4.9375;4.875;10.125;1469;202;0;
965;2026.03.20 16:15;4;4.9375;4.875;9.625;1469;202;0;
966;2026.03.20 16:30;4;4.9375;4.875;9.25;1469;202;0;
967;2026.03.20 16:45;4;4.9375;4.875;8.75;1469;202;0;
968;2026.03.20 17:00;4;4.9375;4.875;8;1469;202;0;
969;2026.03.20 17:15;4;4.9375;4.875;7.1875;1469;202;0;
970;2026.03.20 17:30;4;4.9375;4.875;6.375;1470;202;0;
971;2026.03.20 17:45;4;4.9375;4.875;5.375;1470;202;0;
972;2026.03.20 18:00;4;4.9375;4.875;4.375;1470;202;0;
973;2026.03.20 18:15;4;4.9375;4.875;3.6875;1470;202;0;
974;2026.03.20 18:30;4;4.9375;4.875;3.625;1470;202;0;
975;2026.03.20 18:45;4;4.9375;4.875;3.75;1470;202;0;
976;2026.03.20 19:00;4;4.9375;4.875;4.1875;1470;202;0;
977;2026.03.20 19:15;4;4.9375;4.875;4;1470;202;0;
978;2026.03.20 19:30;4;4.9375;4.875;3.5625;1470;202;0;
979;2026.03.20 19:45;4;4.9375;4.875;2.75;1470;202;0;
980;2026.03.20 20:00;4;4.9375;4.875;1.875;1470;202;0;
981;2026.03.20 20:15;4;4.9375;4.875;1.6875;1470;202;0;
982;2026.03.20 20:30;4;4.9375;4.875;2.1875;1471;202;0;
983;2026.03.20 20:45;4;4.9375;4.875;1.9375;1471;202;0;
984;2026.03.20 21:00;4;4.9375;4.875;1.9375;1471;202;0;
985;2026.03.20 21:15;4;4.9375;4.875;1.875;1471;202;0;
986;2026.03.20 21:30;4;4.9375;4.875;1.875;1471;202;0;
987;2026.03.20 21:45;4;4.9375;4.875;1.9375;1471;202;0;
988;2026.03.20 22:00;4;4.9375;4.875;2;1471;202;0;
989;2026.03.20 22:15;4;4.9375;4.875;1.5;1471;202;0;
990;2026.03.20 22:30;4;4.9375;4.875;1.375;1471;202;0;
991;2026.03.20 22:45;4;4.9375;4.875;1.5;1471;202;0;
992;2026.03.20 23:00;4;4.9375;4.9375;1.625;1472;202;0;
993;2026.03.20 23:15;4;4.9375;4.9375;1.875;1472;202;0;
994;2026.03.20 23:30;4;4.9375;4.9375;2.4375;1472;202;0;
995;2026.03.20 23:45;4;4.9375;4.9375;2.625;1472;202;0;
996;2026.03.21 00:00;4;4.9375;4.9375;2.6875;1472;202;0;
997;2026.03.21 00:15;4;4.9375;4.9375;2.875;1472;202;0;
998;2026.03.21 00:30;4;4.9375;4.9375;2.875;1472;202;0;
999;2026.03.21 00:45;4;4.9375;4.9375;3;1472;202;0;
1000;2026.03.21 01:00;4;4.9375;4.9375;3.0625;1472;202;0;
1001;2026.03.21 01:15;4;4.9375;5;3.3125;1472;202;0;
1002;2026.03.21 01:30;4;4.9375;5;3.375;1472;202;0;
1003;2026.03.21 01:45;4;5;5;3.3125;1473;202;0;
1004;2026.03.21 02:00;4;5;5;3.25;1473;202;0;
1005;2026.03.21 02:15;4;5;5;3.25;1473;202;0;
1006;2026.03.21 02:30;4;5;5;3.0625;1473;202;0;
1007;2026.03.21 02:45;4;5;5;3;1473;202;0;
1008;2026.03.21 03:00;4;5;5;2.875;1473;202;0;
1009;2026.03.21 03:15;4;5;5;2.875;1473;202;0;
1010;2026.03.21 03:30;4;5;5;3;1473;202;0;
1011;2026.03.21 03:45;4;5;5;2.9375;1473;202;0;
1012;2026.03.21 04:00;4;5;5;2.875;1473;202;0;
1013;2026.03.21 04:15;4;5;5;2.75;1473;202;0;
1014;2026.03.21 04:30;4;5;5;2.75;1473;202;0;
1015;2026.03.21 04:45;4;5;5;2.75;1473;202;0;
1016;2026.03.21 05:00;4;5;5;2.75;1473;202;0;
1017;2026.03.21 05:15;4;5;5;2.75;1473;202;0;
1018;2026.03.21 05:30;4;5;5;2.875;1474;202;0;
1019;2026.03.21 05:45;4;5;5;3;1474;202;0;
1020;2026.03.21 06:00;4;5;5;3.1875;1474;202;0;
1021;2026.03.21 06:15;4;5;5;3.3125;1474;202;0;
1022;2026.03.21 06:30;4;5;5;3.5625;1474;202;0;
1023;2026.03.21 06:45;4;5;5;3.8125;1474;202;0;
1024;2026.03.21 07:00;4;5;5;4.125;1474;202;0;
1025;2026.03.21 07:15;4;5;5;4.625;1474;202;0;
1026;2026.03.21 07:30;4;5;5;4.875;1474;202;0;
1027;2026.03.21 07:45;4;5;5;5.375;1474;202;0;
1028;2026.03.21 08:00;4;5;5;5.875;1474;202;0;
1029;2026.03.21 08:15;4;5;5;6.125;1474;202;0;
1030;2026.03.21 08:30;4;5;5;6.125;1474;202;0;
1031;2026.03.21 08:45;4;5;5;5.625;1474;202;0;
1032;2026.03.21 09:00;4;5;5;5.25;1475;202;0;
1033;2026.03.21 09:15;4;5;5;5;1475;202;0;
1034;2026.03.21 09:30;4;5;5;4.875;1475;202;0;
1035;2026.03.21 09:45;4;5;5;4.875;1475;202;0;
1036;2026.03.21 10:00;4;5;5;5.25;1475;202;0;
1037;2026.03.21 10:15;4;5;5;5.8125;1475;202;0;
1038;2026.03.21 10:30;4;5;5;5.8125;1475;202;0;
1039;2026.03.21 10:45;4;5;5;6;1475;202;0;
1040;2026.03.21 11:00;4;5;5;5.8125;1475;202;0;
1041;2026.03.21 11:15;4;5;5;5.75;1475;202;0;
1042;2026.03.21 11:30;4;5;5;5.875;1475;202;0;
1043;2026.03.21 11:45;4;5;5;6.5;1475;202;0;
1044;2026.03.21 12:00;4;5;5;6.375;1475;202;0;
1045;2026.03.21 12:15;4;5;5;6.25;1476;202;0;
1046;2026.03.21 12:30;4;5;5;5.9375;1476;202;0;
1047;2026.03.21 12:45;4;5;5;6.875;1476;202;0;
1048;2026.03.21 13:00;4;5;5;6.5625;1476;202;0;
1049;2026.03.21 13:15;4;5;5;6.625;1476;202;0;
1050;2026.03.21 13:30;4;5;5;6.3125;1476;202;0;
1051;2026.03.21 13:45;4;5;5;6.5625;1476;202;0;
1052;2026.03.21 14:00;4;5;5;7;1476;202;0;
1053;2026.03.21 14:15;4;5;5;7.25;1476;202;0;
1054;2026.03.21 14:30;4;5;5;7.5;1476;202;0;
1055;2026.03.21 14:45;4;5;5;7.25;1476;202;0;
1056;2026.03.21 15:00;4;5;5;6.9375;1476;202;0;
1057;2026.03.21 15:15;4;5;5;6.1875;1476;202;0;
1058;2026.03.21 15:30;4;5;5;5.875;1477;202;0;
1059;2026.03.21 15:45;4;5;5;5.75;1477;202;0;
1060;2026.03.21 16:00;4;5;5;5.5;1477;202;0;
1061;2026.03.21 16:15;4;5;5;5.125;1477;202;0;
1062;2026.03.21 16:30;4;5;5;4.875;1477;202;0;
1063;2026.03.21 16:45;4;5;5;4.6875;1477;202;0;
1064;2026.03.21 17:00;4;5;5;4.5625;1477;202;0;
1065;2026.03.21 17:15;4;5;5;4.25;1477;202;0;
1066;2026.03.21 17:30;4;5;5;3.9375;1477;202;0;
1067;2026.03.21 17:45;4;5;5;3.5625;1477;202;0;
1068;2026.03.21 18:00;4;5;5;3.25;1477;202;0;
1069;2026.03.21 18:15;4;5;5;3.3125;1477;202;0;
1070;2026.03.21 18:30;4;5;5;3.5;1477;202;0;
1071;2026.03.21 18:45;4;5;5;3.125;1477;202;0;
1072;2026.03.21 19:00;4;5;5;3.125;1477;202;0;
1073;2026.03.21 19:15;4;5;5;3.25;1477;202;0;
1074;2026.03.21 19:30;4;5;5;3.5;1478;202;0;
1075;2026.03.21 19:45;4;5;5;3.25;1477;202;0;
1076;2026.03.21 20:00;4;5;5;2;1478;202;0;
1077;2026.03.21 20:15;4;5;5;0.8125;1478;202;0;
1078;2026.03.21 20:30;4;5;5.0625;0.25;1478;202;0;
1079;2026.03.21 20:45;4;5;5.0625;0.375;1478;202;0;
1080;2026.03.21 21:00;4;5;5.0625;0.75;1478;202;0;
1081;2026.03.21 21:15;4;5;5.0625;0.375;1478;202;0;
1082;2026.03.21 21:30;4;5;5.0625;0.25;1478;202;0;
1083;2026.03.21 21:45;4;5;5.0625;0.25;1478;202;0;
1084;2026.03.21 22:00;4;5;5.0625;0.625;1478;202;0;
1085;2026.03.21 22:15;4;5;5.0625;0.875;1478;202;0;
1086;2026.03.21 22:30;4;5;5.0625;0.875;1478;202;0;
1087;2026.03.21 22:45;4;5;5.0625;1.3125;1478;202;0;
1088;2026.03.21 23:00;4;5;5.125;1.375;1478;202;0;
1089;2026.03.21 23:15;4;5;5.125;0.875;1478;202;0;
1090;2026.03.21 23:30;4;5;5.125;0.6875;1479;202;0;
1091;2026.03.21 23:45;4;5;5.125;0.25;1479;202;0;
1092;2026.03.22 00:00;4;5;5.125;0.125;1479;202;0;
1093;2026.03.22 00:15;4;5;5.125;0;1479;202;0;
1094;2026.03.22 00:30;4;5;5.125;-0.125;1479;202;0;
1095;2026.03.22 00:45;4;5;5.125;-0.375;1479;202;0;
1096;2026.03.22 01:00;4;5;5.125;-0.75;1479;202;0;
1097;2026.03.22 01:15;4;5;5.125;-0.875;1479;202;0;
1098;2026.03.22 01:30;4;5.0625;5.125;-1;1479;202;0;
1099;2026.03.22 01:45;4;5.0625;5.125;-0.625;1479;202;0;
1100;2026.03.22 02:00;4;5.0625;5.125;0;1479;202;0;
1101;2026.03.22 02:15;4;5.0625;5.125;-0.375;1479;202;0;
1102;2026.03.22 02:30;4;5.0625;5.125;-0.9375;1479;202;0;
1103;2026.03.22 02:45;4;5.0625;5.125;-1.4375;1479;202;0;
1104;2026.03.22 03:00;4;5.0625;5.125;-1.625;1479;202;0;
1105;2026.03.22 03:15;4;5.0625;5.125;-1.8125;1479;202;0;
1106;2026.03.22 03:30;4;5.0625;5.125;-1.75;1479;202;0;
1107;2026.03.22 03:45;4;5.0625;5.125;-1.375;1479;202;0;
1108;2026.03.22 04:00;4;5.0625;5.125;-1.125;1479;202;0;
1109;2026.03.22 04:15;4;5.0625;5.125;-0.6875;1480;202;0;
1110;2026.03.22 04:30;4;5.0625;5.125;-0.75;1480;202;0;
1111;2026.03.22 04:45;4;5.0625;5.125;-1.3125;1480;202;0;
1112;2026.03.22 05:00;4;5.0625;5.125;-1.8125;1480;202;0;
1113;2026.03.22 05:15;4;5.0625;5.125;-2.25;1480;202;0;
1114;2026.03.22 05:30;4;5.0625;5.125;-2.1875;1480;202;0;
1115;2026.03.22 05:45;4;5.0625;5.125;-1.875;1480;202;0;
1116;2026.03.22 06:00;4;5.0625;5.125;-1.1875;1480;202;0;
1117;2026.03.22 06:15;4;5.0625;5.125;-0.625;1480;202;0;
1118;2026.03.22 06:30;4;5.0625;5.125;-0.1875;1480;202;0;
1119;2026.03.22 06:45;4;5.0625;5.125;0.125;1480;202;0;
1120;2026.03.22 07:00;4;5.0625;5.125;0.5;1480;202;0;
1121;2026.03.22 07:15;4;5.0625;5.125;1;1480;202;0;
1122;2026.03.22 07:30;4;5.0625;5.125;1.75;1480;202;0;
1123;2026.03.22 07:45;4;5.0625;5.125;2.875;1480;202;0;
1124;2026.03.22 08:00;4;5.0625;5.125;5.375;1480;202;0;
1125;2026.03.22 08:15;4;5.0625;5.125;7.3125;1480;202;0;
1126;2026.03.22 08:30;4;5.0625;5.125;8.125;1480;202;0;
1127;2026.03.22 08:45;4;5.0625;5.125;10.125;1480;202;0;
1128;2026.03.22 09:00;4;5.0625;5.125;10.4375;1480;202;0;
1129;2026.03.22 09:15;4;5.0625;5.125;10;1480;202;0;
1130;2026.03.22 09:30;4;5.0625;5.125;11.5;1480;202;0;
1131;2026.03.22 09:45;4;5.0625;5.125;12.5625;1480;202;0;
1132;2026.03.22 10:00;4;5.0625;5.125;11.375;1480;202;0;
1133;2026.03.22 10:15;4;5.0625;5.0625;11.125;1480;202;0;
1134;2026.03.22 10:30;4;5.0625;5.0625;12.5;1480;202;0;
1135;2026.03.22 10:45;4;5.0625;5.0625;12.75;1480;202;0;
1136;2026.03.22 11:00;4;5.0625;5.0625;11.875;1480;202;0;
1137;2026.03.22 11:15;4;5.0625;5.0625;11;1480;202;0;
1138;2026.03.22 11:30;4;5.0625;5.0625;11.125;1480;202;0;
1139;2026.03.22 11:45;4;5.0625;5.0625;12.3125;1480;202;0;
1140;2026.03.22 12:00;4;5.0625;5.0625;12.1875;1480;202;0;
1141;2026.03.22 12:15;4;5.0625;5.0625;11.4375;1480;202;0;
1142;2026.03.22 12:30;4;5.0625;5.0625;11.5;1480;202;0;
1143;2026.03.22 12:45;4;5.0625;5.0625;10.875;1480;202;0;
1144;2026.03.22 13:00;4;5.0625;5.0625;10.5;1480;202;0;
1145;2026.03.22 13:15;4;5.0625;5;10.3125;1480;202;0;
1146;2026.03.22 13:30;4;5.0625;5.0625;10.5;1480;202;0;
1147;2026.03.22 13:45;4;5.0625;5;10.4375;1480;202;0;
1148;2026.03.22 14:00;4;5.0625;5.0625;10.1875;1480;202;0;
1149;2026.03.22 14:15;4;5.0625;5;9.5;1481;202;0;
1150;2026.03.22 14:30;4;5.0625;5;10.375;1480;202;0;
1151;2026.03.22 14:45;4;5.0625;5;10.25;1481;202;0;
1152;2026.03.22 15:00;4;5.0625;5;10.125;1481;202;0;
1153;2026.03.22 15:15;4;5.0625;5;9.625;1481;202;0;
1154;2026.03.22 15:30;4;5.0625;5;9.5;1481;202;0;
1155;2026.03.22 15:45;4;5.0625;5;9.5;1481;202;0;
1156;2026.03.22 16:00;4;5.0625;5;9.375;1481;202;0;
1157;2026.03.22 16:15;4;5.0625;5;9;1481;202;0;
1158;2026.03.22 16:30;4;5.0625;5.0625;8.625;1481;202;0;
1159;2026.03.22 16:45;4;5.0625;5;8.25;1481;202;0;
1160;2026.03.22 17:00;4;5.0625;5;7.875;1481;202;0;
1161;2026.03.22 17:15;4;5.0625;5.0625;7.4375;1481;202;0;
1162;2026.03.22 17:30;4;5.0625;5.0625;7.125;1481;202;0;
1163;2026.03.22 17:45;4;5.0625;5.0625;6.9375;1481;202;0;
1164;2026.03.22 18:00;4;5.0625;5.0625;6.625;1481;202;0;
1165;2026.03.22 18:15;4;5.0625;5.0625;6;1481;202;0;
1166;2026.03.22 18:30;4;5.0625;5.0625;4.75;1481;202;0;
1167;2026.03.22 18:45;4;5.0625;5.0625;3;1481;202;0;
1168;2026.03.22 19:00;4;5.0625;5.0625;2.125;1481;202;0;
1169;2026.03.22 19:15;4;5.0625;5.0625;1.6875;1481;202;0;
1170;2026.03.22 19:30;4;5.0625;5.0625;1.125;1481;202;0;
1171;2026.03.22 19:45;4;5.0625;5.0625;0.5625;1481;202;0;
1172;2026.03.22 20:00;4;5.0625;5.125;0.625;1482;202;0;
1173;2026.03.22 20:15;4;5.0625;5.125;0.875;1482;202;0;
1174;2026.03.22 20:30;4;5.0625;5.125;0.875;1482;202;0;
1175;2026.03.22 20:45;4;5.0625;5.125;0.75;1482;202;0;
1176;2026.03.22 21:00;4;5.0625;5.125;0.75;1482;202;0;
1177;2026.03.22 21:15;4;5.0625;5.125;0.75;1482;202;0;
1178;2026.03.22 21:30;4;5.0625;5.125;0.25;1482;202;0;
1179;2026.03.22 21:45;4;5.0625;5.125;-0.4375;1482;202;0;
1180;2026.03.22 22:00;4;5.0625;5.125;-1.1875;1482;202;0;
1181;2026.03.22 22:15;4;5.0625;5.125;-1.625;1482;202;0;
1182;2026.03.22 22:30;4;5.0625;5.125;-1.625;1482;202;0;
1183;2026.03.22 22:45;4;5.0625;5.125;-1.6875;1482;202;0;
1184;2026.03.22 23:00;4;5.0625;5.125;-1.6875;1482;202;0;
1185;2026.03.22 23:15;4;5.0625;5.125;-2.1875;1482;202;0;
1186;2026.03.22 23:30;4;5.0625;5.125;-2.5;1482;202;0;
1187;2026.03.22 23:45;4;5.0625;5.125;-2.625;1482;202;0;
1188;2026.03.23 00:00;4;5.0625;5.125;-2.625;1482;202;0;
1189;2026.03.23 00:15;4;5.0625;5.125;-2.6875;1482;202;0;
1190;2026.03.23 00:30;4;5.125;5.125;-2.875;1482;202;0;
1191;2026.03.23 00:45;4;5.125;5.125;-3.0625;1482;202;0;
1192;2026.03.23 01:00;4;5.125;5.125;-3.125;1482;202;0;
1193;2026.03.23 01:15;4;5.125;5.125;-3.125;1482;202;0;
1194;2026.03.23 01:30;4;5.125;5.125;-3.125;1482;202;0;
1195;2026.03.23 01:45;4;5.125;5.125;-3.25;1482;202;0;
1196;2026.03.23 02:00;4;5.125;5.125;-3.25;1482;202;0;
1197;2026.03.23 02:15;4;5.125;5.125;-3.4375;1482;202;0;
1198;2026.03.23 02:30;4;5.125;5.125;-3.6875;1482;202;0;
1199;2026.03.23 02:45;4;5.125;5.125;-3.75;1482;202;0;
1200;2026.03.23 03:00;4;5.125;5.125;-3.6875;1482;202;0;
1201;2026.03.23 03:15;4;5.125;5.125;-3.75;1482;202;0;
1202;2026.03.23 03:30;4;5.125;5.125;-4;1482;202;0;
1203;2026.03.23 03:45;4;5.125;5.125;-4;1482;202;0;
1204;2026.03.23 04:00;4;5.125;5.125;-4;1482;202;0;
1205;2026.03.23 04:15;4;5.125;5.125;-3.75;1482;202;0;
1206;2026.03.23 04:30;4;5.125;5.125;-4.0625;1482;202;0;
1207;2026.03.23 04:45;4;5.125;5.125;-4.375;1482;202;0;
1208;2026.03.23 05:00;4;5.125;5.125;-4.375;1482;202;0;
1209;2026.03.23 05:15;4;5.125;5.125;-4.125;1482;202;0;
1210;2026.03.23 05:30;4;5.125;5.125;-3.625;1482;202;0;
1211;2026.03.23 05:45;4;5.125;5.125;-3.375;1482;202;0;
1212;2026.03.23 06:00;4;5.125;5.125;-2.9375;1482;202;0;
1213;2026.03.23 06:15;4;5.125;5.125;-2;1482;202;0;
1214;2026.03.23 06:30;4;5.125;5.125;-1.25;1482;202;0;
1215;2026.03.23 06:45;4;5.125;5.125;-0.5;1482;202;0;
1216;2026.03.23 07:00;4;5.125;5.125;0.4375;1483;202;0;
1217;2026.03.23 07:15;4;5.125;5.125;2.3125;1483;202;0;
1218;2026.03.23 07:30;4;5.125;5.125;3.375;1483;202;0;
1219;2026.03.23 07:45;4;5.125;5.125;6.3125;1483;202;0;
1220;2026.03.23 08:00;4;5.125;5.125;8.8125;1483;202;0;
1221;2026.03.23 08:15;4;5.125;5.125;10.75;1483;202;0;
1222;2026.03.23 08:30;4;5.125;5.125;11.625;1483;202;0;
1223;2026.03.23 08:45;4;5.125;5.125;13;1483;202;0;
1224;2026.03.23 09:00;4;5.125;5.125;13.6875;1483;202;0;
1225;2026.03.23 09:15;4;5.125;5.125;12.625;1483;202;0;
1226;2026.03.23 09:30;4;5.125;5.125;15;1483;202;0;
1227;2026.03.23 09:45;4;5.125;5.125;15.5;1483;202;0;
1228;2026.03.23 10:00;4;5.125;5.125;14;1483;202;0;
1229;2026.03.23 10:15;4;5.125;5.125;12.625;1483;202;0;
1230;2026.03.23 10:30;4;5.125;5.125;12.625;1483;202;0;
1231;2026.03.23 10:45;4;5.125;5.125;14.625;1483;202;0;
1232;2026.03.23 11:00;4;5.125;5.125;16.5;1483;202;0;
1233;2026.03.23 11:15;4;5.125;5.0625;18;1483;202;0;
1234;2026.03.23 11:30;4;5.125;5.0625;18.625;1482;202;0;
1235;2026.03.23 11:45;4;5.125;5.0625;18.875;1483;202;0;
1236;2026.03.23 12:00;4;5.125;5.0625;18.875;1483;202;0;
1237;2026.03.23 12:15;4;5.125;5.0625;19.625;1482;202;0;
1238;2026.03.23 12:30;4;5.125;5.0625;20.125;1482;202;0;
1239;2026.03.23 12:45;4;5.125;5;20.375;1482;202;0;
1240;2026.03.23 13:00;4;5.125;5;17.5;1482;202;0;
1241;2026.03.23 13:15;4;5.125;5;16.125;1482;202;0;
1242;2026.03.23 13:30;4;5.125;5;15.5;1482;202;0;
1243;2026.03.23 13:45;4;5.0625;5;14.125;1483;202;0;
1244;2026.03.23 14:00;4;5.125;5;14;1482;202;0;
1245;2026.03.23 14:15;4;5.125;5;14.125;1482;202;0;
1246;2026.03.23 14:30;4;5.0625;5;14.4375;1483;202;0;
1247;2026.03.23 14:45;4;5.0625;5;13.5;1483;202;0;
1248;2026.03.23 15:00;4;5.0625;5;12;1482;202;0;
1249;2026.03.23 15:15;4;5.0625;5;10.75;1483;202;0;
1250;2026.03.23 15:30;4;5.0625;5;10.0625;1483;202;0;
1251;2026.03.23 15:45;4;5.0625;5;9.5;1482;202;0;
1252;2026.03.23 16:00;4;5.0625;5;9.3125;1482;202;0;
1253;2026.03.23 16:15;4;5.0625;5;9.125;1482;202;0;
1254;2026.03.23 16:30;4;5.0625;5;9;1482;202;0;
1255;2026.03.23 16:45;4;5.0625;5;8.625;1482;202;0;
1256;2026.03.23 17:00;4;5.0625;5;8.125;1482;202;0;
1257;2026.03.23 17:15;4;5.0625;5;7.875;1482;202;0;
1258;2026.03.23 17:30;4;5.0625;5;7.5625;1482;202;0;
1259;2026.03.23 17:45;4;5.0625;5;7.25;1482;202;0;
1260;2026.03.23 18:00;4;5.0625;5;7;1482;202;0;
1261;2026.03.23 18:15;4;5.0625;5;6.5;1482;202;0;
1262;2026.03.23 18:30;4;5.0625;5;6.1875;1482;202;0;
1263;2026.03.23 18:45;4;5.0625;5.0625;5.875;1482;202;0;
1264;2026.03.23 19:00;4;5.0625;5.0625;5.5625;1482;202;0;
1265;2026.03.23 19:15;4;5.0625;5.0625;5.125;1482;202;0;
1266;2026.03.23 19:30;4;5.0625;5.0625;4.875;1482;202;0;
1267;2026.03.23 19:45;4;5.0625;5.0625;4.375;1482;202;0;
1268;2026.03.23 20:00;4;5.0625;5.0625;3.625;1482;202;0;
1269;2026.03.23 20:15;4;5.0625;5.0625;3.0625;1482;202;0;
1270;2026.03.23 20:30;4;5.0625;5.125;2;1482;202;0;
1271;2026.03.23 20:45;4;5.0625;5.125;1.75;1482;202;0;
1272;2026.03.23 21:00;4;5.0625;5.125;1.5;1482;202;0;
1273;2026.03.23 21:15;4;5.0625;5.125;1;1482;202;0;
1274;2026.03.23 21:30;4;5.0625;5.125;0.6875;1482;202;0;
1275;2026.03.23 21:45;4;5.0625;5.125;0.125;1482;202;0;
1276;2026.03.23 22:00;4;5.0625;5.125;-0.5;1482;202;0;
1277;2026.03.23 22:15;4;5.0625;5.125;-0.75;1482;202;0;
1278;2026.03.23 22:30;4;5.125;5.125;-0.75;1482;202;0;
1279;2026.03.23 22:45;4;5.125;5.125;-0.375;1482;202;0;
1280;2026.03.23 23:00;4;5.125;5.125;0.125;1481;202;0;
1281;2026.03.23 23:15;4;5.125;5.125;0.4375;1481;202;0;
1282;2026.03.23 23:30;4;5.125;5.125;0.5625;1481;202;0;
1283;2026.03.23 23:45;4;5.125;5.125;0.4375;1481;202;0;
1284;2026.03.24 00:00;4;5.125;5.125;0.125;1481;202;0;
1285;2026.03.24 00:15;4;5.125;5.125;0.25;1481;202;0;
1286;2026.03.24 00:30;4;5.125;5.125;0.875;1481;202;0;
1287;2026.03.24 00:45;4;5.125;5.125;1.5;1481;202;0;
1288;2026.03.24 01:00;4;5.125;5.125;1.5;1481;202;0;
1289;2026.03.24 01:15;4;5.125;5.1875;1.125;1481;202;0;
1290;2026.03.24 01:30;4;5.125;5.1875;0.375;1481;202;0;
1291;2026.03.24 01:45;4;5.125;5.1875;-0.5;1481;202;0;
1292;2026.03.24 02:00;4;5.125;5.1875;-0.875;1481;202;0;
1293;2026.03.24 02:15;4;5.125;5.1875;-1.3125;1481;202;0;
1294;2026.03.24 02:30;4;5.125;5.1875;-1.75;1481;202;0;
1295;2026.03.24 02:45;4;5.125;5.1875;-1.8125;1481;202;0;
1296;2026.03.24 03:00;4;5.125;5.1875;-2.125;1481;202;0;
1297;2026.03.24 03:15;4;5.125;5.1875;-2.125;1481;202;0;
1298;2026.03.24 03:30;4;5.125;5.1875;-2.375;1481;202;0;
1299;2026.03.24 03:45;4;5.125;5.1875;-2.125;1481;202;0;
1300;2026.03.24 04:00;4;5.125;5.1875;-2.375;1481;202;0;
1301;2026.03.24 04:15;4;5.125;5.25;-2.5;1481;202;0;
1302;2026.03.24 04:30;4;5.125;5.1875;-2;1481;202;0;
1303;2026.03.24 04:45;4;5.125;5.25;-1.75;1481;202;0;
1304;2026.03.24 05:00;4;5.125;5.25;-2.1875;1481;202;0;
1305;2026.03.24 05:15;4;5.125;5.25;-2.125;1481;202;0;
1306;2026.03.24 05:30;4;5.125;5.25;-2.125;1481;202;0;
1307;2026.03.24 05:45;4;5.125;5.25;-1.75;1481;202;0;
1308;2026.03.24 06:00;4;5.125;5.25;-1.1875;1481;202;0;
1309;2026.03.24 06:15;4;5.125;5.25;-0.5;1481;202;0;
1310;2026.03.24 06:30;4;5.125;5.1875;0.125;1481;202;0;
1311;2026.03.24 06:45;4;5.125;5.25;0.6875;1481;202;0;
1312;2026.03.24 07:00;4;5.125;5.25;1.1875;1481;202;0;
1313;2026.03.24 07:15;4;5.125;5.25;3;1481;202;0;
1314;2026.03.24 07:30;4;5.125;5.1875;4.125;1481;202;0;
1315;2026.03.24 07:45;4;5.125;5.1875;5.625;1481;202;0;
1316;2026.03.24 08:00;4;5.125;5.1875;7.4375;1481;202;0;
1317;2026.03.24 08:15;4;5.125;5.1875;8.5;1481;202;0;
1318;2026.03.24 08:30;4;5.125;5.1875;10.75;1481;202;0;
1319;2026.03.24 08:45;4;5.125;5.1875;12.25;1481;202;0;
1320;2026.03.24 09:00;4;5.125;5.1875;13.375;1481;202;0;
1321;2026.03.24 09:15;4;5.125;5.1875;12.875;1481;202;0;
1322;2026.03.24 09:30;4;5.125;5.1875;13.5;1481;202;0;
1323;2026.03.24 09:45;4;5.125;5.1875;13.5;1481;202;0;
1324;2026.03.24 10:00;4;5.125;5.1875;12.9375;1481;202;0;
1325;2026.03.24 10:15;4;5.125;5.125;13.25;1481;202;0;
1326;2026.03.24 10:30;4;5.125;5.125;14.625;1481;202;0;
1327;2026.03.24 10:45;4;5.125;5.1875;16.25;1481;202;0;
1328;2026.03.24 11:00;4;5.125;5.125;16.875;1481;202;0;
1329;2026.03.24 11:15;4;5.125;5.125;17.5;1481;202;0;
1330;2026.03.24 11:30;4;5.125;5.125;19.1875;1481;202;0;
1331;2026.03.24 11:45;4;5.125;5.125;18.875;1481;202;0;
1332;2026.03.24 12:00;4;5.125;5.125;18.625;1481;202;0;
1333;2026.03.24 12:15;4;5.125;5.125;18.5625;1481;202;0;
1334;2026.03.24 12:30;4;5.125;5.125;19.625;1481;202;0;
1335;2026.03.24 12:45;4;5.125;5.125;19.3125;1481;202;0;
1336;2026.03.24 13:00;4;5.125;5.125;17.1875;1481;202;0;
1337;2026.03.24 13:15;4;5.125;5.125;16.75;1481;202;0;
1338;2026.03.24 13:30;4;5.125;5.125;16;1481;202;0;
1339;2026.03.24 13:45;4;5.125;5.125;15.8125;1481;202;0;
1340;2026.03.24 14:00;4;5.125;5.125;15.5625;1481;202;0;
1341;2026.03.24 14:15;4;5.125;5.125;15;1481;202;0;
1342;2026.03.24 14:30;4;5.125;5.125;14.375;1481;202;0;
1343;2026.03.24 14:45;4;5.125;5.125;13.5;1481;202;0;
1344;2026.03.24 15:00;4;5.125;5.125;12.6875;1481;202;0;
1345;2026.03.24 15:15;4;5.125;5.125;12.1875;1481;202;0;
1346;2026.03.24 15:30;4;5.125;5.125;11.875;1481;202;0;
1347;2026.03.24 15:45;4;5.125;5.125;11.25;1481;202;0;
1348;2026.03.24 16:00;4;5.125;5.125;10.8125;1481;202;0;
1349;2026.03.24 16:15;4;5.125;5.125;9.75;1481;202;0;
1350;2026.03.24 16:30;4;5.125;5.125;8.6875;1481;202;0;
1351;2026.03.24 16:45;4;5.125;5.125;7.375;1481;202;0;
1352;2026.03.24 17:00;4;5.125;5.125;6.5;1481;202;0;
1353;2026.03.24 17:15;4;5.125;5.125;5.875;1481;202;0;
1354;2026.03.24 17:30;4;5.125;5.125;5.125;1481;202;0;
1355;2026.03.24 17:45;4;5.125;5.125;4.5;1481;202;0;
1356;2026.03.24 18:00;4;5.125;5.125;3.8125;1481;202;0;
1357;2026.03.24 18:15;4;5.125;5.1875;3.5625;1480;202;0;
1358;2026.03.24 18:30;4;5.125;5.1875;3.5;1480;202;0;
1359;2026.03.24 18:45;4;5.125;5.1875;3.0625;1480;202;0;
1360;2026.03.24 19:00;4;5.125;5.1875;2.625;1481;202;0;
1361;2026.03.24 19:15;4;5.125;5.1875;2.25;1480;202;0;
1362;2026.03.24 19:30;4;5.125;5.1875;1.625;1480;202;0;
1363;2026.03.24 19:45;4;5.125;5.25;0.875;1480;202;0;
1364;2026.03.24 20:00;4;5.125;5.25;0.25;1480;202;0;
1365;2026.03.24 20:15;4;5.125;5.25;0.3125;1480;202;0;
1366;2026.03.24 20:30;4;5.125;5.25;0.125;1480;202;0;
1367;2026.03.24 20:45;4;5.125;5.25;0.25;1480;202;0;
1368;2026.03.24 21:00;4;5.125;5.25;0.25;1480;202;0;
1369;2026.03.24 21:15;4;5.125;5.25;0.1875;1480;202;0;
1370;2026.03.24 21:30;4;5.125;5.25;0;1480;202;0;
1371;2026.03.24 21:45;4;5.125;5.25;0;1480;202;0;
1372;2026.03.24 22:00;4;5.125;5.25;0.125;1480;202;0;
1373;2026.03.24 22:15;4;5.125;5.25;0.1875;1480;202;0;
1374;2026.03.24 22:30;4;5.125;5.25;0.6875;1480;202;0;
1375;2026.03.24 22:45;4;5.1875;5.25;1.25;1480;202;0;
1376;2026.03.24 23:00;4;5.1875;5.25;1.0625;1480;202;0;
1377;2026.03.24 23:15;4;5.1875;5.25;0.375;1480;202;0;
1378;2026.03.24 23:30;4;5.1875;5.25;-0.25;1480;202;0;
1379;2026.03.24 23:45;4;5.1875;5.25;-0.625;1480;202;0;
1380;2026.03.25 00:00;4;5.1875;5.25;-0.625;1480;202;0;
1381;2026.03.25 00:15;4;5.1875;5.3125;0.0625;1480;202;0;
1382;2026.03.25 00:30;4;5.1875;5.3125;0.5;1480;202;0;
1383;2026.03.25 00:45;4;5.1875;5.3125;0.75;1480;202;0;
1384;2026.03.25 01:00;4;5.1875;5.3125;0.875;1480;202;0;
1385;2026.03.25 01:15;4;5.1875;5.3125;1;1480;202;0;
1386;2026.03.25 01:30;4;5.1875;5.3125;1.125;1480;202;0;
1387;2026.03.25 01:45;4;5.25;5.3125;1.125;1480;202;0;
1388;2026.03.25 02:00;4;5.25;5.3125;0.9375;1480;202;0;
1389;2026.03.25 02:15;4;5.25;5.3125;1;1480;202;0;
1390;2026.03.25 02:30;4;5.25;5.3125;0.625;1480;202;0;
1391;2026.03.25 02:45;4;5.25;5.3125;0.625;1480;202;0;
1392;2026.03.25 03:00;4;5.25;5.3125;0.625;1480;202;0;
1393;2026.03.25 03:15;4;5.25;5.3125;0.4375;1480;202;0;
1394;2026.03.25 03:30;4;5.25;5.375;0.0625;1480;202;0;
1395;2026.03.25 03:45;4;5.25;5.3125;-0.125;1480;202;0;
1396;2026.03.25 04:00;4;5.25;5.3125;0.0625;1480;202;0;
1397;2026.03.25 04:15;4;5.25;5.375;0.5;1480;202;0;
1398;2026.03.25 04:30;4;5.25;5.375;1.375;1480;202;0;
1399;2026.03.25 04:45;4;5.25;5.375;1.5625;1480;202;0;
1400;2026.03.25 05:00;4;5.25;5.3125;1.625;1480;202;0;
1401;2026.03.25 05:15;4;5.25;5.3125;1.625;1480;202;0;
1402;2026.03.25 05:30;4;5.25;5.375;0.875;1480;202;0;
1403;2026.03.25 05:45;4;5.25;5.375;0.75;1480;202;0;
1404;2026.03.25 06:00;4;5.25;5.3125;0.8125;1480;202;0;
1405;2026.03.25 06:15;4;5.25;5.3125;1.1875;1480;202;0;
1406;2026.03.25 06:30;4;5.25;5.3125;2.5625;1479;202;0;
1407;2026.03.25 06:45;4;5.25;5.3125;5.25;1479;202;0;
1408;2026.03.25 07:00;4;5.25;5.3125;7.4375;1479;202;0;
1409;2026.03.25 07:15;4;5.25;5.3125;8.5625;1479;202;0;
1410;2026.03.25 07:30;4;5.25;5.3125;11.1875;1479;202;0;
1411;2026.03.25 07:45;4;5.25;5.3125;14;1479;202;0;
1412;2026.03.25 08:00;4;5.25;5.3125;15.625;1479;202;0;
1413;2026.03.25 08:15;4;5.25;5.3125;17;1479;202;0;
1414;2026.03.25 08:30;4;5.25;5.3125;17.875;1479;202;0;
1415;2026.03.25 08:45;4;5.25;5.3125;19.75;1479;202;0;
1416;2026.03.25 09:00;4;5.25;5.3125;18.625;1479;202;0;
1417;2026.03.25 09:15;4;5.25;5.3125;18.625;1479;202;0;
1418;2026.03.25 09:30;4;5.25;5.3125;19.875;1479;202;0;
1419;2026.03.25 09:45;4;5.25;5.3125;18.625;1479;202;0;
1420;2026.03.25 10:00;4;5.25;5.25;17.25;1479;202;0;
1421;2026.03.25 10:15;4;5.25;5.25;16.375;1479;202;0;
1422;2026.03.25 10:30;4;5.25;5.25;16.625;1479;202;0;
1423;2026.03.25 10:45;4;5.25;5.25;16.25;1478;202;0;
1424;2026.03.25 11:00;4;5.25;5.25;15.75;1478;202;0;
1425;2026.03.25 11:15;4;5.25;5.25;15.375;1478;202;0;
1426;2026.03.25 11:30;4;5.25;5.25;14.75;1478;202;0;
1427;2026.03.25 11:45;4;5.25;5.25;14.875;1478;202;0;
1428;2026.03.25 12:00;4;5.25;5.25;14.9375;1478;202;0;
1429;2026.03.25 12:15;4;5.25;5.25;14.1875;1478;202;0;
1430;2026.03.25 12:30;4;5.25;5.25;14.125;1478;202;0;
1431;2026.03.25 12:45;4;5.25;5.25;15.6875;1478;202;0;
1432;2026.03.25 13:00;4;5.25;5.25;15.5;1478;202;0;
1433;2026.03.25 13:15;4;5.25;5.25;15;1478;202;0;
1434;2026.03.25 13:30;4;5.25;5.25;13.75;1478;202;0;
1435;2026.03.25 13:45;4;5.25;5.25;13.125;1478;202;0;
1436;2026.03.25 14:00;4;5.25;5.25;12.875;1478;202;0;
1437;2026.03.25 14:15;4;5.25;5.25;12.5625;1478;202;0;
1438;2026.03.25 14:30;4;5.25;5.25;12.125;1478;202;0;
1439;2026.03.25 14:45;4;5.25;5.25;11.75;1478;202;0;
1440;2026.03.25 15:00;4;5.25;5.25;12.375;1478;202;0;
1441;2026.03.25 15:15;4;5.25;5.25;13.125;1478;202;0;
1442;2026.03.25 15:30;4;5.25;5.25;12.25;1478;202;0;
1443;2026.03.25 15:45;4;5.25;5.25;12;1478;202;0;
1444;2026.03.25 16:00;4;5.25;5.3125;11.25;1478;202;0;
1445;2026.03.25 16:15;4;5.25;5.25;10.5;1478;202;0;
1446;2026.03.25 16:30;4;5.25;5.3125;9.375;1477;202;0;
1447;2026.03.25 16:45;4;5.25;5.3125;8;1477;202;0;
1448;2026.03.25 17:00;4;5.25;5.3125;7.125;1477;202;0;
1449;2026.03.25 17:15;4;5.25;5.3125;6.5;1477;202;0;
1450;2026.03.25 17:30;4;5.25;5.3125;6.125;1477;202;0;
1451;2026.03.25 17:45;4;5.25;5.3125;5.75;1477;202;0;
1452;2026.03.25 18:00;4;5.25;5.3125;5.25;1477;202;0;
1453;2026.03.25 18:15;4;5.25;5.375;4.8125;1477;202;0;
1454;2026.03.25 18:30;4;5.25;5.375;4.375;1477;202;0;
1455;2026.03.25 18:45;4;5.25;5.375;4.0625;1477;202;0;
1456;2026.03.25 19:00;4;5.25;5.375;4.125;1477;202;0;
1457;2026.03.25 19:15;4;5.25;5.375;4.5;1477;202;0;
1458;2026.03.25 19:30;4;5.25;5.375;4.5625;1477;202;0;
1459;2026.03.25 19:45;4;5.25;5.375;4.4375;1477;202;0;
1460;2026.03.25 20:00;4;5.25;5.375;4.4375;1477;202;0;
1461;2026.03.25 20:15;4;5.25;5.375;4;1477;202;0;
1462;2026.03.25 20:30;4;5.25;5.375;3.625;1477;202;0;
1463;2026.03.25 20:45;4;5.25;5.375;3.6875;1477;202;0;
1464;2026.03.25 21:00;4;5.25;5.375;3.625;1477;202;0;
1465;2026.03.25 21:15;4;5.25;5.375;3.125;1477;202;0;
1466;2026.03.25 21:30;4;5.25;5.375;3.0625;1477;202;0;
1467;2026.03.25 21:45;4;5.25;5.375;3.1875;1477;202;0;
1468;2026.03.25 22:00;4;5.25;5.4375;3.5625;1477;202;0;
1469;2026.03.25 22:15;4;5.25;5.4375;3.875;1477;202;0;
1470;2026.03.25 22:30;4;5.25;5.4375;3.875;1477;202;0;
1471;2026.03.25 22:45;4;5.25;5.4375;3.625;1477;202;0;
1472;2026.03.25 23:00;4;5.25;5.4375;3.125;1477;202;0;
1473;2026.03.25 23:15;4;5.3125;5.4375;3;1477;202;0;
1474;2026.03.25 23:30;4;5.3125;5.5;2.875;1477;202;0;
1475;2026.03.25 23:45;4;5.3125;5.5;2.6875;1476;202;0;
1476;2026.03.26 00:00;4;5.3125;5.5;2.4375;1476;202;0;
1477;2026.03.26 00:15;4;5.3125;5.5;2.1875;1476;202;0;
1478;2026.03.26 00:30;4;5.3125;5.5;2.125;1476;202;0;
1479;2026.03.26 00:45;4;5.3125;5.5;2.125;1476;202;0;
1480;2026.03.26 01:00;4;5.3125;5.5;2.125;1476;202;0;
1481;2026.03.26 01:15;4;5.3125;5.5;2.0625;1476;202;0;
1482;2026.03.26 01:30;4;5.3125;5.5;2.0625;1476;202;0;
1483;2026.03.26 01:45;4;5.3125;5.5;2;1476;202;0;
1484;2026.03.26 02:00;4;5.3125;5.5;2;1476;202;0;
1485;2026.03.26 02:15;4;5.375;5.5;1.875;1476;202;0;
1486;2026.03.26 02:30;4;5.375;5.5;1.875;1476;202;0;
1487;2026.03.26 02:45;4;5.375;5.5;1.875;1476;202;0;
1488;2026.03.26 03:00;4;5.375;5.5;1.875;1476;202;0;
1489;2026.03.26 03:15;4;5.375;5.5;1.875;1476;202;0;
1490;2026.03.26 03:30;4;5.375;5.5;1.875;1476;202;0;
1491;2026.03.26 03:45;4;5.375;5.5;1.75;1476;202;0;
1492;2026.03.26 04:00;4;5.375;5.5;1.625;1476;202;0;
1493;2026.03.26 04:15;4;5.375;5.5;1.625;1476;202;0;
1494;2026.03.26 04:30;4;5.375;5.5;1.625;1476;202;0;
1495;2026.03.26 04:45;4;5.375;5.5;1.4375;1476;202;0;
1496;2026.03.26 05:00;4;5.375;5.5;1.3125;1476;202;0;
1497;2026.03.26 05:15;4;5.375;5.5;1.25;1476;202;0;
1498;2026.03.26 05:30;4;5.375;5.5;1.25;1476;202;0;
1499;2026.03.26 05:45;4;5.375;5.5;1.3125;1476;202;0;
1500;2026.03.26 06:00;4;5.375;5.5;1.5;1476;202;0;
1501;2026.03.26 06:15;4;5.375;5.5;1.75;1476;202;0;
1502;2026.03.26 06:30;4;5.375;5.5;2.0625;1476;202;0;
1503;2026.03.26 06:45;4;5.375;5.5;2.4375;1475;202;0;
1504;2026.03.26 07:00;4;5.375;5.5;2.75;1475;202;0;
1505;2026.03.26 07:15;4;5.375;5.5;3.125;1475;202;0;
1506;2026.03.26 07:30;4;5.375;5.5;3.4375;1475;202;0;
1507;2026.03.26 07:45;4;5.375;5.5;3.75;1475;202;0;
1508;2026.03.26 08:00;4;5.375;5.5;3.875;1475;202;0;
1509;2026.03.26 08:15;4;5.375;5.5;4.25;1475;202;0;
1510;2026.03.26 08:30;4;5.375;5.5;4.875;1475;202;0;
1511;2026.03.26 08:45;4;5.375;5.5;5.875;1475;202;0;
1512;2026.03.26 09:00;4;5.375;5.5;6.625;1475;202;0;
1513;2026.03.26 09:15;4;5.375;5.5;7.0625;1475;202;0;
1514;2026.03.26 09:30;4;5.375;5.5;6.875;1475;202;0;
1515;2026.03.26 09:45;4;5.375;5.5;6;1475;202;0;
1516;2026.03.26 10:00;4;5.375;5.5;6.4375;1475;202;0;
1517;2026.03.26 10:15;4;5.375;5.5;6.75;1475;202;0;
1518;2026.03.26 10:30;4;5.375;5.5;7.75;1475;202;0;
1519;2026.03.26 10:45;4;5.375;5.5;8.625;1475;202;0;
1520;2026.03.26 11:00;4;5.375;5.5;9.125;1475;202;0;
1521;2026.03.26 11:15;4;5.375;5.5;8.75;1475;202;0;
1522;2026.03.26 11:30;4;5.375;5.5;8.9375;1475;202;0;
1523;2026.03.26 11:45;4;5.375;5.5;9.625;1475;202;0;
1524;2026.03.26 12:00;4;5.375;5.5;9.25;1475;202;0;
1525;2026.03.26 12:15;4;5.375;5.5;9;1475;202;0;
1526;2026.03.26 12:30;4;5.375;5.5;8.625;1475;202;0;
1527;2026.03.26 12:45;4;5.375;5.5;9.375;1475;202;0;
1528;2026.03.26 13:00;4;5.375;5.5;9.375;1475;202;0;
1529;2026.03.26 13:15;4;5.375;5.5;9;1475;202;0;
1530;2026.03.26 13:30;4;5.375;5.5;7.9375;1474;202;0;
1531;2026.03.26 13:45;4;5.375;5.5;7.625;1474;202;0;
1532;2026.03.26 14:00;4;5.375;5.5;7.875;1474;202;0;
1533;2026.03.26 14:15;4;5.375;5.5;7.5625;1474;202;0;
1534;2026.03.26 14:30;4;5.375;5.5;6.6875;1474;202;0;
1535;2026.03.26 14:45;4;5.375;5.5;6.375;1474;202;0;
1536;2026.03.26 15:00;4;5.375;5.5;6.6875;1474;202;0;
1537;2026.03.26 15:15;4;5.375;5.5;6.375;1474;202;0;
1538;2026.03.26 15:30;4;5.375;5.5;6.125;1474;202;0;
1539;2026.03.26 15:45;4;5.375;5.5;6;1474;202;0;
1540;2026.03.26 16:00;4;5.375;5.5;5.4375;1474;202;0;
1541;2026.03.26 16:15;4;5.375;5.5;4.625;1474;202;0;
1542;2026.03.26 16:30;4;5.375;5.5;4.125;1474;202;0;
1543;2026.03.26 16:45;4;5.375;5.5;3.625;1474;202;0;
1544;2026.03.26 17:00;4;5.375;5.5;3.125;1474;202;0;
1545;2026.03.26 17:15;4;5.375;5.5;2.5625;1474;202;0;
1546;2026.03.26 17:30;4;5.375;5.5;1.5625;1474;202;0;
1547;2026.03.26 17:45;4;5.375;5.5;0.3125;1474;202;0;
1548;2026.03.26 18:00;4;5.375;5.5;-0.75;1474;202;0;
1549;2026.03.26 18:15;4;5.375;5.5;-1.0625;1474;202;0;
1550;2026.03.26 18:30;4;5.375;5.5;-1.3125;1474;202;0;
1551;2026.03.26 18:45;4;5.375;5.5;-1.375;1474;202;0;
1552;2026.03.26 19:00;4;5.375;5.5;-2.25;1474;202;0;
1553;2026.03.26 19:15;4;5.375;5.5;-2.9375;1474;202;0;
1554;2026.03.26 19:30;4;5.375;5.5;-3.1875;1474;202;0;
1555;2026.03.26 19:45;4;5.375;5.5;-3.375;1474;202;0;
1556;2026.03.26 20:00;4;5.375;5.5;-3.5625;1473;202;0;
1557;2026.03.26 20:15;4;5.375;5.5;-3.625;1473;202;0;
1558;2026.03.26 20:30;4;5.375;5.5;-3.9375;1473;202;0;
1559;2026.03.26 20:45;4;5.375;5.5625;-4.0625;1473;202;0;
1560;2026.03.26 21:00;4;5.375;5.5625;-4.125;1473;202;0;
1561;2026.03.26 21:15;4;5.4375;5.5625;-4.1875;1473;202;0;
1562;2026.03.26 21:30;4;5.4375;5.5625;-4.3125;1473;202;0;
1563;2026.03.26 21:45;4;5.4375;5.5625;-4.25;1473;202;0;
1564;2026.03.26 22:00;4;5.4375;5.5625;-3.8125;1473;202;0;
1565;2026.03.26 22:15;4;5.4375;5.5625;-3.9375;1473;202;0;
1566;2026.03.26 22:30;4;5.4375;5.5625;-4.25;1473;202;0;
1567;2026.03.26 22:45;4;5.4375;5.5625;-4.625;1473;202;0;
1568;2026.03.26 23:00;4;5.4375;5.5625;-4.625;1473;202;0;
1569;2026.03.26 23:15;4;5.4375;5.5625;-4.8125;1473;202;0;
1570;2026.03.26 23:30;4;5.4375;5.5625;-5;1473;202;0;
1571;2026.03.26 23:45;4;5.4375;5.5625;-4.875;1473;202;0;
1572;2026.03.27 00:00;4;5.4375;5.5625;-4.625;1472;202;0;
1573;2026.03.27 00:15;4;5.4375;5.5625;-4.75;1472;202;0;
1574;2026.03.27 00:30;4;5.4375;5.5625;-5.125;1472;202;0;
1575;2026.03.27 00:45;4;5.4375;5.5625;-5.375;1472;202;0;
1576;2026.03.27 01:00;4;5.4375;5.5625;-5.5;1472;202;0;
1577;2026.03.27 01:15;4;5.4375;5.5625;-5.5;1472;202;0;
1578;2026.03.27 01:30;4;5.4375;5.5;-5.625;1472;202;0;
1579;2026.03.27 01:45;4;5.4375;5.5625;-5.875;1472;202;0;
1580;2026.03.27 02:00;4;5.4375;5.5;-6;1472;202;0;
1581;2026.03.27 02:15;4;5.4375;5.5;-6.0625;1472;202;0;
1582;2026.03.27 02:30;4;5.4375;5.5;-6.1875;1472;202;0;
1583;2026.03.27 02:45;4;5.4375;5.5;-6.125;1472;202;0;
1584;2026.03.27 03:00;4;5.4375;5.5;-6.3125;1472;202;0;
1585;2026.03.27 03:15;4;5.4375;5.5;-6.375;1472;202;0;
1586;2026.03.27 03:30;4;5.4375;5.5;-6.5625;1472;202;0;
1587;2026.03.27 03:45;4;5.4375;5.5;-6.5;1472;202;0;
1588;2026.03.27 04:00;4;5.4375;5.5;-6.6875;1472;202;0;
1589;2026.03.27 04:15;4;5.4375;5.5;-6.875;1472;202;0;
1590;2026.03.27 04:30;4;5.4375;5.5;-7;1472;202;0;
1591;2026.03.27 04:45;4;5.4375;5.5;-7;1472;202;0;
1592;2026.03.27 05:00;4;5.4375;5.5;-6.875;1472;202;0;
1593;2026.03.27 05:15;4;5.4375;5.5;-6.6875;1472;202;0;
1594;2026.03.27 05:30;4;5.4375;5.5;-6.5;1471;202;0;
1595;2026.03.27 05:45;4;5.4375;5.5;-6;1471;202;0;
1596;2026.03.27 06:00;4;5.4375;5.5;-5.25;1471;202;0;
1597;2026.03.27 06:15;4;5.4375;5.5;-4.5;1471;202;0;
1598;2026.03.27 06:30;4;5.4375;5.5;-3.25;1471;202;0;
1599;2026.03.27 06:45;4;5.4375;5.5;-2.375;1471;202;0;
1600;2026.03.27 07:00;4;5.4375;5.5;-0.875;1471;202;0;
1601;2026.03.27 07:15;4;5.4375;5.5;0.875;1471;202;0;
1602;2026.03.27 07:30;4;5.4375;5.4375;2.75;1471;202;0;
1603;2026.03.27 07:45;4;5.4375;5.4375;4;1471;202;0;
1604;2026.03.27 08:00;4;5.4375;5.4375;4.625;1471;202;0;
1605;2026.03.27 08:15;4;5.4375;5.4375;6.625;1471;202;0;
1606;2026.03.27 08:30;4;5.4375;5.4375;6.75;1471;202;0;
1607;2026.03.27 08:45;4;5.375;5.4375;7.375;1471;202;0;
1608;2026.03.27 09:00;4;5.4375;5.375;8.1875;1471;202;0;
1609;2026.03.27 09:15;4;5.375;5.375;9.25;1471;202;0;
1610;2026.03.27 09:30;4;5.375;5.375;10.3125;1471;202;0;
1611;2026.03.27 09:45;4;5.375;5.375;9.3125;1471;202;0;
1612;2026.03.27 10:00;4;5.375;5.375;8.5;1471;202;0;
1613;2026.03.27 10:15;4;5.375;5.375;7.9375;1471;202;0;
1614;2026.03.27 10:30;4;5.375;5.375;9.125;1470;202;0;
1615;2026.03.27 10:45;4;5.375;5.375;10.1875;1471;202;0;
1616;2026.03.27 11:00;4;5.375;5.375;10.75;1470;202;0;
1617;2026.03.27 11:15;4;5.375;5.375;11.0625;1470;202;0;
1618;2026.03.27 11:30;4;5.375;5.375;11.25;1470;202;0;
1619;2026.03.27 11:45;4;5.375;5.375;11.6875;1470;202;0;
1620;2026.03.27 12:00;4;5.375;5.375;12.625;1470;202;0;
1621;2026.03.27 12:15;4;5.375;5.3125;11.375;1470;202;0;
1622;2026.03.27 12:30;4;5.375;5.3125;11.1875;1470;202;0;
1623;2026.03.27 12:45;4;5.375;5.3125;12.5;1470;202;0;
1624;2026.03.27 13:00;4;5.375;5.3125;11;1470;202;0;
1625;2026.03.27 13:15;4;5.375;5.25;10.5625;1470;202;0;
1626;2026.03.27 13:30;4;5.375;5.25;8.3125;1470;202;0;
1627;2026.03.27 13:45;4;5.375;5.25;7.0625;1470;202;0;
1628;2026.03.27 14:00;4;5.375;5.25;6.9375;1470;202;0;
1629;2026.03.27 14:15;4;5.375;5.25;6.75;1470;202;0;
1630;2026.03.27 14:30;4;5.375;5.25;6.375;1470;202;0;
1631;2026.03.27 14:45;4;5.375;5.25;6;1470;202;0;
1632;2026.03.27 15:00;4;5.375;5.25;5.5;1470;202;0;
1633;2026.03.27 15:15;4;5.375;5.25;5.25;1470;202;0;
1634;2026.03.27 15:30;4;5.375;5.25;5.125;1470;202;0;
1635;2026.03.27 15:45;4;5.375;5.25;4.875;1470;202;0;
1636;2026.03.27 16:00;4;5.375;5.25;4.5;1470;202;0;
1637;2026.03.27 16:15;4;5.375;5.25;4.1875;1470;202;0;
1638;2026.03.27 16:30;4;5.375;5.25;3.6875;1470;202;0;
1639;2026.03.27 16:45;4;5.375;5.25;3;1470;202;0;
1640;2026.03.27 17:00;4;5.375;5.25;2.625;1470;202;0;
1641;2026.03.27 17:15;4;5.3125;5.25;1.375;1470;202;0;
1642;2026.03.27 17:30;4;5.3125;5.25;0.4375;1470;202;0;
1643;2026.03.27 17:45;4;5.3125;5.25;0.125;1470;202;0;
1644;2026.03.27 18:00;4;5.3125;5.25;0;1470;202;0;
1645;2026.03.27 18:15;4;5.3125;5.25;-0.9375;1470;202;0;
1646;2026.03.27 18:30;4;5.3125;5.25;-1.125;1470;202;0;
1647;2026.03.27 18:45;4;5.3125;5.25;-1.5;1470;202;0;
1648;2026.03.27 19:00;4;5.3125;5.25;-2.5;1469;202;0;
1649;2026.03.27 19:15;4;5.3125;5.25;-3.1875;1469;202;0;
1650;2026.03.27 19:30;4;5.3125;5.25;-3.5625;1469;202;0;
1651;2026.03.27 19:45;4;5.3125;5.25;-3.75;1469;202;0;
1652;2026.03.27 20:00;4;5.3125;5.25;-4;1469;202;0;
1653;2026.03.27 20:15;4;5.3125;5.25;-4.25;1469;202;0;
1654;2026.03.27 20:30;4;5.3125;5.25;-4.375;1469;202;0;
1655;2026.03.27 20:45;4;5.3125;5.25;-4.75;1469;202;0;
1656;2026.03.27 21:00;4;5.25;5.25;-4.9375;1469;202;0;
1657;2026.03.27 21:15;4;5.25;5.25;-5;1469;202;0;
1658;2026.03.27 21:30;4;5.25;5.25;-5.25;1469;202;0;
1659;2026.03.27 21:45;4;5.25;5.25;-5.5;1469;202;0;
1660;2026.03.27 22:00;4;5.25;5.25;-5.6875;1469;202;0;
1661;2026.03.27 22:15;4;5.25;5.25;-5.8125;1469;202;0;
1662;2026.03.27 22:30;4;5.25;5.25;-5.8125;1469;202;0;
1663;2026.03.27 22:45;4;5.25;5.25;-5.875;1468;202;0;
1664;2026.03.27 23:00;4;5.25;5.25;-5.875;1469;202;0;
1665;2026.03.27 23:15;4;5.25;5.25;-6.25;1468;202;0;
1666;2026.03.27 23:30;4;5.25;5.25;-6.125;1468;202;0;
1667;2026.03.27 23:45;4;5.25;5.25;-6.25;1468;202;0;
1668;2026.03.28 00:00;4;5.25;5.25;-6.375;1468;202;0;
1669;2026.03.28 00:15;4;5.25;5.25;-6.625;1468;202;0;
1670;2026.03.28 00:30;4;5.25;5.1875;-6.75;1468;202;0;
1671;2026.03.28 00:45;4;5.25;5.1875;-6.875;1468;202;0;
1672;2026.03.28 01:00;4;5.25;5.25;-6.6875;1468;202;0;
1673;2026.03.28 01:15;4;5.25;5.1875;-6.75;1468;202;0;
1674;2026.03.28 01:30;4;5.25;5.1875;-7;1468;202;0;
1675;2026.03.28 01:45;4;5.25;5.1875;-6.9375;1468;202;0;
1676;2026.03.28 02:00;4;5.25;5.1875;-7;1468;202;0;
1677;2026.03.28 02:15;4;5.25;5.1875;-7.0625;1468;202;0;
1678;2026.03.28 02:30;4;5.25;5.1875;-7.125;1468;202;0;
1679;2026.03.28 02:45;4;5.25;5.1875;-7.375;1468;202;0;
1680;2026.03.28 03:00;4;5.25;5.1875;-7.375;1468;202;0;
1681;2026.03.28 03:15;4;5.25;5.1875;-7.4375;1468;202;0;
1682;2026.03.28 03:30;4;5.25;5.1875;-7.375;1468;202;0;
1683;2026.03.28 03:45;4;5.25;5.125;-7.5;1468;202;0;
1684;2026.03.28 04:00;4;5.25;5.125;-7.375;1468;202;0;
1685;2026.03.28 04:15;4;5.25;5.125;-7.125;1468;202;0;
1686;2026.03.28 04:30;4;5.25;5.125;-7.125;1468;202;0;
1687;2026.03.28 04:45;4;5.25;5.125;-7.0625;1468;202;0;
1688;2026.03.28 05:00;4;5.25;5.125;-6.875;1468;202;0;
1689;2026.03.28 05:15;4;5.25;5.125;-6.5;1468;202;0;
1690;2026.03.28 05:30;4;5.25;5.125;-6.25;1468;202;0;
1691;2026.03.28 05:45;4;5.25;5.125;-5.875;1468;202;0;
1692;2026.03.28 06:00;4;5.25;5.125;-4.9375;1468;202;0;
1693;2026.03.28 06:15;4;5.25;5.125;-4.125;1468;202;0;
1694;2026.03.28 06:30;4;5.25;5.125;-3.25;1468;202;0;
1695;2026.03.28 06:45;4;5.25;5.125;-2.5;1468;202;0;
1696;2026.03.28 07:00;4;5.25;5.125;-1;1468;202;0;
1697;2026.03.28 07:15;4;5.25;5.125;0.5;1468;202;0;
1698;2026.03.28 07:30;4;5.25;5.125;2.8125;1468;202;0;
1699;2026.03.28 07:45;4;5.25;5.125;4.75;1468;202;0;
1700;2026.03.28 08:00;4;5.25;5.125;6.25;1468;202;0;
1701;2026.03.28 08:15;4;5.25;5.125;7.125;1468;202;0;
1702;2026.03.28 08:30;4;5.25;5.0625;8.25;1468;202;0;
1703;2026.03.28 08:45;4;5.25;5.0625;9.75;1468;202;0;
1704;2026.03.28 09:00;4;5.25;5.0625;10.375;1468;202;0;
1705;2026.03.28 09:15;4;5.25;5.0625;10.625;1468;202;0;
1706;2026.03.28 09:30;4;5.25;5.0625;10.125;1468;202;0;
1707;2026.03.28 09:45;4;5.25;5;11;1467;202;0;
1708;2026.03.28 10:00;4;5.25;5;10.6875;1468;202;0;
1709;2026.03.28 10:15;4;5.1875;5;9.9375;1468;202;0;
1710;2026.03.28 10:30;4;5.25;5;11;1467;202;0;
1711;2026.03.28 10:45;4;5.1875;5;11.5;1467;202;0;
1712;2026.03.28 11:00;4;5.1875;5;11.75;1468;202;0;
1713;2026.03.28 11:15;4;5.1875;5;13.125;1468;202;0;
1714;2026.03.28 11:30;4;5.1875;5;13.6875;1468;202;0;
1715;2026.03.28 11:45;4;5.1875;5;13.625;1468;202;0;
1716;2026.03.28 12:00;4;5.1875;5;14;1468;202;0;
1717;2026.03.28 12:15;4;5.1875;5;13.625;1467;202;0;
1718;2026.03.28 12:30;4;5.125;5;14.625;1467;202;0;
1719;2026.03.28 12:45;4;5.125;5;12.75;1467;202;0;
1720;2026.03.28 13:00;4;5.125;5;11.375;1468;202;0;
1721;2026.03.28 13:15;4;5.125;5;12.0625;1467;202;0;
1722;2026.03.28 13:30;4;5.125;5;10.1875;1467;202;0;
1723;2026.03.28 13:45;4;5.125;4.9375;9.125;1467;202;0;
1724;2026.03.28 14:00;4;5.125;4.9375;8.75;1467;202;0;
1725;2026.03.28 14:15;4;5.125;4.9375;8.875;1467;202;0;
1726;2026.03.28 14:30;4;5.125;4.9375;8.5;1467;202;0;
1727;2026.03.28 14:45;4;5.125;4.9375;7.875;1467;202;0;
1728;2026.03.28 15:00;4;5.125;4.9375;7.5;1467;202;0;
1729;2026.03.28 15:15;4;5.125;4.9375;7.1875;1467;202;0;
1730;2026.03.28 15:30;4;5.125;4.875;6.875;1467;202;0;
1731;2026.03.28 15:45;4;5.125;4.875;6.8125;1467;202;0;
1732;2026.03.28 16:00;4;5.125;4.875;6.25;1467;202;0;
1733;2026.03.28 16:15;4;5.125;4.875;6.125;1467;202;0;
1734;2026.03.28 16:30;4;5.125;4.875;5.875;1467;202;0;
1735;2026.03.28 16:45;4;5.125;4.875;5.625;1467;202;0;
1736;2026.03.28 17:00;4;5.125;4.875;5.25;1467;202;0;
1737;2026.03.28 17:15;4;5.125;4.875;4.5;1467;202;0;
1738;2026.03.28 17:30;4;5.125;4.875;3.1875;1467;202;0;
1739;2026.03.28 17:45;4;5.125;4.875;2;1467;202;0;
1740;2026.03.28 18:00;4;5.125;4.875;1;1467;202;0;
1741;2026.03.28 18:15;4;5.125;4.875;0.6875;1467;202;0;
1742;2026.03.28 18:30;4;5.125;4.875;1.125;1467;202;0;
1743;2026.03.28 18:45;4;5.125;4.875;1.5;1467;202;0;
1744;2026.03.28 19:00;4;5.125;4.875;1.875;1467;202;0;
1745;2026.03.28 19:15;4;5.125;4.875;2.0625;1467;202;0;
1746;2026.03.28 19:30;4;5.125;4.875;2.125;1466;202;0;
1747;2026.03.28 19:45;4;5.125;4.875;2.1875;1466;202;0;
1748;2026.03.28 20:00;4;5.125;4.875;2.25;1466;202;0;
1749;2026.03.28 20:15;4;5.125;4.875;2.3125;1466;202;0;
1750;2026.03.28 20:30;4;5.125;4.875;2.25;1466;202;0;
1751;2026.03.28 20:45;4;5.0625;4.875;2.3125;1466;202;0;
1752;2026.03.28 21:00;4;5.125;4.875;2.375;1466;202;0;
1753;2026.03.28 21:15;4;5.0625;4.875;2.3125;1466;202;0;
1754;2026.03.28 21:30;4;5.0625;4.875;2.1875;1466;202;0;
1755;2026.03.28 21:45;4;5.0625;4.875;2.0625;1466;202;0;
1756;2026.03.28 22:00;4;5.0625;4.9375;2;1466;202;0;
1757;2026.03.28 22:15;4;5.0625;4.875;2;1466;202;0;
1758;2026.03.28 22:30;4;5.0625;4.9375;1.8125;1466;202;0;
1759;2026.03.28 22:45;4;5.0625;4.875;1.625;1466;202;0;
1760;2026.03.28 23:00;4;5.125;4.875;1.4375;1466;202;0;
1761;2026.03.28 23:15;4;5.0625;4.875;1.5;1466;202;0;
1762;2026.03.28 23:30;4;5.0625;4.9375;1.375;1466;202;0;
1763;2026.03.28 23:45;4;5.0625;4.9375;1.25;1466;202;0;
1764;2026.03.29 00:00;4;5.0625;4.875;1.125;1466;202;0;
1765;2026.03.29 00:15;4;5.0625;4.9375;1.1875;1466;202;0;
1766;2026.03.29 00:30;4;5.0625;4.9375;1.1875;1466;202;0;
1767;2026.03.29 00:45;4;5.0625;4.9375;1.125;1466;202;0;
1768;2026.03.29 01:00;4;5.0625;4.9375;1.0625;1466;202;0;
1769;2026.03.29 01:15;4;5.0625;4.9375;1.25;1466;202;0;
1770;2026.03.29 01:30;4;5.0625;4.9375;1.1875;1466;202;0;
1771;2026.03.29 01:45;4;5.0625;4.9375;1.125;1466;202;0;
1772;2026.03.29 02:00;4;5.0625;4.9375;0.875;1466;202;0;
1773;2026.03.29 02:15;4;5.0625;4.9375;0.625;1466;202;0;
1774;2026.03.29 02:30;4;5.0625;4.9375;0.5625;1466;202;0;
1775;2026.03.29 02:45;4;5.0625;4.9375;0.75;1466;202;0;
1776;2026.03.29 03:00;4;5.0625;4.9375;1.125;1466;202;0;
1777;2026.03.29 03:15;4;5.0625;4.9375;1.3125;1466;202;0;
1778;2026.03.29 03:30;4;5.0625;4.9375;1.4375;1466;202;0;
1779;2026.03.29 03:45;4;5.0625;4.9375;1.5;1466;202;0;
1780;2026.03.29 04:00;4;5.0625;4.9375;1.5;1466;202;0;
1781;2026.03.29 04:15;4;5.0625;4.9375;1.375;1466;202;0;
1782;2026.03.29 04:30;4;5.0625;4.9375;1.375;1466;202;0;
1783;2026.03.29 04:45;4;5.0625;4.9375;1.4375;1466;202;0;
1784;2026.03.29 05:00;4;5.0625;4.9375;1.5;1466;202;0;
1785;2026.03.29 05:15;4;5.0625;4.9375;1.5625;1466;202;0;
1786;2026.03.29 05:30;4;5.0625;4.9375;1.6875;1466;202;0;
1787;2026.03.29 05:45;4;5.0625;4.9375;1.875;1467;202;0;
1788;2026.03.29 06:00;4;5.0625;4.9375;2;1467;202;0;
1789;2026.03.29 06:15;4;5.0625;4.9375;2.125;1467;202;0;
1790;2026.03.29 06:30;4;5.0625;4.9375;2.4375;1467;202;0;
1791;2026.03.29 06:45;4;5.0625;4.9375;2.75;1467;202;0;
1792;2026.03.29 07:00;4;5.0625;4.9375;2.875;1467;202;0;
1793;2026.03.29 07:15;4;5.0625;4.875;3.0625;1466;202;0;
1794;2026.03.29 07:30;4;5.0625;4.9375;2.875;1467;202;0;
1795;2026.03.29 07:45;4;5.0625;4.9375;2.75;1467;202;0;
1796;2026.03.29 08:00;4;5.0625;4.9375;3.375;1466;202;0;
1797;2026.03.29 08:15;4;5.0625;4.9375;3.875;1466;202;0;
1798;2026.03.29 08:30;4;5.0625;4.875;4.125;1466;202;0;
1799;2026.03.29 08:45;4;5.0625;4.875;4;1466;202;0;
1800;2026.03.29 09:00;4;5.0625;4.875;4;1466;202;0;
1801;2026.03.29 09:15;4;5.0625;4.875;4;1466;202;0;
1802;2026.03.29 09:30;4;5.0625;4.875;3.75;1466;202;0;
1803;2026.03.29 09:45;4;5.0625;4.875;3.625;1466;202;0;
1804;2026.03.29 10:00;4;5.0625;4.875;3.875;1466;202;0;
1805;2026.03.29 10:15;4;5.0625;4.875;4;1466;202;0;
1806;2026.03.29 10:30;4;5.0625;4.875;4.125;1466;202;0;
1807;2026.03.29 10:45;4;5.0625;4.875;4.125;1466;202;0;
1808;2026.03.29 11:00;4;5.0625;4.875;4.25;1466;202;0;
1809;2026.03.29 11:15;4;5.0625;4.875;4.25;1466;202;0;
1810;2026.03.29 11:30;4;5.0625;4.875;4.625;1466;202;0;
1811;2026.03.29 11:45;4;5.0625;4.875;5.25;1466;202;0;
1812;2026.03.29 12:00;4;5.0625;4.875;5.75;1466;202;0;
1813;2026.03.29 12:15;4;5;4.875;5.875;1466;202;0;
1814;2026.03.29 12:30;4;5.0625;4.875;5.5;1466;202;0;
1815;2026.03.29 12:45;4;5.0625;4.875;5.375;1466;202;0;
1816;2026.03.29 13:00;4;5;4.875;4.75;1466;202;0;
1817;2026.03.29 13:15;4;5;4.875;4.25;1466;202;0;
1818;2026.03.29 13:30;4;5;4.875;3.9375;1466;202;0;
1819;2026.03.29 13:45;4;5;4.875;3.9375;1466;202;0;
1820;2026.03.29 14:00;4;5;4.875;4.25;1466;202;0;
1821;2026.03.29 14:15;4;5;4.875;4.6875;1466;202;0;
1822;2026.03.29 14:30;4;5;4.875;4.875;1466;202;0;
1823;2026.03.29 14:45;4;5;4.875;4.9375;1466;202;0;
1824;2026.03.29 15:00;4;5;4.875;5.125;1466;202;0;
1825;2026.03.29 15:15;4;5;4.875;5.5;1466;202;0;
1826;2026.03.29 15:30;4;5;4.875;5.5;1466;202;0;
1827;2026.03.29 15:45;4;5;4.875;5.25;1466;202;0;
1828;2026.03.29 16:00;4;5;4.875;5.25;1466;202;0;
1829;2026.03.29 16:15;4;5;4.875;5.125;1466;202;0;
1830;2026.03.29 16:30;4;5;4.875;4.875;1466;202;0;
1831;2026.03.29 16:45;4;5;4.875;4.6875;1466;202;0;
1832;2026.03.29 17:00;4;5;4.875;4.375;1466;202;0;
1833;2026.03.29 17:15;4;5;4.875;3.875;1466;202;0;
1834;2026.03.29 17:30;4;5;4.875;3.4375;1466;202;0;
1835;2026.03.29 17:45;4;5;4.875;2.9375;1466;202;0;
1836;2026.03.29 18:00;4;5;4.875;2.5625;1466;202;0;
1837;2026.03.29 18:15;4;5;4.9375;2.375;1466;202;0;
1838;2026.03.29 18:30;4;5;4.875;2.375;1466;202;0;
1839;2026.03.29 18:45;4;5;4.9375;2.375;1466;202;0;
1840;2026.03.29 19:00;4;5;4.9375;2.375;1466;202;0;
1841;2026.03.29 19:15;4;5;4.9375;2.25;1466;202;0;
1842;2026.03.29 19:30;4;5;4.9375;2.25;1466;202;0;
1843;2026.03.29 19:45;4;5;4.9375;2.25;1466;202;0;
1844;2026.03.29 20:00;4;5;4.9375;2.125;1466;202;0;
1845;2026.03.29 20:15;4;5;4.9375;1.9375;1466;202;0;
1846;2026.03.29 20:30;4;5;4.9375;1.5625;1466;202;0;
1847;2026.03.29 20:45;4;5;4.9375;1;1466;202;0;
1848;2026.03.29 21:00;4;5;4.9375;0.125;1466;202;0;
1849;2026.03.29 21:15;4;5;4.9375;-0.6875;1466;202;0;
1850;2026.03.29 21:30;4;5;4.9375;-1.375;1466;202;0;
1851;2026.03.29 21:45;4;5;4.9375;-1.6875;1466;202;0;
1852;2026.03.29 22:00;4;5;4.9375;-2;1466;202;0;
1853;2026.03.29 22:15;4;5;4.9375;-2.125;1466;202;0;
1854;2026.03.29 22:30;4;5;4.9375;-2.5;1466;202;0;
1855;2026.03.29 22:45;4;5;4.9375;-2.875;1466;202;0;
1856;2026.03.29 23:00;4;5;5;-3;1466;202;0;
1857;2026.03.29 23:15;4;5;5;-3.25;1466;202;0;
1858;2026.03.29 23:30;4;5;5;-3.375;1466;202;0;
1859;2026.03.29 23:45;4;5;5;-3.75;1466;202;0;
1860;2026.03.30 00:00;4;5;5;-3.875;1466;202;0;
1861;2026.03.30 00:15;4;5;5;-3.875;1466;202;0;
1862;2026.03.30 00:30;4;5;5;-3.8125;1466;202;0;
1863;2026.03.30 00:45;4;5;5;-3.75;1466;202;0;
1864;2026.03.30 01:00;4;5.0625;5;-3.75;1466;202;0;
1865;2026.03.30 01:15;4;5.0625;5;-3.875;1466;202;0;
1866;2026.03.30 01:30;4;5;5;-3.9375;1466;202;0;
1867;2026.03.30 01:45;4;5.0625;5;-3.9375;1465;202;0;
1868;2026.03.30 02:00;4;5.0625;5;-3.875;1465;202;0;
1869;2026.03.30 02:15;4;5.0625;5;-3.625;1465;202;0;
1870;2026.03.30 02:30;4;5.0625;5;-3.625;1465;202;0;
1871;2026.03.30 02:45;4;5.0625;5;-3.5625;1466;202;0;
1872;2026.03.30 03:00;4;5;5;-3.375;1466;202;0;
1873;2026.03.30 03:15;4;5.0625;5;-3.125;1466;202;0;
1874;2026.03.30 03:30;4;5.0625;5;-2.9375;1466;202;0;
1875;2026.03.30 03:45;4;5.0625;5;-2.625;1466;202;0;
1876;2026.03.30 04:00;4;5.0625;5;-2.375;1466;202;0;
1877;2026.03.30 04:15;4;5.0625;5;-2.25;1466;202;0;
1878;2026.03.30 04:30;4;5.0625;5;-2.1875;1466;202;0;
1879;2026.03.30 04:45;4;5.0625;5;-2;1466;202;0;
1880;2026.03.30 05:00;4;5.0625;5;-1.75;1466;202;0;
1881;2026.03.30 05:15;4;5.0625;5;-1.5;1466;202;0;
1882;2026.03.30 05:30;4;5.0625;5;-1.125;1466;202;0;
1883;2026.03.30 05:45;4;5.0625;5;-0.875;1466;202;0;
1884;2026.03.30 06:00;4;5.0625;5;-0.5;1466;202;0;
1885;2026.03.30 06:15;4;5.0625;5;-0.1875;1466;202;0;
1886;2026.03.30 06:30;4;5.0625;5;0.125;1466;202;0;
1887;2026.03.30 06:45;4;5.0625;5;0.75;1466;202;0;
1888;2026.03.30 07:00;4;5.0625;5;1.5;1465;202;0;
1889;2026.03.30 07:15;4;5.0625;5;2.375;1465;202;0;
1890;2026.03.30 07:30;4;5.0625;5;3;1465;202;0;
1891;2026.03.30 07:45;4;5.0625;5;3.5;1465;202;0;
1892;2026.03.30 08:00;4;5.0625;4.9375;3.5;1465;202;0;
1893;2026.03.30 08:15;4;5.0625;5;3.875;1465;202;0;
1894;2026.03.30 08:30;4;5.0625;4.9375;4;1465;202;0;
1895;2026.03.30 08:45;4;5.0625;4.9375;3.875;1465;202;0;
1896;2026.03.30 09:00;4;5.0625;4.9375;3.6875;1465;202;0;
1897;2026.03.30 09:15;4;5.0625;4.9375;3.75;1465;202;0;
1898;2026.03.30 09:30;4;5.0625;4.9375;3.75;1465;202;0;
1899;2026.03.30 09:45;4;5;4.9375;4.375;1465;202;0;
1900;2026.03.30 10:00;4;5;4.9375;4.625;1465;202;0;
1901;2026.03.30 10:15;4;5;4.9375;5.25;1465;202;0;
1902;2026.03.30 10:30;4;5;4.875;5.625;1465;202;0;
1903;2026.03.30 10:45;4;5;4.875;5.1875;1465;202;0;
1904;2026.03.30 11:00;4;5;4.875;4.875;1465;202;0;
1905;2026.03.30 11:15;4;5;4.875;4.75;1465;202;0;
1906;2026.03.30 11:30;4;5;4.875;4.75;1465;202;0;
1907;2026.03.30 11:45;4;5;4.875;4.25;1465;202;0;
1908;2026.03.30 12:00;4;5;4.875;4.25;1465;202;0;
1909;2026.03.30 12:15;4;5;4.875;5.625;1465;202;0;
1910;2026.03.30 12:30;4;5;4.875;6.5;1465;202;0;
1911;2026.03.30 12:45;4;5;4.875;6.25;1465;202;0;
1912;2026.03.30 13:00;4;5;4.875;6.5;1465;202;0;
1913;2026.03.30 13:15;4;5;4.875;6.25;1465;202;0;
1914;2026.03.30 13:30;4;5;4.875;6.125;1465;202;0;
1915;2026.03.30 13:45;4;5;4.875;6.25;1465;202;0;
1916;2026.03.30 14:00;4;5;4.875;7;1465;202;0;
1917;2026.03.30 14:15;4;5;4.875;7.9375;1465;202;0;
1918;2026.03.30 14:30;4;5;4.875;6.8125;1465;202;0;
1919;2026.03.30 14:45;4;5;4.875;4.0625;1465;202;0;
1920;2026.03.30 15:00;4;5;4.875;4.125;1465;202;0;
1921;2026.03.30 15:15;4;5;4.875;3.8125;1465;202;0;
1922;2026.03.30 15:30;4;5;4.875;3.25;1465;202;0;
1923;2026.03.30 15:45;4;5;4.875;3.625;1465;202;0;
1924;2026.03.30 16:00;4;5;4.875;3.4375;1465;202;0;
1925;2026.03.30 16:15;4;5;4.875;3.125;1465;202;0;
1926;2026.03.30 16:30;4;5;4.875;2.25;1465;202;0;
1927;2026.03.30 16:45;4;5;4.875;1.5;1465;202;0;
1928;2026.03.30 17:00;4;5;4.875;1.9375;1465;202;0;
1929;2026.03.30 17:15;4;5;4.875;1.375;1465;202;0;
1930;2026.03.30 17:30;4;5;4.875;0.875;1465;202;0;
1931;2026.03.30 17:45;4;5;4.875;0.9375;1465;202;0;
1932;2026.03.30 18:00;4;5;4.875;0.9375;1465;202;0;
1933;2026.03.30 18:15;4;5;4.875;1.25;1465;202;0;
1934;2026.03.30 18:30;4;5;4.875;0.5;1465;202;0;
1935;2026.03.30 18:45;4;5;4.875;0;1465;202;0;
1936;2026.03.30 19:00;4;5;4.875;0.125;1465;202;0;
1937;2026.03.30 19:15;4;5;4.875;0.25;1464;202;0;
1938;2026.03.30 19:30;4;5;4.875;0.625;1464;202;0;
1939;2026.03.30 19:45;4;5;4.875;0.625;1464;202;0;
1940;2026.03.30 20:00;4;5;4.875;0.5;1464;202;0;
1941;2026.03.30 20:15;4;5;4.875;0.5625;1464;202;0;
1942;2026.03.30 20:30;4;5;4.875;0.625;1464;202;0;
1943;2026.03.30 20:45;4;5;4.875;0.875;1464;202;0;
1944;2026.03.30 21:00;4;5;4.875;1;1464;202;0;
1945;2026.03.30 21:15;4;5;4.875;0.875;1464;202;0;
1946;2026.03.30 21:30;4;5;4.875;0.6875;1464;202;0;
1947;2026.03.30 21:45;4;5;4.875;0.5625;1464;202;0;
1948;2026.03.30 22:00;4;5;4.875;0.625;1464;202;0;
1949;2026.03.30 22:15;4;5;4.875;0.875;1464;202;0;
1950;2026.03.30 22:30;4;5;4.875;1.1875;1464;202;0;
1951;2026.03.30 22:45;4;5;4.875;1.25;1464;202;0;
1952;2026.03.30 23:00;4;5;4.875;1.25;1464;202;0;
1953;2026.03.30 23:15;4;5;4.875;1.0625;1464;202;0;
1954;2026.03.30 23:30;4;5;4.875;0.75;1464;202;0;
1955;2026.03.30 23:45;4;5;4.875;0.75;1464;202;0;
1956;2026.03.31 00:00;4;5;4.875;0.9375;1464;202;0;
1957;2026.03.31 00:15;4;5;4.875;1.0625;1464;202;0;
1958;2026.03.31 00:30;4;5;4.875;1;1464;202;0;
1959;2026.03.31 00:45;4;5;4.875;1;1464;202;0;
1960;2026.03.31 01:00;4;5;4.875;1.125;1464;202;0;
1961;2026.03.31 01:15;4;5;4.875;1.125;1464;202;0;
1962;2026.03.31 01:30;4;5;4.875;1;1464;202;0;
1963;2026.03.31 01:45;4;5;4.875;0.9375;1464;202;0;
1964;2026.03.31 02:00;4;5;4.875;0.625;1464;202;0;
1965;2026.03.31 02:15;4;5;4.875;0.125;1463;202;0;
1966;2026.03.31 02:30;4;5;4.875;-0.125;1463;202;0;
1967;2026.03.31 02:45;4;5;4.875;0;1463;202;0;
1968;2026.03.31 03:00;4;5;4.875;0.125;1463;202;0;
1969;2026.03.31 03:15;4;5;4.875;0.25;1464;202;0;
1970;2026.03.31 03:30;4;5;4.875;0.375;1463;202;0;
1971;2026.03.31 03:45;4;5;4.875;0.375;1463;202;0;
1972;2026.03.31 04:00;4;5;4.875;0.125;1463;202;0;
1973;2026.03.31 04:15;4;5;4.875;0.375;1463;202;0;
1974;2026.03.31 04:30;4;5;4.875;0.375;1463;202;0;
1975;2026.03.31 04:45;4;5;4.875;0.5;1463;202;0;
1976;2026.03.31 05:00;4;5;4.875;0.5;1463;202;0;
1977;2026.03.31 05:15;4;5;4.875;0.75;1463;202;0;
1978;2026.03.31 05:30;4;5;4.875;1.0625;1463;202;0;
1979;2026.03.31 05:45;4;5;4.875;1.25;1463;202;0;
1980;2026.03.31 06:00;4;5;4.875;1.625;1463;202;0;
1981;2026.03.31 06:15;4;5;4.875;1.875;1463;202;0;
1982;2026.03.31 06:30;4;5;4.875;2.4375;1463;202;0;
1983;2026.03.31 06:45;4;5;4.875;2.875;1463;202;0;
1984;2026.03.31 07:00;4;5;4.875;3.125;1463;202;0;
1985;2026.03.31 07:15;4;5;4.875;3.4375;1463;202;0;
1986;2026.03.31 07:30;4;5;4.875;4;1463;202;0;
1987;2026.03.31 07:45;4;5;4.875;4.125;1463;202;0;
1988;2026.03.31 08:00;4;5;4.875;4.25;1463;202;0;
1989;2026.03.31 08:15;4;5;4.875;4.25;1463;202;0;
1990;2026.03.31 08:30;4;5;4.875;4.625;1463;202;0;
1991;2026.03.31 08:45;4;5;4.875;5.125;1463;202;0;
1992;2026.03.31 09:00;4;5;4.875;5.125;1463;202;0;
1993;2026.03.31 09:15;4;5;4.875;5.125;1463;202;0;
1994;2026.03.31 09:30;4;5;4.875;5;1463;202;0;
1995;2026.03.31 09:45;4;5;4.875;5.125;1463;202;0;
1996;2026.03.31 10:00;4;5;4.875;5.5;1463;202;0;
1997;2026.03.31 10:15;4;5;4.875;5.5;1462;202;0;
1998;2026.03.31 10:30;4;5;4.8125;5.625;1462;202;0;
1999;2026.03.31 10:45;4;5;4.8125;5.375;1462;202;0;
2000;2026.03.31 11:00;4;5;4.875;6.4375;1462;202;0;
2001;2026.03.31 11:15;4;5;4.8125;6.5;1462;202;0;
2002;2026.03.31 11:30;4;5;4.8125;6.75;1462;202;0;
2003;2026.03.31 11:45;4;4.9375;4.8125;7.875;1462;202;0;
2004;2026.03.31 12:00;4;4.9375;4.8125;7.1875;1462;202;0;
2005;2026.03.31 12:15;4;5;4.8125;8;1462;202;0;
2006;2026.03.31 12:30;4;4.9375;4.8125;7.625;1462;202;0;
2007;2026.03.31 12:45;4;4.9375;4.8125;8.125;1462;202;0;
2008;2026.03.31 13:00;4;5;4.8125;7.9375;1462;202;0;
2009;2026.03.31 13:15;4;4.9375;4.8125;7.6875;1462;202;0;
2010;2026.03.31 13:30;4;4.9375;4.8125;7.75;1462;202;0;
2011;2026.03.31 13:45;4;4.9375;4.8125;7.6875;1462;202;0;
2012;2026.03.31 14:00;4;4.9375;4.8125;7.875;1462;202;0;
2013;2026.03.31 14:15;4;5;4.8125;8.25;1462;202;0;
2014;2026.03.31 14:30;4;4.9375;4.8125;8.1875;1462;202;0;
2015;2026.03.31 14:45;4;4.9375;4.8125;7.6875;1462;202;0;
2016;2026.03.31 15:00;4;4.9375;4.8125;7.3125;1462;202;0;
2017;2026.03.31 15:15;4;4.9375;4.8125;6.8125;1462;202;0;
2018;2026.03.31 15:30;4;4.9375;4.8125;6.6875;1462;202;0;
2019;2026.03.31 15:45;4;4.9375;4.8125;6.875;1462;202;0;
2020;2026.03.31 16:00;4;4.9375;4.8125;6.4375;1462;202;0;
2021;2026.03.31 16:15;4;4.9375;4.875;6;1462;202;0;
2022;2026.03.31 16:30;4;4.9375;4.875;5.5;1462;202;0;
2023;2026.03.31 16:45;4;4.9375;4.875;5.0625;1462;202;0;
2024;2026.03.31 17:00;4;4.9375;4.8125;4.75;1462;202;0;
2025;2026.03.31 17:15;4;4.9375;4.875;4.375;1462;202;0;
2026;2026.03.31 17:30;4;4.9375;4.875;3.875;1462;202;0;
2027;2026.03.31 17:45;4;4.9375;4.875;3.0625;1462;202;0;
2028;2026.03.31 18:00;4;4.9375;4.875;2.375;1462;202;0;
2029;2026.03.31 18:15;4;4.9375;4.875;2.0625;1462;202;0;
2030;2026.03.31 18:30;4;4.9375;4.875;1.75;1462;202;0;
2031;2026.03.31 18:45;4;4.9375;4.875;1.1875;1462;202;0;
2032;2026.03.31 19:00;4;4.9375;4.875;0.6875;1462;202;0;
2033;2026.03.31 19:15;4;4.9375;4.875;0.875;1462;202;0;
2034;2026.03.31 19:30;4;4.9375;4.875;1.125;1462;202;0;
2035;2026.03.31 19:45;4;4.9375;4.875;1.1875;1462;202;0;
2036;2026.03.31 20:00;4;4.9375;4.875;1.25;1462;202;0;
2037;2026.03.31 20:15;4;4.9375;4.875;1.125;1462;202;0;
2038;2026.03.31 20:30;4;4.9375;4.875;1.125;1462;202;0;
2039;2026.03.31 20:45;4;4.9375;4.875;1.125;1462;202;0;
2040;2026.03.31 21:00;4;4.9375;4.875;1;1462;202;0;
2041;2026.03.31 21:15;4;4.9375;4.875;0.875;1462;202;0;
2042;2026.03.31 21:30;4;4.9375;4.875;0.3125;1462;202;0;
2043;2026.03.31 21:45;4;4.9375;4.875;-1;1462;202;0;
2044;2026.03.31 22:00;4;4.9375;4.875;-1.9375;1462;202;0;
2045;2026.03.31 22:15;4;4.9375;4.875;-2.25;1462;202;0;
2046;2026.03.31 22:30;4;4.9375;4.875;-2.3125;1462;202;0;
2047;2026.03.31 22:45;4;4.9375;4.875;-2.5;1462;202;0;
2048;2026.03.31 23:00;4;5;4.875;-2.375;1462;202;0;
2049;2026.03.31 23:15;4;4.9375;4.875;-2.5;1462;202;0;
2050;2026.03.31 23:30;4;5;4.875;-2.5;1461;202;0;
2051;2026.03.31 23:45;4;5;4.875;-2.25;1461;202;0;
2052;2026.04.01 00:00;4;5;4.875;-2;1461;202;0;
2053;2026.04.01 00:15;4;5;4.875;-1.6875;1461;202;0;
2054;2026.04.01 00:30;4;5;4.875;-1.75;1461;202;0;
2055;2026.04.01 00:45;4;5;4.875;-1.8125;1461;202;0;
2056;2026.04.01 01:00;4;5;4.875;-1.875;1461;202;0;
2057;2026.04.01 01:15;4;5;4.875;-2;1461;202;0;
2058;2026.04.01 01:30;4;5;4.875;-2;1461;202;0;
2059;2026.04.01 01:45;4;5;4.875;-1.5;1461;202;0;
2060;2026.04.01 02:00;4;5;4.9375;-1.0625;1461;202;0;
2061;2026.04.01 02:15;4;5;4.875;-0.75;1461;202;0;
2062;2026.04.01 02:30;4;5;4.9375;-1;1461;202;0;
2063;2026.04.01 02:45;4;5;4.875;-1.25;1461;202;0;
2064;2026.04.01 03:00;4;5;4.9375;-1.5;1461;202;0;
2065;2026.04.01 03:15;4;5;4.9375;-1.75;1461;202;0;
2066;2026.04.01 03:30;4;5;4.9375;-1.5;1461;202;0;
2067;2026.04.01 03:45;4;5;4.875;-1;1461;202;0;
2068;2026.04.01 04:00;4;5;4.9375;-1.625;1461;202;0;
2069;2026.04.01 04:15;4;5;4.9375;-2.125;1461;202;0;
2070;2026.04.01 04:30;4;5;4.9375;-1.625;1461;202;0;
2071;2026.04.01 04:45;4;5;4.9375;-2;1461;202;0;
2072;2026.04.01 05:00;4;5;4.9375;-2.5625;1461;202;0;
2073;2026.04.01 05:15;4;5;4.875;-2.3125;1461;202;0;
2074;2026.04.01 05:30;4;5;4.875;-1.125;1461;202;0;
2075;2026.04.01 05:45;4;5;4.875;-0.1875;1461;202;0;
2076;2026.04.01 06:00;4;5;4.875;0.5;1461;202;0;
2077;2026.04.01 06:15;4;5;4.875;1;1461;202;0;
2078;2026.04.01 06:30;4;5;4.875;1.375;1461;202;0;
2079;2026.04.01 06:45;4;5;4.875;1.75;1461;202;0;
2080;2026.04.01 07:00;4;5;4.875;2.375;1461;202;0;
2081;2026.04.01 07:15;4;5;4.875;3.75;1461;202;0;
2082;2026.04.01 07:30;4;5;4.875;5;1461;202;0;
2083;2026.04.01 07:45;4;5;4.875;6.125;1461;202;0;
2084;2026.04.01 08:00;4;5;4.875;6.5;1461;202;0;
2085;2026.04.01 08:15;4;5;4.875;6.75;1461;202;0;
2086;2026.04.01 08:30;4;5;4.875;5.75;1461;202;0;
2087;2026.04.01 08:45;4;5;4.875;7.875;1461;202;0;
2088;2026.04.01 09:00;4;5;4.875;8.125;1461;202;0;
2089;2026.04.01 09:15;4;5;4.875;7.125;1461;202;0;
2090;2026.04.01 09:30;4;5;4.875;7.375;1461;202;0;
2091;2026.04.01 09:45;4;5;4.875;7.25;1461;202;0;
2092;2026.04.01 10:00;4;5;4.875;7.875;1460;202;0;
2093;2026.04.01 10:15;4;5;4.875;8.875;1460;202;0;
2094;2026.04.01 10:30;4;5;4.875;10.75;1460;202;0;
2095;2026.04.01 10:45;4;5;4.875;11;1461;202;0;
2096;2026.04.01 11:00;4;5;4.875;11.75;1460;202;0;
2097;2026.04.01 11:15;4;5;4.875;12.8125;1460;202;0;
2098;2026.04.01 11:30;4;5;4.875;11.5;1460;202;0;
2099;2026.04.01 11:45;4;5;4.875;10.875;1460;202;0;
2100;2026.04.01 12:00;4;5;4.875;11.4375;1460;202;0;
2101;2026.04.01 12:15;4;5;4.875;10.5;1460;202;0;
2102;2026.04.01 12:30;4;5;4.875;11.375;1460;202;0;
2103;2026.04.01 12:45;4;5;4.875;11.5;1460;202;0;
2104;2026.04.01 13:00;4;5;4.875;11.75;1460;202;0;
2105;2026.04.01 13:15;4;5;4.875;11.3125;1460;202;0;
2106;2026.04.01 13:30;4;5;4.875;9.5;1460;202;0;
2107;2026.04.01 13:45;4;5;4.875;9.625;1460;202;0;
2108;2026.04.01 14:00;4;5;4.875;9;1460;202;0;
2109;2026.04.01 14:15;4;5;4.875;9.3125;1460;202;0;
2110;2026.04.01 14:30;4;5;4.875;8.875;1460;202;0;
2111;2026.04.01 14:45;4;5;4.875;7.9375;1460;202;0;
2112;2026.04.01 15:00;4;5;4.875;7.75;1460;202;0;
2113;2026.04.01 15:15;4;5;4.875;7.625;1460;202;0;
2114;2026.04.01 15:30;4;5;4.875;7.375;1460;202;0;
2115;2026.04.01 15:45;4;5;4.875;7.3125;1460;202;0;
2116;2026.04.01 16:00;4;5;4.875;7.25;1460;202;0;
2117;2026.04.01 16:15;4;5;4.875;6.875;1460;202;0;
2118;2026.04.01 16:30;4;5;4.875;6.25;1460;202;0;
2119;2026.04.01 16:45;4;4.9375;4.875;5.375;1460;202;0;
2120;2026.04.01 17:00;4;5;4.875;4.625;1460;202;0;
2121;2026.04.01 17:15;4;5;4.875;2.875;1460;202;0;
2122;2026.04.01 17:30;4;5;4.875;1.6875;1460;202;0;
2123;2026.04.01 17:45;4;4.9375;4.875;0.625;1460;202;0;
2124;2026.04.01 18:00;4;5;4.875;-0.125;1460;202;0;
2125;2026.04.01 18:15;4;5;4.875;-0.75;1460;202;0;
2126;2026.04.01 18:30;4;5;4.875;-1.25;1460;202;0;
2127;2026.04.01 18:45;4;5;4.875;-1.375;1460;202;0;
2128;2026.04.01 19:00;4;4.9375;4.875;-1.5;1460;202;0;
2129;2026.04.01 19:15;4;5;4.875;-1.5625;1460;202;0;
2130;2026.04.01 19:30;4;5;4.875;-1.75;1460;202;0;
2131;2026.04.01 19:45;4;5;4.875;-1.875;1460;202;0;
2132;2026.04.01 20:00;4;5;4.875;-1.75;1460;202;0;
2133;2026.04.01 20:15;4;5;4.875;-1.875;1460;202;0;
2134;2026.04.01 20:30;4;5;4.875;-2.1875;1460;202;0;
2135;2026.04.01 20:45;4;5;4.875;-2.3125;1460;202;0;
2136;2026.04.01 21:00;4;5;4.875;-2.375;1460;202;0;
2137;2026.04.01 21:15;4;5;4.875;-2.4375;1460;202;0;
2138;2026.04.01 21:30;4;5;4.875;-2.5625;1460;202;0;
2139;2026.04.01 21:45;4;5;4.875;-2.75;1460;202;0;
2140;2026.04.01 22:00;4;5;4.875;-2.625;1460;202;0;
2141;2026.04.01 22:15;4;5;4.9375;-2.5;1460;202;0;
2142;2026.04.01 22:30;4;5;4.9375;-2.6875;1460;202;0;
2143;2026.04.01 22:45;4;5;4.9375;-2.5625;1460;202;0;
2144;2026.04.01 23:00;4;5;4.9375;-2.375;1460;202;0;
2145;2026.04.01 23:15;4;5;4.9375;-2.25;1460;202;0;
2146;2026.04.01 23:30;4;5;4.9375;-2.125;1460;202;0;
2147;2026.04.01 23:45;4;5;4.9375;-1.5;1460;202;0;
2148;2026.04.02 00:00;4;5;4.9375;-1.375;1460;202;0;
2149;2026.04.02 00:15;4;5;4.9375;-0.8125;1460;202;0;
2150;2026.04.02 00:30;4;5;4.9375;-0.6875;1460;202;0;
2151;2026.04.02 00:45;4;5;4.9375;-1.125;1460;202;0;
2152;2026.04.02 01:00;4;5;4.9375;-1.0625;1460;202;0;
2153;2026.04.02 01:15;4;5;4.9375;-1.125;1460;202;0;
2154;2026.04.02 01:30;4;5;4.9375;-0.6875;1459;202;0;
2155;2026.04.02 01:45;4;5;4.9375;-0.375;1460;202;0;
2156;2026.04.02 02:00;4;5;4.9375;-0.5;1460;202;0;
2157;2026.04.02 02:15;4;5;4.9375;-0.375;1459;202;0;
2158;2026.04.02 02:30;4;5;4.9375;-0.4375;1459;202;0;
2159;2026.04.02 02:45;4;5;4.9375;-0.5;1459;202;0;
2160;2026.04.02 03:00;4;5;4.9375;-0.4375;1459;202;0;
2161;2026.04.02 03:15;4;5;4.9375;-0.5;1459;202;0;
2162;2026.04.02 03:30;4;5;4.9375;-0.5;1459;202;0;
2163;2026.04.02 03:45;4;5;4.9375;-0.625;1459;202;0;
2164;2026.04.02 04:00;4;5;4.9375;-0.625;1459;202;0;
2165;2026.04.02 04:15;4;5;4.9375;-0.5;1459;202;0;
2166;2026.04.02 04:30;4;5;4.9375;-0.375;1459;202;0;
2167;2026.04.02 04:45;4;5;4.9375;-0.1875;1459;202;0;
2168;2026.04.02 05:00;4;5;4.9375;0;1459;202;0;
2169;2026.04.02 05:15;4;5;4.9375;0.125;1459;202;0;
2170;2026.04.02 05:30;4;5;4.9375;0.4375;1459;202;0;
2171;2026.04.02 05:45;4;5;4.9375;0.75;1459;202;0;
2172;2026.04.02 06:00;4;5;4.9375;1.25;1459;202;0;
2173;2026.04.02 06:15;4;5;4.9375;1.75;1459;202;0;
2174;2026.04.02 06:30;4;5;4.875;2.125;1458;202;0;
2175;2026.04.02 06:45;4;5;4.9375;2.125;1458;202;0;
2176;2026.04.02 07:00;4;5;4.875;2.125;1458;202;0;
2177;2026.04.02 07:15;4;5;4.875;2.4375;1458;202;0;
2178;2026.04.02 07:30;4;5;4.875;3.25;1458;202;0;
2179;2026.04.02 07:45;4;5;4.875;4.5;1458;202;0;
2180;2026.04.02 08:00;4;5;4.875;5.3125;1458;202;0;
2181;2026.04.02 08:15;4;5;4.875;6.625;1458;202;0;
2182;2026.04.02 08:30;4;10.875;6.625;7.375;284;202;0;
2183;2026.04.02 08:45;4;12.375;8.75;7.625;276;202;0;
2184;2026.04.02 09:00;4;11.875;9.25;7.75;273;202;0;
2185;2026.04.02 09:15;4;11.75;9.8125;8.5;251;202;0;
2186;2026.04.02 09:30;4;7.5;8.1875;9.5;1311;202;0;
2187;2026.04.02 09:45;4;6;6.5;9.125;1330;202;0;
2188;2026.04.02 10:00;4;5.625;5.875;9;1348;202;0;
2189;2026.04.02 10:15;4;5.5;5.625;9.125;1363;202;0;
2190;2026.04.02 10:30;4;5.375;5.5;8.875;1377;202;0;
2191;2026.04.02 10:45;4;5.375;5.375;9.25;1389;202;0;
2192;2026.04.02 11:00;4;5.375;5.3125;10;1400;202;0;
2193;2026.04.02 11:15;4;5.3125;5.25;11.5;1409;202;0;
2194;2026.04.02 11:30;4;5.25;5.25;13;1418;202;0;
2195;2026.04.02 11:45;4;5.25;5.25;12.875;1426;202;0;
2196;2026.04.02 12:00;4;5.25;5.1875;13.375;1433;202;0;
2197;2026.04.02 12:15;4;5.25;5.125;13.3125;1439;202;0;
2198;2026.04.02 12:30;4;5.25;5.125;12.9375;1445;202;0;
2199;2026.04.02 12:45;4;5.25;5.125;12.4375;1451;202;0;
2200;2026.04.02 13:00;4;5.25;5.125;12.625;1456;202;0;
2201;2026.04.02 13:15;4;5.25;5.125;12.625;1460;202;0;
2202;2026.04.02 13:30;4;5.25;5.125;12.125;1465;202;0;
2203;2026.04.02 13:45;4;5.1875;5.125;11.5;1468;202;0;
2204;2026.04.02 14:00;4;5.1875;5.125;11.25;1472;202;0;
2205;2026.04.02 14:15;4;5.1875;5.125;11.1875;1475;202;0;
2206;2026.04.02 14:30;4;5.1875;5.125;11.125;1478;202;0;
2207;2026.04.02 14:45;4;5.1875;5.125;11.375;1481;202;0;
2208;2026.04.02 15:00;4;5.1875;5.125;11.25;1484;202;0;
2209;2026.04.02 15:15;4;5.1875;5.125;10.875;1486;202;0;
2210;2026.04.02 15:30;4;5.1875;5.125;10.3125;1488;202;0;
2211;2026.04.02 15:45;4;5.125;5.125;9.75;1491;202;0;
2212;2026.04.02 16:00;4;5.1875;5.125;9;1493;202;0;
2213;2026.04.02 16:15;4;5.1875;5.125;7.875;1494;202;0;
2214;2026.04.02 16:30;4;5.1875;5.125;7.375;1496;202;0;
2215;2026.04.02 16:45;4;5.1875;5.125;6.75;1498;202;0;
2216;2026.04.02 17:00;4;5.1875;5.125;6.0625;1499;202;0;
2217;2026.04.02 17:15;4;5.1875;5.125;5.25;1501;202;0;
2218;2026.04.02 17:30;4;5.125;5.125;4.25;1502;202;0;
2219;2026.04.02 17:45;4;5.1875;5.125;3.4375;1504;202;0;
2220;2026.04.02 18:00;4;5.1875;5.125;3;1505;202;0;
2221;2026.04.02 18:15;4;5.1875;5.125;2.4375;1506;202;0;
2222;2026.04.02 18:30;4;5.1875;5.125;2.25;1507;202;0;
2223;2026.04.02 18:45;4;5.1875;5.125;1.875;1508;202;0;
2224;2026.04.02 19:00;4;5.1875;5.125;1.375;1510;202;0;
2225;2026.04.02 19:15;4;5.1875;5.1875;0.9375;1511;202;0;
2226;2026.04.02 19:30;4;5.1875;5.1875;0.375;1511;202;0;
2227;2026.04.02 19:45;4;5.1875;5.1875;0.125;1512;202;0;
2228;2026.04.02 20:00;4;5.1875;5.1875;-0.0625;1513;202;0;
2229;2026.04.02 20:15;4;5.1875;5.1875;-0.125;1514;202;0;
2230;2026.04.02 20:30;4;5.1875;5.25;-0.375;1515;202;0;
2231;2026.04.02 20:45;4;5.1875;5.25;-0.375;1516;202;0;
2232;2026.04.02 21:00;4;5.25;5.25;-0.375;1517;202;0;
2233;2026.04.02 21:15;4;5.1875;5.25;-0.5625;1517;202;0;
2234;2026.04.02 21:30;4;5.25;5.25;-0.5;1518;202;0;
2235;2026.04.02 21:45;4;5.25;5.25;-0.5625;1519;202;0;
2236;2026.04.02 22:00;4;5.25;5.25;-0.125;1519;202;0;
2237;2026.04.02 22:15;4;5.25;5.25;-0.6875;1520;202;0;
2238;2026.04.02 22:30;4;5.25;5.25;-1.4375;1520;202;0;
2239;2026.04.02 22:45;4;5.25;5.25;-1.75;1521;202;0;
2240;2026.04.02 23:00;4;5.25;5.25;-1.8125;1522;202;0;
2241;2026.04.02 23:15;4;5.25;5.25;-2.1875;1522;202;0;
2242;2026.04.02 23:30;4;5.25;5.25;-2.625;1523;202;0;
2243;2026.04.02 23:45;4;5.25;5.25;-2.8125;1523;202;0;
2244;2026.04.03 00:00;4;5.25;5.25;-2.9375;1524;202;0;
2245;2026.04.03 00:15;4;5.25;5.3125;-2.3125;1524;202;0;
2246;2026.04.03 00:30;4;5.25;5.3125;-1.3125;1525;202;0;
2247;2026.04.03 00:45;4;5.25;5.3125;-1.375;1525;202;0;
2248;2026.04.03 01:00;4;5.25;5.3125;-2.375;1526;202;0;
2249;2026.04.03 01:15;4;5.25;5.3125;-2.3125;1526;202;0;
2250;2026.04.03 01:30;4;5.25;5.3125;-1.875;1526;202;0;
2251;2026.04.03 01:45;4;5.25;5.3125;-2.25;1527;202;0;
2252;2026.04.03 02:00;4;5.25;5.3125;-2.25;1527;202;0;
2253;2026.04.03 02:15;4;5.25;5.3125;-2.5625;1528;202;0;
2254;2026.04.03 02:30;4;5.25;5.3125;-2.875;1528;202;0;
2255;2026.04.03 02:45;4;5.25;5.3125;-3.1875;1528;202;0;
2256;2026.04.03 03:00;4;5.25;5.3125;-3.5;1529;202;0;
2257;2026.04.03 03:15;4;5.25;5.375;-3.25;1529;202;0;
2258;2026.04.03 03:30;4;5.25;5.3125;-3.5;1529;202;0;
2259;2026.04.03 03:45;4;5.25;5.3125;-3.625;1530;202;0;
2260;2026.04.03 04:00;4;5.25;5.3125;-3.6875;1530;202;0;
2261;2026.04.03 04:15;4;5.25;5.3125;-3.75;1530;202;0;
2262;2026.04.03 04:30;4;5.25;5.3125;-3.875;1531;202;0;
2263;2026.04.03 04:45;4;5.25;5.3125;-4.25;1531;202;0;
2264;2026.04.03 05:00;4;5.25;5.3125;-4.1875;1531;202;0;
2265;2026.04.03 05:15;4;5.3125;5.3125;-3.875;1531;202;0;
2266;2026.04.03 05:30;4;5.25;5.3125;-3.5;1532;202;0;
2267;2026.04.03 05:45;4;5.3125;5.3125;-2.8125;1532;202;0;
2268;2026.04.03 06:00;4;5.3125;5.3125;-0.5625;1532;202;0;
2269;2026.04.03 06:15;4;5.25;5.3125;1.3125;1532;202;0;
2270;2026.04.03 06:30;4;5.25;5.25;1.625;1533;202;0;
2271;2026.04.03 06:45;4;5.25;5.25;2.0625;1533;202;0;
2272;2026.04.03 07:00;4;5.3125;5.25;3.75;1533;202;0;
2273;2026.04.03 07:15;4;5.25;5.25;5;1533;202;0;
2274;2026.04.03 07:30;4;5.3125;5.25;5.875;1533;202;0;
2275;2026.04.03 07:45;4;5.3125;5.25;7.4375;1534;202;0;
2276;2026.04.03 08:00;4;5.3125;5.25;9.125;1534;202;0;
2277;2026.04.03 08:15;4;5.25;5.25;11.75;1534;202;0;
2278;2026.04.03 08:30;4;5.3125;5.25;13.375;1534;202;0;
2279;2026.04.03 08:45;4;5.25;5.25;12.5;1534;202;0;
2280;2026.04.03 09:00;4;5.25;5.25;11.6875;1535;202;0;
2281;2026.04.03 09:15;4;5.25;5.25;12;1535;202;0;
2282;2026.04.03 09:30;4;5.25;5.25;15.25;1535;202;0;
2283;2026.04.03 09:45;4;5.25;5.25;15.5625;1535;202;0;
2284;2026.04.03 10:00;4;5.25;5.25;13.75;1535;202;0;
2285;2026.04.03 10:15;4;5.25;5.25;15;1536;202;0;
2286;2026.04.03 10:30;4;5.25;5.25;16.0625;1536;202;0;
2287;2026.04.03 10:45;4;5.25;5.25;13.75;1536;202;0;
2288;2026.04.03 11:00;4;5.25;5.25;13;1536;202;0;
2289;2026.04.03 11:15;4;5.25;5.25;12.5;1536;202;0;
2290;2026.04.03 11:30;4;5.25;5.25;12.6875;1536;202;0;
2291;2026.04.03 11:45;4;5.25;5.25;13.875;1537;202;0;
2292;2026.04.03 12:00;4;5.25;5.25;13.625;1537;202;0;
2293;2026.04.03 12:15;4;5.25;5.1875;14.5;1537;202;0;
2294;2026.04.03 12:30;4;5.25;5.1875;14.5;1537;202;0;
2295;2026.04.03 12:45;4;5.25;5.1875;13.75;1537;202;0;
2296;2026.04.03 13:00;4;5.25;5.1875;14.0625;1537;202;0;
2297;2026.04.03 13:15;4;5.25;5.1875;13.125;1538;202;0;
2298;2026.04.03 13:30;4;5.25;5.1875;13.125;1538;202;0;
2299;2026.04.03 13:45;4;5.25;5.1875;13.375;1538;202;0;
2300;2026.04.03 14:00;4;5.25;5.1875;14.125;1538;202;0;
2301;2026.04.03 14:15;4;5.25;5.1875;13.5;1538;202;0;
2302;2026.04.03 14:30;4;5.25;5.1875;12.875;1538;202;0;
2303;2026.04.03 14:45;4;5.25;5.1875;12.875;1538;202;0;
2304;2026.04.03 15:00;4;5.25;5.1875;13;1539;202;0;
2305;2026.04.03 15:15;4;5.25;5.1875;11.875;1539;202;0;
2306;2026.04.03 15:30;4;5.25;5.1875;11.3125;1539;202;0;
2307;2026.04.03 15:45;4;5.25;5.1875;10.6875;1539;202;0;
2308;2026.04.03 16:00;4;5.25;5.1875;11.25;1539;202;0;
2309;2026.04.03 16:15;4;5.25;5.25;11.375;1539;202;0;
2310;2026.04.03 16:30;4;5.25;5.25;11.0625;1539;202;0;
2311;2026.04.03 16:45;4;5.25;5.25;10.625;1540;202;0;
2312;2026.04.03 17:00;4;5.25;5.25;10.125;1540;202;0;
2313;2026.04.03 17:15;4;5.25;5.25;9.5;1540;202;0;
2314;2026.04.03 17:30;4;5.25;5.25;8.1875;1540;202;0;
2315;2026.04.03 17:45;4;5.25;5.25;7.625;1540;202;0;
2316;2026.04.03 18:00;4;5.25;5.25;7.5;1540;202;0;
2317;2026.04.03 18:15;4;5.25;5.25;6.375;1540;202;0;
2318;2026.04.03 18:30;4;5.25;5.25;4.5;1540;202;0;
2319;2026.04.03 18:45;4;5.25;5.25;3.5;1541;202;0;
2320;2026.04.03 19:00;4;5.25;5.25;3.25;1541;202;0;
2321;2026.04.03 19:15;4;5.25;5.25;2.875;1541;202;0;
2322;2026.04.03 19:30;4;5.25;5.25;2.75;1541;202;0;
2323;2026.04.03 19:45;4;5.25;5.3125;3;1541;202;0;
2324;2026.04.03 20:00;4;5.25;5.3125;2.5;1541;202;0;
2325;2026.04.03 20:15;4;5.25;5.3125;2;1541;202;0;
2326;2026.04.03 20:30;4;5.25;5.3125;2;1542;202;0;
2327;2026.04.03 20:45;4;5.25;5.3125;2.4375;1542;202;0;
2328;2026.04.03 21:00;4;5.25;5.375;2.6875;1542;202;0;
2329;2026.04.03 21:15;4;5.3125;5.375;3.5;1542;202;0;
2330;2026.04.03 21:30;4;5.25;5.375;4;1542;202;0;
2331;2026.04.03 21:45;4;5.3125;5.375;4.25;1542;202;0;
2332;2026.04.03 22:00;4;5.3125;5.375;4.5;1542;202;0;
2333;2026.04.03 22:15;4;5.3125;5.375;4.625;1542;202;0;
2334;2026.04.03 22:30;4;5.3125;5.375;4.625;1542;202;0;
2335;2026.04.03 22:45;4;5.3125;5.375;5;1543;202;0;
2336;2026.04.03 23:00;4;5.3125;5.375;5.0625;1543;202;0;
2337;2026.04.03 23:15;4;5.3125;5.375;5;1543;202;0;
2338;2026.04.03 23:30;4;5.3125;5.375;4.5625;1543;202;0;
2339;2026.04.03 23:45;4;5.3125;5.375;3.875;1543;202;0;
2340;2026.04.04 00:00;4;5.375;5.4375;3.1875;1543;202;0;
2341;2026.04.04 00:15;4;5.375;5.4375;2.5;1543;202;0;
2342;2026.04.04 00:30;4;5.375;5.4375;2.625;1543;202;0;
2343;2026.04.04 00:45;4;5.375;5.4375;2.625;1543;202;0;
2344;2026.04.04 01:00;4;5.375;5.4375;2;1543;202;0;
2345;2026.04.04 01:15;4;5.375;5.4375;1.25;1544;202;0;
2346;2026.04.04 01:30;4;5.375;5.5;1.375;1544;202;0;
2347;2026.04.04 01:45;4;5.375;5.5;2.5;1544;202;0;
2348;2026.04.04 02:00;4;5.375;5.5;3.125;1544;202;0;
2349;2026.04.04 02:15;4;5.375;5.5;3.5625;1544;202;0;
2350;2026.04.04 02:30;4;5.375;5.5;3.5625;1544;202;0;
2351;2026.04.04 02:45;4;5.375;5.5;3.875;1544;202;0;
2352;2026.04.04 03:00;4;5.375;5.5;4.0625;1544;202;0;
2353;2026.04.04 03:15;4;5.375;5.5;4.875;1544;202;0;
2354;2026.04.04 03:30;4;5.375;5.5;5.25;1544;202;0;
2355;2026.04.04 03:45;4;5.375;5.5;5.875;1544;202;0;
2356;2026.04.04 04:00;4;5.375;5.5;6.25;1545;202;0;
2357;2026.04.04 04:15;4;5.375;5.5;6.5;1545;202;0;
2358;2026.04.04 04:30;4;5.375;5.5;6.6875;1545;202;0;
2359;2026.04.04 04:45;4;5.375;5.5;7;1545;202;0;
2360;2026.04.04 05:00;4;5.375;5.5;6.8125;1545;202;0;
2361;2026.04.04 05:15;4;5.375;5.5;6.625;1545;202;0;
2362;2026.04.04 05:30;4;5.375;5.5;6.5;1545;202;0;
2363;2026.04.04 05:45;4;5.375;5.5;6.5;1545;202;0;
2364;2026.04.04 06:00;4;5.375;5.5;7;1545;202;0;
2365;2026.04.04 06:15;4;5.375;5.5;7.5;1545;202;0;
2366;2026.04.04 06:30;4;5.375;5.5;7.75;1545;202;0;
2367;2026.04.04 06:45;4;5.4375;5.5;8;1545;202;0;
2368;2026.04.04 07:00;4;5.4375;5.5;8.125;1545;202;0;
2369;2026.04.04 07:15;4;5.4375;5.5;8.375;1545;202;0;
2370;2026.04.04 07:30;4;5.4375;5.5;8.875;1545;202;0;
2371;2026.04.04 07:45;4;5.4375;5.5;9;1545;202;0;
2372;2026.04.04 08:00;4;5.4375;5.5;9;1546;202;0;
2373;2026.04.04 08:15;4;5.4375;5.5;9.125;1546;202;0;
2374;2026.04.04 08:30;4;5.4375;5.5;9.125;1546;202;0;
2375;2026.04.04 08:45;4;5.4375;5.5;9.1875;1546;202;0;
2376;2026.04.04 09:00;4;5.4375;5.5;9.375;1546;202;0;
2377;2026.04.04 09:15;4;5.4375;5.5;9.375;1546;202;0;
2378;2026.04.04 09:30;4;5.4375;5.5;9.75;1546;202;0;
2379;2026.04.04 09:45;4;5.4375;5.5;10.125;1546;202;0;
2380;2026.04.04 10:00;4;5.4375;5.5;10.4375;1546;202;0;
2381;2026.04.04 10:15;4;5.4375;5.5;10.9375;1546;202;0;
2382;2026.04.04 10:30;4;5.4375;5.5;11.25;1546;202;0;
2383;2026.04.04 10:45;4;5.4375;5.5;11.1875;1546;202;0;
2384;2026.04.04 11:00;4;5.4375;5.5;11.125;1546;202;0;
2385;2026.04.04 11:15;4;5.4375;5.5;11.25;1546;202;0;
2386;2026.04.04 11:30;4;5.4375;5.5;12;1546;202;0;
2387;2026.04.04 11:45;4;5.4375;5.5;13.125;1547;202;0;
2388;2026.04.04 12:00;4;5.4375;5.5;15.25;1547;202;0;
2389;2026.04.04 12:15;4;5.4375;5.5;16.25;1547;202;0;
2390;2026.04.04 12:30;4;5.5;5.5;15;1547;202;0;
2391;2026.04.04 12:45;4;5.4375;5.5;14.375;1547;202;0;
2392;2026.04.04 13:00;4;5.5;5.5;16.125;1547;202;0;
2393;2026.04.04 13:15;4;5.5;5.5;16.5;1547;202;0;
2394;2026.04.04 13:30;4;5.5;5.5;15.375;1547;202;0;
2395;2026.04.04 13:45;4;5.5;5.5;14;1547;202;0;
2396;2026.04.04 14:00;4;5.5;5.5;13.4375;1547;202;0;
2397;2026.04.04 14:15;4;5.5;5.5;12.6875;1547;202;0;
2398;2026.04.04 14:30;4;5.5;5.5;11.875;1547;202;0;
2399;2026.04.04 14:45;4;5.5;5.5;11.625;1547;202;0;
2400;2026.04.04 15:00;4;5.5;5.5;11.3125;1547;202;0;
2401;2026.04.04 15:15;4;5.5;5.5;11.5625;1547;202;0;
2402;2026.04.04 15:30;4;5.5;5.5;11.5;1547;202;0;
2403;2026.04.04 15:45;4;5.5;5.5625;11.375;1548;202;0;
2404;2026.04.04 16:00;4;5.5;5.5625;11.0625;1548;202;0;
2405;2026.04.04 16:15;4;5.5;5.5625;11.125;1548;202;0;
2406;2026.04.04 16:30;4;5.5;5.5625;10.9375;1548;202;0;
2407;2026.04.04 16:45;4;5.5;5.5625;10.75;1548;202;0;
2408;2026.04.04 17:00;4;5.5;5.625;10.625;1548;202;0;
2409;2026.04.04 17:15;4;5.5;5.625;10.375;1548;202;0;
2410;2026.04.04 17:30;4;5.5;5.625;10.125;1548;202;0;
2411;2026.04.04 17:45;4;5.5;5.625;9.875;1548;202;0;
2412;2026.04.04 18:00;4;5.5;5.625;9.8125;1548;202;0;
2413;2026.04.04 18:15;4;5.5;5.625;9.625;1548;202;0;
2414;2026.04.04 18:30;4;5.5;5.625;9.5625;1548;202;0;
2415;2026.04.04 18:45;4;5.5;5.625;9.5;1548;202;0;
2416;2026.04.04 19:00;4;5.5;5.625;9.3125;1548;202;0;
2417;2026.04.04 19:15;4;5.5;5.625;8.75;1548;202;0;
2418;2026.04.04 19:30;4;5.5;5.625;7.875;1548;202;0;
2419;2026.04.04 19:45;4;5.5;5.625;7.5;1549;202;0;
2420;2026.04.04 20:00;4;5.5;5.625;7.4375;1549;202;0;
2421;2026.04.04 20:15;4;5.5;5.625;7.5;1549;202;0;
2422;2026.04.04 20:30;4;5.5;5.6875;7.625;1549;202;0;
2423;2026.04.04 20:45;4;5.5;5.6875;7.6875;1549;202;0;
2424;2026.04.04 21:00;4;5.5;5.75;7.6875;1549;202;0;
2425;2026.04.04 21:15;4;5.5;5.75;7.6875;1549;202;0;
2426;2026.04.04 21:30;4;5.5;5.75;7.75;1549;202;0;
2427;2026.04.04 21:45;4;5.5;5.75;7.875;1549;202;0;
2428;2026.04.04 22:00;4;5.5625;5.75;8;1549;202;0;
2429;2026.04.04 22:15;4;5.5625;5.75;7.9375;1549;202;0;
2430;2026.04.04 22:30;4;5.5625;5.75;7.8125;1549;202;0;
2431;2026.04.04 22:45;4;5.5625;5.75;7.625;1549;202;0;
2432;2026.04.04 23:00;4;5.5625;5.75;7.125;1549;202;0;
2433;2026.04.04 23:15;4;5.625;5.75;6.9375;1549;202;0;
2434;2026.04.04 23:30;4;5.5625;5.75;6.375;1550;202;0;
2435;2026.04.04 23:45;4;5.625;5.75;5.6875;1550;202;0;
2436;2026.04.05 00:00;4;5.625;5.8125;5.125;1550;202;0;
2437;2026.04.05 00:15;4;5.625;5.8125;4.5;1550;202;0;
2438;2026.04.05 00:30;4;5.625;5.8125;5.375;1550;202;0;
2439;2026.04.05 00:45;4;5.625;5.8125;6.25;1550;202;0;
2440;2026.04.05 01:00;4;5.625;5.875;6.0625;1550;202;0;
2441;2026.04.05 01:15;4;5.625;5.875;5.125;1550;202;0;
2442;2026.04.05 01:30;4;5.625;5.875;4.125;1550;202;0;
2443;2026.04.05 01:45;4;5.625;5.875;3.875;1550;202;0;
2444;2026.04.05 02:00;4;5.625;5.875;3.25;1550;202;0;
2445;2026.04.05 02:15;4;5.625;5.875;3.0625;1550;202;0;
2446;2026.04.05 02:30;4;5.625;5.875;2.875;1550;202;0;
2447;2026.04.05 02:45;4;5.625;5.875;2.75;1550;202;0;
2448;2026.04.05 03:00;4;5.625;5.875;2.75;1550;202;0;
2449;2026.04.05 03:15;4;5.625;5.875;3.125;1550;202;0;
2450;2026.04.05 03:30;4;5.625;5.875;2.5625;1550;202;0;
2451;2026.04.05 03:45;4;5.625;5.875;3.5;1550;202;0;
2452;2026.04.05 04:00;4;5.6875;5.875;3.125;1551;202;0;
2453;2026.04.05 04:15;4;5.6875;5.9375;2.6875;1551;202;0;
2454;2026.04.05 04:30;4;5.6875;5.9375;2.75;1551;202;0;
2455;2026.04.05 04:45;4;5.6875;5.9375;2.625;1551;202;0;
2456;2026.04.05 05:00;4;5.6875;5.9375;2.5;1551;202;0;
2457;2026.04.05 05:15;4;5.6875;5.9375;3.125;1551;202;0;
2458;2026.04.05 05:30;4;5.6875;5.9375;3.75;1551;202;0;
2459;2026.04.05 05:45;4;5.75;5.9375;4.9375;1551;202;0;
2460;2026.04.05 06:00;4;5.75;5.9375;7.25;1551;202;0;
2461;2026.04.05 06:15;4;5.75;6;8.625;1551;202;0;
2462;2026.04.05 06:30;4;5.75;6;8.625;1551;202;0;
2463;2026.04.05 06:45;4;5.75;6;9.1875;1551;202;0;
2464;2026.04.05 07:00;4;5.75;6;9.6875;1551;202;0;
2465;2026.04.05 07:15;4;5.75;6;11.375;1551;202;0;
2466;2026.04.05 07:30;4;5.75;6;12.125;1551;202;0;
2467;2026.04.05 07:45;4;5.75;6;14.25;1551;202;0;
2468;2026.04.05 08:00;4;5.75;6;16.4375;1551;202;0;
2469;2026.04.05 08:15;4;5.75;6;18.25;1551;202;0;
2470;2026.04.05 08:30;4;5.75;6;19;1551;202;0;
2471;2026.04.05 08:45;4;5.75;6;19.8125;1551;202;0;
2472;2026.04.05 09:00;4;5.75;6;20.8125;1551;202;0;
2473;2026.04.05 09:15;4;5.75;6;20.5625;1551;202;0;
2474;2026.04.05 09:30;4;5.75;6;21.625;1551;202;0;
2475;2026.04.05 09:45;4;5.75;6;22.125;1552;202;0;
2476;2026.04.05 10:00;4;5.75;6;22.8125;1552;202;0;
2477;2026.04.05 10:15;4;5.75;6;24;1552;202;0;
2478;2026.04.05 10:30;4;5.75;6;23.5625;1552;202;0;
2479;2026.04.05 10:45;4;5.75;6;24.25;1552;202;0;
2480;2026.04.05 11:00;4;5.75;6;25.75;1552;202;0;
2481;2026.04.05 11:15;4;5.75;6;26.25;1552;202;0;
2482;2026.04.05 11:30;4;5.75;6;25.3125;1552;202;0;
2483;2026.04.05 11:45;4;5.75;6;23.9375;1552;202;0;
2484;2026.04.05 12:00;4;5.75;6;23.5;1552;202;0;
2485;2026.04.05 12:15;4;5.75;6;23.875;1552;202;0;
2486;2026.04.05 12:30;4;5.75;6;25.0625;1552;202;0;
2487;2026.04.05 12:45;4;5.75;6;24.875;1552;202;0;
2488;2026.04.05 13:00;4;5.75;6;24.875;1552;202;0;
2489;2026.04.05 13:15;4;5.75;6;24.625;1552;202;0;
2490;2026.04.05 13:30;4;5.75;6;23.875;1552;202;0;
2491;2026.04.05 13:45;4;5.75;6;23.3125;1552;202;0;
2492;2026.04.05 14:00;4;5.8125;6;23.125;1552;202;0;
2493;2026.04.05 14:15;4;5.75;6;22.6875;1552;202;0;
2494;2026.04.05 14:30;4;5.75;6;22.1875;1552;202;0;
2495;2026.04.05 14:45;4;5.8125;6;22;1552;202;0;
2496;2026.04.05 15:00;4;5.8125;6;21.875;1552;202;0;
2497;2026.04.05 15:15;4;5.8125;6.0625;21.375;1553;202;0;
2498;2026.04.05 15:30;4;5.8125;6.0625;20.875;1553;202;0;
2499;2026.04.05 15:45;4;5.8125;6.0625;21.1875;1553;202;0;
2500;2026.04.05 16:00;4;5.875;6.0625;20.8125;1553;202;0;
2501;2026.04.05 16:15;4;5.8125;6.125;20.1875;1553;202;0;
2502;2026.04.05 16:30;4;5.8125;6.125;19.75;1553;202;0;
2503;2026.04.05 16:45;4;5.875;6.125;18.9375;1553;202;0;
2504;2026.04.05 17:00;4;5.875;6.125;18.1875;1553;202;0;
2505;2026.04.05 17:15;4;5.875;6.125;17.5;1553;202;0;
2506;2026.04.05 17:30;4;5.875;6.125;16.625;1553;202;0;
2507;2026.04.05 17:45;4;5.875;6.1875;16.0625;1553;202;0;
2508;2026.04.05 18:00;4;5.875;6.1875;14.875;1553;202;0;
2509;2026.04.05 18:15;4;5.875;6.25;12.75;1553;202;0;
2510;2026.04.05 18:30;4;5.875;6.25;11.625;1553;202;0;
2511;2026.04.05 18:45;4;5.875;6.25;11.0625;1553;202;0;
2512;2026.04.05 19:00;4;5.875;6.25;12.0625;1553;202;0;
2513;2026.04.05 19:15;4;5.875;6.25;12.875;1553;202;0;
2514;2026.04.05 19:30;4;5.875;6.25;13.375;1553;202;0;
2515;2026.04.05 19:45;4;5.875;6.3125;12.6875;1553;202;0;
2516;2026.04.05 20:00;4;5.875;6.3125;12.875;1553;202;0;
2517;2026.04.05 20:15;4;5.9375;6.375;13.25;1554;202;0;
2518;2026.04.05 20:30;4;5.9375;6.375;11.5625;1554;202;0;
2519;2026.04.05 20:45;4;5.9375;6.375;10.6875;1554;202;0;
2520;2026.04.05 21:00;4;6;6.375;10.375;1554;202;0;
2521;2026.04.05 21:15;4;6;6.375;10.75;1554;202;0;
2522;2026.04.05 21:30;4;6;6.4375;12;1554;202;0;
2523;2026.04.05 21:45;4;6;6.4375;12.4375;1554;202;0;
2524;2026.04.05 22:00;4;6;6.5;12.625;1554;202;0;
2525;2026.04.05 22:15;4;6;6.5;12.625;1554;202;0;
2526;2026.04.05 22:30;4;6;6.5;12.375;1554;202;0;
2527;2026.04.05 22:45;4;6;6.5;12.125;1554;202;0;
2528;2026.04.05 23:00;4;6.0625;6.5;11.875;1554;202;0;
2529;2026.04.05 23:15;4;6;6.5;11.375;1554;202;0;
2530;2026.04.05 23:30;4;6.0625;6.5;11.375;1554;202;0;
2531;2026.04.05 23:45;4;6.0625;6.5625;11.125;1554;202;0;
2532;2026.04.06 00:00;4;6.125;6.5625;10.75;1554;202;0;
2533;2026.04.06 00:15;4;6.125;6.5625;10.5625;1554;202;0;
2534;2026.04.06 00:30;4;6.125;6.625;10.5;1554;202;0;
2535;2026.04.06 00:45;4;6.125;6.625;10.375;1554;202;0;
2536;2026.04.06 01:00;4;6.125;6.625;10.375;1554;202;0;
2537;2026.04.06 01:15;4;6.125;6.625;10.625;1554;202;0;
2538;2026.04.06 01:30;4;6.125;6.625;10.25;1554;202;0;
2539;2026.04.06 01:45;4;6.125;6.625;10;1554;202;0;
2540;2026.04.06 02:00;4;6.125;6.625;9.9375;1555;202;0;
2541;2026.04.06 02:15;4;6.125;6.625;9.875;1555;202;0;
2542;2026.04.06 02:30;4;6.125;6.625;9.625;1555;202;0;
2543;2026.04.06 02:45;4;6.125;6.6875;9.5;1555;202;0;
2544;2026.04.06 03:00;4;6.1875;6.6875;9.3125;1555;202;0;
2545;2026.04.06 03:15;4;6.1875;6.6875;9.125;1555;202;0;
2546;2026.04.06 03:30;4;6.1875;6.6875;9;1555;202;0;
2547;2026.04.06 03:45;4;6.1875;6.75;8.6875;1555;202;0;
2548;2026.04.06 04:00;4;6.25;6.75;8.25;1555;202;0;
2549;2026.04.06 04:15;4;6.25;6.75;7.75;1555;202;0;
2550;2026.04.06 04:30;4;6.25;6.75;7.25;1555;202;0;
2551;2026.04.06 04:45;4;6.25;6.75;6.3125;1555;202;0;
2552;2026.04.06 05:00;4;6.25;6.75;5.25;1555;202;0;
2553;2026.04.06 05:15;4;6.25;6.75;4.8125;1555;202;0;
2554;2026.04.06 05:30;4;6.25;6.75;5.3125;1555;202;0;
2555;2026.04.06 05:45;4;6.25;6.75;6;1555;202;0;
2556;2026.04.06 06:00;4;6.25;6.75;7.875;1555;202;0;
2557;2026.04.06 06:15;4;6.25;6.75;9;1555;202;0;
2558;2026.04.06 06:30;4;6.25;6.75;9.125;1555;202;0;
2559;2026.04.06 06:45;4;6.25;6.75;9.125;1555;202;0;
2560;2026.04.06 07:00;4;6.3125;6.75;9.5;1555;202;0;
2561;2026.04.06 07:15;4;6.3125;6.75;10;1555;202;0;
2562;2026.04.06 07:30;4;6.3125;6.75;10.5;1555;202;0;
2563;2026.04.06 07:45;4;6.3125;6.8125;11.625;1555;202;0;
2564;2026.04.06 08:00;4;6.3125;6.75;12.75;1555;202;0;
2565;2026.04.06 08:15;4;6.375;6.8125;13.25;1555;202;0;
2566;2026.04.06 08:30;4;6.375;6.8125;13.125;1555;202;0;
2567;2026.04.06 08:45;4;6.375;6.8125;14.75;1555;202;0;
2568;2026.04.06 09:00;4;6.375;6.8125;13.5;1555;202;0;
2569;2026.04.06 09:15;4;6.375;6.8125;13.5625;1555;202;0;
2570;2026.04.06 09:30;4;6.375;6.8125;12.9375;1555;202;0;
2571;2026.04.06 09:45;4;6.375;6.8125;15.1875;1555;202;0;
2572;2026.04.06 10:00;4;6.375;6.875;15.125;1556;202;0;
2573;2026.04.06 10:15;4;6.375;6.8125;14.5625;1556;202;0;
2574;2026.04.06 10:30;4;6.375;6.8125;15.8125;1556;202;0;
2575;2026.04.06 10:45;4;6.375;6.8125;18.1875;1556;202;0;
2576;2026.04.06 11:00;4;6.375;6.8125;19.375;1556;202;0;
2577;2026.04.06 11:15;4;6.375;6.8125;20;1556;202;0;
2578;2026.04.06 11:30;4;6.375;6.8125;19.25;1556;202;0;
2579;2026.04.06 11:45;4;6.375;6.8125;19;1556;202;0;
2580;2026.04.06 12:00;4;6.375;6.8125;16.625;1556;202;0;
2581;2026.04.06 12:15;4;6.375;6.8125;17.75;1556;202;0;
2582;2026.04.06 12:30;4;6.375;6.875;17.8125;1556;202;0;
2583;2026.04.06 12:45;4;6.375;6.875;18.375;1556;202;0;
2584;2026.04.06 13:00;4;6.375;6.875;17.875;1556;202;0;
2585;2026.04.06 13:15;4;6.375;6.875;17.125;1556;202;0;
2586;2026.04.06 13:30;4;6.375;6.875;15.375;1556;202;0;
2587;2026.04.06 13:45;4;6.375;6.875;14.8125;1556;202;0;
2588;2026.04.06 14:00;4;6.375;6.875;14.3125;1556;202;0;
2589;2026.04.06 14:15;4;6.375;6.875;13.875;1556;202;0;
2590;2026.04.06 14:30;4;6.375;6.875;14.1875;1556;202;0;
2591;2026.04.06 14:45;4;6.375;6.875;13.75;1556;202;0;
2592;2026.04.06 15:00;4;6.4375;6.875;13.75;1556;202;0;
2593;2026.04.06 15:15;4;6.4375;6.875;13.25;1556;202;0;
2594;2026.04.06 15:30;4;6.4375;6.875;12.4375;1556;202;0;
2595;2026.04.06 15:45;4;6.4375;6.875;12;1556;202;0;
2596;2026.04.06 16:00;4;6.4375;6.875;11.5;1556;202;0;
2597;2026.04.06 16:15;4;6.4375;6.875;11;1556;202;0;
2598;2026.04.06 16:30;4;6.4375;6.875;10.75;1556;202;0;
2599;2026.04.06 16:45;4;6.4375;6.875;10;1556;202;0;
2600;2026.04.06 17:00;4;6.5;6.875;9;1556;202;0;
2601;2026.04.06 17:15;4;6.5;6.875;8.125;1557;202;0;
2602;2026.04.06 17:30;4;6.5;6.875;7;1557;202;0;
2603;2026.04.06 17:45;4;6.5;6.9375;5.4375;1557;202;0;
2604;2026.04.06 18:00;4;6.5;6.9375;4.375;1557;202;0;
2605;2026.04.06 18:15;4;6.5;6.9375;3.5;1557;202;0;
2606;2026.04.06 18:30;4;6.5;6.9375;2.875;1557;202;0;
2607;2026.04.06 18:45;4;6.5;7;2.0625;1557;202;0;
2608;2026.04.06 19:00;4;6.5;7;1.625;1557;202;0;
2609;2026.04.06 19:15;4;6.5;7;1.3125;1557;202;0;
2610;2026.04.06 19:30;4;6.5;7;1;1557;202;0;
2611;2026.04.06 19:45;4;6.5;7;0.875;1557;202;0;
2612;2026.04.06 20:00;4;6.5;7;0.75;1557;202;0;
2613;2026.04.06 20:15;4;6.5;7;0.5;1557;202;0;
2614;2026.04.06 20:30;4;6.5;7;0.5625;1557;202;0;
2615;2026.04.06 20:45;4;6.5;7;0.375;1557;202;0;
2616;2026.04.06 21:00;4;6.5;7;0.25;1557;202;0;
2617;2026.04.06 21:15;4;6.5625;7;0.125;1557;202;0;
2618;2026.04.06 21:30;4;6.5;7.0625;-0.375;1557;202;0;
2619;2026.04.06 21:45;4;6.5625;7.0625;-1;1557;202;0;
2620;2026.04.06 22:00;4;6.5625;7.0625;-1.0625;1557;202;0;
2621;2026.04.06 22:15;4;6.5625;7.0625;-1.0625;1557;202;0;
2622;2026.04.06 22:30;4;6.5625;7.0625;-1.0625;1557;202;0;
2623;2026.04.06 22:45;4;6.625;7.0625;-1.25;1557;202;0;
2624;2026.04.06 23:00;4;6.625;7.125;-1.3125;1557;202;0;
2625;2026.04.06 23:15;4;6.625;7.125;-1.375;1557;202;0;
2626;2026.04.06 23:30;4;6.625;7.125;-1.625;1558;202;0;
2627;2026.04.06 23:45;4;6.625;7.125;-1.75;1558;202;0;
2628;2026.04.07 00:00;4;6.625;7.125;-2;1558;202;0;
2629;2026.04.07 00:15;4;6.625;7.125;-2;1558;202;0;
2630;2026.04.07 00:30;4;6.625;7.125;-2.25;1558;202;0;
2631;2026.04.07 00:45;4;6.625;7.125;-2.25;1558;202;0;
2632;2026.04.07 01:00;4;6.625;7.125;-2.625;1558;202;0;
2633;2026.04.07 01:15;4;6.625;7.125;-2.5;1558;202;0;
2634;2026.04.07 01:30;4;6.625;7.125;-2.375;1558;202;0;
2635;2026.04.07 01:45;4;6.625;7.125;-2.3125;1558;202;0;
2636;2026.04.07 02:00;4;6.625;7.125;-2.1875;1558;202;0;
2637;2026.04.07 02:15;4;6.625;7.125;-2.5;1558;202;0;
2638;2026.04.07 02:30;4;6.625;7.125;-3;1558;202;0;
2639;2026.04.07 02:45;4;6.625;7.125;-3;1558;202;0;
2640;2026.04.07 03:00;4;6.625;7.125;-3;1558;202;0;
2641;2026.04.07 03:15;4;6.625;7.125;-2.875;1558;202;0;
2642;2026.04.07 03:30;4;6.625;7.125;-2.9375;1558;202;0;
2643;2026.04.07 03:45;4;6.625;7.125;-3.25;1558;202;0;
2644;2026.04.07 04:00;4;6.625;7.0625;-3.25;1558;202;0;
2645;2026.04.07 04:15;4;6.625;7.0625;-3.5;1558;202;0;
2646;2026.04.07 04:30;4;6.625;7.0625;-3.75;1558;202;0;
2647;2026.04.07 04:45;4;6.625;7.0625;-3.4375;1558;202;0;
2648;2026.04.07 05:00;4;6.625;7.0625;-3.375;1558;202;0;
2649;2026.04.07 05:15;4;6.625;7.0625;-2.75;1558;202;0;
2650;2026.04.07 05:30;4;6.625;7;-2.25;1558;202;0;
2651;2026.04.07 05:45;4;6.625;7;-1;1558;202;0;
2652;2026.04.07 06:00;4;6.625;7;1.3125;1558;202;0;
2653;2026.04.07 06:15;4;6.625;7;3.1875;1558;202;0;
2654;2026.04.07 06:30;4;6.6875;7;3.75;1558;202;0;
2655;2026.04.07 06:45;4;6.625;7;4.25;1558;202;0;
2656;2026.04.07 07:00;4;6.625;7;5;1558;202;0;
2657;2026.04.07 07:15;4;6.625;7;6.125;1558;202;0;
2658;2026.04.07 07:30;4;6.625;7;6.75;1558;202;0;
2659;2026.04.07 07:45;4;6.625;7;8.6875;1558;202;0;
2660;2026.04.07 08:00;4;6.625;7;11.25;1558;202;0;
2661;2026.04.07 08:15;4;6.625;7;12.75;1558;202;0;
2662;2026.04.07 08:30;4;6.625;6.9375;13.875;1558;202;0;
2663;2026.04.07 08:45;4;6.625;6.9375;15.0625;1558;202;0;
2664;2026.04.07 09:00;4;6.625;6.9375;15.875;1558;202;0;
2665;2026.04.07 09:15;4;6.625;6.875;16.375;1558;202;0;
2666;2026.04.07 09:30;4;6.625;6.875;16.75;1558;202;0;
2667;2026.04.07 09:45;4;6.625;6.875;17.125;1558;202;0;
2668;2026.04.07 10:00;4;6.625;6.875;17.125;1559;202;0;
2669;2026.04.07 10:15;4;6.625;6.875;17.6875;1559;202;0;
2670;2026.04.07 10:30;4;6.625;6.875;18.1875;1559;202;0;
2671;2026.04.07 10:45;4;6.625;6.875;18.6875;1559;202;0;
2672;2026.04.07 11:00;4;6.625;6.875;18.875;1559;202;0;
2673;2026.04.07 11:15;4;6.625;6.875;18.9375;1559;202;0;
2674;2026.04.07 11:30;4;6.625;6.875;19.0625;1559;202;0;
2675;2026.04.07 11:45;4;6.625;6.875;19.375;1559;202;0;
2676;2026.04.07 12:00;4;6.625;6.8125;20.125;1559;202;0;
2677;2026.04.07 12:15;4;6.625;6.8125;20.0625;1559;202;0;
2678;2026.04.07 12:30;4;6.625;6.8125;19.875;1559;202;0;
2679;2026.04.07 12:45;4;6.625;6.8125;20.625;1559;202;0;
2680;2026.04.07 13:00;4;6.625;6.8125;19.875;1559;202;0;
2681;2026.04.07 13:15;4;6.625;6.75;18.875;1559;202;0;
2682;2026.04.07 13:30;4;6.625;6.75;16.5;1559;202;0;
2683;2026.04.07 13:45;4;6.625;6.75;15.6875;1559;202;0;
2684;2026.04.07 14:00;4;6.625;6.75;15.4375;1559;202;0;
2685;2026.04.07 14:15;4;6.625;6.75;15;1559;202;0;
2686;2026.04.07 14:30;4;6.625;6.75;15;1559;202;0;
2687;2026.04.07 14:45;4;6.625;6.75;14.6875;1559;202;0;
2688;2026.04.07 15:00;4;6.625;6.75;14.4375;1559;202;0;
2689;2026.04.07 15:15;4;6.625;6.75;14;1559;202;0;
2690;2026.04.07 15:30;4;6.625;6.75;13.5;1559;202;0;
2691;2026.04.07 15:45;4;6.5625;6.75;13;1559;202;0;
2692;2026.04.07 16:00;4;6.5625;6.75;12.375;1559;202;0;
2693;2026.04.07 16:15;4;6.625;6.75;12;1559;202;0;
2694;2026.04.07 16:30;4;6.5625;6.75;11.5;1559;202;0;
2695;2026.04.07 16:45;4;6.625;6.75;10.75;1559;202;0;
2696;2026.04.07 17:00;4;6.5625;6.8125;10.3125;1559;202;0;
2697;2026.04.07 17:15;4;6.5625;6.8125;9.875;1559;202;0;
2698;2026.04.07 17:30;4;6.5625;6.8125;9.125;1559;202;0;
2699;2026.04.07 17:45;4;6.5625;6.8125;8.625;1559;202;0;
2700;2026.04.07 18:00;4;6.5625;6.8125;7.9375;1560;202;0;
2701;2026.04.07 18:15;4;6.5625;6.875;7.1875;1560;202;0;
2702;2026.04.07 18:30;4;6.625;6.875;5.875;1560;202;0;
2703;2026.04.07 18:45;4;6.625;6.875;5.625;1560;202;0;
2704;2026.04.07 19:00;4;6.625;6.875;5.875;1560;202;0;
2705;2026.04.07 19:15;4;6.625;6.875;5.125;1560;202;0;
2706;2026.04.07 19:30;4;6.625;6.875;4;1560;202;0;
2707;2026.04.07 19:45;4;6.625;6.875;2.875;1560;202;0;
2708;2026.04.07 20:00;4;6.625;6.875;1.875;1560;202;0;
2709;2026.04.07 20:15;4;6.625;6.875;1;1560;202;0;
2710;2026.04.07 20:30;4;6.625;6.875;0;1560;202;0;
2711;2026.04.07 20:45;4;6.625;6.875;-0.25;1560;202;0;
2712;2026.04.07 21:00;4;6.625;6.9375;0.9375;1560;202;0;
2713;2026.04.07 21:15;4;6.625;6.9375;2.9375;1560;202;0;
2714;2026.04.07 21:30;4;6.625;6.9375;3.5;1560;202;0;
2715;2026.04.07 21:45;4;6.625;7;2.875;1560;202;0;
2716;2026.04.07 22:00;4;6.625;7;2.0625;1560;202;0;
2717;2026.04.07 22:15;4;6.625;7;0.25;1560;202;0;
2718;2026.04.07 22:30;4;6.625;7;-0.75;1560;202;0;
2719;2026.04.07 22:45;4;6.625;7;-1.875;1560;202;0;
2720;2026.04.07 23:00;4;6.625;7;-2.125;1560;202;0;
2721;2026.04.07 23:15;4;6.625;7;-2.375;1560;202;0;
2722;2026.04.07 23:30;4;6.625;7;-2.5;1560;202;0;
2723;2026.04.07 23:45;4;6.625;7;-2.625;1560;202;0;
2724;2026.04.08 00:00;4;6.625;7;-2.75;1560;202;0;
2725;2026.04.08 00:15;4;6.625;7;-2.6875;1560;202;0;
2726;2026.04.08 00:30;4;6.625;7;-2.75;1560;202;0;
2727;2026.04.08 00:45;4;6.625;7;-2.875;1561;202;0;
2728;2026.04.08 01:00;4;6.6875;7;-2.875;1561;202;0;
2729;2026.04.08 01:15;4;6.6875;7;-3.125;1561;202;0;
2730;2026.04.08 01:30;4;6.6875;7;-3.5625;1561;202;0;
2731;2026.04.08 01:45;4;6.6875;7;-3.5;1561;202;0;
2732;2026.04.08 02:00;4;6.6875;7;-3.5;1561;202;0;
2733;2026.04.08 02:15;4;6.6875;7;-3.625;1561;202;0;
2734;2026.04.08 02:30;4;6.6875;7;-4.625;1561;202;0;
2735;2026.04.08 02:45;4;6.6875;7;-5.125;1561;202;0;
2736;2026.04.08 03:00;4;6.6875;7;-5.25;1561;202;0;
2737;2026.04.08 03:15;4;6.6875;7;-5.1875;1561;202;0;
2738;2026.04.08 03:30;4;6.6875;7;-5.375;1561;202;0;
2739;2026.04.08 03:45;4;6.6875;7;-5.5;1561;202;0;
2740;2026.04.08 04:00;4;6.75;7;-5.6875;1561;202;0;
2741;2026.04.08 04:15;4;6.6875;7;-5.875;1561;202;0;
2742;2026.04.08 04:30;4;6.75;7;-5.9375;1561;202;0;
2743;2026.04.08 04:45;4;6.75;7;-6.125;1561;202;0;
2744;2026.04.08 05:00;4;6.75;7;-6.0625;1561;202;0;
2745;2026.04.08 05:15;4;6.6875;7;-5.75;1561;202;0;
2746;2026.04.08 05:30;4;6.75;7;-5.125;1561;202;0;
2747;2026.04.08 05:45;4;6.75;7;-3.6875;1561;202;0;
2748;2026.04.08 06:00;4;6.75;7;-0.875;1561;202;0;
2749;2026.04.08 06:15;4;6.75;7;1;1561;202;0;
2750;2026.04.08 06:30;4;6.6875;6.9375;1.875;1561;202;0;
2751;2026.04.08 06:45;4;6.75;6.9375;2;1561;202;0;
2752;2026.04.08 07:00;4;6.75;6.9375;2.4375;1561;202;0;
2753;2026.04.08 07:15;4;6.6875;6.9375;4.25;1561;202;0;
2754;2026.04.08 07:30;4;6.75;6.875;4.875;1561;202;0;
2755;2026.04.08 07:45;4;6.6875;6.875;6.375;1561;202;0;
2756;2026.04.08 08:00;4;6.6875;6.875;10.1875;1561;202;0;
2757;2026.04.08 08:15;4;6.6875;6.875;12.125;1561;202;0;
2758;2026.04.08 08:30;4;6.6875;6.875;13.0625;1561;202;0;
2759;2026.04.08 08:45;4;6.6875;6.875;13.5;1561;202;0;
2760;2026.04.08 09:00;4;6.6875;6.875;14.25;1561;202;0;
2761;2026.04.08 09:15;4;6.6875;6.875;14.625;1561;202;0;
2762;2026.04.08 09:30;4;6.6875;6.875;15.125;1561;202;0;
2763;2026.04.08 09:45;4;6.6875;6.875;15.625;1561;202;0;
2764;2026.04.08 10:00;4;6.6875;6.875;15.25;1561;202;0;
2765;2026.04.08 10:15;4;6.6875;6.8125;16.25;1561;202;0;
2766;2026.04.08 10:30;4;6.6875;6.8125;16.3125;1561;202;0;
2767;2026.04.08 10:45;4;6.625;6.8125;17;1561;202;0;
2768;2026.04.08 11:00;4;6.625;6.75;16.625;1561;202;0;
2769;2026.04.08 11:15;4;6.625;6.75;16.9375;1561;202;0;
2770;2026.04.08 11:30;4;6.625;6.75;17.5;1561;202;0;
2771;2026.04.08 11:45;4;6.625;6.75;18.375;1561;202;0;
2772;2026.04.08 12:00;4;6.625;6.75;17.875;1561;202;0;
2773;2026.04.08 12:15;4;6.625;6.75;17.375;1561;202;0;
2774;2026.04.08 12:30;4;6.625;6.75;17.625;1561;202;0;
2775;2026.04.08 12:45;4;6.625;6.75;17.8125;1561;202;0;
2776;2026.04.08 13:00;4;6.625;6.75;17;1561;202;0;
2777;2026.04.08 13:15;4;6.625;6.75;16.625;1561;202;0;
2778;2026.04.08 13:30;4;6.625;6.75;14.125;1561;202;0;
2779;2026.04.08 13:45;4;6.625;6.75;13.5625;1561;202;0;
2780;2026.04.08 14:00;4;6.625;6.75;12.875;1561;202;0;
2781;2026.04.08 14:15;4;6.625;6.75;12.0625;1562;202;0;
2782;2026.04.08 14:30;4;6.625;6.75;12.125;1562;202;0;
2783;2026.04.08 14:45;4;6.625;6.6875;11.875;1562;202;0;
2784;2026.04.08 15:00;4;6.625;6.75;11.875;1562;202;0;
2785;2026.04.08 15:15;4;6.625;6.6875;11.375;1562;202;0;
2786;2026.04.08 15:30;4;6.625;6.6875;10.8125;1562;202;0;
2787;2026.04.08 15:45;4;6.625;6.75;10.5;1562;202;0;
2788;2026.04.08 16:00;4;6.625;6.75;10.1875;1562;202;0;
2789;2026.04.08 16:15;4;6.625;6.75;9.75;1562;202;0;
2790;2026.04.08 16:30;4;6.625;6.75;9.25;1562;202;0;
2791;2026.04.08 16:45;4;6.625;6.75;8.625;1562;202;0;
2792;2026.04.08 17:00;4;6.625;6.75;8.5;1562;202;0;
2793;2026.04.08 17:15;4;6.625;6.75;7.75;1562;202;0;
2794;2026.04.08 17:30;4;6.625;6.75;5.375;1562;202;0;
2795;2026.04.08 17:45;4;6.625;6.75;3.375;1562;202;0;
2796;2026.04.08 18:00;4;6.625;6.75;2.25;1562;202;0;
2797;2026.04.08 18:15;4;6.625;6.75;1.5;1562;202;0;
2798;2026.04.08 18:30;4;6.625;6.75;2.1875;1562;202;0;
2799;2026.04.08 18:45;4;6.625;6.75;4.125;1562;202;0;
2800;2026.04.08 19:00;4;6.625;6.75;4.25;1562;202;0;
2801;2026.04.08 19:15;4;6.625;6.75;4.5625;1562;202;0;
2802;2026.04.08 19:30;4;6.625;6.75;5.0625;1562;202;0;
2803;2026.04.08 19:45;4;6.625;6.8125;5;1562;202;0;
2804;2026.04.08 20:00;4;6.625;6.8125;4.25;1562;202;0;
2805;2026.04.08 20:15;4;6.625;6.8125;4.25;1562;202;0;
2806;2026.04.08 20:30;4;6.625;6.8125;3.75;1562;202;0;
2807;2026.04.08 20:45;4;6.625;6.875;3.0625;1562;202;0;
2808;2026.04.08 21:00;4;6.625;6.875;2.375;1562;202;0;
2809;2026.04.08 21:15;4;6.625;6.875;1.375;1562;202;0;
2810;2026.04.08 21:30;4;6.625;6.875;-0.3125;1562;202;0;
2811;2026.04.08 21:45;4;6.625;6.875;-1.25;1562;202;0;
2812;2026.04.08 22:00;4;6.625;6.875;-1.875;1562;202;0;
2813;2026.04.08 22:15;4;6.625;6.875;-2.5;1562;202;0;
2814;2026.04.08 22:30;4;6.625;6.875;-2.75;1562;202;0;
2815;2026.04.08 22:45;4;6.625;6.875;-2.75;1562;202;0;
2816;2026.04.08 23:00;4;6.625;6.875;-2.125;1562;202;0;
2817;2026.04.08 23:15;4;6.625;6.875;-2.125;1562;202;0;
2818;2026.04.08 23:30;4;6.625;6.875;-2.125;1562;202;0;
2819;2026.04.08 23:45;4;6.625;6.875;-2.4375;1562;202;0;
2820;2026.04.09 00:00;4;6.625;6.875;-3.25;1562;202;0;
2821;2026.04.09 00:15;4;6.625;6.875;-4;1562;202;0;
2822;2026.04.09 00:30;4;6.625;6.875;-4.25;1562;202;0;
2823;2026.04.09 00:45;4;6.625;6.875;-4.25;1563;202;0;
2824;2026.04.09 01:00;4;6.625;6.875;-4.125;1563;202;0;
2825;2026.04.09 01:15;4;6.625;6.875;-4.25;1563;202;0;
2826;2026.04.09 01:30;4;6.6875;6.875;-4.5;1563;202;0;
2827;2026.04.09 01:45;4;6.625;6.875;-4.625;1563;202;0;
2828;2026.04.09 02:00;4;6.625;6.875;-4.75;1563;202;0;
2829;2026.04.09 02:15;4;6.625;6.875;-5.125;1563;202;0;
2830;2026.04.09 02:30;4;6.625;6.875;-5;1563;202;0;
2831;2026.04.09 02:45;4;6.625;6.875;-5.1875;1563;202;0;
2832;2026.04.09 03:00;4;6.6875;6.875;-5.3125;1563;202;0;
2833;2026.04.09 03:15;4;6.6875;6.875;-5.1875;1563;202;0;
2834;2026.04.09 03:30;4;6.6875;6.875;-5.375;1563;202;0;
2835;2026.04.09 03:45;4;6.6875;6.875;-5.625;1563;202;0;
2836;2026.04.09 04:00;4;6.6875;6.875;-5.75;1563;202;0;
2837;2026.04.09 04:15;4;6.6875;6.875;-5.75;1563;202;0;
2838;2026.04.09 04:30;4;6.6875;6.875;-5.625;1563;202;0;
2839;2026.04.09 04:45;4;6.6875;6.875;-5.25;1563;202;0;
2840;2026.04.09 05:00;4;6.6875;6.875;-4.625;1563;202;0;
2841;2026.04.09 05:15;4;6.6875;6.875;-3.75;1563;202;0;
2842;2026.04.09 05:30;4;6.6875;6.875;-2.875;1563;202;0;
2843;2026.04.09 05:45;4;6.6875;6.875;-1.625;1563;202;0;
2844;2026.04.09 06:00;4;6.6875;6.875;-0.0625;1563;202;0;
2845;2026.04.09 06:15;4;6.6875;6.875;1.125;1563;202;0;
2846;2026.04.09 06:30;4;6.6875;6.875;1.75;1563;202;0;
2847;2026.04.09 06:45;4;6.6875;6.875;2.25;1563;202;0;
2848;2026.04.09 07:00;4;6.6875;6.875;2.875;1563;202;0;
2849;2026.04.09 07:15;4;6.6875;6.8125;4.5625;1563;202;0;
2850;2026.04.09 07:30;4;6.625;6.8125;5.625;1563;202;0;
2851;2026.04.09 07:45;4;6.625;6.8125;6.6875;1563;202;0;
2852;2026.04.09 08:00;4;6.625;6.75;7.875;1563;202;0;
2853;2026.04.09 08:15;4;6.625;6.75;9.375;1563;202;0;
2854;2026.04.09 08:30;4;6.625;6.75;10.9375;1563;202;0;
2855;2026.04.09 08:45;4;6.625;6.75;12.1875;1563;202;0;
2856;2026.04.09 09:00;4;6.625;6.75;13.625;1563;202;0;
2857;2026.04.09 09:15;4;6.625;6.75;14.375;1563;202;0;
2858;2026.04.09 09:30;4;6.625;6.75;14.875;1563;202;0;
2859;2026.04.09 09:45;4;6.625;6.75;14.875;1563;202;0;
2860;2026.04.09 10:00;4;6.625;6.75;14.0625;1563;202;0;
2861;2026.04.09 10:15;4;6.625;6.75;14.75;1563;202;0;
2862;2026.04.09 10:30;4;6.625;6.75;15.375;1563;202;0;
2863;2026.04.09 10:45;4;6.625;6.6875;15.5;1563;202;0;
2864;2026.04.09 11:00;4;6.625;6.6875;16.125;1563;202;0;
2865;2026.04.09 11:15;4;6.625;6.6875;16.625;1563;202;0;
2866;2026.04.09 11:30;4;6.625;6.6875;16.25;1563;202;0;
2867;2026.04.09 11:45;4;6.625;6.625;15.75;1563;202;0;
2868;2026.04.09 12:00;4;6.625;6.625;16.125;1563;202;0;
2869;2026.04.09 12:15;4;6.625;6.625;17.625;1563;202;0;
2870;2026.04.09 12:30;4;6.625;6.625;17.5;1563;202;0;
2871;2026.04.09 12:45;4;6.625;6.625;18;1563;202;0;
2872;2026.04.09 13:00;4;6.625;6.625;16.75;1563;202;0;
2873;2026.04.09 13:15;4;6.625;6.625;15.625;1563;202;0;
2874;2026.04.09 13:30;4;6.625;6.625;14;1563;202;0;
2875;2026.04.09 13:45;4;6.625;6.625;13.125;1563;202;0;
2876;2026.04.09 14:00;4;6.5625;6.625;13.25;1563;202;0;
2877;2026.04.09 14:15;4;6.5625;6.625;12.25;1563;202;0;
2878;2026.04.09 14:30;4;6.5625;6.625;12.125;1563;202;0;
2879;2026.04.09 14:45;4;6.5625;6.625;12.1875;1564;202;0;
2880;2026.04.09 15:00;4;6.5625;6.625;12.5625;1564;202;0;
2881;2026.04.09 15:15;4;6.5625;6.625;11.75;1564;202;0;
2882;2026.04.09 15:30;4;6.5625;6.625;10.625;1564;202;0;
2883;2026.04.09 15:45;4;6.5625;6.625;10.125;1564;202;0;
2884;2026.04.09 16:00;4;6.5625;6.625;9.6875;1564;202;0;
2885;2026.04.09 16:15;4;6.5625;6.625;9.25;1564;202;0;
2886;2026.04.09 16:30;4;6.5625;6.625;8.25;1564;202;0;
2887;2026.04.09 16:45;4;6.5625;6.625;7.625;1564;202;0;
2888;2026.04.09 17:00;4;6.5625;6.625;6.375;1564;202;0;
2889;2026.04.09 17:15;4;6.5625;6.625;4.875;1564;202;0;
2890;2026.04.09 17:30;4;6.5625;6.625;2.875;1564;202;0;
2891;2026.04.09 17:45;4;6.5625;6.625;1.875;1564;202;0;
2892;2026.04.09 18:00;4;6.5625;6.625;1;1564;202;0;
2893;2026.04.09 18:15;4;6.5625;6.625;0.5;1564;202;0;
2894;2026.04.09 18:30;4;6.5625;6.625;-0.125;1564;202;0;
2895;2026.04.09 18:45;4;6.5625;6.625;0.125;1564;202;0;
2896;2026.04.09 19:00;4;6.5625;6.6875;1.375;1564;202;0;
2897;2026.04.09 19:15;4;6.5625;6.6875;2.75;1564;202;0;
2898;2026.04.09 19:30;4;6.5625;6.6875;3.4375;1564;202;0;
2899;2026.04.09 19:45;4;6.5625;6.6875;3.375;1564;202;0;
2900;2026.04.09 20:00;4;6.5625;6.6875;3;1564;202;0;
2901;2026.04.09 20:15;4;6.5625;6.6875;2.0625;1564;202;0;
2902;2026.04.09 20:30;4;6.5625;6.75;1.625;1564;202;0;
2903;2026.04.09 20:45;4;6.5625;6.75;2.375;1564;202;0;
2904;2026.04.09 21:00;4;6.5625;6.75;1.75;1564;202;0;
2905;2026.04.09 21:15;4;6.5625;6.75;-0.3125;1564;202;0;
2906;2026.04.09 21:30;4;6.5625;6.75;-2.125;1564;202;0;
2907;2026.04.09 21:45;4;6.5625;6.75;-3.125;1564;202;0;
2908;2026.04.09 22:00;4;6.5625;6.75;-2.875;1564;202;0;
2909;2026.04.09 22:15;4;6.5625;6.75;-2.25;1564;202;0;
2910;2026.04.09 22:30;4;6.625;6.75;-2.125;1564;202;0;
2911;2026.04.09 22:45;4;6.625;6.75;-1.625;1564;202;0;
2912;2026.04.09 23:00;4;6.625;6.75;-0.8125;1564;202;0;
2913;2026.04.09 23:15;4;6.625;6.75;0.5;1565;202;0;
2914;2026.04.09 23:30;4;6.625;6.75;1.125;1565;202;0;
2915;2026.04.09 23:45;4;6.625;6.75;1.4375;1565;202;0;
2916;2026.04.10 00:00;4;6.625;6.75;1.4375;1565;202;0;
2917;2026.04.10 00:15;4;6.625;6.75;1.5625;1565;202;0;
2918;2026.04.10 00:30;4;6.625;6.75;1.625;1565;202;0;
2919;2026.04.10 00:45;4;6.625;6.75;1.5;1565;202;0;
2920;2026.04.10 01:00;4;6.625;6.75;1.5;1565;202;0;
2921;2026.04.10 01:15;4;6.625;6.75;1.375;1565;202;0;
2922;2026.04.10 01:30;4;6.625;6.75;1.375;1565;202;0;
2923;2026.04.10 01:45;4;6.625;6.75;1.3125;1565;202;0;
2924;2026.04.10 02:00;4;6.625;6.75;1.1875;1565;202;0;
2925;2026.04.10 02:15;4;6.625;6.75;1.125;1565;202;0;
2926;2026.04.10 02:30;4;6.625;6.75;1;1565;202;0;
2927;2026.04.10 02:45;4;6.625;6.75;0.875;1565;202;0;
2928;2026.04.10 03:00;4;6.625;6.75;0.875;1565;202;0;
2929;2026.04.10 03:15;4;6.625;6.75;0.875;1565;202;0;
2930;2026.04.10 03:30;4;6.625;6.75;0.875;1565;202;0;
2931;2026.04.10 03:45;4;6.625;6.75;0.875;1565;202;0;
2932;2026.04.10 04:00;4;6.625;6.75;0.75;1565;202;0;
2933;2026.04.10 04:15;4;6.625;6.75;0.5;1565;202;0;
2934;2026.04.10 04:30;4;6.625;6.75;0.5;1565;202;0;
2935;2026.04.10 04:45;4;6.625;6.75;0.625;1565;202;0;
2936;2026.04.10 05:00;4;6.625;6.75;0.75;1565;202;0;
2937;2026.04.10 05:15;4;6.625;6.75;1;1565;202;0;
2938;2026.04.10 05:30;4;6.625;6.75;1.125;1565;202;0;
2939;2026.04.10 05:45;4;6.625;6.75;1.25;1565;202;0;
2940;2026.04.10 06:00;4;6.625;6.6875;1.375;1565;202;0;
2941;2026.04.10 06:15;4;6.625;6.6875;1.375;1565;202;0;
2942;2026.04.10 06:30;4;6.625;6.6875;1.5;1565;202;0;
2943;2026.04.10 06:45;4;6.625;6.6875;1.25;1565;202;0;
2944;2026.04.10 07:00;4;6.625;6.6875;0.875;1565;202;0;
2945;2026.04.10 07:15;4;6.625;6.6875;0.375;1565;202;0;
2946;2026.04.10 07:30;4;6.625;6.625;0.0625;1565;202;0;
2947;2026.04.10 07:45;4;6.625;6.625;0;1565;202;0;
2948;2026.04.10 08:00;4;6.625;6.625;-0.0625;1565;202;0;
2949;2026.04.10 08:15;4;6.625;6.625;0;1565;202;0;
2950;2026.04.10 08:30;4;6.625;6.625;0.1875;1565;202;0;
2951;2026.04.10 08:45;4;6.5625;6.625;0.3125;1565;202;0;
2952;2026.04.10 09:00;4;6.625;6.625;0.75;1565;202;0;
2953;2026.04.10 09:15;4;6.625;6.625;1;1565;202;0;
2954;2026.04.10 09:30;4;6.625;6.625;0.8125;1565;202;0;
2955;2026.04.10 09:45;4;6.5625;6.625;1.125;1565;202;0;
2956;2026.04.10 10:00;4;6.5625;6.625;1.25;1565;202;0;
2957;2026.04.10 10:15;4;6.5625;6.625;1.0625;1565;202;0;
2958;2026.04.10 10:30;4;6.5625;6.625;1;1565;202;0;
2959;2026.04.10 10:45;4;6.5625;6.625;1;1565;202;0;
2960;2026.04.10 11:00;4;6.5625;6.625;1.0625;1565;202;0;
2961;2026.04.10 11:15;4;6.5625;6.5625;1.25;1565;202;0;
2962;2026.04.10 11:30;4;6.5625;6.5625;1.5625;1565;202;0;
2963;2026.04.10 11:45;4;6.5625;6.5625;1.875;1565;202;0;
2964;2026.04.10 12:00;4;6.5625;6.5625;1.875;1565;202;0;
2965;2026.04.10 12:15;4;6.5;6.5625;2;1565;202;0;
2966;2026.04.10 12:30;4;6.5;6.5625;2.5;1565;202;0;
2967;2026.04.10 12:45;4;6.5;6.5;2.6875;1565;202;0;
2968;2026.04.10 13:00;4;6.5;6.5625;2.875;1565;202;0;
2969;2026.04.10 13:15;4;6.5;6.5;2.875;1565;202;0;
2970;2026.04.10 13:30;4;6.5;6.5;2.8125;1565;202;0;
2971;2026.04.10 13:45;4;6.5;6.5;2.875;1565;202;0;
2972;2026.04.10 14:00;4;6.5;6.5;3.125;1565;202;0;
2973;2026.04.10 14:15;4;6.5;6.5;3.125;1565;202;0;
2974;2026.04.10 14:30;4;6.5;6.5;3.125;1565;202;0;
2975;2026.04.10 14:45;4;6.5;6.5;3;1565;202;0;
2976;2026.04.10 15:00;4;6.5;6.5;2.75;1565;202;0;
2977;2026.04.10 15:15;4;6.5;6.5;2.6875;1565;202;0;
2978;2026.04.10 15:30;4;6.5;6.5;2.625;1565;202;0;
2979;2026.04.10 15:45;4;6.5;6.5;2.4375;1565;202;0;
2980;2026.04.10 16:00;4;6.5;6.5;2.25;1565;202;0;
2981;2026.04.10 16:15;4;6.5;6.5;2.25;1565;202;0;
2982;2026.04.10 16:30;4;6.5;6.5;2.25;1565;202;0;
2983;2026.04.10 16:45;4;6.5;6.5;2.3125;1565;202;0;
2984;2026.04.10 17:00;4;6.5;6.5;2.375;1565;202;0;
2985;2026.04.10 17:15;4;6.5;6.4375;2.375;1565;202;0;
2986;2026.04.10 17:30;4;6.5;6.4375;2.375;1565;202;0;
2987;2026.04.10 17:45;4;6.5;6.4375;2.25;1566;202;0;
2988;2026.04.10 18:00;4;6.5;6.4375;2.125;1566;202;0;
2989;2026.04.10 18:15;4;6.5;6.4375;2.125;1566;202;0;
2990;2026.04.10 18:30;4;6.5;6.4375;2.125;1566;202;0;
2991;2026.04.10 18:45;4;6.5;6.4375;2;1566;202;0;
2992;2026.04.10 19:00;4;6.5;6.375;1.875;1566;202;0;
2993;2026.04.10 19:15;4;6.4375;6.375;1.125;1566;202;0;
2994;2026.04.10 19:30;4;6.4375;6.375;0;1566;202;0;
2995;2026.04.10 19:45;4;6.4375;6.375;-0.125;1566;202;0;
2996;2026.04.10 20:00;4;6.4375;6.375;-0.125;1566;202;0;
2997;2026.04.10 20:15;4;6.4375;6.375;-0.5;1566;202;0;
2998;2026.04.10 20:30;4;6.4375;6.375;-0.875;1566;202;0;
2999;2026.04.10 20:45;4;6.4375;6.375;-1.3125;1566;202;0;
3000;2026.04.10 21:00;4;6.4375;6.375;-1.75;1566;202;0;
3001;2026.04.10 21:15;4;6.4375;6.375;-2;1566;202;0;
3002;2026.04.10 21:30;4;6.4375;6.375;-2.3125;1566;202;0;
3003;2026.04.10 21:45;4;6.4375;6.375;-2.625;1566;202;0;
3004;2026.04.10 22:00;4;6.375;6.375;-3;1566;202;0;
3005;2026.04.10 22:15;4;6.375;6.375;-3.25;1566;202;0;
3006;2026.04.10 22:30;4;6.375;6.375;-3.25;1566;202;0;
3007;2026.04.10 22:45;4;6.375;6.375;-3.375;1566;202;0;
3008;2026.04.10 23:00;4;6.375;6.375;-3.625;1566;202;0;
3009;2026.04.10 23:15;4;6.375;6.375;-4.25;1566;202;0;
3010;2026.04.10 23:30;4;6.375;6.375;-4.3125;1566;202;0;
3011;2026.04.10 23:45;4;6.375;6.375;-4.875;1566;202;0;
3012;2026.04.11 00:00;4;6.375;6.375;-4.75;1566;202;0;
3013;2026.04.11 00:15;4;6.375;6.375;-4.25;1566;202;0;
3014;2026.04.11 00:30;4;6.375;6.375;-3.6875;1566;202;0;
3015;2026.04.11 00:45;4;6.375;6.375;-2.875;1566;202;0;
3016;2026.04.11 01:00;4;6.375;6.375;-2.5;1566;202;0;
3017;2026.04.11 01:15;4;6.375;6.375;-3.0625;1566;202;0;
3018;2026.04.11 01:30;4;6.375;6.375;-3.25;1566;202;0;
3019;2026.04.11 01:45;4;6.375;6.375;-2.5;1566;202;0;
3020;2026.04.11 02:00;4;6.375;6.375;-2.25;1566;202;0;
3021;2026.04.11 02:15;4;6.375;6.375;-2.25;1566;202;0;
3022;2026.04.11 02:30;4;6.375;6.375;-2.1875;1566;202;0;
3023;2026.04.11 02:45;4;6.375;6.3125;-2.125;1566;202;0;
3024;2026.04.11 03:00;4;6.375;6.3125;-2;1566;202;0;
3025;2026.04.11 03:15;4;6.375;6.3125;-2.125;1566;202;0;
3026;2026.04.11 03:30;4;6.375;6.3125;-2.125;1566;202;0;
3027;2026.04.11 03:45;4;6.375;6.3125;-2.25;1566;202;0;
3028;2026.04.11 04:00;4;6.375;6.3125;-2.4375;1566;202;0;
3029;2026.04.11 04:15;4;6.375;6.3125;-2.625;1566;202;0;
3030;2026.04.11 04:30;4;6.375;6.25;-2.75;1566;202;0;
3031;2026.04.11 04:45;4;6.375;6.25;-3;1566;202;0;
3032;2026.04.11 05:00;4;6.375;6.25;-3.25;1566;202;0;
3033;2026.04.11 05:15;4;6.375;6.25;-3.25;1566;202;0;
3034;2026.04.11 05:30;4;6.375;6.25;-3;1566;202;0;
3035;2026.04.11 05:45;4;6.375;6.25;-2.4375;1566;202;0;
3036;2026.04.11 06:00;4;6.3125;6.25;-1.75;1566;202;0;
3037;2026.04.11 06:15;4;6.375;6.25;-1.3125;1566;202;0;
3038;2026.04.11 06:30;4;6.3125;6.25;-0.625;1566;202;0;
3039;2026.04.11 06:45;4;6.3125;6.25;-0.125;1566;202;0;
3040;2026.04.11 07:00;4;6.3125;6.25;0.3125;1566;202;0;
3041;2026.04.11 07:15;4;6.3125;6.25;1.375;1566;202;0;
3042;2026.04.11 07:30;4;6.3125;6.25;2.0625;1566;202;0;
3043;2026.04.11 07:45;4;6.3125;6.25;2.6875;1567;202;0;
3044;2026.04.11 08:00;4;6.3125;6.1875;3.5;1567;202;0;
3045;2026.04.11 08:15;4;6.3125;6.1875;4.125;1567;202;0;
3046;2026.04.11 08:30;4;6.3125;6.1875;4.625;1567;202;0;
3047;2026.04.11 08:45;4;6.25;6.1875;5;1567;202;0;
3048;2026.04.11 09:00;4;6.25;6.125;6;1567;202;0;
3049;2026.04.11 09:15;4;6.25;6.1875;6.5625;1567;202;0;
3050;2026.04.11 09:30;4;6.25;6.125;8;1567;202;0;
3051;2026.04.11 09:45;4;6.25;6.125;8.875;1567;202;0;
3052;2026.04.11 10:00;4;6.25;6.125;9.625;1567;202;0;
3053;2026.04.11 10:15;4;6.25;6.125;11.125;1567;202;0;
3054;2026.04.11 10:30;4;6.25;6.125;11.875;1567;202;0;
3055;2026.04.11 10:45;4;6.25;6.125;13.125;1567;202;0;
3056;2026.04.11 11:00;4;6.25;6.125;14.4375;1567;202;0;
3057;2026.04.11 11:15;4;6.25;6.125;15;1567;202;0;
3058;2026.04.11 11:30;4;6.25;6.125;15.25;1567;202;0;
3059;2026.04.11 11:45;4;6.25;6.125;15.75;1567;202;0;
3060;2026.04.11 12:00;4;6.25;6.125;16.625;1567;202;0;
3061;2026.04.11 12:15;4;6.25;6.125;16.75;1567;202;0;
3062;2026.04.11 12:30;4;6.25;6.125;17.375;1567;202;0;
3063;2026.04.11 12:45;4;6.25;6.125;17.75;1567;202;0;
3064;2026.04.11 13:00;4;6.25;6.125;18.375;1567;202;0;
3065;2026.04.11 13:15;4;6.25;6.0625;17.4375;1567;202;0;
3066;2026.04.11 13:30;4;6.25;6.0625;13.5;1567;202;0;
3067;2026.04.11 13:45;4;6.25;6.0625;13.125;1567;202;0;
3068;2026.04.11 14:00;4;6.1875;6.0625;12.5;1567;202;0;
3069;2026.04.11 14:15;4;6.1875;6.0625;11.75;1567;202;0;
3070;2026.04.11 14:30;4;6.1875;6.0625;11.375;1567;202;0;
3071;2026.04.11 14:45;4;6.1875;6.0625;11.0625;1567;202;0;
3072;2026.04.11 15:00;4;6.1875;6.0625;11.5;1567;202;0;
3073;2026.04.11 15:15;4;6.1875;6.0625;11.875;1567;202;0;
3074;2026.04.11 15:30;4;6.1875;6.0625;10.6875;1567;202;0;
3075;2026.04.11 15:45;4;6.1875;6.0625;10.25;1567;202;0;
3076;2026.04.11 16:00;4;6.1875;6.0625;10;1567;202;0;
3077;2026.04.11 16:15;4;6.1875;6.0625;9.625;1567;202;0;
3078;2026.04.11 16:30;4;6.125;6.125;8.8125;1567;202;0;
3079;2026.04.11 16:45;4;6.1875;6.125;7.4375;1567;202;0;
3080;2026.04.11 17:00;4;6.1875;6.125;6;1568;202;0;
3081;2026.04.11 17:15;4;6.1875;6.125;4.9375;1568;202;0;
3082;2026.04.11 17:30;4;6.1875;6.125;3.875;1568;202;0;
3083;2026.04.11 17:45;4;6.1875;6.125;2.9375;1568;202;0;
3084;2026.04.11 18:00;4;6.125;6.125;2.25;1568;202;0;
3085;2026.04.11 18:15;4;6.1875;6.125;1.8125;1568;202;0;
3086;2026.04.11 18:30;4;6.1875;6.125;1.5;1568;202;0;
3087;2026.04.11 18:45;4;6.1875;6.125;1.75;1568;202;0;
3088;2026.04.11 19:00;4;6.1875;6.125;1.375;1568;202;0;
3089;2026.04.11 19:15;4;6.1875;6.125;1.125;1568;202;0;
3090;2026.04.11 19:30;4;6.125;6.125;1.125;1568;202;0;
3091;2026.04.11 19:45;4;6.1875;6.125;1.1875;1568;202;0;
3092;2026.04.11 20:00;4;6.1875;6.125;1.375;1568;202;0;
3093;2026.04.11 20:15;4;6.1875;6.1875;1.875;1568;202;0;
3094;2026.04.11 20:30;4;6.1875;6.1875;2.4375;1568;202;0;
3095;2026.04.11 20:45;4;6.1875;6.1875;3.375;1568;202;0;
3096;2026.04.11 21:00;4;6.1875;6.25;4;1568;202;0;
3097;2026.04.11 21:15;4;6.1875;6.25;4.0625;1568;202;0;
3098;2026.04.11 21:30;4;6.1875;6.25;4;1568;202;0;
3099;2026.04.11 21:45;4;6.1875;6.25;3.6875;1568;202;0;
3100;2026.04.11 22:00;4;6.1875;6.25;3.3125;1568;202;0;
3101;2026.04.11 22:15;4;6.25;6.25;3.25;1568;202;0;
3102;2026.04.11 22:30;4;6.1875;6.25;3.25;1568;202;0;
3103;2026.04.11 22:45;4;6.25;6.25;3.5625;1568;202;0;
3104;2026.04.11 23:00;4;6.25;6.25;3.625;1568;202;0;
3105;2026.04.11 23:15;4;6.25;6.25;3.25;1568;202;0;
3106;2026.04.11 23:30;4;6.25;6.25;3;1568;202;0;
3107;2026.04.11 23:45;4;6.25;6.25;3;1568;202;0;
3108;2026.04.12 00:00;4;6.25;6.25;2.875;1568;202;0;
3109;2026.04.12 00:15;4;6.25;6.25;3.25;1569;202;0;
3110;2026.04.12 00:30;4;6.25;6.25;2.875;1569;202;0;
3111;2026.04.12 00:45;4;6.25;6.25;2.625;1569;202;0;
3112;2026.04.12 01:00;4;6.25;6.25;3.375;1569;202;0;
3113;2026.04.12 01:15;4;6.25;6.25;3.625;1569;202;0;
3114;2026.04.12 01:30;4;6.25;6.25;3.625;1569;202;0;
3115;2026.04.12 01:45;4;6.25;6.3125;3.6875;1569;202;0;
3116;2026.04.12 02:00;4;6.25;6.3125;3.625;1569;202;0;
3117;2026.04.12 02:15;4;6.25;6.3125;3.5625;1569;202;0;
3118;2026.04.12 02:30;4;6.25;6.3125;3.625;1569;202;0;
3119;2026.04.12 02:45;4;6.25;6.3125;3.6875;1569;202;0;
3120;2026.04.12 03:00;4;6.25;6.3125;3.75;1569;202;0;
3121;2026.04.12 03:15;4;6.25;6.3125;3.6875;1569;202;0;
3122;2026.04.12 03:30;4;6.25;6.3125;3.6875;1569;202;0;
3123;2026.04.12 03:45;4;6.25;6.3125;3.75;1569;202;0;
3124;2026.04.12 04:00;4;6.25;6.3125;3.6875;1569;202;0;
3125;2026.04.12 04:15;4;6.25;6.3125;3.625;1569;202;0;
3126;2026.04.12 04:30;4;6.25;6.3125;3.625;1569;202;0;
3127;2026.04.12 04:45;4;6.25;6.3125;3.625;1569;202;0;
3128;2026.04.12 05:00;4;6.25;6.3125;3.9375;1569;202;0;
3129;2026.04.12 05:15;4;6.25;6.3125;4.125;1569;202;0;
3130;2026.04.12 05:30;4;6.25;6.3125;4.375;1569;202;0;
3131;2026.04.12 05:45;4;6.25;6.3125;4.5;1569;202;0;
3132;2026.04.12 06:00;4;6.25;6.3125;4.75;1569;202;0;
3133;2026.04.12 06:15;4;6.25;6.3125;5.125;1569;202;0;
3134;2026.04.12 06:30;4;6.25;6.3125;5.125;1569;202;0;
3135;2026.04.12 06:45;4;6.25;6.3125;5.5;1569;202;0;
3136;2026.04.12 07:00;4;6.25;6.25;5.75;1569;202;0;
3137;2026.04.12 07:15;4;6.25;6.25;6.0625;1569;202;0;
3138;2026.04.12 07:30;4;6.25;6.25;6.9375;1569;202;0;
3139;2026.04.12 07:45;4;6.25;6.25;8.875;1569;202;0;
3140;2026.04.12 08:00;4;6.25;6.25;9.625;1569;202;0;
3141;2026.04.12 08:15;4;6.25;6.25;8.5625;1569;202;0;
3142;2026.04.12 08:30;4;6.25;6.25;8.5;1569;202;0;
3143;2026.04.12 08:45;4;6.25;6.25;9.375;1569;202;0;
3144;2026.04.12 09:00;4;6.25;6.25;9.25;1569;202;0;
3145;2026.04.12 09:15;4;6.25;6.25;9.25;1569;202;0;
3146;2026.04.12 09:30;4;6.25;6.25;9.5625;1569;202;0;
3147;2026.04.12 09:45;4;6.25;6.25;9.125;1569;202;0;
3148;2026.04.12 10:00;4;6.25;6.25;8.875;1569;202;0;
3149;2026.04.12 10:15;4;6.25;6.25;8.875;1569;202;0;
3150;2026.04.12 10:30;4;6.25;6.25;9.1875;1569;202;0;
3151;2026.04.12 10:45;4;6.25;6.25;9.75;1569;202;0;
3152;2026.04.12 11:00;4;6.25;6.25;10.6875;1569;202;0;
3153;2026.04.12 11:15;4;6.25;6.25;10.125;1569;202;0;
3154;2026.04.12 11:30;4;6.25;6.25;10.25;1569;202;0;
3155;2026.04.12 11:45;4;6.25;6.25;10.625;1569;202;0;
3156;2026.04.12 12:00;4;6.25;6.25;10.875;1569;202;0;
3157;2026.04.12 12:15;4;6.25;6.25;11.125;1569;202;0;
3158;2026.04.12 12:30;4;6.25;6.25;11.375;1569;202;0;
3159;2026.04.12 12:45;4;6.25;6.25;11.5;1569;202;0;
3160;2026.04.12 13:00;4;6.25;6.25;11.25;1569;202;0;
3161;2026.04.12 13:15;4;6.25;6.25;11.375;1569;202;0;
3162;2026.04.12 13:30;4;6.25;6.25;11.375;1569;202;0;
3163;2026.04.12 13:45;4;6.25;6.25;11.3125;1569;202;0;
3164;2026.04.12 14:00;4;6.25;6.25;11.625;1569;202;0;
3165;2026.04.12 14:15;4;6.25;6.25;11.5;1569;202;0;
3166;2026.04.12 14:30;4;6.25;6.25;11.375;1569;202;0;
3167;2026.04.12 14:45;4;6.25;6.25;11.25;1569;202;0;
3168;2026.04.12 15:00;4;6.25;6.25;11.25;1569;202;0;
3169;2026.04.12 15:15;4;6.25;6.25;11.5;1569;202;0;
3170;2026.04.12 15:30;4;6.25;6.25;11.375;1569;202;0;
3171;2026.04.12 15:45;4;6.25;6.25;11.375;1570;202;0;
3172;2026.04.12 16:00;4;6.25;6.25;11;1570;202;0;
3173;2026.04.12 16:15;4;6.25;6.25;10.625;1570;202;0;
3174;2026.04.12 16:30;4;6.25;6.25;10.25;1570;202;0;
3175;2026.04.12 16:45;4;6.25;6.25;9.9375;1570;202;0;
3176;2026.04.12 17:00;4;6.25;6.25;9.75;1570;202;0;
3177;2026.04.12 17:15;4;6.25;6.25;9.4375;1570;202;0;
3178;2026.04.12 17:30;4;6.25;6.25;9;1570;202;0;
3179;2026.04.12 17:45;4;6.25;6.25;8.5625;1570;202;0;
3180;2026.04.12 18:00;4;6.25;6.25;8.25;1570;202;0;
3181;2026.04.12 18:15;4;6.25;6.25;8;1570;202;0;
3182;2026.04.12 18:30;4;6.25;6.25;7.8125;1570;202;0;
3183;2026.04.12 18:45;4;6.25;6.25;7.375;1570;202;0;
3184;2026.04.12 19:00;4;6.25;6.25;6.875;1570;202;0;
3185;2026.04.12 19:15;4;6.25;6.25;6.625;1570;202;0;
3186;2026.04.12 19:30;4;6.25;6.3125;6.75;1570;202;0;
3187;2026.04.12 19:45;4;6.25;6.3125;6.875;1570;202;0;
3188;2026.04.12 20:00;4;6.25;6.3125;6.875;1570;202;0;
3189;2026.04.12 20:15;4;6.25;6.3125;7;1570;202;0;
3190;2026.04.12 20:30;4;6.25;6.3125;7.875;1570;202;0;
3191;2026.04.12 20:45;4;6.25;6.3125;8.25;1570;202;0;
3192;2026.04.12 21:00;4;6.25;6.3125;8.375;1570;202;0;
3193;2026.04.12 21:15;4;6.25;6.3125;8.375;1570;202;0;
3194;2026.04.12 21:30;4;6.25;6.375;8.375;1570;202;0;
3195;2026.04.12 21:45;4;6.25;6.375;8.375;1570;202;0;
3196;2026.04.12 22:00;4;6.25;6.375;8.25;1570;202;0;
3197;2026.04.12 22:15;4;6.25;6.375;8.1875;1570;202;0;
3198;2026.04.12 22:30;4;6.25;6.375;8.1875;1570;202;0;
3199;2026.04.12 22:45;4;6.25;6.375;8.125;1570;202;0;
3200;2026.04.12 23:00;4;6.25;6.375;8.125;1570;202;0;
3201;2026.04.12 23:15;4;6.25;6.375;8;1570;202;0;
3202;2026.04.12 23:30;4;6.25;6.375;7.875;1570;202;0;
3203;2026.04.12 23:45;4;6.25;6.375;7.6875;1570;202;0;
3204;2026.04.13 00:00;4;6.25;6.375;7.5;1570;202;0;
3205;2026.04.13 00:15;4;6.25;6.375;7.25;1570;202;0;
3206;2026.04.13 00:30;4;6.25;6.375;7;1570;202;0;
3207;2026.04.13 00:45;4;6.25;6.375;7.0625;1570;202;0;
3208;2026.04.13 01:00;4;6.25;6.375;7.1875;1570;202;0;
3209;2026.04.13 01:15;4;6.25;6.375;6.875;1570;202;0;
3210;2026.04.13 01:30;4;6.25;6.375;6.75;1570;202;0;
3211;2026.04.13 01:45;4;6.25;6.375;6.625;1570;202;0;
3212;2026.04.13 02:00;4;6.25;6.375;6.625;1570;202;0;
3213;2026.04.13 02:15;4;6.25;6.375;6.8125;1570;202;0;
3214;2026.04.13 02:30;4;6.3125;6.375;6.625;1570;202;0;
3215;2026.04.13 02:45;4;6.3125;6.375;5.8125;1570;202;0;
3216;2026.04.13 03:00;4;6.3125;6.375;4.8125;1570;202;0;
3217;2026.04.13 03:15;4;6.3125;6.375;4.125;1570;202;0;
3218;2026.04.13 03:30;4;6.3125;6.4375;4.6875;1570;202;0;
3219;2026.04.13 03:45;4;6.3125;6.375;5;1570;202;0;
3220;2026.04.13 04:00;4;6.3125;6.4375;5.3125;1570;202;0;
3221;2026.04.13 04:15;4;6.3125;6.4375;5.75;1571;202;0;
3222;2026.04.13 04:30;4;6.3125;6.4375;6.125;1571;202;0;
3223;2026.04.13 04:45;4;6.3125;6.4375;6.25;1571;202;0;
3224;2026.04.13 05:00;4;6.3125;6.4375;5.9375;1571;202;0;
3225;2026.04.13 05:15;4;6.3125;6.4375;6;1571;202;0;
3226;2026.04.13 05:30;4;6.3125;6.4375;6.25;1571;202;0;
3227;2026.04.13 05:45;4;6.375;6.4375;6.5625;1571;202;0;
3228;2026.04.13 06:00;4;6.375;6.4375;7;1571;202;0;
3229;2026.04.13 06:15;4;6.3125;6.4375;7.625;1571;202;0;
3230;2026.04.13 06:30;4;6.375;6.4375;8.125;1571;202;0;
3231;2026.04.13 06:45;4;6.375;6.4375;8.625;1571;202;0;
3232;2026.04.13 07:00;4;6.375;6.4375;9.25;1571;202;0;
3233;2026.04.13 07:15;4;6.375;6.4375;9.75;1571;202;0;
3234;2026.04.13 07:30;4;6.375;6.4375;10.25;1571;202;0;
3235;2026.04.13 07:45;4;6.375;6.5;10.8125;1571;202;0;
3236;2026.04.13 08:00;4;6.375;6.5;11.1875;1571;202;0;
3237;2026.04.13 08:15;4;6.375;6.5;11.4375;1571;202;0;
3238;2026.04.13 08:30;4;6.375;6.5;11.875;1571;202;0;
3239;2026.04.13 08:45;4;6.375;6.5;12.3125;1571;202;0;
3240;2026.04.13 09:00;4;6.375;6.5;12.375;1571;202;0;
3241;2026.04.13 09:15;4;6.375;6.5;13.3125;1571;202;0;
3242;2026.04.13 09:30;4;6.375;6.5;14.3125;1571;202;0;
3243;2026.04.13 09:45;4;6.375;6.5;15.625;1571;202;0;
3244;2026.04.13 10:00;4;6.375;6.5;16.5625;1571;202;0;
3245;2026.04.13 10:15;4;6.375;6.5;15.5625;1571;202;0;
3246;2026.04.13 10:30;4;6.375;6.5;15.5;1571;202;0;
3247;2026.04.13 10:45;4;6.375;6.5;16.375;1571;202;0;
3248;2026.04.13 11:00;4;6.375;6.5;16.6875;1571;202;0;
3249;2026.04.13 11:15;4;6.375;6.5;17.125;1571;202;0;
3250;2026.04.13 11:30;4;6.375;6.5;17.125;1571;202;0;
3251;2026.04.13 11:45;4;6.375;6.5;17.25;1571;202;0;
3252;2026.04.13 12:00;4;6.375;6.5;16.875;1571;202;0;
3253;2026.04.13 12:15;4;6.375;6.5;15.6875;1571;202;0;
3254;2026.04.13 12:30;4;6.375;6.5;15.6875;1571;202;0;
3255;2026.04.13 12:45;4;6.375;6.5;15.6875;1571;202;0;
3256;2026.04.13 13:00;4;6.375;6.5;15.625;1571;202;0;
3257;2026.04.13 13:15;4;6.375;6.5;16.375;1571;202;0;
3258;2026.04.13 13:30;4;6.375;6.5;15.75;1571;202;0;
3259;2026.04.13 13:45;4;6.375;6.5;15.5;1571;202;0;
3260;2026.04.13 14:00;4;6.375;6.5;16.1875;1571;202;0;
3261;2026.04.13 14:15;4;6.375;6.5;16.3125;1571;202;0;
3262;2026.04.13 14:30;4;6.375;6.5;16;1571;202;0;
3263;2026.04.13 14:45;4;6.375;6.5;15.8125;1571;202;0;
3264;2026.04.13 15:00;4;6.375;6.5;15.75;1571;202;0;
3265;2026.04.13 15:15;4;6.375;6.5;15.8125;1571;202;0;
3266;2026.04.13 15:30;4;6.375;6.5;15.3125;1571;202;0;
3267;2026.04.13 15:45;4;6.375;6.5;14.75;1571;202;0;
3268;2026.04.13 16:00;4;6.375;6.5;14.375;1571;202;0;
3269;2026.04.13 16:15;4;6.375;6.5;13.875;1571;202;0;
3270;2026.04.13 16:30;4;6.375;6.5;13.25;1571;202;0;
3271;2026.04.13 16:45;4;6.375;6.5;12.75;1571;202;0;
3272;2026.04.13 17:00;4;6.375;6.5;12.25;1571;202;0;
3273;2026.04.13 17:15;4;6.375;6.5;12;1571;202;0;
3274;2026.04.13 17:30;4;6.375;6.5625;12;1571;202;0;
3275;2026.04.13 17:45;4;6.375;6.5625;11.8125;1571;202;0;
3276;2026.04.13 18:00;4;6.375;6.5625;11.625;1571;202;0;
3277;2026.04.13 18:15;4;6.375;6.5625;11.25;1571;202;0;
3278;2026.04.13 18:30;4;6.375;6.5625;11.125;1571;202;0;
3279;2026.04.13 18:45;4;6.375;6.625;11.1875;1571;202;0;
3280;2026.04.13 19:00;4;6.375;6.625;11.25;1571;202;0;
3281;2026.04.13 19:15;4;6.375;6.625;11.125;1571;202;0;
3282;2026.04.13 19:30;4;6.375;6.625;10.875;1571;202;0;
3283;2026.04.13 19:45;4;6.375;6.625;10.5625;1571;202;0;
3284;2026.04.13 20:00;4;6.375;6.625;10.1875;1571;202;0;
3285;2026.04.13 20:15;4;6.375;6.625;10;1571;202;0;
3286;2026.04.13 20:30;4;6.4375;6.625;10.25;1571;202;0;
3287;2026.04.13 20:45;4;6.4375;6.625;10.375;1571;202;0;
3288;2026.04.13 21:00;4;6.4375;6.625;10.375;1571;202;0;
3289;2026.04.13 21:15;4;6.4375;6.625;10.25;1571;202;0;
3290;2026.04.13 21:30;4;6.4375;6.6875;9.9375;1571;202;0;
3291;2026.04.13 21:45;4;6.4375;6.6875;9.4375;1571;202;0;
3292;2026.04.13 22:00;4;6.5;6.6875;8.875;1571;202;0;
3293;2026.04.13 22:15;4;6.5;6.6875;8.5625;1571;202;0;
3294;2026.04.13 22:30;4;6.5;6.75;8.375;1571;202;0;
3295;2026.04.13 22:45;4;6.5;6.75;8.125;1571;202;0;
3296;2026.04.13 23:00;4;6.5;6.75;8;1571;202;0;
3297;2026.04.13 23:15;4;6.5;6.75;7.875;1571;202;0;
3298;2026.04.13 23:30;4;6.5;6.75;7.625;1571;202;0;
3299;2026.04.13 23:45;4;6.5;6.75;7.625;1571;202;0;
3300;2026.04.14 00:00;4;6.5;6.75;7.625;1571;202;0;
3301;2026.04.14 00:15;4;6.5;6.75;7.875;1571;202;0;
3302;2026.04.14 00:30;4;6.5;6.75;8;1571;202;0;
3303;2026.04.14 00:45;4;6.5;6.75;7.875;1571;202;0;
3304;2026.04.14 01:00;4;6.5;6.75;7.625;1571;202;0;
3305;2026.04.14 01:15;4;6.5;6.75;7;1571;202;0;
3306;2026.04.14 01:30;4;6.5;6.75;6.0625;1571;202;0;
3307;2026.04.14 01:45;4;6.5;6.75;6.0625;1571;202;0;
3308;2026.04.14 02:00;4;6.5;6.75;6.5;1571;202;0;
3309;2026.04.14 02:15;4;6.5;6.75;6.75;1572;202;0;
3310;2026.04.14 02:30;4;6.5;6.8125;7;1571;202;0;
3311;2026.04.14 02:45;4;6.5;6.8125;7.5;1571;202;0;
3312;2026.04.14 03:00;4;6.5;6.8125;7.75;1571;202;0;
3313;2026.04.14 03:15;4;6.5;6.8125;8.375;1571;202;0;
3314;2026.04.14 03:30;4;6.5625;6.8125;8.5;1571;202;0;
3315;2026.04.14 03:45;4;6.5625;6.8125;8.4375;1571;202;0;
3316;2026.04.14 04:00;4;6.5625;6.8125;8.5;1571;202;0;
3317;2026.04.14 04:15;4;6.5625;6.8125;8.5;1571;202;0;
3318;2026.04.14 04:30;4;6.5625;6.8125;8.5;1571;202;0;
3319;2026.04.14 04:45;4;6.5625;6.875;8.5;1571;202;0;
3320;2026.04.14 05:00;4;6.5625;6.875;8.625;1571;202;0;
3321;2026.04.14 05:15;4;6.625;6.875;8.75;1571;202;0;
3322;2026.04.14 05:30;4;6.5625;6.875;8.875;1571;202;0;
3323;2026.04.14 05:45;4;6.5625;6.875;9;1571;202;0;
3324;2026.04.14 06:00;4;6.625;6.875;8.875;1571;202;0;
3325;2026.04.14 06:15;4;6.625;6.875;10;1571;202;0;
3326;2026.04.14 06:30;4;6.625;6.875;11.375;1571;202;0;
3327;2026.04.14 06:45;4;6.625;6.875;12.1875;1571;202;0;
3328;2026.04.14 07:00;4;6.625;6.875;12.1875;1571;202;0;
3329;2026.04.14 07:15;4;6.625;6.875;12.625;1571;202;0;
3330;2026.04.14 07:30;4;6.625;6.875;13.625;1571;202;0;
3331;2026.04.14 07:45;4;6.625;6.875;15.5;1571;202;0;
3332;2026.04.14 08:00;4;6.625;6.875;16.9375;1571;202;0;
3333;2026.04.14 08:15;4;6.625;6.875;16.5;1571;202;0;
3334;2026.04.14 08:30;4;6.625;6.875;17.75;1571;202;0;
3335;2026.04.14 08:45;4;6.625;6.875;19.3125;1571;202;0;
3336;2026.04.14 09:00;4;6.625;6.875;19.75;1571;202;0;
3337;2026.04.14 09:15;4;6.625;6.875;19.5;1571;202;0;
3338;2026.04.14 09:30;4;6.625;6.875;19.625;1571;202;0;
3339;2026.04.14 09:45;4;6.625;6.875;20.125;1571;202;0;
3340;2026.04.14 10:00;4;6.625;6.875;20.5;1571;202;0;
3341;2026.04.14 10:15;4;6.625;6.875;21.375;1571;202;0;
3342;2026.04.14 10:30;4;6.625;6.875;20.5;1571;202;0;
3343;2026.04.14 10:45;4;6.625;6.875;19.375;1571;202;0;
3344;2026.04.14 11:00;4;6.625;6.875;19.5625;1571;202;0;
3345;2026.04.14 11:15;4;6.625;6.875;19.5;1571;202;0;
3346;2026.04.14 11:30;4;6.625;6.875;19.625;1571;202;0;
3347;2026.04.14 11:45;4;6.625;6.875;20.5;1571;202;0;
3348;2026.04.14 12:00;4;6.625;6.875;21.75;1571;202;0;
3349;2026.04.14 12:15;4;6.625;6.875;21.75;1571;202;0;
3350;2026.04.14 12:30;4;6.625;6.875;23.125;1571;202;0;
3351;2026.04.14 12:45;4;6.625;6.875;21.375;1571;202;0;
3352;2026.04.14 13:00;4;6.625;6.875;20.5;1571;202;0;
3353;2026.04.14 13:15;4;6.625;6.875;20.0625;1571;202;0;
3354;2026.04.14 13:30;4;6.625;6.875;20.0625;1571;202;0;
3355;2026.04.14 13:45;4;6.625;6.875;19.4375;1571;202;0;
3356;2026.04.14 14:00;4;6.625;6.875;18.625;1571;202;0;
3357;2026.04.14 14:15;4;6.625;6.875;17.625;1571;202;0;
3358;2026.04.14 14:30;4;6.625;6.875;17.125;1571;202;0;
3359;2026.04.14 14:45;4;6.625;6.875;17.25;1571;202;0;
3360;2026.04.14 15:00;4;6.625;6.875;17.0625;1572;202;0;
3361;2026.04.14 15:15;4;6.625;6.9375;16.375;1571;202;0;
3362;2026.04.14 15:30;4;6.625;6.9375;16;1572;202;0;
3363;2026.04.14 15:45;4;6.625;6.9375;14.875;1571;202;0;
3364;2026.04.14 16:00;4;6.625;6.9375;14;1572;202;0;
3365;2026.04.14 16:15;4;6.625;7;13.5;1572;202;0;
3366;2026.04.14 16:30;4;6.625;7;13.125;1572;202;0;
3367;2026.04.14 16:45;4;6.625;7;12.9375;1572;202;0;
3368;2026.04.14 17:00;4;6.6875;7;12.625;1572;202;0;
3369;2026.04.14 17:15;4;6.6875;7;12.25;1572;202;0;
3370;2026.04.14 17:30;4;6.6875;7;11.875;1572;202;0;
3371;2026.04.14 17:45;4;6.6875;7;11.5625;1572;202;0;
3372;2026.04.14 18:00;4;6.6875;7;11.3125;1572;202;0;
3373;2026.04.14 18:15;4;6.6875;7.0625;11;1572;202;0;
3374;2026.04.14 18:30;4;6.75;7.0625;10.875;1572;202;0;
3375;2026.04.14 18:45;4;6.75;7.0625;10.75;1572;202;0;
3376;2026.04.14 19:00;4;6.75;7.0625;10.6875;1572;202;0;
3377;2026.04.14 19:15;4;6.75;7.125;10.5;1572;202;0;
3378;2026.04.14 19:30;4;6.75;7.125;9.875;1572;202;0;
3379;2026.04.14 19:45;4;6.75;7.125;9.375;1572;202;0;
3380;2026.04.14 20:00;4;6.75;7.125;9.5625;1572;202;0;
3381;2026.04.14 20:15;4;6.75;7.125;9.75;1572;202;0;
3382;2026.04.14 20:30;4;6.75;7.125;9.6875;1572;202;0;
3383;2026.04.14 20:45;4;6.75;7.125;9.5;1572;202;0;
3384;2026.04.14 21:00;4;6.75;7.1875;9.5;1572;202;0;
3385;2026.04.14 21:15;4;6.75;7.1875;9.5;1572;202;0;
3386;2026.04.14 21:30;4;6.75;7.1875;9.5;1572;202;0;
3387;2026.04.14 21:45;4;6.75;7.25;9.5;1572;202;0;
3388;2026.04.14 22:00;4;6.8125;7.25;9.375;1572;202;0;
3389;2026.04.14 22:15;4;6.8125;7.25;9.25;1572;202;0;
3390;2026.04.14 22:30;4;6.8125;7.25;9.125;1572;202;0;
3391;2026.04.14 22:45;4;6.8125;7.25;9;1572;202;0;
3392;2026.04.14 23:00;4;6.875;7.25;8.75;1572;202;0;
3393;2026.04.14 23:15;4;6.875;7.25;8.875;1572;202;0;
3394;2026.04.14 23:30;4;6.875;7.25;8.875;1572;202;0;
3395;2026.04.14 23:45;4;6.875;7.25;8.625;1572;202;0;
3396;2026.04.15 00:00;4;6.875;7.3125;8.5625;1572;202;0;
3397;2026.04.15 00:15;4;6.875;7.3125;8.5;1572;202;0;
3398;2026.04.15 00:30;4;6.875;7.3125;8.375;1572;202;0;
3399;2026.04.15 00:45;4;6.875;7.3125;8.5;1572;202;0;
3400;2026.04.15 01:00;4;6.875;7.375;8.5;1572;202;0;
3401;2026.04.15 01:15;4;6.875;7.375;8.5;1572;202;0;
3402;2026.04.15 01:30;4;6.875;7.375;8.5;1572;202;0;
3403;2026.04.15 01:45;4;6.875;7.375;8.5;1572;202;0;
3404;2026.04.15 02:00;4;6.875;7.375;8.5;1572;202;0;
3405;2026.04.15 02:15;4;6.875;7.375;8.5;1572;202;0;
3406;2026.04.15 02:30;4;6.9375;7.375;8.4375;1572;202;0;
3407;2026.04.15 02:45;4;6.9375;7.375;8.375;1572;202;0;
3408;2026.04.15 03:00;4;6.9375;7.375;8.375;1572;202;0;
3409;2026.04.15 03:15;4;6.9375;7.375;8.3125;1572;202;0;
3410;2026.04.15 03:30;4;6.9375;7.375;8.25;1572;202;0;
3411;2026.04.15 03:45;4;7;7.375;8.25;1572;202;0;
3412;2026.04.15 04:00;4;7;7.375;8.125;1572;202;0;
3413;2026.04.15 04:15;4;7;7.375;8.125;1572;202;0;
3414;2026.04.15 04:30;4;7;7.375;8.125;1572;202;0;
3415;2026.04.15 04:45;4;7;7.375;8.1875;1572;202;0;
3416;2026.04.15 05:00;4;7;7.375;8.25;1572;202;0;
3417;2026.04.15 05:15;4;7;7.375;8.375;1572;202;0;
3418;2026.04.15 05:30;4;7;7.375;8.5;1572;202;0;
3419;2026.04.15 05:45;4;7;7.4375;8.625;1572;202;0;
3420;2026.04.15 06:00;4;7;7.375;8.6875;1572;202;0;
3421;2026.04.15 06:15;4;7;7.4375;8.75;1572;202;0;
3422;2026.04.15 06:30;4;7;7.4375;8.9375;1572;202;0;
3423;2026.04.15 06:45;4;7;7.4375;9.125;1572;202;0;
3424;2026.04.15 07:00;4;7;7.4375;9.5;1572;202;0;
3425;2026.04.15 07:15;4;7;7.4375;9.875;1572;202;0;
3426;2026.04.15 07:30;4;7;7.4375;10.25;1572;202;0;
3427;2026.04.15 07:45;4;7;7.4375;10.625;1572;202;0;
3428;2026.04.15 08:00;4;7;7.4375;11.125;1572;202;0;
3429;2026.04.15 08:15;4;7;7.4375;11.75;1572;202;0;
3430;2026.04.15 08:30;4;7;7.4375;12.25;1572;202;0;
3431;2026.04.15 08:45;4;7;7.4375;12.875;1572;202;0;
3432;2026.04.15 09:00;4;7;7.4375;12.1875;1572;202;0;
3433;2026.04.15 09:15;4;7.0625;7.4375;12.875;1572;202;0;
3434;2026.04.15 09:30;4;7;7.4375;13.5;1572;202;0;
3435;2026.04.15 09:45;4;7;7.4375;15;1572;202;0;
3436;2026.04.15 10:00;4;7.0625;7.5;16.6875;1572;202;0;
3437;2026.04.15 10:15;4;7.0625;7.5;16.75;1572;202;0;
3438;2026.04.15 10:30;4;7.0625;7.4375;16.375;1572;202;0;
3439;2026.04.15 10:45;4;7.0625;7.5;15.875;1572;202;0;
3440;2026.04.15 11:00;4;7.0625;7.5;15.625;1572;202;0;
3441;2026.04.15 11:15;4;7.0625;7.4375;15.4375;1572;202;0;
3442;2026.04.15 11:30;4;7.0625;7.5;15.1875;1572;202;0;
3443;2026.04.15 11:45;4;7.0625;7.5;15.4375;1572;202;0;
3444;2026.04.15 12:00;4;7.0625;7.5;15.375;1572;202;0;
3445;2026.04.15 12:15;4;7.0625;7.5;15.625;1572;202;0;
3446;2026.04.15 12:30;4;7.0625;7.5;15.375;1572;202;0;
3447;2026.04.15 12:45;4;7.125;7.5;15.125;1572;202;0;
3448;2026.04.15 13:00;4;7.125;7.5;14.875;1572;202;0;
3449;2026.04.15 13:15;4;7.125;7.5;14.875;1572;202;0;
3450;2026.04.15 13:30;4;7.125;7.5;14.875;1572;202;0;
3451;2026.04.15 13:45;4;7.125;7.5;15.25;1572;202;0;
3452;2026.04.15 14:00;4;7.125;7.5;15.5;1572;202;0;
3453;2026.04.15 14:15;4;7.125;7.5;15.875;1572;202;0;
3454;2026.04.15 14:30;4;7.125;7.5;15.75;1572;202;0;
3455;2026.04.15 14:45;4;7.125;7.5;15.8125;1572;202;0;
3456;2026.04.15 15:00;4;7.125;7.5;15.375;1572;202;0;
3457;2026.04.15 15:15;4;7.125;7.5;15.1875;1572;202;0;
3458;2026.04.15 15:30;4;7.125;7.5;15;1572;202;0;
3459;2026.04.15 15:45;4;7.125;7.5;14.75;1572;202;0;
3460;2026.04.15 16:00;4;7.125;7.5;14.625;1573;202;0;
3461;2026.04.15 16:15;4;7.125;7.5;14.125;1573;202;0;
3462;2026.04.15 16:30;4;7.125;7.5;13.75;1573;202;0;
3463;2026.04.15 16:45;4;7.125;7.5;13.5;1573;202;0;
3464;2026.04.15 17:00;4;7.125;7.5;13.125;1573;202;0;
3465;2026.04.15 17:15;4;7.125;7.5;12.75;1573;202;0;
3466;2026.04.15 17:30;4;7.125;7.5;12.4375;1573;202;0;
3467;2026.04.15 17:45;4;7.125;7.5;12;1573;202;0;
3468;2026.04.15 18:00;4;7.125;7.5625;11.5625;1573;202;0;
3469;2026.04.15 18:15;4;7.125;7.5625;11.25;1573;202;0;
3470;2026.04.15 18:30;4;7.125;7.5625;10.875;1573;202;0;
3471;2026.04.15 18:45;4;7.125;7.5625;10.875;1573;202;0;
3472;2026.04.15 19:00;4;7.125;7.5625;10.875;1573;202;0;
3473;2026.04.15 19:15;4;7.125;7.5625;10.625;1573;202;0;
3474;2026.04.15 19:30;4;7.125;7.625;10.125;1573;202;0;
3475;2026.04.15 19:45;4;7.125;7.625;9.375;1573;202;0;
3476;2026.04.15 20:00;4;7.125;7.625;9.1875;1573;202;0;
3477;2026.04.15 20:15;4;7.125;7.625;8.875;1573;202;0;
3478;2026.04.15 20:30;4;7.125;7.625;8.875;1573;202;0;
3479;2026.04.15 20:45;4;7.1875;7.625;8.5625;1573;202;0;
3480;2026.04.15 21:00;4;7.1875;7.625;7.6875;1573;202;0;
3481;2026.04.15 21:15;4;7.1875;7.625;7.25;1573;202;0;
3482;2026.04.15 21:30;4;7.1875;7.625;7.5;1573;202;0;
3483;2026.04.15 21:45;4;7.1875;7.625;8.1875;1573;202;0;
3484;2026.04.15 22:00;4;7.1875;7.625;8.875;1573;202;0;
3485;2026.04.15 22:15;4;7.1875;7.625;8.9375;1573;202;0;
3486;2026.04.15 22:30;4;7.25;7.625;9.0625;1573;202;0;
3487;2026.04.15 22:45;4;7.25;7.625;9.125;1573;202;0;
3488;2026.04.15 23:00;4;7.25;7.6875;9.125;1573;202;0;
3489;2026.04.15 23:15;4;7.25;7.6875;9;1573;202;0;
3490;2026.04.15 23:30;4;7.25;7.6875;8.875;1573;202;0;
3491;2026.04.15 23:45;4;7.25;7.6875;8.75;1573;202;0;
3492;2026.04.16 00:00;4;7.25;7.6875;8.75;1573;202;0;
3493;2026.04.16 00:15;4;7.25;7.6875;8.8125;1573;202;0;
3494;2026.04.16 00:30;4;7.25;7.6875;8.75;1573;202;0;
3495;2026.04.16 00:45;4;7.25;7.75;6.875;1573;202;0;
3496;2026.04.16 01:00;4;7.25;7.75;5.375;1573;202;0;
3497;2026.04.16 01:15;4;7.25;7.75;4.625;1573;202;0;
3498;2026.04.16 01:30;4;7.25;7.75;4.125;1573;202;0;
3499;2026.04.16 01:45;4;7.25;7.75;5.1875;1573;202;0;
3500;2026.04.16 02:00;4;7.25;7.75;5.875;1573;202;0;
3501;2026.04.16 02:15;4;7.25;7.75;6.25;1573;202;0;
3502;2026.04.16 02:30;4;7.25;7.75;6.0625;1573;202;0;
3503;2026.04.16 02:45;4;7.25;7.75;5.5;1573;202;0;
3504;2026.04.16 03:00;4;7.25;7.75;5.75;1573;202;0;
3505;2026.04.16 03:15;4;7.25;7.75;6.25;1573;202;0;
3506;2026.04.16 03:30;4;7.25;7.75;6.5625;1573;202;0;
3507;2026.04.16 03:45;4;7.25;7.75;6.6875;1573;202;0;
3508;2026.04.16 04:00;4;7.3125;7.75;6.5;1573;202;0;
3509;2026.04.16 04:15;4;7.3125;7.75;6.6875;1573;202;0;
3510;2026.04.16 04:30;4;7.3125;7.75;7;1573;202;0;
3511;2026.04.16 04:45;4;7.3125;7.75;7.25;1573;202;0;
3512;2026.04.16 05:00;4;7.3125;7.75;7.375;1573;202;0;
3513;2026.04.16 05:15;4;7.3125;7.75;7.6875;1573;202;0;
3514;2026.04.16 05:30;4;7.3125;7.75;8.125;1573;202;0;
3515;2026.04.16 05:45;4;7.3125;7.75;8.25;1573;202;0;
3516;2026.04.16 06:00;4;7.3125;7.75;8.5;1573;202;0;
3517;2026.04.16 06:15;4;7.375;7.75;8.75;1573;202;0;
3518;2026.04.16 06:30;4;7.3125;7.75;9.0625;1573;202;0;
3519;2026.04.16 06:45;4;7.375;7.75;9.625;1573;202;0;
3520;2026.04.16 07:00;4;7.375;7.75;10.125;1573;202;0;
3521;2026.04.16 07:15;4;7.375;7.75;10.75;1573;202;0;
3522;2026.04.16 07:30;4;7.375;7.75;11.375;1573;202;0;
3523;2026.04.16 07:45;4;7.375;7.75;12;1573;202;0;
3524;2026.04.16 08:00;4;7.375;7.75;12.75;1573;202;0;
3525;2026.04.16 08:15;4;7.375;7.75;13.3125;1573;202;0;
3526;2026.04.16 08:30;4;7.375;7.75;13.75;1573;202;0;
3527;2026.04.16 08:45;4;7.375;7.75;13.625;1573;202;0;
3528;2026.04.16 09:00;4;7.375;7.75;13.9375;1573;202;0;
3529;2026.04.16 09:15;4;7.375;7.75;14.25;1573;202;0;
3530;2026.04.16 09:30;4;7.375;7.75;14.375;1573;202;0;
3531;2026.04.16 09:45;4;7.375;7.75;14.875;1573;202;0;
3532;2026.04.16 10:00;4;7.375;7.75;16.625;1573;202;0;
3533;2026.04.16 10:15;4;7.375;7.75;18.3125;1573;202;0;
3534;2026.04.16 10:30;4;7.375;7.75;19.5;1573;202;0;
3535;2026.04.16 10:45;4;7.375;7.75;19.4375;1573;202;0;
3536;2026.04.16 11:00;4;7.375;7.75;20.5;1573;202;0;
3537;2026.04.16 11:15;4;7.375;7.75;20.5;1573;202;0;
3538;2026.04.16 11:30;4;7.375;7.75;20.125;1573;202;0;
3539;2026.04.16 11:45;4;7.375;7.75;20.625;1573;202;0;
3540;2026.04.16 12:00;4;7.375;7.75;22.25;1573;202;0;
3541;2026.04.16 12:15;4;7.375;7.75;22.5;1573;202;0;
3542;2026.04.16 12:30;4;7.375;7.75;23.0625;1574;202;0;
3543;2026.04.16 12:45;4;7.375;7.75;21.5;1573;202;0;
3544;2026.04.16 13:00;4;7.375;7.75;20.4375;1573;202;0;
3545;2026.04.16 13:15;4;7.375;7.75;18.5625;1574;202;0;
3546;2026.04.16 13:30;4;7.375;7.75;19;1574;202;0;
3547;2026.04.16 13:45;4;7.375;7.75;22.0625;1574;202;0;
3548;2026.04.16 14:00;4;7.375;7.75;21.875;1574;202;0;
3549;2026.04.16 14:15;4;7.375;7.75;19.75;1574;202;0;
3550;2026.04.16 14:30;4;7.375;7.75;17.875;1574;202;0;
3551;2026.04.16 14:45;4;7.375;7.75;17.1875;1574;202;0;
3552;2026.04.16 15:00;4;7.375;7.75;17.5;1574;202;0;
3553;2026.04.16 15:15;4;7.375;7.75;18.125;1574;202;0;
3554;2026.04.16 15:30;4;7.375;7.75;18;1574;202;0;
3555;2026.04.16 15:45;4;7.375;7.75;17.25;1574;202;0;
3556;2026.04.16 16:00;4;7.375;7.75;16.375;1574;202;0;
3557;2026.04.16 16:15;4;7.375;7.75;15.8125;1574;202;0;
3558;2026.04.16 16:30;4;7.375;7.75;15.625;1574;202;0;
3559;2026.04.16 16:45;4;7.375;7.75;15.4375;1574;202;0;
3560;2026.04.16 17:00;4;7.375;7.75;14.9375;1574;202;0;
3561;2026.04.16 17:15;4;7.375;7.8125;14.125;1574;202;0;
3562;2026.04.16 17:30;4;7.375;7.8125;13.125;1574;202;0;
3563;2026.04.16 17:45;4;7.375;7.8125;12.3125;1574;202;0;
3564;2026.04.16 18:00;4;7.375;7.8125;11.375;1574;202;0;
3565;2026.04.16 18:15;4;7.375;7.875;10.875;1574;202;0;
3566;2026.04.16 18:30;4;7.375;7.875;10.5;1574;202;0;
3567;2026.04.16 18:45;4;7.375;7.875;10.3125;1574;202;0;
3568;2026.04.16 19:00;4;7.375;7.875;10.1875;1574;202;0;
3569;2026.04.16 19:15;4;7.375;7.875;9.6875;1574;202;0;
3570;2026.04.16 19:30;4;7.4375;7.875;9.5;1574;202;0;
3571;2026.04.16 19:45;4;7.4375;7.875;9.1875;1574;202;0;
3572;2026.04.16 20:00;4;7.4375;7.875;8.8125;1574;202;0;
3573;2026.04.16 20:15;4;7.4375;7.875;8.375;1574;202;0;
3574;2026.04.16 20:30;4;7.4375;7.875;7.4375;1574;202;0;
3575;2026.04.16 20:45;4;7.4375;7.875;6.875;1574;202;0;
3576;2026.04.16 21:00;4;7.4375;7.9375;6.5625;1574;202;0;
3577;2026.04.16 21:15;4;7.5;7.9375;6.5;1574;202;0;
3578;2026.04.16 21:30;4;7.5;7.9375;6.875;1574;202;0;
3579;2026.04.16 21:45;4;7.5;8;7.375;1574;202;0;
3580;2026.04.16 22:00;4;7.5;8;7.5;1574;202;0;
3581;2026.04.16 22:15;4;7.5;8;7.25;1574;202;0;
3582;2026.04.16 22:30;4;7.5;8;6.75;1574;202;0;
3583;2026.04.16 22:45;4;7.5;8;6;1574;202;0;
3584;2026.04.16 23:00;4;7.5;8;5.5;1574;202;0;
3585;2026.04.16 23:15;4;7.5;8;5.4375;1574;202;0;
3586;2026.04.16 23:30;4;7.5;8;5.5;1574;202;0;
3587;2026.04.16 23:45;4;7.5;8;5.625;1574;202;0;
3588;2026.04.17 00:00;4;7.5;8;5.875;1574;202;0;
3589;2026.04.17 00:15;4;7.5;8;5.75;1574;202;0;
3590;2026.04.17 00:30;4;7.5;8;6.25;1574;202;0;
3591;2026.04.17 00:45;4;7.5;8;6.375;1574;202;0;
3592;2026.04.17 01:00;4;7.5;8;6.125;1574;202;0;
3593;2026.04.17 01:15;4;7.5;8;6.375;1574;202;0;
3594;2026.04.17 01:30;4;7.5625;8.0625;6.375;1574;202;0;
3595;2026.04.17 01:45;4;7.5625;8.0625;6.3125;1574;202;0;
3596;2026.04.17 02:00;4;7.5625;8.0625;6.125;1575;202;0;
3597;2026.04.17 02:15;4;7.5625;8.0625;5.75;1575;202;0;
3598;2026.04.17 02:30;4;7.5625;8.0625;5.375;1575;202;0;
3599;2026.04.17 02:45;4;7.5625;8.0625;5.125;1575;202;0;
3600;2026.04.17 03:00;4;7.5625;8.0625;5;1575;202;0;
3601;2026.04.17 03:15;4;7.5625;8.0625;5.125;1575;202;0;
3602;2026.04.17 03:30;4;7.625;8.0625;5.1875;1575;202;0;
3603;2026.04.17 03:45;4;7.625;8.0625;4.875;1575;202;0;
3604;2026.04.17 04:00;4;7.625;8.0625;4.5;1575;202;0;
3605;2026.04.17 04:15;4;7.625;8.0625;4.9375;1575;202;0;
3606;2026.04.17 04:30;4;7.625;8.0625;4.625;1575;202;0;
3607;2026.04.17 04:45;4;7.625;8.0625;4.75;1575;202;0;
3608;2026.04.17 05:00;4;7.625;8.0625;5.375;1575;202;0;
3609;2026.04.17 05:15;4;7.625;8.0625;5.875;1575;202;0;
3610;2026.04.17 05:30;4;7.625;8.0625;6.625;1575;202;0;
3611;2026.04.17 05:45;4;7.625;8.0625;7.6875;1575;202;0;
3612;2026.04.17 06:00;4;7.625;8.0625;9;1575;202;0;
3613;2026.04.17 06:15;4;7.625;8.0625;10.25;1575;202;0;
3614;2026.04.17 06:30;4;7.625;8.0625;10.75;1575;202;0;
3615;2026.04.17 06:45;4;7.625;8.0625;12.125;1575;202;0;
3616;2026.04.17 07:00;4;7.625;8.0625;12;1575;202;0;
3617;2026.04.17 07:15;4;7.625;8.0625;12.125;1575;202;0;
3618;2026.04.17 07:30;4;7.625;8.0625;12.8125;1575;202;0;
3619;2026.04.17 07:45;4;7.625;8.0625;15.125;1575;202;0;
3620;2026.04.17 08:00;4;7.625;8.0625;17.8125;1575;202;0;
3621;2026.04.17 08:15;4;7.625;8.0625;16.625;1575;202;0;
3622;2026.04.17 08:30;4;7.625;8.0625;18;1575;202;0;
3623;2026.04.17 08:45;4;7.625;8.0625;17.375;1575;202;0;
3624;2026.04.17 09:00;4;7.625;8;18.4375;1575;202;0;
3625;2026.04.17 09:15;4;7.625;8;20.25;1575;202;0;
3626;2026.04.17 09:30;4;7.625;8;22.5;1575;202;0;
3627;2026.04.17 09:45;4;7.625;8;22.0625;1575;202;0;
3628;2026.04.17 10:00;4;7.625;8;20.5;1575;202;0;
3629;2026.04.17 10:15;4;7.625;8;24.375;1575;202;0;
3630;2026.04.17 10:30;4;7.625;8;24.75;1575;202;0;
3631;2026.04.17 10:45;4;7.625;8;23;1575;202;0;
3632;2026.04.17 11:00;4;7.625;8;24.25;1575;202;0;
3633;2026.04.17 11:15;4;7.625;8;24.75;1575;202;0;
3634;2026.04.17 11:30;4;7.625;8;23.375;1575;202;0;
3635;2026.04.17 11:45;4;7.625;8;22.875;1575;202;0;
3636;2026.04.17 12:00;4;7.625;8;24.25;1575;202;0;
3637;2026.04.17 12:15;4;7.625;8;24.625;1575;202;0;
3638;2026.04.17 12:30;4;7.625;8;27;1575;202;0;
3639;2026.04.17 12:45;4;7.625;8;26.625;1575;202;0;
3640;2026.04.17 13:00;4;7.625;8;27.3125;1575;202;0;
3641;2026.04.17 13:15;4;7.625;8;24.0625;1575;202;0;
3642;2026.04.17 13:30;4;7.625;8;22.5;1575;202;0;
3643;2026.04.17 13:45;4;7.625;8;22.6875;1575;202;0;
3644;2026.04.17 14:00;4;7.625;8;25.0625;1575;202;0;
3645;2026.04.17 14:15;4;7.625;8;22.5;1575;202;0;
3646;2026.04.17 14:30;4;7.625;8;19.8125;1575;202;0;
3647;2026.04.17 14:45;4;7.625;8;19.625;1575;202;0;
3648;2026.04.17 15:00;4;7.625;8;20.0625;1575;202;0;
3649;2026.04.17 15:15;4;7.625;8;20;1575;202;0;
3650;2026.04.17 15:30;4;7.625;8.0625;19.125;1575;202;0;
3651;2026.04.17 15:45;4;7.625;8.0625;17.9375;1575;202;0;
3652;2026.04.17 16:00;4;7.625;8.0625;17.875;1575;202;0;
3653;2026.04.17 16:15;4;7.625;8.0625;17.375;1575;202;0;
3654;2026.04.17 16:30;4;7.625;8.125;16.3125;1575;202;0;
3655;2026.04.17 16:45;4;7.625;8.125;16.125;1575;202;0;
3656;2026.04.17 17:00;4;7.625;8.125;15.5625;1575;202;0;
3657;2026.04.17 17:15;4;7.625;8.125;14.875;1575;202;0;
3658;2026.04.17 17:30;4;7.625;8.125;13.25;1575;202;0;
3659;2026.04.17 17:45;4;7.625;8.125;11.5;1575;202;0;
3660;2026.04.17 18:00;4;7.6875;8.125;10.125;1575;202;0;
3661;2026.04.17 18:15;4;7.6875;8.125;9.25;1575;202;0;
3662;2026.04.17 18:30;4;7.6875;8.125;9.0625;1575;202;0;
3663;2026.04.17 18:45;4;7.6875;8.1875;10;1576;202;0;
3664;2026.04.17 19:00;4;7.6875;8.1875;10.4375;1576;202;0;
3665;2026.04.17 19:15;4;7.6875;8.1875;10.625;1576;202;0;
3666;2026.04.17 19:30;4;7.75;8.25;9.5;1576;202;0;
3667;2026.04.17 19:45;4;7.75;8.25;9.5;1576;202;0;
3668;2026.04.17 20:00;4;7.75;8.25;9.3125;1576;202;0;
3669;2026.04.17 20:15;4;7.75;8.25;10;1576;202;0;
3670;2026.04.17 20:30;4;7.75;8.25;9.9375;1576;202;0;
3671;2026.04.17 20:45;4;7.75;8.25;10.375;1576;202;0;
3672;2026.04.17 21:00;4;7.75;8.25;9.875;1576;202;0;
3673;2026.04.17 21:15;4;7.75;8.25;8.6875;1576;202;0;
3674;2026.04.17 21:30;4;7.75;8.25;7.0625;1576;202;0;
3675;2026.04.17 21:45;4;7.75;8.3125;6.125;1576;202;0;
3676;2026.04.17 22:00;4;7.75;8.3125;5.625;1576;202;0;
3677;2026.04.17 22:15;4;7.75;8.3125;5.1875;1576;202;0;
3678;2026.04.17 22:30;4;7.75;8.375;4.5;1576;202;0;
3679;2026.04.17 22:45;4;7.75;8.375;4.125;1576;202;0;
3680;2026.04.17 23:00;4;7.75;8.375;4.25;1576;202;0;
3681;2026.04.17 23:15;4;7.8125;8.375;4.5;1576;202;0;
3682;2026.04.17 23:30;4;7.8125;8.375;4.375;1576;202;0;
3683;2026.04.17 23:45;4;7.8125;8.375;3.75;1576;202;0;
3684;2026.04.18 00:00;4;7.8125;8.375;3.6875;1576;202;0;
3685;2026.04.18 00:15;4;7.8125;8.375;3.25;1576;202;0;
3686;2026.04.18 00:30;4;7.8125;8.375;2.875;1576;202;0;
3687;2026.04.18 00:45;4;7.875;8.375;2.9375;1576;202;0;
3688;2026.04.18 01:00;4;7.875;8.375;2.8125;1576;202;0;
3689;2026.04.18 01:15;4;7.875;8.375;2.75;1576;202;0;
3690;2026.04.18 01:30;4;7.875;8.375;3.625;1576;202;0;
3691;2026.04.18 01:45;4;7.875;8.375;4.5;1576;202;0;
3692;2026.04.18 02:00;4;7.875;8.375;4.6875;1576;202;0;
3693;2026.04.18 02:15;4;7.875;8.375;4.875;1576;202;0;
3694;2026.04.18 02:30;4;7.875;8.375;4.25;1576;202;0;
3695;2026.04.18 02:45;4;7.875;8.375;3.25;1576;202;0;
3696;2026.04.18 03:00;4;7.875;8.375;3.125;1577;202;0;
3697;2026.04.18 03:15;4;7.875;8.375;3.3125;1576;202;0;
3698;2026.04.18 03:30;4;7.875;8.4375;3.25;1576;202;0;
3699;2026.04.18 03:45;4;7.875;8.375;2.6875;1576;202;0;
3700;2026.04.18 04:00;4;7.875;8.375;2.375;1576;202;0;
3701;2026.04.18 04:15;4;7.875;8.375;2.9375;1576;202;0;
3702;2026.04.18 04:30;4;7.875;8.375;3.25;1576;202;0;
3703;2026.04.18 04:45;4;7.875;8.375;4.0625;1577;202;0;
3704;2026.04.18 05:00;4;7.875;8.375;5;1576;202;0;
3705;2026.04.18 05:15;4;7.875;8.375;5.625;1577;202;0;
3706;2026.04.18 05:30;4;7.875;8.375;6.8125;1577;202;0;
3707;2026.04.18 05:45;4;7.875;8.375;8.25;1577;202;0;
3708;2026.04.18 06:00;4;7.875;8.375;9.125;1577;202;0;
3709;2026.04.18 06:15;4;7.875;8.375;9.5;1577;202;0;
3710;2026.04.18 06:30;4;7.875;8.375;9.625;1577;202;0;
3711;2026.04.18 06:45;4;7.9375;8.375;11.75;1577;202;0;
3712;2026.04.18 07:00;4;7.875;8.375;13.125;1577;202;0;
3713;2026.04.18 07:15;4;7.875;8.375;12.625;1577;202;0;
3714;2026.04.18 07:30;4;7.875;8.375;13.125;1577;202;0;
3715;2026.04.18 07:45;4;7.9375;8.375;15.125;1577;202;0;
3716;2026.04.18 08:00;4;7.875;8.375;17.1875;1577;202;0;
3717;2026.04.18 08:15;4;7.9375;8.375;18.75;1577;202;0;
3718;2026.04.18 08:30;4;7.9375;8.375;20.0625;1577;202;0;
3719;2026.04.18 08:45;4;7.9375;8.375;20.25;1577;202;0;
3720;2026.04.18 09:00;4;7.9375;8.375;19.875;1577;202;0;
3721;2026.04.18 09:15;4;7.9375;8.375;19.625;1577;202;0;
3722;2026.04.18 09:30;4;7.9375;8.375;20.375;1577;202;0;
3723;2026.04.18 09:45;4;7.9375;8.375;23.3125;1577;202;0;
3724;2026.04.18 10:00;4;7.9375;8.375;24.125;1577;202;0;
3725;2026.04.18 10:15;4;7.9375;8.375;24.25;1577;202;0;
3726;2026.04.18 10:30;4;7.875;8.375;25.125;1577;202;0;
3727;2026.04.18 10:45;4;7.9375;8.3125;26.1875;1577;202;0;
3728;2026.04.18 11:00;4;7.9375;8.3125;26;1577;202;0;
3729;2026.04.18 11:15;4;7.875;8.3125;26.625;1577;202;0;
3730;2026.04.18 11:30;4;7.9375;8.3125;24.8125;1577;202;0;
3731;2026.04.18 11:45;4;7.9375;8.3125;26;1577;202;0;
3732;2026.04.18 12:00;4;7.9375;8.3125;27.25;1577;202;0;
3733;2026.04.18 12:15;4;7.875;8.3125;24.8125;1577;202;0;
3734;2026.04.18 12:30;4;7.875;8.3125;24;1577;202;0;
3735;2026.04.18 12:45;4;7.875;8.3125;23.5;1577;202;0;
3736;2026.04.18 13:00;4;7.875;8.3125;24.375;1577;202;0;
3737;2026.04.18 13:15;4;7.875;8.3125;23.625;1577;202;0;
3738;2026.04.18 13:30;4;7.875;8.3125;22.625;1577;202;0;
3739;2026.04.18 13:45;4;7.875;8.25;22.1875;1577;202;0;
3740;2026.04.18 14:00;4;7.875;8.3125;22.875;1577;202;0;
3741;2026.04.18 14:15;4;7.875;8.3125;22.5625;1577;202;0;
3742;2026.04.18 14:30;4;7.875;8.3125;22.5;1577;202;0;
3743;2026.04.18 14:45;4;7.875;8.3125;22.0625;1577;202;0;
3744;2026.04.18 15:00;4;7.875;8.3125;21.75;1577;202;0;
3745;2026.04.18 15:15;4;7.875;8.3125;20.625;1577;202;0;
3746;2026.04.18 15:30;4;7.875;8.3125;19.875;1577;202;0;
3747;2026.04.18 15:45;4;7.875;8.375;19.9375;1577;202;0;
3748;2026.04.18 16:00;4;7.875;8.375;19.4375;1577;202;0;
3749;2026.04.18 16:15;4;7.9375;8.375;18.875;1577;202;0;
3750;2026.04.18 16:30;4;7.9375;8.375;18.25;1577;202;0;
3751;2026.04.18 16:45;4;7.875;8.375;17.75;1577;202;0;
3752;2026.04.18 17:00;4;7.9375;8.375;17.375;1577;202;0;
3753;2026.04.18 17:15;4;7.9375;8.375;16.75;1577;202;0;
3754;2026.04.18 17:30;4;7.9375;8.375;16.125;1577;202;0;
3755;2026.04.18 17:45;4;7.9375;8.375;15.25;1577;202;0;
3756;2026.04.18 18:00;4;7.9375;8.375;14.375;1578;202;0;
3757;2026.04.18 18:15;4;7.9375;8.4375;13.625;1578;202;0;
3758;2026.04.18 18:30;4;7.9375;8.4375;13.25;1578;202;0;
3759;2026.04.18 18:45;4;8;8.5;12.8125;1578;202;0;
3760;2026.04.18 19:00;4;8;8.5;11.4375;1578;202;0;
3761;2026.04.18 19:15;4;8;8.5;10;1578;202;0;
3762;2026.04.18 19:30;4;8;8.5;8.75;1578;202;0;
3763;2026.04.18 19:45;4;8;8.5;8.5;1578;202;0;
3764;2026.04.18 20:00;4;8;8.5;8.125;1578;202;0;
3765;2026.04.18 20:15;4;8;8.5;7.875;1578;202;0;
3766;2026.04.18 20:30;4;8;8.5;7.8125;1578;202;0;
3767;2026.04.18 20:45;4;8;8.5625;8.25;1578;202;0;
3768;2026.04.18 21:00;4;8;8.5625;8.5;1578;202;0;
3769;2026.04.18 21:15;4;8;8.5625;8.625;1578;202;0;
3770;2026.04.18 21:30;4;8;8.625;8.375;1578;202;0;
3771;2026.04.18 21:45;4;8;8.625;7.75;1578;202;0;
3772;2026.04.18 22:00;4;8;8.625;7.75;1578;202;0;
3773;2026.04.18 22:15;4;8;8.625;8.25;1578;202;0;
3774;2026.04.18 22:30;4;8;8.625;8.875;1578;202;0;
3775;2026.04.18 22:45;4;8.0625;8.625;9.125;1578;202;0;
3776;2026.04.18 23:00;4;8.0625;8.625;9.125;1578;202;0;
3777;2026.04.18 23:15;4;8.0625;8.625;9.5;1578;202;0;
3778;2026.04.18 23:30;4;8.0625;8.625;9.8125;1578;202;0;
3779;2026.04.18 23:45;4;8.125;8.625;9.8125;1578;202;0;
3780;2026.04.19 00:00;4;8.125;8.6875;9.625;1578;202;0;
3781;2026.04.19 00:15;4;8.125;8.6875;9.3125;1578;202;0;
3782;2026.04.19 00:30;4;8.125;8.6875;8.875;1578;202;0;
3783;2026.04.19 00:45;4;8.125;8.6875;8.75;1579;202;0;
3784;2026.04.19 01:00;4;8.125;8.6875;8.8125;1579;202;0;
3785;2026.04.19 01:15;4;8.125;8.75;9;1579;202;0;
3786;2026.04.19 01:30;4;8.125;8.75;9;1579;202;0;
3787;2026.04.19 01:45;4;8.125;8.75;8.875;1579;202;0;
3788;2026.04.19 02:00;4;8.125;8.75;8.5625;1579;202;0;
3789;2026.04.19 02:15;4;8.125;8.75;8.375;1579;202;0;
3790;2026.04.19 02:30;4;8.125;8.75;8.25;1579;202;0;
3791;2026.04.19 02:45;4;8.125;8.75;8.3125;1579;202;0;
3792;2026.04.19 03:00;4;8.125;8.75;8.25;1579;202;0;
3793;2026.04.19 03:15;4;8.125;8.75;8.125;1579;202;0;
3794;2026.04.19 03:30;4;8.125;8.75;8.5;1579;202;0;
3795;2026.04.19 03:45;4;8.125;8.75;8.875;1579;202;0;
3796;2026.04.19 04:00;4;8.1875;8.75;9.25;1579;202;0;
3797;2026.04.19 04:15;4;8.1875;8.75;9.25;1579;202;0;
3798;2026.04.19 04:30;4;8.1875;8.75;9.375;1579;202;0;
3799;2026.04.19 04:45;4;8.1875;8.75;9.625;1579;202;0;
3800;2026.04.19 05:00;4;8.1875;8.75;9.75;1579;202;0;
3801;2026.04.19 05:15;4;8.1875;8.75;9.75;1579;202;0;
3802;2026.04.19 05:30;4;8.1875;8.75;9.5;1579;202;0;
3803;2026.04.19 05:45;4;8.1875;8.75;9.1875;1579;202;0;
3804;2026.04.19 06:00;4;8.1875;8.75;9.125;1579;202;0;
3805;2026.04.19 06:15;4;8.25;8.75;9.25;1579;202;0;
3806;2026.04.19 06:30;4;8.25;8.75;9.6875;1579;202;0;
3807;2026.04.19 06:45;4;8.25;8.75;10.25;1579;202;0;
3808;2026.04.19 07:00;4;8.25;8.75;10.9375;1579;202;0;
3809;2026.04.19 07:15;4;8.25;8.75;11.5625;1579;202;0;
3810;2026.04.19 07:30;4;8.25;8.75;12.25;1579;202;0;
3811;2026.04.19 07:45;4;8.25;8.75;12.625;1579;202;0;
3812;2026.04.19 08:00;4;8.25;8.75;13.5;1579;202;0;
3813;2026.04.19 08:15;4;8.25;8.75;12.5;1579;202;0;
3814;2026.04.19 08:30;4;8.25;8.75;11.8125;1579;202;0;
3815;2026.04.19 08:45;4;8.25;8.75;11.625;1579;202;0;
3816;2026.04.19 09:00;4;8.25;8.75;11.625;1579;202;0;
3817;2026.04.19 09:15;4;8.25;8.75;12.25;1579;202;0;
3818;2026.04.19 09:30;4;8.25;8.75;12.625;1579;202;0;
3819;2026.04.19 09:45;4;8.25;8.75;12.5;1579;202;0;
3820;2026.04.19 10:00;4;8.25;8.75;11.9375;1579;202;0;
3821;2026.04.19 10:15;4;8.25;8.75;11.375;1579;202;0;
3822;2026.04.19 10:30;4;8.25;8.75;12.375;1579;202;0;
3823;2026.04.19 10:45;4;8.25;8.75;12.875;1579;202;0;
3824;2026.04.19 11:00;4;8.25;8.75;12.375;1579;202;0;
3825;2026.04.19 11:15;4;8.25;8.75;12.25;1579;202;0;
3826;2026.04.19 11:30;4;8.25;8.75;14;1579;202;0;
3827;2026.04.19 11:45;4;8.25;8.75;14.25;1579;202;0;
3828;2026.04.19 12:00;4;8.25;8.75;14.75;1579;202;0;
3829;2026.04.19 12:15;4;8.25;8.75;14.875;1579;202;0;
3830;2026.04.19 12:30;4;8.25;8.75;14.875;1579;202;0;
3831;2026.04.19 12:45;4;8.25;8.75;15.9375;1579;202;0;
3832;2026.04.19 13:00;4;8.25;8.75;16.1875;1580;202;0;
3833;2026.04.19 13:15;4;8.25;8.75;17.25;1580;202;0;
3834;2026.04.19 13:30;4;8.25;8.75;17.4375;1580;202;0;
3835;2026.04.19 13:45;4;8.25;8.75;16.8125;1580;202;0;
3836;2026.04.19 14:00;4;8.25;8.75;17.75;1580;202;0;
3837;2026.04.19 14:15;4;8.25;8.75;16.25;1580;202;0;
3838;2026.04.19 14:30;4;8.25;8.75;15.625;1580;202;0;
3839;2026.04.19 14:45;4;8.25;8.75;15.5;1580;202;0;
3840;2026.04.19 15:00;4;8.25;8.75;14.75;1580;202;0;
3841;2026.04.19 15:15;4;8.25;8.75;14.4375;1580;202;0;
3842;2026.04.19 15:30;4;8.25;8.75;14.125;1580;202;0;
3843;2026.04.19 15:45;4;8.25;8.75;13.75;1580;202;0;
3844;2026.04.19 16:00;4;8.25;8.75;13.75;1580;202;0;
3845;2026.04.19 16:15;4;8.25;8.75;13.25;1580;202;0;
3846;2026.04.19 16:30;4;8.25;8.75;12.875;1580;202;0;
3847;2026.04.19 16:45;4;8.25;8.75;12.25;1580;202;0;
3848;2026.04.19 17:00;4;8.25;8.75;11.375;1580;202;0;
3849;2026.04.19 17:15;4;8.25;8.75;10.5;1580;202;0;
3850;2026.04.19 17:30;4;8.25;8.75;10.1875;1580;202;0;
3851;2026.04.19 17:45;4;8.25;8.75;9.5;1580;202;0;
3852;2026.04.19 18:00;4;8.25;8.75;8.9375;1580;202;0;
3853;2026.04.19 18:15;4;8.25;8.75;8.625;1580;202;0;
3854;2026.04.19 18:30;4;8.25;8.75;8.875;1580;202;0;
3855;2026.04.19 18:45;4;8.25;8.75;8.5;1580;202;0;
3856;2026.04.19 19:00;4;8.25;8.75;7.9375;1580;202;0;
3857;2026.04.19 19:15;4;8.25;8.8125;7.5;1580;202;0;
3858;2026.04.19 19:30;4;8.3125;8.8125;7.375;1580;202;0;
3859;2026.04.19 19:45;4;8.3125;8.8125;7.5;1580;202;0;
3860;2026.04.19 20:00;4;8.3125;8.8125;7.375;1580;202;0;
3861;2026.04.19 20:15;4;8.3125;8.8125;6.75;1580;202;0;
3862;2026.04.19 20:30;4;8.3125;8.875;6.125;1580;202;0;
3863;2026.04.19 20:45;4;8.3125;8.875;5.375;1580;202;0;
3864;2026.04.19 21:00;4;8.3125;8.875;5.0625;1580;202;0;
3865;2026.04.19 21:15;4;8.3125;8.875;4.75;1580;202;0;
3866;2026.04.19 21:30;4;8.3125;8.875;4.8125;1580;202;0;
3867;2026.04.19 21:45;4;8.3125;8.875;5.125;1580;202;0;
3868;2026.04.19 22:00;4;8.3125;8.875;4.375;1580;202;0;
3869;2026.04.19 22:15;4;8.375;8.875;3;1580;202;0;
3870;2026.04.19 22:30;4;8.375;8.875;1.75;1580;202;0;
3871;2026.04.19 22:45;4;8.375;8.875;0.9375;1580;202;0;
3872;2026.04.19 23:00;4;8.375;8.875;0.25;1580;202;0;
3873;2026.04.19 23:15;4;8.375;8.875;0.0625;1581;202;0;
3874;2026.04.19 23:30;4;8.375;8.875;-0.25;1581;202;0;
3875;2026.04.19 23:45;4;8.375;8.875;-0.25;1581;202;0;
3876;2026.04.20 00:00;4;8.375;8.875;-0.25;1581;202;0;
3877;2026.04.20 00:15;4;8.375;8.875;-0.375;1581;202;0;
3878;2026.04.20 00:30;4;8.375;8.875;-0.4375;1581;202;0;
3879;2026.04.20 00:45;4;8.375;8.875;-0.8125;1581;202;0;
3880;2026.04.20 01:00;4;8.375;8.875;-0.8125;1581;202;0;
3881;2026.04.20 01:15;4;8.375;8.875;-0.9375;1581;202;0;
3882;2026.04.20 01:30;4;8.375;8.875;-0.3125;1581;202;0;
3883;2026.04.20 01:45;4;8.375;8.875;0.5;1581;202;0;
3884;2026.04.20 02:00;4;8.375;8.875;0.625;1581;202;0;
3885;2026.04.20 02:15;4;8.375;8.875;1;1581;202;0;
3886;2026.04.20 02:30;4;8.375;8.875;1.625;1581;202;0;
3887;2026.04.20 02:45;4;8.375;8.875;1.75;1581;202;0;
3888;2026.04.20 03:00;4;8.375;8.875;1.5;1581;202;0;
3889;2026.04.20 03:15;4;8.375;8.875;0.6875;1581;202;0;
3890;2026.04.20 03:30;4;8.375;8.875;0.1875;1581;202;0;
3891;2026.04.20 03:45;4;8.375;8.875;-0.375;1581;202;0;
3892;2026.04.20 04:00;4;8.375;8.875;0;1581;202;0;
3893;2026.04.20 04:15;4;8.375;8.875;1;1581;202;0;
3894;2026.04.20 04:30;4;8.375;8.875;1.375;1581;202;0;
3895;2026.04.20 04:45;4;8.375;8.875;2;1581;202;0;
3896;2026.04.20 05:00;4;8.375;8.875;1.75;1581;202;0;
3897;2026.04.20 05:15;4;8.375;8.875;1.875;1581;202;0;
3898;2026.04.20 05:30;4;8.375;8.875;3.4375;1581;202;0;
3899;2026.04.20 05:45;4;8.375;8.875;4.5625;1581;202;0;
3900;2026.04.20 06:00;4;8.375;8.8125;4.75;1581;202;0;
3901;2026.04.20 06:15;4;8.375;8.8125;5.625;1581;202;0;
3902;2026.04.20 06:30;4;8.375;8.8125;6.5;1581;202;0;
3903;2026.04.20 06:45;4;8.375;8.8125;8.25;1581;202;0;
3904;2026.04.20 07:00;4;8.375;8.8125;9.25;1581;202;0;
3905;2026.04.20 07:15;4;8.375;8.75;9.625;1581;202;0;
3906;2026.04.20 07:30;4;8.375;8.75;9.25;1581;202;0;
3907;2026.04.20 07:45;4;8.375;8.75;11;1581;202;0;
3908;2026.04.20 08:00;4;8.375;8.75;12;1581;202;0;
3909;2026.04.20 08:15;4;8.375;8.75;13;1581;202;0;
3910;2026.04.20 08:30;4;8.375;8.75;11.25;1581;202;0;
3911;2026.04.20 08:45;4;8.375;8.75;10.1875;1581;202;0;
3912;2026.04.20 09:00;4;8.375;8.75;10.25;1581;202;0;
3913;2026.04.20 09:15;4;8.375;8.75;10.5625;1581;202;0;
3914;2026.04.20 09:30;4;8.375;8.75;11.375;1581;202;0;
3915;2026.04.20 09:45;4;8.375;8.6875;10.75;1581;202;0;
3916;2026.04.20 10:00;4;8.375;8.6875;10.875;1581;202;0;
3917;2026.04.20 10:15;4;8.375;8.6875;11;1581;202;0;
3918;2026.04.20 10:30;4;8.375;8.6875;13;1581;202;0;
3919;2026.04.20 10:45;4;8.375;8.6875;13.625;1581;202;0;
3920;2026.04.20 11:00;4;8.375;8.625;13.875;1581;202;0;
3921;2026.04.20 11:15;4;8.375;8.625;17;1581;202;0;
3922;2026.04.20 11:30;4;8.375;8.625;17.5;1581;202;0;
3923;2026.04.20 11:45;4;8.375;8.625;17.5;1581;202;0;
3924;2026.04.20 12:00;4;8.375;8.625;16.375;1581;202;0;
3925;2026.04.20 12:15;4;8.375;8.625;15.625;1581;202;0;
3926;2026.04.20 12:30;4;8.375;8.625;14.0625;1581;202;0;
3927;2026.04.20 12:45;4;8.3125;8.625;14.9375;1581;202;0;
3928;2026.04.20 13:00;4;8.3125;8.625;15.25;1581;202;0;
3929;2026.04.20 13:15;4;8.3125;8.625;14.625;1581;202;0;
3930;2026.04.20 13:30;4;8.3125;8.625;14.4375;1581;202;0;
3931;2026.04.20 13:45;4;8.3125;8.625;13.75;1581;202;0;
3932;2026.04.20 14:00;4;8.3125;8.625;15.4375;1581;202;0;
3933;2026.04.20 14:15;4;8.3125;8.625;14.6875;1581;202;0;
3934;2026.04.20 14:30;4;8.3125;8.625;14.0625;1581;202;0;
3935;2026.04.20 14:45;4;8.3125;8.625;12.625;1581;202;0;
3936;2026.04.20 15:00;4;8.3125;8.625;12.3125;1582;202;0;
3937;2026.04.20 15:15;4;8.25;8.625;12.0625;1581;202;0;
3938;2026.04.20 15:30;4;8.25;8.5625;11.75;1582;202;0;
3939;2026.04.20 15:45;4;8.25;8.625;11.375;1582;202;0;
3940;2026.04.20 16:00;4;8.25;8.5625;10.4375;1582;202;0;
3941;2026.04.20 16:15;4;8.25;8.5625;9.5;1582;202;0;
3942;2026.04.20 16:30;4;8.25;8.5625;8.375;1582;202;0;
3943;2026.04.20 16:45;4;8.25;8.5625;7.5625;1582;202;0;
3944;2026.04.20 17:00;4;8.25;8.625;6.625;1582;202;0;
3945;2026.04.20 17:15;4;8.25;8.5625;5.875;1582;202;0;
3946;2026.04.20 17:30;4;8.25;8.625;5.375;1582;202;0;
3947;2026.04.20 17:45;4;8.25;8.625;5;1582;202;0;
3948;2026.04.20 18:00;4;8.25;8.625;4.625;1582;202;0;
3949;2026.04.20 18:15;4;8.25;8.625;4.375;1582;202;0;
3950;2026.04.20 18:30;4;8.25;8.625;4.25;1582;202;0;
3951;2026.04.20 18:45;4;8.25;8.625;4.1875;1582;202;0;
3952;2026.04.20 19:00;4;8.25;8.625;4.25;1582;202;0;
3953;2026.04.20 19:15;4;8.25;8.625;4.25;1582;202;0;
3954;2026.04.20 19:30;4;8.25;8.625;4.25;1582;202;0;
3955;2026.04.20 19:45;4;8.25;8.625;4.125;1582;202;0;
3956;2026.04.20 20:00;4;8.25;8.625;4.1875;1582;202;0;
3957;2026.04.20 20:15;4;8.25;8.625;4.1875;1582;202;0;
3958;2026.04.20 20:30;4;8.25;8.625;4.25;1582;202;0;
3959;2026.04.20 20:45;4;8.25;8.625;4.25;1582;202;0;
3960;2026.04.20 21:00;4;8.25;8.625;4.3125;1582;202;0;
3961;2026.04.20 21:15;4;8.25;8.625;4.1875;1582;202;0;
3962;2026.04.20 21:30;4;8.25;8.625;4;1582;202;0;
3963;2026.04.20 21:45;4;8.25;8.625;3.9375;1582;202;0;
3964;2026.04.20 22:00;4;8.25;8.625;4;1582;202;0;
3965;2026.04.20 22:15;4;8.25;8.625;4;1582;202;0;
3966;2026.04.20 22:30;4;8.25;8.625;3.875;1582;202;0;
3967;2026.04.20 22:45;4;8.25;8.625;3.75;1582;202;0;
3968;2026.04.20 23:00;4;8.25;8.625;3.625;1582;202;0;
3969;2026.04.20 23:15;4;8.25;8.625;3.5;1582;202;0;
3970;2026.04.20 23:30;4;8.25;8.625;3.375;1582;202;0;
3971;2026.04.20 23:45;4;8.25;8.625;3.375;1582;202;0;
3972;2026.04.21 00:00;4;8.25;8.625;3.25;1582;202;0;
3973;2026.04.21 00:15;4;8.25;8.625;3.25;1582;202;0;
3974;2026.04.21 00:30;4;8.25;8.625;3.1875;1582;202;0;
3975;2026.04.21 00:45;4;8.25;8.625;3.25;1582;202;0;
3976;2026.04.21 01:00;4;8.25;8.625;3.1875;1582;202;0;
3977;2026.04.21 01:15;4;8.25;8.625;3.25;1582;202;0;
3978;2026.04.21 01:30;4;8.25;8.625;3.25;1582;202;0;
3979;2026.04.21 01:45;4;8.3125;8.625;3.25;1582;202;0;
3980;2026.04.21 02:00;4;8.3125;8.625;3.25;1582;202;0;
3981;2026.04.21 02:15;4;8.25;8.625;3.25;1582;202;0;
3982;2026.04.21 02:30;4;8.3125;8.625;3.125;1582;202;0;
3983;2026.04.21 02:45;4;8.3125;8.625;3.25;1582;202;0;
3984;2026.04.21 03:00;4;8.3125;8.625;3.3125;1582;202;0;
3985;2026.04.21 03:15;4;8.3125;8.625;3.375;1582;202;0;
3986;2026.04.21 03:30;4;8.3125;8.625;3.375;1583;202;0;
3987;2026.04.21 03:45;4;8.25;8.625;3.375;1583;202;0;
3988;2026.04.21 04:00;4;8.3125;8.625;3.375;1582;202;0;
3989;2026.04.21 04:15;4;8.25;8.625;3.5;1583;202;0;
3990;2026.04.21 04:30;4;8.3125;8.625;3.5;1583;202;0;
3991;2026.04.21 04:45;4;8.3125;8.625;3.625;1583;202;0;
3992;2026.04.21 05:00;4;8.3125;8.625;3.75;1583;202;0;
3993;2026.04.21 05:15;4;8.3125;8.625;3.9375;1583;202;0;
3994;2026.04.21 05:30;4;8.25;8.625;4;1583;202;0;
3995;2026.04.21 05:45;4;8.3125;8.625;4.25;1583;202;0;
3996;2026.04.21 06:00;4;8.25;8.625;4.375;1583;202;0;
3997;2026.04.21 06:15;4;8.25;8.625;4.4375;1583;202;0;
3998;2026.04.21 06:30;4;8.25;8.625;4.5;1583;202;0;
3999;2026.04.21 06:45;4;8.3125;8.5625;4.75;1583;202;0;
4000;2026.04.21 07:00;4;8.25;8.625;4.875;1583;202;0;
4001;2026.04.21 07:15;4;8.25;8.5625;4.9375;1583;202;0;
4002;2026.04.21 07:30;4;8.25;8.5625;4.875;1583;202;0;
4003;2026.04.21 07:45;4;8.25;8.5625;5.25;1583;202;0;
4004;2026.04.21 08:00;4;8.25;8.5625;5.3125;1583;202;0;
4005;2026.04.21 08:15;4;8.25;8.5625;5.5;1583;202;0;
4006;2026.04.21 08:30;4;8.25;8.5625;5.375;1583;202;0;
4007;2026.04.21 08:45;4;8.25;8.5;5.375;1583;202;0;
4008;2026.04.21 09:00;4;8.25;8.5;5.625;1583;202;0;
4009;2026.04.21 09:15;4;8.25;8.5;5.5625;1583;202;0;
4010;2026.04.21 09:30;4;8.25;8.5;5.75;1583;202;0;
4011;2026.04.21 09:45;4;8.25;8.5;6.6875;1583;202;0;
4012;2026.04.21 10:00;4;8.25;8.5;6.6875;1583;202;0;
4013;2026.04.21 10:15;4;8.25;8.5;6.5;1583;202;0;
4014;2026.04.21 10:30;4;8.25;8.5;6.75;1583;202;0;
4015;2026.04.21 10:45;4;8.25;8.5;7.625;1583;202;0;
4016;2026.04.21 11:00;4;8.25;8.5;8.25;1583;202;0;
4017;2026.04.21 11:15;4;8.25;8.5;8.75;1583;202;0;
4018;2026.04.21 11:30;4;8.25;8.5;9.1875;1583;202;0;
4019;2026.04.21 11:45;4;8.25;8.5;9.3125;1583;202;0;
4020;2026.04.21 12:00;4;8.25;8.5;9.25;1583;202;0;
4021;2026.04.21 12:15;4;8.25;8.5;10.375;1583;202;0;
4022;2026.04.21 12:30;4;8.25;8.5;9.875;1583;202;0;
4023;2026.04.21 12:45;4;8.25;8.5;8.625;1583;202;0;
4024;2026.04.21 13:00;4;8.25;8.5;8.9375;1583;202;0;
4025;2026.04.21 13:15;4;8.25;8.5;9.375;1583;202;0;
4026;2026.04.21 13:30;4;8.25;8.4375;10.1875;1583;202;0;
4027;2026.04.21 13:45;4;8.25;8.4375;11.125;1583;202;0;
4028;2026.04.21 14:00;4;8.25;8.4375;11.375;1583;202;0;
4029;2026.04.21 14:15;4;8.25;8.4375;12.125;1583;202;0;
4030;2026.04.21 14:30;4;8.25;8.4375;11.4375;1583;202;0;
4031;2026.04.21 14:45;4;8.25;8.4375;10.25;1583;202;0;
4032;2026.04.21 15:00;4;8.25;8.4375;9.875;1583;202;0;
4033;2026.04.21 15:15;4;8.25;8.375;6.6875;1583;202;0;
4034;2026.04.21 15:30;4;8.25;8.375;6.25;1583;202;0;
4035;2026.04.21 15:45;4;8.25;8.375;7.125;1583;202;0;
4036;2026.04.21 16:00;4;8.1875;8.375;7.5;1583;202;0;
4037;2026.04.21 16:15;4;8.25;8.375;6.875;1583;202;0;
4038;2026.04.21 16:30;4;8.1875;8.375;6.625;1583;202;0;
4039;2026.04.21 16:45;4;8.1875;8.375;6.125;1583;202;0;
4040;2026.04.21 17:00;4;8.1875;8.375;5.875;1583;202;0;
4041;2026.04.21 17:15;4;8.1875;8.375;5.625;1583;202;0;
4042;2026.04.21 17:30;4;8.1875;8.375;4.75;1583;202;0;
4043;2026.04.21 17:45;4;8.1875;8.375;3.375;1583;202;0;
4044;2026.04.21 18:00;4;8.1875;8.375;2;1583;202;0;
4045;2026.04.21 18:15;4;8.1875;8.375;1.3125;1583;202;0;
4046;2026.04.21 18:30;4;8.1875;8.375;1;1583;202;0;
4047;2026.04.21 18:45;4;8.1875;8.375;2;1583;202;0;
4048;2026.04.21 19:00;4;8.1875;8.375;1.5;1583;202;0;
4049;2026.04.21 19:15;4;8.1875;8.375;1.375;1583;202;0;
4050;2026.04.21 19:30;4;8.1875;8.375;2;1583;202;0;
4051;2026.04.21 19:45;4;8.1875;8.375;3.25;1583;202;0;
4052;2026.04.21 20:00;4;8.1875;8.375;3.125;1583;202;0;
4053;2026.04.21 20:15;4;8.1875;8.375;2.5625;1583;202;0;
4054;2026.04.21 20:30;4;8.1875;8.375;1.875;1583;202;0;
4055;2026.04.21 20:45;4;8.1875;8.375;0.875;1583;202;0;
4056;2026.04.21 21:00;4;8.125;8.375;0.4375;1583;202;0;
4057;2026.04.21 21:15;4;8.1875;8.375;1;1583;202;0;
4058;2026.04.21 21:30;4;8.125;8.375;1.375;1583;202;0;
4059;2026.04.21 21:45;4;8.125;8.375;1.875;1583;202;0;
4060;2026.04.21 22:00;4;8.125;8.375;1.375;1583;202;0;
4061;2026.04.21 22:15;4;8.125;8.375;0.625;1583;202;0;
4062;2026.04.21 22:30;4;8.125;8.375;0.0625;1583;202;0;
4063;2026.04.21 22:45;4;8.125;8.375;-0.4375;1583;202;0;
4064;2026.04.21 23:00;4;8.125;8.375;-0.875;1583;202;0;
4065;2026.04.21 23:15;4;8.125;8.375;-1.3125;1583;202;0;
4066;2026.04.21 23:30;4;8.125;8.375;-1.5;1583;202;0;
4067;2026.04.21 23:45;4;8.125;8.375;-1.875;1583;202;0;
4068;2026.04.22 00:00;4;8.125;8.375;-2.4375;1583;202;0;
4069;2026.04.22 00:15;4;8.125;8.375;-2.625;1583;202;0;
4070;2026.04.22 00:30;4;8.125;8.375;-2.9375;1583;202;0;
4071;2026.04.22 00:45;4;8.125;8.375;-3;1583;202;0;
4072;2026.04.22 01:00;4;8.125;8.375;-2.875;1583;202;0;
4073;2026.04.22 01:15;4;8.125;8.375;-3.25;1583;202;0;
4074;2026.04.22 01:30;4;8.125;8.375;-3.5;1583;202;0;
4075;2026.04.22 01:45;4;8.125;8.375;-3.6875;1583;202;0;
4076;2026.04.22 02:00;4;8.125;8.375;-3;1583;202;0;
4077;2026.04.22 02:15;4;8.125;8.375;-3.5;1583;202;0;
4078;2026.04.22 02:30;4;8.125;8.375;-4.25;1583;202;0;
4079;2026.04.22 02:45;4;8.125;8.375;-4.625;1583;202;0;
4080;2026.04.22 03:00;4;8.125;8.375;-4.4375;1583;202;0;
4081;2026.04.22 03:15;4;8.125;8.3125;-4.625;1583;202;0;
4082;2026.04.22 03:30;4;8.125;8.3125;-4.625;1583;202;0;
4083;2026.04.22 03:45;4;8.125;8.3125;-4;1583;202;0;
4084;2026.04.22 04:00;4;8.125;8.3125;-4.625;1583;202;0;
4085;2026.04.22 04:15;4;8.125;8.3125;-4.25;1583;202;0;
4086;2026.04.22 04:30;4;8.125;8.25;-3.625;1583;202;0;
4087;2026.04.22 04:45;4;8.125;8.25;-3.0625;1583;202;0;
4088;2026.04.22 05:00;4;8.125;8.25;-2.4375;1583;202;0;
4089;2026.04.22 05:15;4;8.125;8.25;-1.875;1583;202;0;
4090;2026.04.22 05:30;4;8.125;8.25;-0.75;1583;202;0;
4091;2026.04.22 05:45;4;8.125;8.25;0.5;1583;202;0;
4092;2026.04.22 06:00;4;8.125;8.25;1.125;1583;202;0;
4093;2026.04.22 06:15;4;8.125;8.25;1.625;1583;202;0;
4094;2026.04.22 06:30;4;8.125;8.25;2.375;1583;202;0;
4095;2026.04.22 06:45;4;8.125;8.25;4.125;1583;202;0;
4096;2026.04.22 07:00;4;8.125;8.25;6;1583;202;0;
4097;2026.04.22 07:15;4;8.125;8.25;6.1875;1583;202;0;
4098;2026.04.22 07:30;4;8.125;8.1875;8.25;1583;202;0;
4099;2026.04.22 07:45;4;8.125;8.1875;10.375;1583;202;0;
4100;2026.04.22 08:00;4;8.125;8.1875;11.25;1583;202;0;
4101;2026.04.22 08:15;4;8.125;8.125;12.625;1583;202;0;
4102;2026.04.22 08:30;4;8.0625;8.125;13.5;1583;202;0;
4103;2026.04.22 08:45;4;8.0625;8.125;15.125;1584;202;0;
4104;2026.04.22 09:00;4;8.0625;8.125;15.375;1584;202;0;
4105;2026.04.22 09:15;4;8.0625;8.125;14.625;1584;202;0;
4106;2026.04.22 09:30;4;8.0625;8.125;15.375;1584;202;0;
4107;2026.04.22 09:45;4;8.0625;8.125;16.5625;1584;202;0;
4108;2026.04.22 10:00;4;8;8.125;16.625;1584;202;0;
4109;2026.04.22 10:15;4;8;8.125;16.8125;1584;202;0;
4110;2026.04.22 10:30;4;8;8.0625;18;1584;202;0;
4111;2026.04.22 10:45;4;8;8;18.0625;1584;202;0;
4112;2026.04.22 11:00;4;8;8.0625;17.75;1584;202;0;
4113;2026.04.22 11:15;4;8;8;18.375;1584;202;0;
4114;2026.04.22 11:30;4;8;8;18.1875;1584;202;0;
4115;2026.04.22 11:45;4;8;8;19.0625;1584;202;0;
4116;2026.04.22 12:00;4;8;8;20;1584;202;0;
4117;2026.04.22 12:15;4;8;8;19.75;1584;202;0;
4118;2026.04.22 12:30;4;8;8;20;1584;202;0;
4119;2026.04.22 12:45;4;8;8;19.625;1584;202;0;
4120;2026.04.22 13:00;4;8;8;20.5;1584;202;0;
4121;2026.04.22 13:15;4;8;8;20.1875;1584;202;0;
4122;2026.04.22 13:30;4;8;8;20.5625;1584;202;0;
4123;2026.04.22 13:45;4;8;8;19.5625;1584;202;0;
4124;2026.04.22 14:00;4;8;8;19.375;1584;202;0;
4125;2026.04.22 14:15;4;7.9375;8;17;1584;202;0;
4126;2026.04.22 14:30;4;7.9375;8;15.6875;1584;202;0;
4127;2026.04.22 14:45;4;7.9375;7.9375;14;1584;202;0;
4128;2026.04.22 15:00;4;7.9375;8;13.3125;1584;202;0;
4129;2026.04.22 15:15;4;7.9375;8;13.3125;1584;202;0;
4130;2026.04.22 15:30;4;7.9375;8;12.5;1584;202;0;
4131;2026.04.22 15:45;4;7.9375;8;11.9375;1584;202;0;
4132;2026.04.22 16:00;4;7.9375;8;11.625;1584;202;0;
4133;2026.04.22 16:15;4;7.9375;8;11.1875;1584;202;0;
4134;2026.04.22 16:30;4;7.9375;8;10.75;1584;202;0;
4135;2026.04.22 16:45;4;7.9375;8;9.9375;1584;202;0;
4136;2026.04.22 17:00;4;7.9375;8;9.5;1584;202;0;
4137;2026.04.22 17:15;4;7.875;8;8.75;1584;202;0;
4138;2026.04.22 17:30;4;7.875;8;7.6875;1584;202;0;
4139;2026.04.22 17:45;4;7.875;8;7.25;1584;202;0;
4140;2026.04.22 18:00;4;7.9375;8;5;1584;202;0;
4141;2026.04.22 18:15;4;7.875;8;3.6875;1584;202;0;
4142;2026.04.22 18:30;4;7.875;8.0625;2.9375;1584;202;0;
4143;2026.04.22 18:45;4;7.875;8.0625;2.75;1584;202;0;
4144;2026.04.22 19:00;4;7.875;8.0625;2.375;1584;202;0;
4145;2026.04.22 19:15;4;7.875;8.0625;1.875;1584;202;0;
4146;2026.04.22 19:30;4;7.9375;8.125;1.3125;1584;202;0;
4147;2026.04.22 19:45;4;7.9375;8.125;1;1584;202;0;
4148;2026.04.22 20:00;4;7.9375;8.125;0.8125;1584;202;0;
4149;2026.04.22 20:15;4;7.9375;8.125;0.4375;1584;202;0;
4150;2026.04.22 20:30;4;7.9375;8.125;0.125;1584;202;0;
4151;2026.04.22 20:45;4;7.9375;8.125;0.125;1584;202;0;
4152;2026.04.22 21:00;4;7.9375;8.125;-0.125;1584;202;0;
4153;2026.04.22 21:15;4;7.9375;8.125;-0.25;1584;202;0;
4154;2026.04.22 21:30;4;7.9375;8.125;-0.5;1584;202;0;
4155;2026.04.22 21:45;4;7.9375;8.125;-0.6875;1584;202;0;
4156;2026.04.22 22:00;4;7.9375;8.125;-1;1584;202;0;
4157;2026.04.22 22:15;4;8;8.125;-1.125;1584;202;0;
4158;2026.04.22 22:30;4;8;8.125;-1.375;1584;202;0;
4159;2026.04.22 22:45;4;8;8.125;-1.375;1584;202;0;
4160;2026.04.22 23:00;4;8;8.1875;-1.4375;1584;202;0;
4161;2026.04.22 23:15;4;8;8.1875;-1.375;1584;202;0;
4162;2026.04.22 23:30;4;8;8.1875;-1.625;1584;202;0;
4163;2026.04.22 23:45;4;8;8.1875;-1.625;1584;202;0;
4164;2026.04.23 00:00;4;8;8.1875;-1.625;1584;202;0;
4165;2026.04.23 00:15;4;8;8.1875;-1.625;1584;202;0;
4166;2026.04.23 00:30;4;8;8.1875;-1.75;1584;202;0;
4167;2026.04.23 00:45;4;8;8.1875;-1.8125;1584;202;0;
4168;2026.04.23 01:00;4;8;8.1875;-2;1584;202;0;
4169;2026.04.23 01:15;4;8;8.1875;-2;1584;202;0;
4170;2026.04.23 01:30;4;8;8.1875;-2.125;1584;202;0;
4171;2026.04.23 01:45;4;8;8.1875;-2.1875;1584;202;0;
4172;2026.04.23 02:00;4;8;8.1875;-2.3125;1584;202;0;
4173;2026.04.23 02:15;4;8;8.1875;-2.1875;1584;202;0;
4174;2026.04.23 02:30;4;8;8.1875;-2.25;1585;202;0;
4175;2026.04.23 02:45;4;8;8.1875;-2.375;1584;202;0;
4176;2026.04.23 03:00;4;8;8.1875;-2.375;1584;202;0;
4177;2026.04.23 03:15;4;8;8.1875;-2.75;1584;202;0;
4178;2026.04.23 03:30;4;8;8.1875;-2.875;1585;202;0;
4179;2026.04.23 03:45;4;8;8.1875;-3;1584;202;0;
4180;2026.04.23 04:00;4;8;8.1875;-3;1584;202;0;
4181;2026.04.23 04:15;4;8;8.1875;-2.875;1584;202;0;
4182;2026.04.23 04:30;4;8;8.1875;-2.5;1584;202;0;
4183;2026.04.23 04:45;4;8;8.1875;-2.5625;1584;202;0;
4184;2026.04.23 05:00;4;8;8.125;-2.375;1584;202;0;
4185;2026.04.23 05:15;4;8;8.125;-1.375;1584;202;0;
4186;2026.04.23 05:30;4;8;8.125;0.75;1584;202;0;
4187;2026.04.23 05:45;4;8;8.125;3.6875;1584;202;0;
4188;2026.04.23 06:00;4;8;8.125;4.1875;1584;202;0;
4189;2026.04.23 06:15;4;8;8.125;4.9375;1585;202;0;
4190;2026.04.23 06:30;4;8;8.125;5.875;1585;202;0;
4191;2026.04.23 06:45;4;8;8.125;9;1585;202;0;
4192;2026.04.23 07:00;4;8;8.125;10.75;1585;202;0;
4193;2026.04.23 07:15;4;8;8.125;10.9375;1585;202;0;
4194;2026.04.23 07:30;4;8;8.125;12.875;1585;202;0;
4195;2026.04.23 07:45;4;8;8.125;14.375;1585;202;0;
4196;2026.04.23 08:00;4;8;8.125;16.25;1585;202;0;
4197;2026.04.23 08:15;4;8;8.125;17.375;1585;202;0;
4198;2026.04.23 08:30;4;8;8.0625;18.1875;1585;202;0;
4199;2026.04.23 08:45;4;8;8.0625;18.625;1585;202;0;
4200;2026.04.23 09:00;4;8;8.0625;18.875;1585;202;0;
4201;2026.04.23 09:15;4;8;8;19.75;1585;202;0;
4202;2026.04.23 09:30;4;8;8;20.625;1585;202;0;
4203;2026.04.23 09:45;4;8;8;21.4375;1585;202;0;
4204;2026.04.23 10:00;4;8;8;22.1875;1585;202;0;
4205;2026.04.23 10:15;4;8;8;22.625;1585;202;0;
4206;2026.04.23 10:30;4;7.9375;8;22.1875;1585;202;0;
4207;2026.04.23 10:45;4;7.9375;8;22.5;1585;202;0;
4208;2026.04.23 11:00;4;7.9375;8;23.3125;1585;202;0;
4209;2026.04.23 11:15;4;7.9375;8;24.25;1585;202;0;
4210;2026.04.23 11:30;4;7.9375;8;24.125;1585;202;0;
4211;2026.04.23 11:45;4;7.9375;8;24.375;1585;202;0;
4212;2026.04.23 12:00;4;7.9375;7.9375;23.25;1585;202;0;
4213;2026.04.23 12:15;4;7.875;8;24.625;1585;202;0;
4214;2026.04.23 12:30;4;7.875;7.9375;25.3125;1585;202;0;
4215;2026.04.23 12:45;4;7.875;8;25.125;1585;202;0;
4216;2026.04.23 13:00;4;7.875;8;24.125;1585;202;0;
4217;2026.04.23 13:15;4;7.875;8;24.125;1585;202;0;
4218;2026.04.23 13:30;4;7.875;7.9375;24.875;1585;202;0;
4219;2026.04.23 13:45;4;7.875;7.9375;25.5;1585;202;0;
4220;2026.04.23 14:00;4;7.875;7.9375;25.375;1585;202;0;
4221;2026.04.23 14:15;4;7.875;7.9375;22.125;1585;202;0;
4222;2026.04.23 14:30;4;7.875;8;21.25;1585;202;0;
4223;2026.04.23 14:45;4;7.875;8;19.1875;1585;202;0;
4224;2026.04.23 15:00;4;7.875;8;18.625;1585;202;0;
4225;2026.04.23 15:15;4;7.875;8;18.125;1585;202;0;
4226;2026.04.23 15:30;4;7.875;7.9375;17.125;1585;202;0;
4227;2026.04.23 15:45;4;7.875;8;16.875;1585;202;0;
4228;2026.04.23 16:00;4;7.875;8;16.3125;1585;202;0;
4229;2026.04.23 16:15;4;7.875;8;16.125;1585;202;0;
4230;2026.04.23 16:30;4;7.875;8;15.25;1585;202;0;
4231;2026.04.23 16:45;4;7.875;8;14.625;1585;202;0;
4232;2026.04.23 17:00;4;7.875;8;14;1585;202;0;
4233;2026.04.23 17:15;4;7.875;8;12.9375;1585;202;0;
4234;2026.04.23 17:30;4;7.875;8.0625;12.75;1585;202;0;
4235;2026.04.23 17:45;4;7.875;8.0625;11.875;1585;202;0;
4236;2026.04.23 18:00;4;7.875;8.0625;11.125;1585;202;0;
4237;2026.04.23 18:15;4;7.875;8.125;8.875;1585;202;0;
4238;2026.04.23 18:30;4;7.875;8.125;8.375;1585;202;0;
4239;2026.04.23 18:45;4;7.875;8.125;8.25;1585;202;0;
4240;2026.04.23 19:00;4;7.875;8.125;8.375;1585;202;0;
4241;2026.04.23 19:15;4;7.875;8.125;6.8125;1585;202;0;
4242;2026.04.23 19:30;4;7.875;8.125;5.25;1585;202;0;
4243;2026.04.23 19:45;4;7.875;8.125;4.1875;1585;202;0;
4244;2026.04.23 20:00;4;7.9375;8.1875;3.8125;1585;202;0;
4245;2026.04.23 20:15;4;7.9375;8.1875;3.3125;1585;202;0;
4246;2026.04.23 20:30;4;7.9375;8.1875;2.8125;1585;202;0;
4247;2026.04.23 20:45;4;7.9375;8.25;2.5;1585;202;0;
4248;2026.04.23 21:00;4;7.9375;8.25;2.4375;1585;202;0;
4249;2026.04.23 21:15;4;7.9375;8.25;2.125;1585;202;0;
4250;2026.04.23 21:30;4;7.9375;8.25;1.75;1585;202;0;
4251;2026.04.23 21:45;4;8;8.25;1.625;1585;202;0;
4252;2026.04.23 22:00;4;8;8.25;1.625;1585;202;0;
4253;2026.04.23 22:15;4;8;8.25;1.5625;1585;202;0;
4254;2026.04.23 22:30;4;8;8.25;1.75;1585;202;0;
4255;2026.04.23 22:45;4;8;8.25;1.375;1585;202;0;
4256;2026.04.23 23:00;4;8;8.3125;1.0625;1585;202;0;
4257;2026.04.23 23:15;4;8;8.3125;1;1585;202;0;
4258;2026.04.23 23:30;4;8;8.3125;1;1585;202;0;
4259;2026.04.23 23:45;4;8;8.3125;1;1585;202;0;
4260;2026.04.24 00:00;4;8;8.375;0.5;1585;202;0;
4261;2026.04.24 00:15;4;8;8.375;0.375;1585;202;0;
4262;2026.04.24 00:30;4;8;8.375;0.25;1585;202;0;
4263;2026.04.24 00:45;4;8;8.375;0;1585;202;0;
4264;2026.04.24 01:00;4;8;8.375;-0.1875;1585;202;0;
4265;2026.04.24 01:15;4;8;8.375;-0.25;1585;202;0;
4266;2026.04.24 01:30;4;8;8.375;0;1585;202;0;
4267;2026.04.24 01:45;4;8;8.375;-0.125;1585;202;0;
4268;2026.04.24 02:00;4;8.0625;8.375;-0.25;1585;202;0;
4269;2026.04.24 02:15;4;8.0625;8.375;-0.375;1585;202;0;
4270;2026.04.24 02:30;4;8.0625;8.375;-0.5625;1585;202;0;
4271;2026.04.24 02:45;4;8.0625;8.375;-0.375;1585;202;0;
4272;2026.04.24 03:00;4;8.0625;8.375;-0.3125;1585;202;0;
4273;2026.04.24 03:15;4;8.0625;8.375;-0.25;1585;202;0;
4274;2026.04.24 03:30;4;8.0625;8.375;-0.5;1585;202;0;
4275;2026.04.24 03:45;4;8.125;8.375;-0.5625;1585;202;0;
4276;2026.04.24 04:00;4;8.0625;8.375;-0.625;1586;202;0;
4277;2026.04.24 04:15;4;8.125;8.375;-0.375;1585;202;0;
4278;2026.04.24 04:30;4;8.125;8.375;-0.375;1585;202;0;
4279;2026.04.24 04:45;4;8.0625;8.375;0;1585;202;0;
4280;2026.04.24 05:00;4;8.125;8.375;0.8125;1585;202;0;
4281;2026.04.24 05:15;4;8.125;8.375;1.875;1585;202;0;
4282;2026.04.24 05:30;4;8.125;8.375;4.125;1585;202;0;
4283;2026.04.24 05:45;4;8.125;8.375;7.125;1585;202;0;
4284;2026.04.24 06:00;4;8.125;8.375;7.875;1585;202;0;
4285;2026.04.24 06:15;4;8.125;8.375;7.875;1586;202;0;
4286;2026.04.24 06:30;4;8.125;8.375;8.1875;1585;202;0;
4287;2026.04.24 06:45;4;8.125;8.375;11.125;1585;202;0;
4288;2026.04.24 07:00;4;8.125;8.375;13.375;1585;202;0;
4289;2026.04.24 07:15;4;8.125;8.3125;13.125;1586;202;0;
4290;2026.04.24 07:30;4;8.125;8.3125;15.375;1585;202;0;
4291;2026.04.24 07:45;4;8.125;8.3125;16.125;1585;202;0;
4292;2026.04.24 08:00;4;8.125;8.3125;17.5625;1586;202;0;
4293;2026.04.24 08:15;4;8.125;8.3125;18.375;1585;202;0;
4294;2026.04.24 08:30;4;8.125;8.3125;19.25;1585;202;0;
4295;2026.04.24 08:45;4;8.125;8.25;19.5625;1586;202;0;
4296;2026.04.24 09:00;4;8.125;8.25;20.75;1586;202;0;
4297;2026.04.24 09:15;4;8.125;8.25;21.4375;1586;202;0;
4298;2026.04.24 09:30;4;8.125;8.25;22.25;1586;202;0;
4299;2026.04.24 09:45;4;8.125;8.25;22.75;1586;202;0;
4300;2026.04.24 10:00;4;8.125;8.25;23.1875;1586;202;0;
4301;2026.04.24 10:15;4;8.125;8.25;23.75;1586;202;0;
4302;2026.04.24 10:30;4;8.0625;8.25;24.125;1586;202;0;
4303;2026.04.24 10:45;4;8.0625;8.25;24.5625;1586;202;0;
4304;2026.04.24 11:00;4;8.0625;8.25;24.625;1586;202;0;
4305;2026.04.24 11:15;4;8.0625;8.25;25;1586;202;0;
4306;2026.04.24 11:30;4;8.0625;8.25;25.625;1586;202;0;
4307;2026.04.24 11:45;4;8.0625;8.25;25.75;1586;202;0;
4308;2026.04.24 12:00;4;8.0625;8.25;25.875;1586;202;0;
4309;2026.04.24 12:15;4;8.0625;8.25;26.375;1586;202;0;
4310;2026.04.24 12:30;4;8.0625;8.25;26.5;1586;202;0;
4311;2026.04.24 12:45;4;8.0625;8.25;26;1586;202;0;
4312;2026.04.24 13:00;4;8.0625;8.25;26.1875;1586;202;0;
4313;2026.04.24 13:15;4;8.0625;8.25;26.5;1586;202;0;
4314;2026.04.24 13:30;4;8.0625;8.25;25.625;1586;202;0;
4315;2026.04.24 13:45;4;8.0625;8.25;26.75;1586;202;0;
4316;2026.04.24 14:00;4;8.0625;8.25;26.8125;1586;202;0;
4317;2026.04.24 14:15;4;8.0625;8.25;22.75;1586;202;0;
4318;2026.04.24 14:30;4;8.0625;8.1875;21.625;1586;202;0;
4319;2026.04.24 14:45;4;8.0625;8.25;19.875;1586;202;0;
4320;2026.04.24 15:00;4;8;8.25;18.875;1586;202;0;
4321;2026.04.24 15:15;4;8;8.25;19.125;1586;202;0;
4322;2026.04.24 15:30;4;8.0625;8.25;18;1586;202;0;
4323;2026.04.24 15:45;4;8;8.25;17.875;1586;202;0;
4324;2026.04.24 16:00;4;8.0625;8.25;17.375;1586;202;0;
4325;2026.04.24 16:15;4;8.0625;8.25;16.6875;1586;202;0;
4326;2026.04.24 16:30;4;8.0625;8.25;16.125;1586;202;0;
4327;2026.04.24 16:45;4;8.0625;8.3125;15.625;1586;202;0;
4328;2026.04.24 17:00;4;8.0625;8.3125;15.0625;1586;202;0;
4329;2026.04.24 17:15;4;8.0625;8.3125;14.5;1586;202;0;
4330;2026.04.24 17:30;4;8.0625;8.375;13.75;1586;202;0;
4331;2026.04.24 17:45;4;8.0625;8.375;12.625;1586;202;0;
4332;2026.04.24 18:00;4;8.0625;8.375;11.25;1586;202;0;
4333;2026.04.24 18:15;4;8.0625;8.375;9.5;1586;202;0;
4334;2026.04.24 18:30;4;8.0625;8.375;7.75;1586;202;0;
4335;2026.04.24 18:45;4;8.125;8.375;6.4375;1586;202;0;
4336;2026.04.24 19:00;4;8.125;8.375;5.5;1586;202;0;
4337;2026.04.24 19:15;4;8.125;8.4375;5.125;1586;202;0;
4338;2026.04.24 19:30;4;8.125;8.4375;4.75;1586;202;0;
4339;2026.04.24 19:45;4;8.125;8.5;4.5;1586;202;0;
4340;2026.04.24 20:00;4;8.125;8.5;4.0625;1586;202;0;
4341;2026.04.24 20:15;4;8.125;8.5;3.625;1586;202;0;
4342;2026.04.24 20:30;4;8.125;8.5;3.25;1586;202;0;
4343;2026.04.24 20:45;4;8.125;8.5;2.875;1586;202;0;
4344;2026.04.24 21:00;4;8.125;8.5;2.625;1586;202;0;
4345;2026.04.24 21:15;4;8.125;8.5;2.625;1586;202;0;
4346;2026.04.24 21:30;4;8.125;8.5625;2.875;1586;202;0;
4347;2026.04.24 21:45;4;8.125;8.5625;2.6875;1586;202;0;
4348;2026.04.24 22:00;4;8.125;8.5625;2.375;1586;202;0;
4349;2026.04.24 22:15;4;8.1875;8.625;2;1586;202;0;
4350;2026.04.24 22:30;4;8.1875;8.625;1.75;1586;202;0;
4351;2026.04.24 22:45;4;8.1875;8.625;1.625;1586;202;0;
4352;2026.04.24 23:00;4;8.1875;8.625;1.25;1586;202;0;
4353;2026.04.24 23:15;4;8.1875;8.625;1.125;1586;202;0;
4354;2026.04.24 23:30;4;8.25;8.625;0.5625;1586;202;0;
4355;2026.04.24 23:45;4;8.25;8.625;0.0625;1586;202;0;
4356;2026.04.25 00:00;4;8.25;8.625;-0.125;1586;202;0;
4357;2026.04.25 00:15;4;8.25;8.625;-0.25;1586;202;0;
4358;2026.04.25 00:30;4;8.25;8.625;-0.25;1586;202;0;
4359;2026.04.25 00:45;4;8.25;8.625;-0.125;1586;202;0;
4360;2026.04.25 01:00;4;8.25;8.6875;-0.1875;1586;202;0;
4361;2026.04.25 01:15;4;8.25;8.6875;-0.125;1586;202;0;
4362;2026.04.25 01:30;4;8.25;8.6875;-0.25;1586;202;0;
4363;2026.04.25 01:45;4;8.25;8.6875;-0.3125;1586;202;0;
4364;2026.04.25 02:00;4;8.25;8.6875;-0.75;1586;202;0;
4365;2026.04.25 02:15;4;8.25;8.6875;-1.25;1586;202;0;
4366;2026.04.25 02:30;4;8.25;8.6875;-1.375;1586;202;0;
4367;2026.04.25 02:45;4;8.25;8.6875;-1.375;1587;202;0;
4368;2026.04.25 03:00;4;8.25;8.6875;-1.3125;1586;202;0;
4369;2026.04.25 03:15;4;8.25;8.6875;-1.25;1587;202;0;
4370;2026.04.25 03:30;4;8.25;8.6875;-1.25;1587;202;0;
4371;2026.04.25 03:45;4;8.3125;8.6875;-1.25;1587;202;0;
4372;2026.04.25 04:00;4;8.3125;8.6875;-1;1587;202;0;
4373;2026.04.25 04:15;4;8.3125;8.6875;-0.625;1587;202;0;
4374;2026.04.25 04:30;4;8.3125;8.6875;-0.25;1587;202;0;
4375;2026.04.25 04:45;4;8.3125;8.6875;0.375;1587;202;0;
4376;2026.04.25 05:00;4;8.3125;8.6875;0.875;1587;202;0;
4377;2026.04.25 05:15;4;8.3125;8.6875;2.375;1587;202;0;
4378;2026.04.25 05:30;4;8.3125;8.6875;4.375;1587;202;0;
4379;2026.04.25 05:45;4;8.3125;8.6875;5.875;1587;202;0;
4380;2026.04.25 06:00;4;8.3125;8.6875;6.375;1587;202;0;
4381;2026.04.25 06:15;4;8.3125;8.625;6.5;1587;202;0;
4382;2026.04.25 06:30;4;8.3125;8.625;7.375;1587;202;0;
4383;2026.04.25 06:45;4;8.3125;8.625;10.625;1587;202;0;
4384;2026.04.25 07:00;4;8.3125;8.625;12.5;1587;202;0;
4385;2026.04.25 07:15;4;8.375;8.625;12.875;1587;202;0;
4386;2026.04.25 07:30;4;8.3125;8.625;15.25;1587;202;0;
4387;2026.04.25 07:45;4;8.3125;8.625;16.1875;1587;202;0;
4388;2026.04.25 08:00;4;8.375;8.625;17.5625;1587;202;0;
4389;2026.04.25 08:15;4;8.3125;8.625;19.25;1587;202;0;
4390;2026.04.25 08:30;4;8.3125;8.625;19.75;1587;202;0;
4391;2026.04.25 08:45;4;8.375;8.625;21;1587;202;0;
4392;2026.04.25 09:00;4;8.3125;8.625;21.75;1587;202;0;
4393;2026.04.25 09:15;4;8.3125;8.625;22.5;1587;202;0;
4394;2026.04.25 09:30;4;8.3125;8.625;22.9375;1587;202;0;
4395;2026.04.25 09:45;4;8.3125;8.625;23.75;1587;202;0;
4396;2026.04.25 10:00;4;8.3125;8.625;24.625;1587;202;0;
4397;2026.04.25 10:15;4;8.3125;8.625;24.625;1587;202;0;
4398;2026.04.25 10:30;4;8.3125;8.5625;25.625;1587;202;0;
4399;2026.04.25 10:45;4;8.3125;8.5625;26.25;1587;202;0;
4400;2026.04.25 11:00;4;8.3125;8.5625;26.625;1587;202;0;
4401;2026.04.25 11:15;4;8.3125;8.5625;27.25;1587;202;0;
4402;2026.04.25 11:30;4;8.3125;8.5625;27.1875;1587;202;0;
4403;2026.04.25 11:45;4;8.3125;8.5;27.5625;1587;202;0;
4404;2026.04.25 12:00;4;8.3125;8.5;27.5;1587;202;0;
4405;2026.04.25 12:15;4;8.3125;8.5;28.125;1587;202;0;
4406;2026.04.25 12:30;4;8.3125;8.5;28.3125;1587;202;0;
4407;2026.04.25 12:45;4;8.3125;8.5;28.75;1587;202;0;
4408;2026.04.25 13:00;4;8.3125;8.5;28.125;1587;202;0;
4409;2026.04.25 13:15;4;8.3125;8.5;28.25;1587;202;0;
4410;2026.04.25 13:30;4;8.25;8.5;28.5;1587;202;0;
4411;2026.04.25 13:45;4;8.25;8.5;28.875;1587;202;0;
4412;2026.04.25 14:00;4;8.25;8.5;28.3125;1587;202;0;
4413;2026.04.25 14:15;4;8.25;8.5;24.5;1587;202;0;
4414;2026.04.25 14:30;4;8.25;8.5;22.875;1587;202;0;
4415;2026.04.25 14:45;4;8.25;8.5625;21.5;1587;202;0;
4416;2026.04.25 15:00;4;8.25;8.5625;20.5;1587;202;0;
4417;2026.04.25 15:15;4;8.25;8.5625;21.75;1587;202;0;
4418;2026.04.25 15:30;4;8.25;8.5625;20;1587;202;0;
4419;2026.04.25 15:45;4;8.25;8.625;19.125;1587;202;0;
4420;2026.04.25 16:00;4;8.25;8.625;18.5;1587;202;0;
4421;2026.04.25 16:15;4;8.25;8.625;17.875;1587;202;0;
4422;2026.04.25 16:30;4;8.25;8.625;17;1587;202;0;
4423;2026.04.25 16:45;4;8.25;8.625;16.125;1587;202;0;
4424;2026.04.25 17:00;4;8.3125;8.625;15.25;1587;202;0;
4425;2026.04.25 17:15;4;8.3125;8.625;14.8125;1587;202;0;
4426;2026.04.25 17:30;4;8.3125;8.625;13.0625;1587;202;0;
4427;2026.04.25 17:45;4;8.3125;8.625;11.625;1587;202;0;
4428;2026.04.25 18:00;4;8.3125;8.6875;10.625;1587;202;0;
4429;2026.04.25 18:15;4;8.3125;8.6875;9.1875;1587;202;0;
4430;2026.04.25 18:30;4;8.3125;8.75;8.5;1587;202;0;
4431;2026.04.25 18:45;4;8.3125;8.75;7.625;1588;202;0;
4432;2026.04.25 19:00;4;8.375;8.75;6.9375;1587;202;0;
4433;2026.04.25 19:15;4;8.375;8.75;6.625;1587;202;0;
4434;2026.04.25 19:30;4;8.375;8.75;6;1588;202;0;
4435;2026.04.25 19:45;4;8.375;8.75;6;1588;202;0;
4436;2026.04.25 20:00;4;8.375;8.75;5.5;1588;202;0;
4437;2026.04.25 20:15;4;8.375;8.8125;5.125;1588;202;0;
4438;2026.04.25 20:30;4;8.375;8.8125;5.375;1588;202;0;
4439;2026.04.25 20:45;4;8.375;8.875;5;1588;202;0;
4440;2026.04.25 21:00;4;8.375;8.875;4.875;1588;202;0;
4441;2026.04.25 21:15;4;8.375;8.875;4.3125;1588;202;0;
4442;2026.04.25 21:30;4;8.375;8.875;3.8125;1588;202;0;
4443;2026.04.25 21:45;4;8.375;8.875;3.375;1588;202;0;
4444;2026.04.25 22:00;4;8.375;8.875;3.125;1588;202;0;
4445;2026.04.25 22:15;4;8.375;8.875;2.75;1588;202;0;
4446;2026.04.25 22:30;4;8.4375;8.875;2.75;1588;202;0;
4447;2026.04.25 22:45;4;8.4375;8.875;2.625;1588;202;0;
4448;2026.04.25 23:00;4;8.4375;8.9375;2.5625;1588;202;0;
4449;2026.04.25 23:15;4;8.4375;8.9375;2.5;1588;202;0;
4450;2026.04.25 23:30;4;8.4375;8.9375;2.625;1588;202;0;
4451;2026.04.25 23:45;4;8.5;9;2.3125;1588;202;0;
4452;2026.04.26 00:00;4;8.5;9;2.25;1588;202;0;
4453;2026.04.26 00:15;4;8.5;9;2.375;1588;202;0;
4454;2026.04.26 00:30;4;8.5;9;2.125;1588;202;0;
4455;2026.04.26 00:45;4;8.5;9;2.6875;1588;202;0;
4456;2026.04.26 01:00;4;8.5;9;3.25;1588;202;0;
4457;2026.04.26 01:15;4;8.5;9;2.875;1588;202;0;
4458;2026.04.26 01:30;4;8.5;9;2.1875;1588;202;0;
4459;2026.04.26 01:45;4;8.5;9;2;1588;202;0;
4460;2026.04.26 02:00;4;8.5;9;1.75;1588;202;0;
4461;2026.04.26 02:15;4;8.5;9;1.375;1588;202;0;
4462;2026.04.26 02:30;4;8.5;9;1.25;1588;202;0;
4463;2026.04.26 02:45;4;8.5;9;1.125;1588;202;0;
4464;2026.04.26 03:00;4;8.5;9;0.875;1588;202;0;
4465;2026.04.26 03:15;4;8.5;9;0.25;1588;202;0;
4466;2026.04.26 03:30;4;8.5;9;-0.125;1588;202;0;
4467;2026.04.26 03:45;4;8.5625;9;0.25;1588;202;0;
4468;2026.04.26 04:00;4;8.5;9;1.3125;1588;202;0;
4469;2026.04.26 04:15;4;8.5;9;3.5625;1588;202;0;
4470;2026.04.26 04:30;4;8.5625;9;4.375;1588;202;0;
4471;2026.04.26 04:45;4;8.5625;9;4.1875;1588;202;0;
4472;2026.04.26 05:00;4;8.5625;9;4.125;1588;202;0;
4473;2026.04.26 05:15;4;8.5625;9;4.5;1588;202;0;
4474;2026.04.26 05:30;4;8.5625;9;6.125;1588;202;0;
4475;2026.04.26 05:45;4;8.5625;9;7.5625;1588;202;0;
4476;2026.04.26 06:00;4;8.5625;9;7.25;1588;202;0;
4477;2026.04.26 06:15;4;8.5625;9;6.5;1588;202;0;
4478;2026.04.26 06:30;4;8.5625;9;6.5625;1588;202;0;
4479;2026.04.26 06:45;4;8.5625;8.9375;9;1588;202;0;
4480;2026.04.26 07:00;4;8.5625;8.9375;10.9375;1588;202;0;
4481;2026.04.26 07:15;4;8.5625;8.9375;11;1588;202;0;
4482;2026.04.26 07:30;4;8.5625;8.875;11.4375;1588;202;0;
4483;2026.04.26 07:45;4;8.5625;8.9375;11.625;1588;202;0;
4484;2026.04.26 08:00;4;8.5625;8.9375;12.625;1588;202;0;
4485;2026.04.26 08:15;4;8.5625;8.875;13.125;1588;202;0;
4486;2026.04.26 08:30;4;8.5625;8.875;13.9375;1588;202;0;
4487;2026.04.26 08:45;4;8.5625;8.875;15.125;1588;202;0;
4488;2026.04.26 09:00;4;8.5625;8.875;16;1588;202;0;
4489;2026.04.26 09:15;4;8.5625;8.875;16.25;1588;202;0;
4490;2026.04.26 09:30;4;8.5625;8.875;16.375;1588;202;0;
4491;2026.04.26 09:45;4;8.5625;8.875;17.5;1588;202;0;
4492;2026.04.26 10:00;4;8.5625;8.875;17.5;1588;202;0;
4493;2026.04.26 10:15;4;8.5625;8.875;18.4375;1588;202;0;
4494;2026.04.26 10:30;4;8.5625;8.875;18.5625;1588;202;0;
4495;2026.04.26 10:45;4;8.5625;8.875;19.625;1588;202;0;
4496;2026.04.26 11:00;4;8.5625;8.875;19.25;1588;202;0;
4497;2026.04.26 11:15;4;8.5625;8.875;19.8125;1588;202;0;
4498;2026.04.26 11:30;4;8.5625;8.875;19.75;1588;202;0;
4499;2026.04.26 11:45;4;8.5625;8.875;20.75;1588;202;0;
4500;2026.04.26 12:00;4;8.5625;8.875;21.375;1588;202;0;
4501;2026.04.26 12:15;4;8.5;8.8125;21.4375;1588;202;0;
4502;2026.04.26 12:30;4;8.5;8.8125;21.875;1588;202;0;
4503;2026.04.26 12:45;4;8.5;8.8125;22;1588;202;0;
4504;2026.04.26 13:00;4;8.5;8.8125;21;1588;202;0;
4505;2026.04.26 13:15;4;8.5;8.8125;21.625;1588;202;0;
4506;2026.04.26 13:30;4;8.5;8.8125;22.25;1588;202;0;
4507;2026.04.26 13:45;4;8.5;8.8125;21.875;1588;202;0;
4508;2026.04.26 14:00;4;8.5;8.8125;20.3125;1588;202;0;
4509;2026.04.26 14:15;4;8.5;8.8125;18.375;1588;202;0;
4510;2026.04.26 14:30;4;8.5;8.8125;17.25;1588;202;0;
4511;2026.04.26 14:45;4;8.5;8.8125;15.25;1588;202;0;
4512;2026.04.26 15:00;4;8.5;8.8125;14.625;1589;202;0;
4513;2026.04.26 15:15;4;8.5;8.8125;16;1588;202;0;
4514;2026.04.26 15:30;4;8.5;8.875;13.875;1588;202;0;
4515;2026.04.26 15:45;4;8.5;8.875;13.3125;1589;202;0;
4516;2026.04.26 16:00;4;8.5;8.875;12.875;1589;202;0;
4517;2026.04.26 16:15;4;8.5;8.875;12.75;1589;202;0;
4518;2026.04.26 16:30;4;8.5;8.875;12.4375;1589;202;0;
4519;2026.04.26 16:45;4;8.5;8.875;12;1589;202;0;
4520;2026.04.26 17:00;4;8.5;8.875;11.375;1589;202;0;
4521;2026.04.26 17:15;4;8.5;8.875;10.5;1589;202;0;
4522;2026.04.26 17:30;4;8.5;8.875;9.625;1589;202;0;
4523;2026.04.26 17:45;4;8.5;8.875;9.3125;1589;202;0;
4524;2026.04.26 18:00;4;8.5;8.875;8.4375;1589;202;0;
4525;2026.04.26 18:15;4;8.5;8.875;7.375;1589;202;0;
4526;2026.04.26 18:30;4;8.5;8.875;6.875;1589;202;0;
4527;2026.04.26 18:45;4;8.5625;8.9375;6.625;1589;202;0;
4528;2026.04.26 19:00;4;8.5625;8.9375;6.6875;1589;202;0;
4529;2026.04.26 19:15;4;8.5625;8.9375;6.5;1589;202;0;
4530;2026.04.26 19:30;4;8.5625;9;6.125;1589;202;0;
4531;2026.04.26 19:45;4;8.5625;9;6;1589;202;0;
4532;2026.04.26 20:00;4;8.5625;9;5.25;1589;202;0;
4533;2026.04.26 20:15;4;8.5625;9;5.375;1589;202;0;
4534;2026.04.26 20:30;4;8.5625;9;5.125;1589;202;0;
4535;2026.04.26 20:45;4;8.625;9;3.8125;1589;202;0;
4536;2026.04.26 21:00;4;8.625;9;3.4375;1589;202;0;
4537;2026.04.26 21:15;4;8.625;9;2.8125;1589;202;0;
4538;2026.04.26 21:30;4;8.625;9;2.25;1589;202;0;
4539;2026.04.26 21:45;4;8.625;9;1.6875;1589;202;0;
4540;2026.04.26 22:00;4;8.625;9;1.1875;1589;202;0;
4541;2026.04.26 22:15;4;8.625;9.0625;1.3125;1589;202;0;
4542;2026.04.26 22:30;4;8.625;9.0625;0.875;1589;202;0;
4543;2026.04.26 22:45;4;8.625;9.0625;-0.375;1589;202;0;
4544;2026.04.26 23:00;4;8.625;9.0625;-0.9375;1589;202;0;
4545;2026.04.26 23:15;4;8.625;9.0625;-1.25;1589;202;0;
4546;2026.04.26 23:30;4;8.625;9.125;-1.25;1589;202;0;
4547;2026.04.26 23:45;4;8.625;9.125;-1.125;1589;202;0;
4548;2026.04.27 00:00;4;8.625;9.125;-1.25;1589;202;0;
4549;2026.04.27 00:15;4;8.625;9.125;-1.375;1589;202;0;
4550;2026.04.27 00:30;4;8.625;9.125;-2.0625;1589;202;0;
4551;2026.04.27 00:45;4;8.625;9.125;-2.25;1589;202;0;
4552;2026.04.27 01:00;4;8.625;9.125;-2.125;1589;202;0;
4553;2026.04.27 01:15;4;8.625;9.125;-2.375;1589;202;0;
4554;2026.04.27 01:30;4;8.6875;9.125;-2.5;1590;202;0;
4555;2026.04.27 01:45;4;8.625;9.125;-3;1590;202;0;
4556;2026.04.27 02:00;4;8.625;9.125;-3.125;1590;202;0;
4557;2026.04.27 02:15;4;8.6875;9.125;-3.375;1590;202;0;
4558;2026.04.27 02:30;4;8.6875;9.125;-3.375;1590;202;0;
4559;2026.04.27 02:45;4;8.6875;9.125;-3.4375;1590;202;0;
4560;2026.04.27 03:00;4;8.6875;9.125;-3.75;1590;202;0;
4561;2026.04.27 03:15;4;8.6875;9.125;-4.125;1590;202;0;
4562;2026.04.27 03:30;4;8.6875;9.125;-4.3125;1590;202;0;
4563;2026.04.27 03:45;4;8.6875;9.125;-4.1875;1590;202;0;
4564;2026.04.27 04:00;4;8.6875;9.125;-4.25;1590;202;0;
4565;2026.04.27 04:15;4;8.6875;9.125;-4.125;1590;202;0;
4566;2026.04.27 04:30;4;8.6875;9.125;-3.625;1590;202;0;
4567;2026.04.27 04:45;4;8.75;9.0625;-3.125;1590;202;0;
4568;2026.04.27 05:00;4;8.6875;9.0625;-2.125;1590;202;0;
4569;2026.04.27 05:15;4;8.6875;9.0625;-1.25;1590;202;0;
4570;2026.04.27 05:30;4;8.6875;9.0625;1.3125;1590;202;0;
4571;2026.04.27 05:45;4;8.6875;9.0625;3.875;1590;202;0;
4572;2026.04.27 06:00;4;8.6875;9.0625;4;1590;202;0;
4573;2026.04.27 06:15;4;8.6875;9.0625;4.0625;1590;202;0;
4574;2026.04.27 06:30;4;8.6875;9;4.875;1590;202;0;
4575;2026.04.27 06:45;4;8.6875;9;9.375;1590;202;0;
4576;2026.04.27 07:00;4;8.75;9;11.875;1590;202;0;
4577;2026.04.27 07:15;4;8.6875;9;11.9375;1590;202;0;
4578;2026.04.27 07:30;4;8.6875;9;14;1590;202;0;
4579;2026.04.27 07:45;4;8.6875;9;14.3125;1590;202;0;
4580;2026.04.27 08:00;4;8.6875;9;15.5;1590;202;0;
4581;2026.04.27 08:15;4;8.6875;9;17.0625;1590;202;0;
4582;2026.04.27 08:30;4;8.6875;9;17.875;1590;202;0;
4583;2026.04.27 08:45;4;8.6875;8.9375;19.25;1590;202;0;
4584;2026.04.27 09:00;4;8.6875;8.9375;19.5;1590;202;0;
4585;2026.04.27 09:15;4;8.6875;8.875;20.25;1590;202;0;
4586;2026.04.27 09:30;4;8.6875;8.9375;20.875;1590;202;0;
4587;2026.04.27 09:45;4;8.625;8.875;21.375;1590;202;0;
4588;2026.04.27 10:00;4;8.625;8.875;22.375;1589;202;0;
4589;2026.04.27 10:15;4;8.625;8.875;22.1875;1590;202;0;
4590;2026.04.27 10:30;4;8.625;8.875;22.5;1590;202;0;
4591;2026.04.27 10:45;4;8.625;8.875;22.875;1590;202;0;
4592;2026.04.27 11:00;4;8.625;8.875;23.875;1590;202;0;
4593;2026.04.27 11:15;4;8.625;8.875;24.25;1590;202;0;
4594;2026.04.27 11:30;4;8.625;8.875;24.375;1590;202;0;
4595;2026.04.27 11:45;4;8.625;8.875;24.4375;1590;202;0;
4596;2026.04.27 12:00;4;8.625;8.875;25.3125;1590;202;0;
4597;2026.04.27 12:15;4;8.625;8.875;25.0625;1590;202;0;
4598;2026.04.27 12:30;4;8.625;8.8125;25.4375;1590;202;0;
4599;2026.04.27 12:45;4;8.625;8.8125;25.5;1590;202;0;
4600;2026.04.27 13:00;4;8.625;8.8125;25.625;1590;202;0;
4601;2026.04.27 13:15;4;8.625;8.875;25.375;1590;202;0;
4602;2026.04.27 13:30;4;8.625;8.875;25.6875;1590;202;0;
4603;2026.04.27 13:45;4;8.625;8.875;25.875;1590;202;0;
4604;2026.04.27 14:00;4;8.625;8.875;23.25;1590;202;0;
4605;2026.04.27 14:15;4;8.625;8.8125;21.25;1590;202;0;
4606;2026.04.27 14:30;4;8.625;8.875;20.5;1590;202;0;
4607;2026.04.27 14:45;4;8.625;8.8125;19.25;1590;202;0;
4608;2026.04.27 15:00;4;8.625;8.8125;19.0625;1590;202;0;
4609;2026.04.27 15:15;4;8.625;8.875;19.25;1590;202;0;
4610;2026.04.27 15:30;4;8.625;8.8125;18.5;1590;202;0;
4611;2026.04.27 15:45;4;8.625;8.875;18.125;1590;202;0;
4612;2026.04.27 16:00;4;8.625;8.875;17.25;1590;202;0;
4613;2026.04.27 16:15;4;8.625;8.875;16.875;1590;202;0;
4614;2026.04.27 16:30;4;8.625;8.875;16.25;1590;202;0;
4615;2026.04.27 16:45;4;8.625;8.875;15.4375;1590;202;0;
4616;2026.04.27 17:00;4;8.625;8.875;14.75;1590;202;0;
4617;2026.04.27 17:15;4;8.625;8.875;14.125;1590;202;0;
4618;2026.04.27 17:30;4;8.625;8.875;13.25;1590;202;0;
4619;2026.04.27 17:45;4;8.625;8.9375;12.5;1590;202;0;
4620;2026.04.27 18:00;4;8.625;8.9375;11.625;1590;202;0;
4621;2026.04.27 18:15;4;8.625;8.9375;11.5;1590;202;0;
4622;2026.04.27 18:30;4;8.625;9;10.625;1590;202;0;
4623;2026.04.27 18:45;4;8.625;9;10.5;1590;202;0;
4624;2026.04.27 19:00;4;8.625;9;10.375;1590;202;0;
4625;2026.04.27 19:15;4;8.625;9;10;1590;202;0;
4626;2026.04.27 19:30;4;8.625;9;9.5;1590;202;0;
4627;2026.04.27 19:45;4;8.625;9;8.625;1590;202;0;
4628;2026.04.27 20:00;4;8.625;9;8.1875;1590;202;0;
4629;2026.04.27 20:15;4;8.625;9;8.6875;1590;202;0;
4630;2026.04.27 20:30;4;8.625;9.0625;8.375;1590;202;0;
4631;2026.04.27 20:45;4;8.625;9.0625;7.625;1590;202;0;
4632;2026.04.27 21:00;4;8.625;9.125;7.125;1590;202;0;
4633;2026.04.27 21:15;4;8.6875;9.125;5;1590;202;0;
4634;2026.04.27 21:30;4;8.6875;9.125;5.125;1590;202;0;
4635;2026.04.27 21:45;4;8.6875;9.125;5.125;1590;202;0;
4636;2026.04.27 22:00;4;8.6875;9.125;4.1875;1590;202;0;
4637;2026.04.27 22:15;4;8.6875;9.125;3.125;1590;202;0;
4638;2026.04.27 22:30;4;8.75;9.125;1.8125;1590;202;0;
4639;2026.04.27 22:45;4;8.75;9.125;1.25;1590;202;0;
4640;2026.04.27 23:00;4;8.75;9.125;1.25;1590;202;0;
4641;2026.04.27 23:15;4;8.75;9.1875;1;1590;202;0;
4642;2026.04.27 23:30;4;8.75;9.1875;0.8125;1591;202;0;
4643;2026.04.27 23:45;4;8.75;9.1875;0.875;1591;202;0;
4644;2026.04.28 00:00;4;8.75;9.1875;1;1591;202;0;
4645;2026.04.28 00:15;4;8.75;9.1875;0.75;1591;202;0;
4646;2026.04.28 00:30;4;8.75;9.1875;1.125;1591;202;0;
4647;2026.04.28 00:45;4;8.75;9.25;0.8125;1591;202;0;
4648;2026.04.28 01:00;4;8.75;9.25;0.4375;1591;202;0;
4649;2026.04.28 01:15;4;8.75;9.25;0.375;1591;202;0;
4650;2026.04.28 01:30;4;8.75;9.25;0.25;1591;202;0;
4651;2026.04.28 01:45;4;8.75;9.25;0.3125;1591;202;0;
4652;2026.04.28 02:00;4;8.75;9.25;0;1591;202;0;
4653;2026.04.28 02:15;4;8.75;9.25;-0.0625;1591;202;0;
4654;2026.04.28 02:30;4;8.75;9.25;-0.375;1591;202;0;
4655;2026.04.28 02:45;4;8.75;9.25;-0.8125;1591;202;0;
4656;2026.04.28 03:00;4;8.75;9.25;-1.0625;1591;202;0;
4657;2026.04.28 03:15;4;8.8125;9.25;-0.5;1591;202;0;
4658;2026.04.28 03:30;4;8.8125;9.25;-0.0625;1591;202;0;
4659;2026.04.28 03:45;4;8.8125;9.25;0.375;1591;202;0;
4660;2026.04.28 04:00;4;8.8125;9.25;0.875;1591;202;0;
4661;2026.04.28 04:15;4;8.8125;9.25;1.25;1591;202;0;
4662;2026.04.28 04:30;4;8.8125;9.25;1.75;1591;202;0;
4663;2026.04.28 04:45;4;8.8125;9.25;2.5625;1591;202;0;
4664;2026.04.28 05:00;4;8.8125;9.25;3.5;1591;202;0;
4665;2026.04.28 05:15;4;8.8125;9.25;4.5;1591;202;0;
4666;2026.04.28 05:30;4;8.8125;9.25;5.5625;1591;202;0;
4667;2026.04.28 05:45;4;8.8125;9.25;6.75;1591;202;0;
4668;2026.04.28 06:00;4;8.8125;9.25;7.8125;1591;202;0;
4669;2026.04.28 06:15;4;8.8125;9.25;7.9375;1591;202;0;
4670;2026.04.28 06:30;4;8.875;9.25;8.9375;1591;202;0;
4671;2026.04.28 06:45;4;8.8125;9.25;12.25;1591;202;0;
4672;2026.04.28 07:00;4;8.8125;9.1875;13.5;1591;202;0;
4673;2026.04.28 07:15;4;8.8125;9.1875;13.875;1591;202;0;
4674;2026.04.28 07:30;4;8.875;9.1875;14.875;1591;202;0;
4675;2026.04.28 07:45;4;8.875;9.1875;15.5;1591;202;0;
4676;2026.04.28 08:00;4;8.8125;9.1875;16;1591;202;0;
4677;2026.04.28 08:15;4;8.8125;9.125;17.375;1591;202;0;
4678;2026.04.28 08:30;4;8.875;9.125;18.375;1591;202;0;
4679;2026.04.28 08:45;4;8.8125;9.125;19.25;1591;202;0;
4680;2026.04.28 09:00;4;8.8125;9.125;20;1591;202;0;
4681;2026.04.28 09:15;4;8.8125;9.125;20.375;1591;202;0;
4682;2026.04.28 09:30;4;8.8125;9.125;19.9375;1591;202;0;
4683;2026.04.28 09:45;4;8.8125;9.125;21.125;1591;202;0;
4684;2026.04.28 10:00;4;8.8125;9.125;22;1591;202;0;
4685;2026.04.28 10:15;4;8.8125;9.125;22.75;1591;202;0;
4686;2026.04.28 10:30;4;8.8125;9.125;22.625;1591;202;0;
4687;2026.04.28 10:45;4;8.8125;9.125;23.75;1591;202;0;
4688;2026.04.28 11:00;4;8.8125;9.125;25.125;1591;202;0;
4689;2026.04.28 11:15;4;8.8125;9.125;24.9375;1591;202;0;
4690;2026.04.28 11:30;4;8.8125;9.125;25.125;1591;202;0;
4691;2026.04.28 11:45;4;8.8125;9.125;25.5625;1591;202;0;
4692;2026.04.28 12:00;4;8.8125;9.125;25.75;1591;202;0;
4693;2026.04.28 12:15;4;8.8125;9.0625;25.625;1591;202;0;
4694;2026.04.28 12:30;4;8.8125;9.0625;25.875;1591;202;0;
4695;2026.04.28 12:45;4;8.75;9.0625;26;1591;202;0;
4696;2026.04.28 13:00;4;8.8125;9.125;26.0625;1591;202;0;
4697;2026.04.28 13:15;4;8.75;9;25.9375;1591;202;0;
4698;2026.04.28 13:30;4;8.75;9.0625;25.75;1591;202;0;
4699;2026.04.28 13:45;4;8.75;9.0625;24.75;1592;202;0;
4700;2026.04.28 14:00;4;8.75;9.0625;25.5;1592;202;0;
4701;2026.04.28 14:15;4;8.75;9.0625;22.5;1592;202;0;
4702;2026.04.28 14:30;4;8.75;9.125;21.125;1592;202;0;
4703;2026.04.28 14:45;4;8.75;9.0625;18.75;1592;202;0;
4704;2026.04.28 15:00;4;8.75;9.125;18.25;1592;202;0;
4705;2026.04.28 15:15;4;8.75;9.125;18.75;1592;202;0;
4706;2026.04.28 15:30;4;8.75;9.125;17.125;1592;202;0;
4707;2026.04.28 15:45;4;8.75;9.125;16.5;1592;202;0;
4708;2026.04.28 16:00;4;8.75;9.125;16.4375;1592;202;0;
4709;2026.04.28 16:15;4;8.75;9.125;16.5;1592;202;0;
4710;2026.04.28 16:30;4;8.75;9.125;15.5;1592;202;0;
4711;2026.04.28 16:45;4;8.75;9.125;15;1592;202;0;
4712;2026.04.28 17:00;4;8.75;9.125;14.5625;1592;202;0;
4713;2026.04.28 17:15;4;8.8125;9.125;14.0625;1592;202;0;
4714;2026.04.28 17:30;4;8.8125;9.125;13.5;1592;202;0;
4715;2026.04.28 17:45;4;8.8125;9.1875;12.75;1592;202;0;
4716;2026.04.28 18:00;4;8.8125;9.1875;12.3125;1592;202;0;
4717;2026.04.28 18:15;4;8.8125;9.1875;11.875;1592;202;0;
4718;2026.04.28 18:30;4;8.8125;9.25;11.375;1592;202;0;
4719;2026.04.28 18:45;4;8.8125;9.25;10.8125;1592;202;0;
4720;2026.04.28 19:00;4;8.8125;9.25;10.125;1592;202;0;
4721;2026.04.28 19:15;4;8.8125;9.25;9.75;1592;202;0;
4722;2026.04.28 19:30;4;8.8125;9.25;9;1592;202;0;
4723;2026.04.28 19:45;4;8.875;9.25;8.1875;1592;202;0;
4724;2026.04.28 20:00;4;8.875;9.25;7.9375;1592;202;0;
4725;2026.04.28 20:15;4;8.875;9.25;7.375;1592;202;0;
4726;2026.04.28 20:30;4;8.875;9.3125;8;1592;202;0;
4727;2026.04.28 20:45;4;8.875;9.3125;8.25;1592;202;0;
4728;2026.04.28 21:00;4;8.875;9.3125;8;1592;202;0;
4729;2026.04.28 21:15;4;8.875;9.375;7.375;1592;202;0;
4730;2026.04.28 21:30;4;8.875;9.375;6.875;1592;202;0;
4731;2026.04.28 21:45;4;8.875;9.375;6.0625;1592;202;0;
4732;2026.04.28 22:00;4;8.875;9.375;5.75;1592;202;0;
4733;2026.04.28 22:15;4;8.875;9.375;5.875;1592;202;0;
4734;2026.04.28 22:30;4;8.875;9.375;5.5;1592;202;0;
4735;2026.04.28 22:45;4;8.875;9.375;4.875;1592;202;0;
4736;2026.04.28 23:00;4;8.875;9.375;3.625;1592;202;0;
4737;2026.04.28 23:15;4;8.875;9.375;3.75;1592;202;0;
4738;2026.04.28 23:30;4;8.875;9.375;3.375;1592;202;0;
4739;2026.04.28 23:45;4;8.875;9.375;3.125;1592;202;0;
4740;2026.04.29 00:00;4;8.875;9.375;3.75;1592;202;0;
4741;2026.04.29 00:15;4;8.9375;9.4375;3.625;1592;202;0;
4742;2026.04.29 00:30;4;8.9375;9.4375;3.5;1592;202;0;
4743;2026.04.29 00:45;4;8.9375;9.4375;3.625;1592;202;0;
4744;2026.04.29 01:00;4;8.9375;9.4375;3.125;1592;202;0;
4745;2026.04.29 01:15;4;8.9375;9.4375;2.875;1592;202;0;
4746;2026.04.29 01:30;4;9;9.4375;2.125;1592;202;0;
4747;2026.04.29 01:45;4;9;9.4375;1.5;1592;202;0;
4748;2026.04.29 02:00;4;9;9.4375;0.875;1593;202;0;
4749;2026.04.29 02:15;4;9;9.4375;0.6875;1592;202;0;
4750;2026.04.29 02:30;4;9;9.4375;-0.375;1593;202;0;
4751;2026.04.29 02:45;4;9;9.4375;-1.875;1593;202;0;
4752;2026.04.29 03:00;4;9;9.4375;-2.4375;1593;202;0;
4753;2026.04.29 03:15;4;9;9.4375;-2.625;1593;202;0;
4754;2026.04.29 03:30;4;9;9.4375;-2.625;1593;202;0;
4755;2026.04.29 03:45;4;9;9.4375;-3;1593;202;0;
4756;2026.04.29 04:00;4;9;9.4375;-2.9375;1593;202;0;
4757;2026.04.29 04:15;4;9;9.4375;-3;1593;202;0;
4758;2026.04.29 04:30;4;9;9.4375;-2.375;1593;202;0;
4759;2026.04.29 04:45;4;9;9.4375;-1.6875;1593;202;0;
4760;2026.04.29 05:00;4;9;9.4375;-0.875;1593;202;0;
4761;2026.04.29 05:15;4;9;9.4375;0.375;1593;202;0;
4762;2026.04.29 05:30;4;9;9.4375;4.125;1593;202;0;
4763;2026.04.29 05:45;4;9;9.375;6.6875;1593;202;0;
4764;2026.04.29 06:00;4;9;9.375;7.25;1593;202;0;
4765;2026.04.29 06:15;4;9;9.375;6.5;1593;202;0;
4766;2026.04.29 06:30;4;9;9.375;6.9375;1593;202;0;
4767;2026.04.29 06:45;4;9;9.375;10.375;1593;202;0;
4768;2026.04.29 07:00;4;9;9.375;12.1875;1593;202;0;
4769;2026.04.29 07:15;4;9;9.375;12.125;1593;202;0;
4770;2026.04.29 07:30;4;9;9.375;12.75;1593;202;0;
4771;2026.04.29 07:45;4;9;9.375;14.0625;1593;202;0;
4772;2026.04.29 08:00;4;9;9.375;14.6875;1593;202;0;
4773;2026.04.29 08:15;4;9;9.375;16.375;1593;202;0;
4774;2026.04.29 08:30;4;9;9.375;16.75;1593;202;0;
4775;2026.04.29 08:45;4;9;9.375;17.75;1593;202;0;
4776;2026.04.29 09:00;4;9;9.375;18.1875;1593;202;0;
4777;2026.04.29 09:15;4;9;9.375;18.3125;1593;202;0;
4778;2026.04.29 09:30;4;9;9.3125;19.5;1593;202;0;
4779;2026.04.29 09:45;4;9;9.3125;20.25;1593;202;0;
4780;2026.04.29 10:00;4;9;9.3125;19.875;1593;202;0;
4781;2026.04.29 10:15;4;9;9.25;19.625;1593;202;0;
4782;2026.04.29 10:30;4;9;9.25;20.1875;1593;202;0;
4783;2026.04.29 10:45;4;9;9.25;20.875;1593;202;0;
4784;2026.04.29 11:00;4;9;9.25;21.5;1593;202;0;
4785;2026.04.29 11:15;4;9;9.25;21.625;1593;202;0;
4786;2026.04.29 11:30;4;9;9.25;21.375;1593;202;0;
4787;2026.04.29 11:45;4;9;9.25;21.375;1593;202;0;
4788;2026.04.29 12:00;4;9;9.25;21.6875;1593;202;0;
4789;2026.04.29 12:15;4;9;9.25;22.5;1593;202;0;
4790;2026.04.29 12:30;4;9;9.25;22.1875;1593;202;0;
4791;2026.04.29 12:45;4;9;9.25;21.875;1593;202;0;
4792;2026.04.29 13:00;4;8.9375;9.1875;22.0625;1593;202;0;
4793;2026.04.29 13:15;4;8.9375;9.25;21.25;1593;202;0;
4794;2026.04.29 13:30;4;9;9.25;21.0625;1593;202;0;
4795;2026.04.29 13:45;4;8.9375;9.1875;21.625;1593;202;0;
4796;2026.04.29 14:00;4;8.9375;9.1875;21.25;1593;202;0;
4797;2026.04.29 14:15;4;8.9375;9.1875;19.875;1593;202;0;
4798;2026.04.29 14:30;4;8.9375;9.25;16.75;1593;202;0;
4799;2026.04.29 14:45;4;8.9375;9.25;14.6875;1593;202;0;
4800;2026.04.29 15:00;4;8.9375;9.1875;14.5625;1593;202;0;
4801;2026.04.29 15:15;4;8.9375;9.1875;15.5;1593;202;0;
4802;2026.04.29 15:30;4;8.9375;9.25;13.5;1593;202;0;
4803;2026.04.29 15:45;4;8.9375;9.25;12.125;1593;202;0;
4804;2026.04.29 16:00;4;8.9375;9.25;12.0625;1593;202;0;
4805;2026.04.29 16:15;4;8.9375;9.25;12.125;1593;202;0;
4806;2026.04.29 16:30;4;8.9375;9.25;10.9375;1593;202;0;
4807;2026.04.29 16:45;4;8.9375;9.25;10.125;1593;202;0;
4808;2026.04.29 17:00;4;8.9375;9.25;9.5;1593;202;0;
4809;2026.04.29 17:15;4;8.9375;9.25;8.75;1593;202;0;
4810;2026.04.29 17:30;4;8.9375;9.25;8.125;1593;202;0;
4811;2026.04.29 17:45;4;8.9375;9.25;7.4375;1593;202;0;
4812;2026.04.29 18:00;4;8.9375;9.25;6.5;1593;202;0;
4813;2026.04.29 18:15;4;8.9375;9.3125;5.75;1593;202;0;
4814;2026.04.29 18:30;4;8.9375;9.3125;5.75;1593;202;0;
4815;2026.04.29 18:45;4;8.9375;9.3125;5.375;1593;202;0;
4816;2026.04.29 19:00;4;8.9375;9.375;4.75;1593;202;0;
4817;2026.04.29 19:15;4;8.9375;9.375;4.5;1593;202;0;
4818;2026.04.29 19:30;4;8.9375;9.375;3.9375;1593;202;0;
4819;2026.04.29 19:45;4;9;9.375;4.25;1593;202;0;
4820;2026.04.29 20:00;4;9;9.375;4;1593;202;0;
4821;2026.04.29 20:15;4;9;9.375;3.5;1593;202;0;
4822;2026.04.29 20:30;4;9;9.375;3.125;1593;202;0;
4823;2026.04.29 20:45;4;9;9.375;2.5;1593;202;0;
4824;2026.04.29 21:00;4;9;9.375;1.375;1593;202;0;
4825;2026.04.29 21:15;4;9;9.375;1.25;1593;202;0;
4826;2026.04.29 21:30;4;9;9.375;0.4375;1593;202;0;
4827;2026.04.29 21:45;4;9;9.375;0;1593;202;0;
4828;2026.04.29 22:00;4;9;9.4375;-0.25;1593;202;0;
4829;2026.04.29 22:15;4;9;9.4375;0;1593;202;0;
4830;2026.04.29 22:30;4;9;9.4375;-0.25;1593;202;0;
4831;2026.04.29 22:45;4;9;9.4375;-1.3125;1593;202;0;
4832;2026.04.29 23:00;4;9;9.4375;-2.625;1593;202;0;
4833;2026.04.29 23:15;4;9;9.4375;-3;1593;202;0;
4834;2026.04.29 23:30;4;9;9.4375;-2.75;1593;202;0;
4835;2026.04.29 23:45;4;9;9.4375;-2.875;1593;202;0;
4836;2026.04.30 00:00;4;9;9.4375;-2.9375;1593;202;0;
4837;2026.04.30 00:15;4;9;9.4375;-2.5;1593;202;0;
4838;2026.04.30 00:30;4;9;9.5;-2.9375;1593;202;0;
4839;2026.04.30 00:45;4;9;9.5;-3.4375;1593;202;0;
4840;2026.04.30 01:00;4;9;9.5;-3;1593;202;0;
4841;2026.04.30 01:15;4;9;9.5;-2.125;1593;202;0;
4842;2026.04.30 01:30;4;9;9.4375;-2.75;1593;202;0;
4843;2026.04.30 01:45;4;9.0625;9.4375;-3.8125;1593;202;0;
4844;2026.04.30 02:00;4;9.0625;9.4375;-5.0625;1593;202;0;
4845;2026.04.30 02:15;4;9;9.4375;-5.625;1594;202;0;
4846;2026.04.30 02:30;4;9.0625;9.4375;-5.375;1594;202;0;
4847;2026.04.30 02:45;4;9;9.4375;-6.5;1594;202;0;
4848;2026.04.30 03:00;4;9.0625;9.4375;-7.125;1594;202;0;
4849;2026.04.30 03:15;4;9.0625;9.4375;-7.5;1594;202;0;
4850;2026.04.30 03:30;4;9.0625;9.4375;-7.3125;1594;202;0;
4851;2026.04.30 03:45;4;9.0625;9.375;-7.1875;1594;202;0;
4852;2026.04.30 04:00;4;9.0625;9.375;-7.25;1594;202;0;
4853;2026.04.30 04:15;4;9.0625;9.375;-7.125;1594;202;0;
4854;2026.04.30 04:30;4;9.0625;9.375;-6.375;1594;202;0;
4855;2026.04.30 04:45;4;9.0625;9.375;-5.375;1594;202;0;
4856;2026.04.30 05:00;4;9.0625;9.375;-4.9375;1594;202;0;
4857;2026.04.30 05:15;4;9.0625;9.375;-4.0625;1594;202;0;
4858;2026.04.30 05:30;4;9.0625;9.375;-0.375;1594;202;0;
4859;2026.04.30 05:45;4;9.0625;9.375;3.125;1594;202;0;
4860;2026.04.30 06:00;4;9.0625;9.375;3.75;1594;202;0;
4861;2026.04.30 06:15;4;9.0625;9.375;2.5625;1594;202;0;
4862;2026.04.30 06:30;4;9;9.375;3.4375;1594;202;0;
4863;2026.04.30 06:45;4;9;9.3125;7.125;1594;202;0;
4864;2026.04.30 07:00;4;9;9.3125;9.9375;1594;202;0;
4865;2026.04.30 07:15;4;9;9.25;10.625;1594;202;0;
4866;2026.04.30 07:30;4;9;9.25;11.875;1594;202;0;
4867;2026.04.30 07:45;4;9;9.25;12;1594;202;0;
4868;2026.04.30 08:00;4;9;9.25;12.4375;1594;202;0;
4869;2026.04.30 08:15;4;9;9.25;14.875;1594;202;0;
4870;2026.04.30 08:30;4;9;9.25;15.25;1594;202;0;
4871;2026.04.30 08:45;4;9;9.25;15.875;1594;202;0;
4872;2026.04.30 09:00;4;9;9.25;16.5625;1594;202;0;
4873;2026.04.30 09:15;4;9;9.1875;17.1875;1594;202;0;
4874;2026.04.30 09:30;4;9;9.1875;18.375;1594;202;0;
4875;2026.04.30 09:45;4;9;9.125;18.25;1594;202;0;
4876;2026.04.30 10:00;4;9;9.125;17.875;1594;202;0;
4877;2026.04.30 10:15;4;9;9.125;18.75;1594;202;0;
4878;2026.04.30 10:30;4;9;9.125;19.25;1594;202;0;
4879;2026.04.30 10:45;4;9;9.125;19.5;1594;202;0;
4880;2026.04.30 11:00;4;9;9.125;20;1594;202;0;
4881;2026.04.30 11:15;4;9;9.125;20.125;1594;202;0;
4882;2026.04.30 11:30;4;9;9.125;19.875;1594;202;0;
4883;2026.04.30 11:45;4;9;9.125;20.9375;1594;202;0;
4884;2026.04.30 12:00;4;8.9375;9.125;21.375;1594;202;0;
4885;2026.04.30 12:15;4;8.9375;9.0625;21.1875;1594;202;0;
4886;2026.04.30 12:30;4;8.9375;9.0625;21.5625;1594;202;0;
4887;2026.04.30 12:45;4;8.9375;9.0625;21;1594;202;0;
4888;2026.04.30 13:00;4;8.9375;9.0625;21.5;1594;202;0;
4889;2026.04.30 13:15;4;8.9375;9.0625;21.625;1594;202;0;
4890;2026.04.30 13:30;4;8.875;9;22;1594;202;0;
4891;2026.04.30 13:45;4;8.875;9;21.625;1594;202;0;
4892;2026.04.30 14:00;4;8.875;9;21.125;1594;202;0;
4893;2026.04.30 14:15;4;8.875;9;19.625;1594;202;0;
4894;2026.04.30 14:30;4;8.875;9;17.625;1594;202;0;
4895;2026.04.30 14:45;4;8.875;9;14.25;1594;202;0;
4896;2026.04.30 15:00;4;8.875;9;13.6875;1594;202;0;
4897;2026.04.30 15:15;4;8.875;9;14.75;1594;202;0;
4898;2026.04.30 15:30;4;8.875;9;13;1594;202;0;
4899;2026.04.30 15:45;4;8.875;9;12.125;1594;202;0;
4900;2026.04.30 16:00;4;8.875;9;12;1594;202;0;
4901;2026.04.30 16:15;4;8.875;9;12.375;1594;202;0;
4902;2026.04.30 16:30;4;8.875;9.0625;11.25;1594;202;0;
4903;2026.04.30 16:45;4;8.875;9.0625;10.625;1594;202;0;
4904;2026.04.30 17:00;4;8.875;9.0625;10;1594;202;0;
4905;2026.04.30 17:15;4;8.875;9.0625;9.875;1594;202;0;
4906;2026.04.30 17:30;4;8.875;9.0625;9.0625;1594;202;0;
4907;2026.04.30 17:45;4;8.875;9.125;7.875;1594;202;0;
4908;2026.04.30 18:00;4;8.875;9.125;6.5;1594;202;0;
4909;2026.04.30 18:15;4;8.875;9.125;4.75;1594;202;0;
4910;2026.04.30 18:30;4;8.875;9.125;3.875;1594;202;0;
4911;2026.04.30 18:45;4;8.875;9.125;3.75;1594;202;0;
4912;2026.04.30 19:00;4;8.875;9.125;3.5;1594;202;0;
4913;2026.04.30 19:15;4;8.875;9.125;2.875;1594;202;0;
4914;2026.04.30 19:30;4;8.875;9.125;2.625;1594;202;0;
4915;2026.04.30 19:45;4;8.875;9.1875;2.125;1594;202;0;
4916;2026.04.30 20:00;4;8.875;9.1875;1.75;1594;202;0;
4917;2026.04.30 20:15;4;8.875;9.1875;1.5;1594;202;0;
4918;2026.04.30 20:30;4;8.875;9.125;1.8125;1594;202;0;
4919;2026.04.30 20:45;4;8.875;9.25;1.75;1594;202;0;
4920;2026.04.30 21:00;4;8.875;9.25;1.5625;1594;202;0;
4921;2026.04.30 21:15;4;8.875;9.25;1.1875;1594;202;0;
4922;2026.04.30 21:30;4;8.875;9.25;0.625;1594;202;0;
4923;2026.04.30 21:45;4;8.875;9.25;0.0625;1594;202;0;
4924;2026.04.30 22:00;4;8.875;9.25;0.0625;1594;202;0;
4925;2026.04.30 22:15;4;8.875;9.25;-0.5;1594;202;0;
4926;2026.04.30 22:30;4;8.9375;9.25;-0.6875;1594;202;0;
4927;2026.04.30 22:45;4;8.9375;9.25;-0.625;1594;202;0;
4928;2026.04.30 23:00;4;8.9375;9.25;-0.375;1594;202;0;
4929;2026.04.30 23:15;4;8.9375;9.25;-0.625;1594;202;0;
4930;2026.04.30 23:30;4;8.9375;9.25;-0.625;1594;202;0;
4931;2026.04.30 23:45;4;8.9375;9.25;-1.1875;1594;202;0;
4932;2026.05.01 00:00;4;8.9375;9.25;-1.5;1594;202;0;
4933;2026.05.01 00:15;4;8.9375;9.25;-1.5;1594;202;0;
4934;2026.05.01 00:30;4;8.9375;9.25;-1.6875;1594;202;0;
4935;2026.05.01 00:45;4;8.9375;9.25;-1.8125;1594;202;0;
4936;2026.05.01 01:00;4;8.9375;9.25;-1.5;1594;202;0;
4937;2026.05.01 01:15;4;9;9.25;-1.4375;1594;202;0;
4938;2026.05.01 01:30;4;8.9375;9.25;-1.75;1594;202;0;
4939;2026.05.01 01:45;4;9;9.25;-2;1594;202;0;
4940;2026.05.01 02:00;4;9;9.25;-2.125;1594;202;0;
4941;2026.05.01 02:15;4;9;9.25;-2.25;1594;202;0;
4942;2026.05.01 02:30;4;9;9.25;-2.5;1594;202;0;
4943;2026.05.01 02:45;4;9;9.25;-2.6875;1594;202;0;
4944;2026.05.01 03:00;4;9;9.25;-3;1594;202;0;
4945;2026.05.01 03:15;4;9;9.25;-3;1594;202;0;
4946;2026.05.01 03:30;4;9;9.25;-3.0625;1594;202;0;
4947;2026.05.01 03:45;4;9;9.25;-3.25;1594;202;0;
4948;2026.05.01 04:00;4;9;9.25;-3.25;1594;202;0;
4949;2026.05.01 04:15;4;9;9.25;-3.0625;1594;202;0;
4950;2026.05.01 04:30;4;9;9.25;-2.625;1594;202;0;
4951;2026.05.01 04:45;4;9;9.25;-2.3125;1594;202;0;
4952;2026.05.01 05:00;4;9;9.25;-1.625;1594;202;0;
4953;2026.05.01 05:15;4;9;9.1875;-0.1875;1594;202;0;
4954;2026.05.01 05:30;4;9;9.1875;3.75;1594;202;0;
4955;2026.05.01 05:45;4;9;9.1875;6.5;1594;202;0;
4956;2026.05.01 06:00;4;9;9.1875;6.5625;1594;202;0;
4957;2026.05.01 06:15;4;9;9.125;6;1594;202;0;
4958;2026.05.01 06:30;4;9;9.125;7.375;1594;202;0;
4959;2026.05.01 06:45;4;9;9.125;9.9375;1594;202;0;
4960;2026.05.01 07:00;4;8.9375;9.125;11.75;1594;202;0;
4961;2026.05.01 07:15;4;8.9375;9.125;13.5;1594;202;0;
4962;2026.05.01 07:30;4;8.9375;9.125;15.0625;1594;202;0;
4963;2026.05.01 07:45;4;8.9375;9.125;15.75;1594;202;0;
4964;2026.05.01 08:00;4;8.9375;9.125;15.25;1594;202;0;
4965;2026.05.01 08:15;4;8.9375;9.125;18.25;1594;202;0;
4966;2026.05.01 08:30;4;8.9375;9.125;20;1594;202;0;
4967;2026.05.01 08:45;4;8.9375;9.125;22;1594;202;0;
4968;2026.05.01 09:00;4;8.9375;9.125;22.0625;1594;202;0;
4969;2026.05.01 09:15;4;8.9375;9.0625;22.75;1594;202;0;
4970;2026.05.01 09:30;4;8.9375;9.0625;23.625;1594;202;0;
4971;2026.05.01 09:45;4;8.875;9.0625;23.25;1594;202;0;
4972;2026.05.01 10:00;4;8.875;9.0625;23.75;1594;202;0;
4973;2026.05.01 10:15;4;8.875;9;23.875;1594;202;0;
4974;2026.05.01 10:30;4;8.875;9;25.125;1594;202;0;
4975;2026.05.01 10:45;4;8.875;9;25.25;1594;202;0;
4976;2026.05.01 11:00;4;8.875;9;26.125;1594;202;0;
4977;2026.05.01 11:15;4;8.875;9;26.625;1594;202;0;
4978;2026.05.01 11:30;4;8.875;9;26.875;1594;202;0;
4979;2026.05.01 11:45;4;8.875;9;24.6875;1594;202;0;
4980;2026.05.01 12:00;4;8.875;9;24.5625;1595;202;0;
4981;2026.05.01 12:15;4;8.875;9;27.0625;1594;202;0;
4982;2026.05.01 12:30;4;8.875;9;27;1594;202;0;
4983;2026.05.01 12:45;4;8.875;9;27.25;1594;202;0;
4984;2026.05.01 13:00;4;8.875;9;26.625;1594;202;0;
4985;2026.05.01 13:15;4;8.875;9;27.25;1594;202;0;
4986;2026.05.01 13:30;4;8.875;9;27.125;1594;202;0;
4987;2026.05.01 13:45;4;8.875;9;27.6875;1594;202;0;
4988;2026.05.01 14:00;4;8.875;9;26.25;1594;202;0;
4989;2026.05.01 14:15;4;8.875;9;26.375;1594;202;0;
4990;2026.05.01 14:30;4;8.875;9;24.375;1594;202;0;
4991;2026.05.01 14:45;4;8.875;9;20.9375;1594;202;0;
4992;2026.05.01 15:00;4;8.875;9;20.375;1594;202;0;
4993;2026.05.01 15:15;4;8.875;9;21.125;1594;202;0;
4994;2026.05.01 15:30;4;8.875;9;18.875;1594;202;0;
4995;2026.05.01 15:45;4;8.875;9;18;1594;202;0;
4996;2026.05.01 16:00;4;8.875;9;17.6875;1594;202;0;
4997;2026.05.01 16:15;4;8.875;9;17.8125;1594;202;0;
4998;2026.05.01 16:30;4;8.875;9;16.6875;1594;202;0;
4999;2026.05.01 16:45;4;8.875;9.0625;15.75;1595;202;0;
5000;2026.05.01 17:00;4;8.875;9.0625;14.375;1595;202;0;
5001;2026.05.01 17:15;4;8.875;9.0625;14;1594;202;0;
5002;2026.05.01 17:30;4;8.875;9.125;12.875;1595;202;0;
5003;2026.05.01 17:45;4;8.875;9.125;11.5;1595;202;0;
5004;2026.05.01 18:00;4;8.875;9.125;10.25;1595;202;0;
5005;2026.05.01 18:15;4;8.875;9.125;9.625;1595;202;0;
5006;2026.05.01 18:30;4;8.875;9.125;8.875;1595;202;0;
5007;2026.05.01 18:45;4;8.875;9.125;8.625;1595;202;0;
5008;2026.05.01 19:00;4;8.875;9.1875;8.3125;1595;202;0;
5009;2026.05.01 19:15;4;8.875;9.25;8.375;1595;202;0;
5010;2026.05.01 19:30;4;8.875;9.25;8.125;1595;202;0;
5011;2026.05.01 19:45;4;8.875;9.25;8.25;1595;202;0;
5012;2026.05.01 20:00;4;8.875;9.25;7.375;1595;202;0;
5013;2026.05.01 20:15;4;8.875;9.25;6.625;1595;202;0;
5014;2026.05.01 20:30;4;8.875;9.25;6.25;1595;202;0;
5015;2026.05.01 20:45;4;8.875;9.25;6;1595;202;0;
5016;2026.05.01 21:00;4;8.875;9.25;5.75;1595;202;0;
5017;2026.05.01 21:15;4;8.875;9.3125;5.4375;1595;202;0;
5018;2026.05.01 21:30;4;8.875;9.25;5.125;1595;202;0;
5019;2026.05.01 21:45;4;8.9375;9.375;4.9375;1595;202;0;
5020;2026.05.01 22:00;4;8.9375;9.375;4.9375;1595;202;0;
5021;2026.05.01 22:15;4;8.9375;9.375;4.25;1595;202;0;
5022;2026.05.01 22:30;4;8.9375;9.375;3.8125;1595;202;0;
5023;2026.05.01 22:45;4;8.9375;9.375;3.5;1595;202;0;
5024;2026.05.01 23:00;4;9;9.375;3.25;1595;202;0;
5025;2026.05.01 23:15;4;9;9.375;3.125;1595;202;0;
5026;2026.05.01 23:30;4;9;9.375;2.875;1595;202;0;
5027;2026.05.01 23:45;4;9;9.375;2.625;1595;202;0;
5028;2026.05.02 00:00;4;9;9.375;2.5;1595;202;0;
5029;2026.05.02 00:15;4;9;9.375;2.25;1595;202;0;
5030;2026.05.02 00:30;4;9;9.4375;2.0625;1595;202;0;
5031;2026.05.02 00:45;4;9;9.4375;1.9375;1595;202;0;
5032;2026.05.02 01:00;4;9;9.4375;1.875;1595;202;0;
5033;2026.05.02 01:15;4;9;9.4375;1.5;1595;202;0;
5034;2026.05.02 01:30;4;9;9.4375;0.875;1595;202;0;
5035;2026.05.02 01:45;4;9;9.4375;0.5;1595;202;0;
5036;2026.05.02 02:00;4;9;9.4375;0.5;1595;202;0;
5037;2026.05.02 02:15;4;9;9.4375;0.375;1595;202;0;
5038;2026.05.02 02:30;4;9;9.4375;0.25;1595;202;0;
5039;2026.05.02 02:45;4;9;9.4375;0.375;1595;202;0;
5040;2026.05.02 03:00;4;9;9.4375;0.375;1595;202;0;
5041;2026.05.02 03:15;4;9;9.5;0.375;1595;202;0;
5042;2026.05.02 03:30;4;9.0625;9.4375;0.125;1595;202;0;
5043;2026.05.02 03:45;4;9.0625;9.5;-0.375;1595;202;0;
5044;2026.05.02 04:00;4;9.0625;9.4375;-0.5;1595;202;0;
5045;2026.05.02 04:15;4;9.0625;9.5;-0.25;1595;202;0;
5046;2026.05.02 04:30;4;9.0625;9.4375;0.25;1595;202;0;
5047;2026.05.02 04:45;4;9.0625;9.4375;1;1595;202;0;
5048;2026.05.02 05:00;4;9.0625;9.4375;1.375;1595;202;0;
5049;2026.05.02 05:15;4;9.0625;9.4375;2.5625;1595;202;0;
5050;2026.05.02 05:30;4;9.0625;9.4375;6.5;1595;202;0;
5051;2026.05.02 05:45;4;9.0625;9.4375;8.75;1595;202;0;
5052;2026.05.02 06:00;4;9.0625;9.375;9.0625;1595;202;0;
5053;2026.05.02 06:15;4;9.0625;9.4375;8.6875;1595;202;0;
5054;2026.05.02 06:30;4;9.0625;9.375;10.75;1595;202;0;
5055;2026.05.02 06:45;4;9.125;9.4375;14.625;1595;202;0;
5056;2026.05.02 07:00;4;9.0625;9.375;17.3125;1595;202;0;
5057;2026.05.02 07:15;4;9.0625;9.375;18.5625;1595;202;0;
5058;2026.05.02 07:30;4;9.125;9.375;19.875;1595;202;0;
5059;2026.05.02 07:45;4;9.0625;9.375;20.5;1595;202;0;
5060;2026.05.02 08:00;4;9.0625;9.375;20.1875;1595;202;0;
5061;2026.05.02 08:15;4;9.0625;9.375;23.125;1596;202;0;
5062;2026.05.02 08:30;4;9.0625;9.375;25;1595;202;0;
5063;2026.05.02 08:45;4;9.0625;9.375;26;1595;202;0;
5064;2026.05.02 09:00;4;9.0625;9.375;26.75;1596;202;0;
5065;2026.05.02 09:15;4;9.0625;9.375;27.8125;1595;202;0;
5066;2026.05.02 09:30;4;9.0625;9.375;27.375;1595;202;0;
5067;2026.05.02 09:45;4;9.0625;9.3125;27.75;1595;202;0;
5068;2026.05.02 10:00;4;9.0625;9.3125;28.875;1595;202;0;
5069;2026.05.02 10:15;4;9.0625;9.375;29.5;1595;202;0;
5070;2026.05.02 10:30;4;9.0625;9.3125;29.875;1595;202;0;
5071;2026.05.02 10:45;4;9.0625;9.3125;29.3125;1595;202;0;
5072;2026.05.02 11:00;4;9.0625;9.3125;30.25;1595;202;0;
5073;2026.05.02 11:15;4;9.0625;9.3125;30.5;1596;202;0;
5074;2026.05.02 11:30;4;9.0625;9.25;30.875;1595;202;0;
5075;2026.05.02 11:45;4;9.0625;9.25;31.625;1596;202;0;
5076;2026.05.02 12:00;4;9.0625;9.25;31.625;1596;202;0;
5077;2026.05.02 12:15;4;9.0625;9.25;32.0625;1596;202;0;
5078;2026.05.02 12:30;4;9;9.25;32;1596;202;0;
5079;2026.05.02 12:45;4;9.0625;9.25;32.25;1596;202;0;
5080;2026.05.02 13:00;4;9;9.25;32.4375;1595;202;0;
5081;2026.05.02 13:15;4;9.0625;9.3125;32.875;1596;202;0;
5082;2026.05.02 13:30;4;9.0625;9.3125;32;1596;202;0;
5083;2026.05.02 13:45;4;9;9.25;32.125;1596;202;0;
5084;2026.05.02 14:00;4;9.0625;9.3125;32.125;1596;202;0;
5085;2026.05.02 14:15;4;9;9.3125;31.5;1596;202;0;
5086;2026.05.02 14:30;4;9.0625;9.3125;28.5;1596;202;0;
5087;2026.05.02 14:45;4;9;9.3125;24.5;1596;202;0;
5088;2026.05.02 15:00;4;9.0625;9.375;23.5;1596;202;0;
5089;2026.05.02 15:15;4;9;9.375;23.75;1596;202;0;
5090;2026.05.02 15:30;4;9;9.375;22.375;1596;202;0;
5091;2026.05.02 15:45;4;9.0625;9.375;21.0625;1596;202;0;
5092;2026.05.02 16:00;4;9.0625;9.375;20.25;1596;202;0;
5093;2026.05.02 16:15;4;9.0625;9.375;20;1596;202;0;
5094;2026.05.02 16:30;4;9.0625;9.4375;18.8125;1596;202;0;
5095;2026.05.02 16:45;4;9.0625;9.4375;18;1596;202;0;
5096;2026.05.02 17:00;4;9.0625;9.4375;16.625;1596;202;0;
5097;2026.05.02 17:15;4;9.0625;9.4375;15.625;1596;202;0;
5098;2026.05.02 17:30;4;9.0625;9.5;13.9375;1596;202;0;
5099;2026.05.02 17:45;4;9.0625;9.5;12.625;1596;202;0;
5100;2026.05.02 18:00;4;9.125;9.5;11.5;1596;202;0;
5101;2026.05.02 18:15;4;9.125;9.5;10.375;1596;202;0;
5102;2026.05.02 18:30;4;9.125;9.5625;9.8125;1596;202;0;
5103;2026.05.02 18:45;4;9.125;9.5625;9.75;1596;202;0;
5104;2026.05.02 19:00;4;9.125;9.625;9.3125;1596;202;0;
5105;2026.05.02 19:15;4;9.125;9.625;9.125;1596;202;0;
5106;2026.05.02 19:30;4;9.125;9.625;9;1596;202;0;
5107;2026.05.02 19:45;4;9.125;9.625;10;1596;202;0;
5108;2026.05.02 20:00;4;9.125;9.625;10.375;1596;202;0;
5109;2026.05.02 20:15;4;9.125;9.625;10.375;1596;202;0;
5110;2026.05.02 20:30;4;9.125;9.625;10.0625;1596;202;0;
5111;2026.05.02 20:45;4;9.125;9.6875;9.875;1596;202;0;
5112;2026.05.02 21:00;4;9.125;9.6875;9.5;1596;202;0;
5113;2026.05.02 21:15;4;9.1875;9.75;8.875;1596;202;0;
5114;2026.05.02 21:30;4;9.1875;9.75;8.125;1596;202;0;
5115;2026.05.02 21:45;4;9.1875;9.75;7.25;1596;202;0;
5116;2026.05.02 22:00;4;9.1875;9.75;7;1596;202;0;
5117;2026.05.02 22:15;4;9.25;9.75;7.875;1596;202;0;
5118;2026.05.02 22:30;4;9.25;9.75;8.375;1596;202;0;
5119;2026.05.02 22:45;4;9.25;9.75;8.375;1596;202;0;
5120;2026.05.02 23:00;4;9.25;9.8125;7.875;1596;202;0;
5121;2026.05.02 23:15;4;9.25;9.8125;6.625;1596;202;0;
5122;2026.05.02 23:30;4;9.25;9.8125;5.9375;1596;202;0;
5123;2026.05.02 23:45;4;9.25;9.8125;6.5;1597;202;0;
5124;2026.05.03 00:00;4;9.25;9.875;6.875;1597;202;0;
5125;2026.05.03 00:15;4;9.25;9.875;6.75;1596;202;0;
5126;2026.05.03 00:30;4;9.25;9.875;6.5;1596;202;0;
5127;2026.05.03 00:45;4;9.25;9.875;6.75;1596;202;0;
5128;2026.05.03 01:00;4;9.25;9.875;6.375;1596;202;0;
5129;2026.05.03 01:15;4;9.25;9.875;5.75;1596;202;0;
5130;2026.05.03 01:30;4;9.3125;9.875;6;1597;202;0;
5131;2026.05.03 01:45;4;9.3125;9.875;5.875;1597;202;0;
5132;2026.05.03 02:00;4;9.3125;9.875;5.1875;1597;202;0;
5133;2026.05.03 02:15;4;9.3125;9.875;4.6875;1597;202;0;
5134;2026.05.03 02:30;4;9.3125;9.875;4;1597;202;0;
5135;2026.05.03 02:45;4;9.375;9.875;3.3125;1597;202;0;
5136;2026.05.03 03:00;4;9.375;9.875;3.125;1597;202;0;
5137;2026.05.03 03:15;4;9.375;9.875;2.5;1597;202;0;
5138;2026.05.03 03:30;4;9.375;9.875;2.125;1597;202;0;
5139;2026.05.03 03:45;4;9.375;9.875;1.8125;1597;202;0;
5140;2026.05.03 04:00;4;9.375;9.875;1.875;1597;202;0;
5141;2026.05.03 04:15;4;9.375;9.875;2.125;1597;202;0;
5142;2026.05.03 04:30;4;9.375;9.875;2.8125;1597;202;0;
5143;2026.05.03 04:45;4;9.375;9.875;3.375;1597;202;0;
5144;2026.05.03 05:00;4;9.375;9.875;4.125;1597;202;0;
5145;2026.05.03 05:15;4;9.375;9.875;5.375;1597;202;0;
5146;2026.05.03 05:30;4;9.375;9.875;8.875;1597;202;0;
5147;2026.05.03 05:45;4;9.375;9.875;11.375;1597;202;0;
5148;2026.05.03 06:00;4;9.375;9.875;11.875;1597;202;0;
5149;2026.05.03 06:15;4;9.375;9.875;11.5;1597;202;0;
5150;2026.05.03 06:30;4;9.375;9.875;14.25;1597;202;0;
5151;2026.05.03 06:45;4;9.375;9.875;17.875;1597;202;0;
5152;2026.05.03 07:00;4;9.375;9.875;20.25;1597;202;0;
5153;2026.05.03 07:15;4;9.375;9.875;20.3125;1597;202;0;
5154;2026.05.03 07:30;4;9.375;9.8125;21;1597;202;0;
5155;2026.05.03 07:45;4;9.375;9.875;21.375;1597;202;0;
5156;2026.05.03 08:00;4;9.375;9.875;21.75;1597;202;0;
5157;2026.05.03 08:15;4;9.375;9.875;24.375;1597;202;0;
5158;2026.05.03 08:30;4;9.375;9.8125;25.8125;1597;202;0;
5159;2026.05.03 08:45;4;9.375;9.8125;27;1597;202;0;
5160;2026.05.03 09:00;4;9.375;9.8125;27.625;1597;202;0;
5161;2026.05.03 09:15;4;9.375;9.8125;28.875;1597;202;0;
5162;2026.05.03 09:30;4;9.375;9.75;29.0625;1597;202;0;
5163;2026.05.03 09:45;4;9.375;9.75;29.75;1597;202;0;
5164;2026.05.03 10:00;4;9.375;9.8125;29.875;1597;202;0;
5165;2026.05.03 10:15;4;9.375;9.75;30.125;1597;202;0;
5166;2026.05.03 10:30;4;9.375;9.75;31.625;1597;202;0;
5167;2026.05.03 10:45;4;9.375;9.75;31.875;1597;202;0;
5168;2026.05.03 11:00;4;9.375;9.75;31.9375;1597;202;0;
5169;2026.05.03 11:15;4;9.375;9.75;32;1597;202;0;
5170;2026.05.03 11:30;4;9.375;9.75;32.5;1597;202;0;
5171;2026.05.03 11:45;4;9.375;9.75;32.8125;1597;202;0;
5172;2026.05.03 12:00;4;9.375;9.75;33.875;1597;202;0;
5173;2026.05.03 12:15;4;9.375;9.75;33.875;1597;202;0;
5174;2026.05.03 12:30;4;9.375;9.75;34.1875;1597;202;0;
5175;2026.05.03 12:45;4;9.375;9.75;33.75;1597;202;0;
5176;2026.05.03 13:00;4;9.375;9.75;33.4375;1597;202;0;
5177;2026.05.03 13:15;4;9.375;9.75;32.75;1597;202;0;
5178;2026.05.03 13:30;4;9.375;9.75;32.75;1597;202;0;
5179;2026.05.03 13:45;4;9.375;9.75;32.625;1597;202;0;
5180;2026.05.03 14:00;4;9.375;9.75;32.125;1597;202;0;
5181;2026.05.03 14:15;4;9.375;9.75;30.375;1597;202;0;
5182;2026.05.03 14:30;4;9.375;9.75;28.9375;1597;202;0;
5183;2026.05.03 14:45;4;9.375;9.8125;26.1875;1597;202;0;
5184;2026.05.03 15:00;4;9.375;9.8125;25.3125;1597;202;0;
5185;2026.05.03 15:15;4;9.375;9.8125;25.0625;1597;202;0;
5186;2026.05.03 15:30;4;9.375;9.875;24.5;1597;202;0;
5187;2026.05.03 15:45;4;9.375;9.8125;23.5;1597;202;0;
5188;2026.05.03 16:00;4;9.375;9.875;23.125;1597;202;0;
5189;2026.05.03 16:15;4;9.375;9.875;23.125;1597;202;0;
5190;2026.05.03 16:30;4;9.375;9.875;22.4375;1597;202;0;
5191;2026.05.03 16:45;4;9.375;9.875;22.0625;1597;202;0;
5192;2026.05.03 17:00;4;9.375;9.875;21.625;1597;202;0;
5193;2026.05.03 17:15;4;9.375;9.9375;21.0625;1597;202;0;
5194;2026.05.03 17:30;4;9.375;9.9375;20.5;1597;202;0;
5195;2026.05.03 17:45;4;9.375;9.9375;20.0625;1597;202;0;
5196;2026.05.03 18:00;4;9.4375;10;19;1597;202;0;
5197;2026.05.03 18:15;4;9.4375;10;18.25;1597;202;0;
5198;2026.05.03 18:30;4;9.4375;10;17.875;1597;202;0;
5199;2026.05.03 18:45;4;9.4375;10;17.4375;1597;202;0;
5200;2026.05.03 19:00;4;9.4375;10;17;1597;202;0;
5201;2026.05.03 19:15;4;9.5;10.0625;16.5;1598;202;0;
5202;2026.05.03 19:30;4;9.5;10.0625;16;1597;202;0;
5203;2026.05.03 19:45;4;9.5;10.0625;15.5;1598;202;0;
5204;2026.05.03 20:00;4;9.5;10.125;15.25;1598;202;0;
5205;2026.05.03 20:15;4;9.5;10.125;14.9375;1598;202;0;
5206;2026.05.03 20:30;4;9.5;10.125;14.75;1597;202;0;
5207;2026.05.03 20:45;4;9.5;10.125;14.625;1597;202;0;
5208;2026.05.03 21:00;4;9.5;10.125;14.375;1598;202;0;
5209;2026.05.03 21:15;4;9.5;10.125;13.875;1598;202;0;
5210;2026.05.03 21:30;4;9.5;10.1875;12.75;1598;202;0;
5211;2026.05.03 21:45;4;9.5;10.1875;11.625;1598;202;0;
5212;2026.05.03 22:00;4;9.5;10.25;11;1598;202;0;
5213;2026.05.03 22:15;4;9.5625;10.25;10.9375;1598;202;0;
5214;2026.05.03 22:30;4;9.5625;10.25;11;1598;202;0;
5215;2026.05.03 22:45;4;9.5625;10.25;11.125;1598;202;0;
5216;2026.05.03 23:00;4;9.625;10.25;10.6875;1598;202;0;
5217;2026.05.03 23:15;4;9.625;10.25;9.75;1598;202;0;
5218;2026.05.03 23:30;4;9.625;10.25;9.0625;1598;202;0;
5219;2026.05.03 23:45;4;9.625;10.25;9.125;1598;202;0;
5220;2026.05.04 00:00;4;9.625;10.25;9.25;1598;202;0;
5221;2026.05.04 00:15;4;9.625;10.3125;9.75;1598;202;0;
5222;2026.05.04 00:30;4;9.625;10.3125;10.125;1598;202;0;
5223;2026.05.04 00:45;4;9.625;10.3125;9.875;1598;202;0;
5224;2026.05.04 01:00;4;9.625;10.375;9.75;1598;202;0;
5225;2026.05.04 01:15;4;9.625;10.375;9.75;1598;202;0;
5226;2026.05.04 01:30;4;9.625;10.375;8.875;1598;202;0;
5227;2026.05.04 01:45;4;9.625;10.375;8.25;1598;202;0;
5228;2026.05.04 02:00;4;9.6875;10.375;7.9375;1598;202;0;
5229;2026.05.04 02:15;4;9.6875;10.375;7.75;1598;202;0;
5230;2026.05.04 02:30;4;9.6875;10.375;7.5625;1598;202;0;
5231;2026.05.04 02:45;4;9.6875;10.375;7.75;1598;202;0;
5232;2026.05.04 03:00;4;9.6875;10.375;7.75;1598;202;0;
5233;2026.05.04 03:15;4;9.6875;10.375;7.5;1598;202;0;
5234;2026.05.04 03:30;4;9.75;10.375;6.5;1598;202;0;
5235;2026.05.04 03:45;4;9.75;10.375;6.125;1598;202;0;
5236;2026.05.04 04:00;4;9.75;10.375;6.5;1598;202;0;
5237;2026.05.04 04:15;4;9.75;10.375;6.75;1598;202;0;
5238;2026.05.04 04:30;4;9.75;10.375;7.4375;1598;202;0;
5239;2026.05.04 04:45;4;9.75;10.375;8.375;1598;202;0;
5240;2026.05.04 05:00;4;9.75;10.375;9.875;1598;202;0;
5241;2026.05.04 05:15;4;9.75;10.375;11.1875;1598;202;0;
5242;2026.05.04 05:30;4;9.75;10.375;11.9375;1598;202;0;
5243;2026.05.04 05:45;4;9.75;10.375;12.375;1598;202;0;
5244;2026.05.04 06:00;4;9.75;10.375;12.625;1598;202;0;
5245;2026.05.04 06:15;4;9.75;10.375;13;1598;202;0;
5246;2026.05.04 06:30;4;9.75;10.375;15.0625;1598;202;0;
5247;2026.05.04 06:45;4;9.75;10.375;17.625;1598;202;0;
5248;2026.05.04 07:00;4;9.75;10.375;18.8125;1598;202;0;
5249;2026.05.04 07:15;4;9.75;10.375;19.75;1598;202;0;
5250;2026.05.04 07:30;4;9.75;10.375;21.5625;1598;202;0;
5251;2026.05.04 07:45;4;9.75;10.375;21.25;1598;202;0;
5252;2026.05.04 08:00;4;9.75;10.375;22;1598;202;0;
5253;2026.05.04 08:15;4;9.75;10.375;22.875;1598;202;0;
5254;2026.05.04 08:30;4;9.75;10.375;24.1875;1598;202;0;
5255;2026.05.04 08:45;4;9.75;10.375;26.3125;1598;202;0;
5256;2026.05.04 09:00;4;9.75;10.375;28.625;1598;202;0;
5257;2026.05.04 09:15;4;9.75;10.375;29.1875;1598;202;0;
5258;2026.05.04 09:30;4;9.75;10.375;30.125;1598;202;0;
5259;2026.05.04 09:45;4;9.75;10.375;30.625;1598;202;0;
5260;2026.05.04 10:00;4;9.75;10.375;29.625;1598;202;0;
5261;2026.05.04 10:15;4;9.75;10.375;29.0625;1598;202;0;
5262;2026.05.04 10:30;4;9.8125;10.375;28.25;1598;202;0;
5263;2026.05.04 10:45;4;9.75;10.375;27.4375;1598;202;0;
5264;2026.05.04 11:00;4;9.75;10.375;29.125;1598;202;0;
5265;2026.05.04 11:15;4;9.8125;10.375;30.625;1598;202;0;
5266;2026.05.04 11:30;4;9.75;10.375;30.875;1598;202;0;
5267;2026.05.04 11:45;4;9.75;10.375;32.375;1598;202;0;
5268;2026.05.04 12:00;4;9.8125;10.375;32.125;1598;202;0;
5269;2026.05.04 12:15;4;9.75;10.375;31.625;1598;202;0;
5270;2026.05.04 12:30;4;9.75;10.375;28.75;1598;202;0;
5271;2026.05.04 12:45;4;9.75;10.375;29.25;1598;202;0;
5272;2026.05.04 13:00;4;9.75;10.375;29.3125;1598;202;0;
5273;2026.05.04 13:15;4;9.8125;10.375;29.1875;1598;202;0;
5274;2026.05.04 13:30;4;9.8125;10.375;29;1598;202;0;
5275;2026.05.04 13:45;4;9.75;10.375;27.5;1598;202;0;
5276;2026.05.04 14:00;4;9.8125;10.375;27.375;1598;202;0;
5277;2026.05.04 14:15;4;9.8125;10.375;27.625;1598;202;0;
5278;2026.05.04 14:30;4;9.8125;10.375;28.375;1598;202;0;
5279;2026.05.04 14:45;4;9.8125;10.375;26.8125;1598;202;0;
5280;2026.05.04 15:00;4;9.8125;10.375;27.1875;1598;202;0;
5281;2026.05.04 15:15;4;9.8125;10.375;27.1875;1598;202;0;
5282;2026.05.04 15:30;4;9.8125;10.375;26;1598;202;0;
5283;2026.05.04 15:45;4;9.8125;10.375;25.5;1598;202;0;
5284;2026.05.04 16:00;4;9.8125;10.375;25.5;1598;202;0;
5285;2026.05.04 16:15;4;9.8125;10.4375;24.75;1598;202;0;
5286;2026.05.04 16:30;4;9.8125;10.4375;24;1598;202;0;
5287;2026.05.04 16:45;4;9.875;10.4375;23.3125;1598;202;0;
5288;2026.05.04 17:00;4;9.875;10.5;22.375;1598;202;0;
5289;2026.05.04 17:15;4;9.875;10.5;20.75;1598;202;0;
5290;2026.05.04 17:30;4;9.875;10.5;19.5;1598;202;0;
5291;2026.05.04 17:45;4;9.875;10.5;18.875;1598;202;0;
5292;2026.05.04 18:00;4;9.875;10.5;18.375;1598;202;0;
5293;2026.05.04 18:15;4;9.875;10.5;18.125;1598;202;0;
5294;2026.05.04 18:30;4;9.875;10.5;18.25;1598;202;0;
5295;2026.05.04 18:45;4;9.875;10.5625;18.25;1598;202;0;
5296;2026.05.04 19:00;4;9.875;10.5625;18.5;1599;202;0;
5297;2026.05.04 19:15;4;9.875;10.5625;18.25;1598;202;0;
5298;2026.05.04 19:30;4;9.875;10.625;18;1598;202;0;
5299;2026.05.04 19:45;4;9.875;10.625;17.875;1598;202;0;
5300;2026.05.04 20:00;4;9.875;10.625;17.8125;1599;202;0;
5301;2026.05.04 20:15;4;9.875;10.625;17.5625;1598;202;0;
5302;2026.05.04 20:30;4;9.9375;10.625;17;1598;202;0;
5303;2026.05.04 20:45;4;9.9375;10.625;16.625;1598;202;0;
5304;2026.05.04 21:00;4;9.9375;10.625;16.8125;1598;202;0;
5305;2026.05.04 21:15;4;9.9375;10.6875;16.625;1598;202;0;
5306;2026.05.04 21:30;4;9.9375;10.6875;16.125;1598;202;0;
5307;2026.05.04 21:45;4;10;10.6875;15.9375;1598;202;0;
5308;2026.05.04 22:00;4;10;10.75;16.625;1598;202;0;
5309;2026.05.04 22:15;4;10;10.75;17.25;1598;202;0;
5310;2026.05.04 22:30;4;10;10.75;17.25;1599;202;0;
5311;2026.05.04 22:45;4;10;10.75;17;1598;202;0;
5312;2026.05.04 23:00;4;10;10.75;16.375;1599;202;0;
5313;2026.05.04 23:15;4;10;10.75;14.875;1598;202;0;
5314;2026.05.04 23:30;4;10;10.75;14.0625;1598;202;0;
5315;2026.05.04 23:45;4;10;10.75;12.875;1599;202;0;
5316;2026.05.05 00:00;4;10;10.75;12.5625;1599;202;0;
5317;2026.05.05 00:15;4;10;10.75;13.125;1599;202;0;
5318;2026.05.05 00:30;4;10;10.8125;13.125;1599;202;0;
5319;2026.05.05 00:45;4;10.0625;10.8125;12.5;1599;202;0;
5320;2026.05.05 01:00;4;10.0625;10.8125;11.875;1599;202;0;
5321;2026.05.05 01:15;4;10.0625;10.8125;11.875;1599;202;0;
5322;2026.05.05 01:30;4;10.0625;10.875;11.875;1599;202;0;
5323;2026.05.05 01:45;4;10.0625;10.875;11.6875;1599;202;0;
5324;2026.05.05 02:00;4;10.125;10.875;11.375;1599;202;0;
5325;2026.05.05 02:15;4;10.125;10.875;10.75;1599;202;0;
5326;2026.05.05 02:30;4;10.125;10.875;10.5625;1599;202;0;
5327;2026.05.05 02:45;4;10.125;10.875;10.25;1599;202;0;
5328;2026.05.05 03:00;4;10.125;10.875;10.1875;1599;202;0;
5329;2026.05.05 03:15;4;10.125;10.875;9.9375;1599;202;0;
5330;2026.05.05 03:30;4;10.125;10.875;9.8125;1599;202;0;
5331;2026.05.05 03:45;4;10.125;10.875;9.375;1599;202;0;
5332;2026.05.05 04:00;4;10.125;10.875;9.1875;1599;202;0;
5333;2026.05.05 04:15;4;10.125;10.875;9.625;1599;202;0;
5334;2026.05.05 04:30;4;10.125;10.875;10.875;1599;202;0;
5335;2026.05.05 04:45;4;10.125;10.875;12;1599;202;0;
5336;2026.05.05 05:00;4;10.125;10.875;13;1599;202;0;
5337;2026.05.05 05:15;4;10.125;10.875;14.0625;1599;202;0;
5338;2026.05.05 05:30;4;10.125;10.875;15.8125;1599;202;0;
5339;2026.05.05 05:45;4;10.125;10.875;16.5625;1599;202;0;
5340;2026.05.05 06:00;4;10.125;10.875;16.6875;1599;202;0;
5341;2026.05.05 06:15;4;10.1875;10.875;16.625;1599;202;0;
5342;2026.05.05 06:30;4;10.1875;10.875;20;1599;202;0;
5343;2026.05.05 06:45;4;10.1875;10.875;22;1599;202;0;
5344;2026.05.05 07:00;4;10.1875;10.875;22.625;1599;202;0;
5345;2026.05.05 07:15;4;10.1875;10.875;23;1599;202;0;
5346;2026.05.05 07:30;4;10.1875;10.875;24.375;1599;202;0;
5347;2026.05.05 07:45;4;10.1875;10.875;24.125;1599;202;0;
5348;2026.05.05 08:00;4;10.1875;10.875;23;1599;202;0;
5349;2026.05.05 08:15;4;10.1875;10.875;25.375;1599;202;0;
5350;2026.05.05 08:30;4;10.1875;10.875;27.125;1599;202;0;
5351;2026.05.05 08:45;4;10.1875;10.875;28.75;1599;202;0;
5352;2026.05.05 09:00;4;10.25;10.875;28.5;1599;202;0;
5353;2026.05.05 09:15;4;10.25;10.875;29.375;1599;202;0;
5354;2026.05.05 09:30;4;10.25;10.875;30.3125;1599;202;0;
5355;2026.05.05 09:45;4;10.25;10.875;30.875;1599;202;0;
5356;2026.05.05 10:00;4;10.25;10.875;31.625;1599;202;0;
5357;2026.05.05 10:15;4;10.25;10.875;32.125;1599;202;0;
5358;2026.05.05 10:30;4;10.25;10.875;33;1599;202;0;
5359;2026.05.05 10:45;4;10.25;10.875;33.8125;1599;202;0;
5360;2026.05.05 11:00;4;10.25;10.875;33.0625;1599;202;0;
5361;2026.05.05 11:15;4;10.25;10.875;32.375;1599;202;0;
5362;2026.05.05 11:30;4;10.25;10.875;32.625;1599;202;0;
5363;2026.05.05 11:45;4;10.25;10.875;32.5625;1599;202;0;
5364;2026.05.05 12:00;4;10.25;10.875;29.125;1599;202;0;
5365;2026.05.05 12:15;4;10.25;10.875;27.0625;1599;202;0;
5366;2026.05.05 12:30;4;10.25;10.875;25.375;1599;202;0;
5367;2026.05.05 12:45;4;10.25;10.875;24.5625;1599;202;0;
5368;2026.05.05 13:00;4;10.25;10.875;24.25;1599;202;0;
5369;2026.05.05 13:15;4;10.25;10.875;24.375;1599;202;0;
5370;2026.05.05 13:30;4;10.25;10.875;24.5;1599;202;0;
5371;2026.05.05 13:45;4;10.25;10.9375;25.25;1599;202;0;
5372;2026.05.05 14:00;4;10.25;10.9375;27.625;1599;202;0;
5373;2026.05.05 14:15;4;10.25;10.9375;26.125;1599;202;0;
5374;2026.05.05 14:30;4;10.25;10.9375;25.8125;1599;202;0;
5375;2026.05.05 14:45;4;10.25;10.9375;25.25;1599;202;0;
5376;2026.05.05 15:00;4;10.25;11;22.8125;1599;202;0;
5377;2026.05.05 15:15;4;10.25;11;22.375;1599;202;0;
5378;2026.05.05 15:30;4;10.25;11;22.625;1599;202;0;
5379;2026.05.05 15:45;4;10.25;11;22;1599;202;0;
5380;2026.05.05 16:00;4;10.25;11;21.75;1599;202;0;
5381;2026.05.05 16:15;4;10.25;11;21.875;1599;202;0;
5382;2026.05.05 16:30;4;10.25;11;21.5;1599;202;0;
5383;2026.05.05 16:45;4;10.25;11;21.625;1600;202;0;
5384;2026.05.05 17:00;4;10.3125;11.0625;21.25;1600;202;0;
5385;2026.05.05 17:15;4;10.3125;11.0625;20.125;1599;202;0;
5386;2026.05.05 17:30;4;10.3125;11.0625;19.3125;1600;202;0;
5387;2026.05.05 17:45;4;10.3125;11.125;18.75;1600;202;0;
5388;2026.05.05 18:00;4;10.3125;11.125;18.25;1600;202;0;
5389;2026.05.05 18:15;4;10.375;11.125;17.6875;1600;202;0;
5390;2026.05.05 18:30;4;10.375;11.125;17.3125;1600;202;0;
5391;2026.05.05 18:45;4;10.375;11.125;16;1600;202;0;
5392;2026.05.05 19:00;4;10.375;11.125;14.9375;1600;202;0;
5393;2026.05.05 19:15;4;10.375;11.125;14.625;1600;202;0;
5394;2026.05.05 19:30;4;10.375;11.125;14.5;1600;202;0;
5395;2026.05.05 19:45;4;10.375;11.1875;14.875;1600;202;0;
5396;2026.05.05 20:00;4;10.375;11.1875;15.75;1600;202;0;
5397;2026.05.05 20:15;4;10.375;11.25;15.75;1600;202;0;
5398;2026.05.05 20:30;4;10.375;11.25;15.625;1600;202;0;
5399;2026.05.05 20:45;4;10.375;11.25;15.4375;1600;202;0;
5400;2026.05.05 21:00;4;10.375;11.25;14.75;1600;202;0;
5401;2026.05.05 21:15;4;10.4375;11.25;13.875;1600;202;0;
5402;2026.05.05 21:30;4;10.4375;11.25;13.3125;1600;202;0;
5403;2026.05.05 21:45;4;10.4375;11.25;13;1600;202;0;
5404;2026.05.05 22:00;4;10.4375;11.25;12.75;1600;202;0;
5405;2026.05.05 22:15;4;10.4375;11.25;12.625;1600;202;0;
5406;2026.05.05 22:30;4;10.5;11.3125;12.5;1600;202;0;
5407;2026.05.05 22:45;4;10.5;11.3125;12.25;1600;202;0;
5408;2026.05.05 23:00;4;10.5;11.3125;12;1600;202;0;
5409;2026.05.05 23:15;4;10.5;11.3125;11.375;1600;202;0;
5410;2026.05.05 23:30;4;10.5;11.3125;10.625;1600;202;0;
5411;2026.05.05 23:45;4;10.5;11.375;10.25;1600;202;0;
5412;2026.05.06 00:00;4;10.5;11.375;10.125;1600;202;0;
5413;2026.05.06 00:15;4;10.5;11.375;9.4375;1600;202;0;
5414;2026.05.06 00:30;4;10.5;11.375;9;1600;202;0;
5415;2026.05.06 00:45;4;10.5;11.375;8.375;1600;202;0;
5416;2026.05.06 01:00;4;10.5;11.375;8.25;1600;202;0;
5417;2026.05.06 01:15;4;10.5;11.375;7.75;1600;202;0;
5418;2026.05.06 01:30;4;10.5;11.375;7.3125;1600;202;0;
5419;2026.05.06 01:45;4;10.5;11.375;7.375;1600;202;0;
5420;2026.05.06 02:00;4;10.5625;11.375;7.625;1600;202;0;
5421;2026.05.06 02:15;4;10.5625;11.375;8.125;1600;202;0;
5422;2026.05.06 02:30;4;10.5625;11.375;8.5;1600;202;0;
5423;2026.05.06 02:45;4;10.5625;11.375;7.875;1600;202;0;
5424;2026.05.06 03:00;4;10.5625;11.375;7.5;1600;202;0;
5425;2026.05.06 03:15;4;10.5625;11.375;7.4375;1600;202;0;
5426;2026.05.06 03:30;4;10.625;11.375;7.125;1600;202;0;
5427;2026.05.06 03:45;4;10.625;11.375;7.5;1600;202;0;
5428;2026.05.06 04:00;4;10.625;11.375;7.9375;1600;202;0;
5429;2026.05.06 04:15;4;10.625;11.375;9.125;1600;202;0;
5430;2026.05.06 04:30;4;10.625;11.375;10.3125;1600;202;0;
5431;2026.05.06 04:45;4;10.625;11.375;11;1600;202;0;
5432;2026.05.06 05:00;4;10.625;11.375;11.375;1600;202;0;
5433;2026.05.06 05:15;4;10.625;11.375;12;1600;202;0;
5434;2026.05.06 05:30;4;10.625;11.375;11.875;1600;202;0;
5435;2026.05.06 05:45;4;10.625;11.375;12.125;1600;202;0;
5436;2026.05.06 06:00;4;10.625;11.375;12.5;1600;202;0;
5437;2026.05.06 06:15;4;10.625;11.375;12.875;1600;202;0;
5438;2026.05.06 06:30;4;10.625;11.375;14.6875;1600;202;0;
5439;2026.05.06 06:45;4;10.625;11.375;14.75;1600;202;0;
5440;2026.05.06 07:00;4;10.625;11.375;15.875;1600;202;0;
5441;2026.05.06 07:15;4;10.625;11.375;16.3125;1600;202;0;
5442;2026.05.06 07:30;4;10.625;11.375;17.875;1600;202;0;
5443;2026.05.06 07:45;4;10.625;11.375;18.625;1600;202;0;
5444;2026.05.06 08:00;4;10.625;11.375;18.0625;1600;202;0;
5445;2026.05.06 08:15;4;10.625;11.375;18.6875;1600;202;0;
5446;2026.05.06 08:30;4;10.625;11.375;19.625;1600;202;0;
5447;2026.05.06 08:45;4;10.625;11.375;22;1600;202;0;
5448;2026.05.06 09:00;4;10.625;11.375;23.125;1600;202;0;
5449;2026.05.06 09:15;4;10.625;11.375;23.6875;1600;202;0;
5450;2026.05.06 09:30;4;10.625;11.375;25.125;1600;202;0;
5451;2026.05.06 09:45;4;10.625;11.375;25.5625;1600;202;0;
5452;2026.05.06 10:00;4;10.625;11.375;25.625;1600;202;0;
5453;2026.05.06 10:15;4;10.625;11.375;26.4375;1600;202;0;
5454;2026.05.06 10:30;4;10.625;11.375;27.5625;1600;202;0;
5455;2026.05.06 10:45;4;10.625;11.375;28.125;1600;202;0;
5456;2026.05.06 11:00;4;10.625;11.3125;27.875;1600;202;0;
5457;2026.05.06 11:15;4;10.625;11.3125;28.1875;1600;202;0;
5458;2026.05.06 11:30;4;10.625;11.3125;28.75;1600;202;0;
5459;2026.05.06 11:45;4;10.625;11.3125;27.75;1600;202;0;
5460;2026.05.06 12:00;4;10.625;11.3125;29.5;1600;202;0;
5461;2026.05.06 12:15;4;10.625;11.3125;26.75;1600;202;0;
5462;2026.05.06 12:30;4;10.625;11.3125;25.875;1600;202;0;
5463;2026.05.06 12:45;4;10.625;11.3125;24.875;1600;202;0;
5464;2026.05.06 13:00;4;10.625;11.3125;26.625;1600;202;0;
5465;2026.05.06 13:15;4;10.625;11.3125;25.3125;1600;202;0;
5466;2026.05.06 13:30;4;10.625;11.3125;25.125;1600;202;0;
5467;2026.05.06 13:45;4;10.625;11.3125;24.25;1600;202;0;
5468;2026.05.06 14:00;4;10.625;11.3125;27.25;1600;202;0;
5469;2026.05.06 14:15;4;10.625;11.375;24.6875;1600;202;0;
5470;2026.05.06 14:30;4;10.625;11.375;23.75;1600;202;0;
5471;2026.05.06 14:45;4;10.625;11.375;23.8125;1600;202;0;
5472;2026.05.06 15:00;4;10.625;11.375;23.375;1600;202;0;
5473;2026.05.06 15:15;4;10.625;11.375;21.1875;1600;202;0;
5474;2026.05.06 15:30;4;10.625;11.375;20.1875;1600;202;0;
5475;2026.05.06 15:45;4;10.625;11.375;19.5625;1600;202;0;
5476;2026.05.06 16:00;4;10.625;11.375;18.875;1600;202;0;
5477;2026.05.06 16:15;4;10.625;11.375;18.375;1600;202;0;
5478;2026.05.06 16:30;4;10.625;11.375;18.5;1600;202;0;
5479;2026.05.06 16:45;4;10.6875;11.375;18.125;1600;202;0;
5480;2026.05.06 17:00;4;10.6875;11.375;17.375;1600;202;0;
5481;2026.05.06 17:15;4;10.6875;11.375;16.75;1600;202;0;
5482;2026.05.06 17:30;4;10.6875;11.4375;16.25;1600;202;0;
5483;2026.05.06 17:45;4;10.6875;11.4375;16.0625;1600;202;0;
5484;2026.05.06 18:00;4;10.6875;11.5;15.875;1600;202;0;
5485;2026.05.06 18:15;4;10.75;11.5;15.375;1600;202;0;
5486;2026.05.06 18:30;4;10.75;11.5;14.75;1600;202;0;
5487;2026.05.06 18:45;4;10.75;11.5;14.375;1600;202;0;
5488;2026.05.06 19:00;4;10.75;11.5;13.75;1600;202;0;
5489;2026.05.06 19:15;4;10.75;11.5;13.1875;1600;202;0;
5490;2026.05.06 19:30;4;10.75;11.5;12.875;1600;202;0;
5491;2026.05.06 19:45;4;10.75;11.5;12.5;1600;202;0;
5492;2026.05.06 20:00;4;10.75;11.5;12.125;1600;202;0;
5493;2026.05.06 20:15;4;10.75;11.5625;11.875;1600;202;0;
5494;2026.05.06 20:30;4;10.75;11.5625;11.75;1600;202;0;
5495;2026.05.06 20:45;4;10.75;11.5625;11.4375;1600;202;0;
5496;2026.05.06 21:00;4;10.75;11.5625;11.3125;1600;202;0;
5497;2026.05.06 21:15;4;10.75;11.625;11;1600;202;0;
5498;2026.05.06 21:30;4;10.75;11.625;10.75;1600;202;0;
5499;2026.05.06 21:45;4;10.75;11.625;10.75;1600;202;0;
5500;2026.05.06 22:00;4;10.75;11.625;11.0625;1600;202;0;
5501;2026.05.06 22:15;4;10.75;11.625;11.125;1600;202;0;
5502;2026.05.06 22:30;4;10.8125;11.625;10.4375;1600;202;0;
5503;2026.05.06 22:45;4;10.8125;11.625;9.5;1600;202;0;
5504;2026.05.06 23:00;4;10.8125;11.625;9.125;1600;202;0;
5505;2026.05.06 23:15;4;10.8125;11.625;8.875;1600;202;0;
5506;2026.05.06 23:30;4;10.8125;11.625;8.75;1600;202;0;
5507;2026.05.06 23:45;4;10.875;11.625;8.25;1600;202;0;
5508;2026.05.07 00:00;4;10.875;11.625;7.875;1600;202;0;
5509;2026.05.07 00:15;4;10.875;11.625;8.375;1600;202;0;
5510;2026.05.07 00:30;4;10.875;11.625;8.6875;1600;202;0;
5511;2026.05.07 00:45;4;10.875;11.625;7.375;1600;202;0;
5512;2026.05.07 01:00;4;10.875;11.625;7.0625;1600;202;0;
5513;2026.05.07 01:15;4;10.875;11.6875;7.4375;1600;202;0;
5514;2026.05.07 01:30;4;10.875;11.625;6.875;1600;202;0;
5515;2026.05.07 01:45;4;10.875;11.6875;6;1600;202;0;
5516;2026.05.07 02:00;4;10.875;11.6875;5.5;1600;202;0;
5517;2026.05.07 02:15;4;10.875;11.6875;5.875;1600;202;0;
5518;2026.05.07 02:30;4;10.875;11.6875;5.8125;1600;202;0;
5519;2026.05.07 02:45;4;10.875;11.6875;5.75;1600;202;0;
5520;2026.05.07 03:00;4;10.875;11.6875;5.5;1600;202;0;
5521;2026.05.07 03:15;4;10.875;11.6875;5.625;1600;202;0;
5522;2026.05.07 03:30;4;10.875;11.6875;5.125;1600;202;0;
5523;2026.05.07 03:45;4;10.875;11.6875;5.375;1600;202;0;
5524;2026.05.07 04:00;4;10.875;11.6875;5.5;1600;202;0;
5525;2026.05.07 04:15;4;10.875;11.6875;5;1600;202;0;
5526;2026.05.07 04:30;4;10.875;11.6875;4.5625;1600;202;0;
5527;2026.05.07 04:45;4;10.9375;11.6875;4.875;1600;202;0;
5528;2026.05.07 05:00;4;10.875;11.6875;6.125;1600;202;0;
5529;2026.05.07 05:15;4;10.9375;11.625;7.8125;1600;202;0;
5530;2026.05.07 05:30;4;10.9375;11.625;10.75;1600;202;0;
5531;2026.05.07 05:45;4;10.9375;11.625;11.625;1600;202;0;
5532;2026.05.07 06:00;4;10.9375;11.625;12;1600;202;0;
5533;2026.05.07 06:15;4;10.9375;11.625;11.75;1600;202;0;
5534;2026.05.07 06:30;4;10.9375;11.625;12.375;1600;202;0;
5535;2026.05.07 06:45;4;10.9375;11.625;13;1600;202;0;
5536;2026.05.07 07:00;4;10.9375;11.625;13.5;1600;202;0;
5537;2026.05.07 07:15;4;10.9375;11.625;13.25;1600;202;0;
5538;2026.05.07 07:30;4;10.9375;11.625;13.5;1600;202;0;
5539;2026.05.07 07:45;4;10.9375;11.625;14;1600;202;0;
5540;2026.05.07 08:00;4;10.9375;11.625;14.875;1600;202;0;
5541;2026.05.07 08:15;4;10.9375;11.625;16.5;1600;202;0;
5542;2026.05.07 08:30;4;10.9375;11.625;19.375;1600;202;0;
5543;2026.05.07 08:45;4;10.9375;11.625;18.375;1600;202;0;
5544;2026.05.07 09:00;4;10.9375;11.625;18.75;1600;202;0;
5545;2026.05.07 09:15;4;10.9375;11.625;17.625;1600;202;0;
5546;2026.05.07 09:30;4;10.9375;11.5625;19.625;1600;202;0;
5547;2026.05.07 09:45;4;10.9375;11.5625;19.875;1600;202;0;
5548;2026.05.07 10:00;4;10.875;11.5625;19;1600;202;0;
5549;2026.05.07 10:15;4;10.875;11.5625;19.125;1600;202;0;
5550;2026.05.07 10:30;4;10.875;11.5625;19.25;1600;202;0;
5551;2026.05.07 10:45;4;10.9375;11.5;19.625;1600;202;0;
5552;2026.05.07 11:00;4;10.875;11.5;19.9375;1600;202;0;
5553;2026.05.07 11:15;4;10.875;11.5;19.625;1600;202;0;
5554;2026.05.07 11:30;4;10.875;11.5;20;1600;202;0;
5555;2026.05.07 11:45;4;10.875;11.5;22.8125;1600;202;0;
5556;2026.05.07 12:00;4;10.875;11.5;19.875;1600;202;0;
5557;2026.05.07 12:15;4;10.875;11.5;20.5625;1600;202;0;
5558;2026.05.07 12:30;4;10.875;11.5;19.375;1600;202;0;
5559;2026.05.07 12:45;4;10.875;11.5;19;1600;202;0;
5560;2026.05.07 13:00;4;10.875;11.5;17.625;1600;202;0;
5561;2026.05.07 13:15;4;10.875;11.5;17.4375;1600;202;0;
5562;2026.05.07 13:30;4;10.875;11.5;18.1875;1600;202;0;
5563;2026.05.07 13:45;4;10.875;11.5;18.6875;1600;202;0;
5564;2026.05.07 14:00;4;10.875;11.5;19.625;1601;202;0;
5565;2026.05.07 14:15;4;10.875;11.5;18;1600;202;0;
5566;2026.05.07 14:30;4;10.875;11.5;17.3125;1600;202;0;
5567;2026.05.07 14:45;4;10.875;11.5;16.625;1600;202;0;
5568;2026.05.07 15:00;4;10.875;11.5;16.5;1600;202;0;
5569;2026.05.07 15:15;4;10.875;11.5;16.4375;1600;202;0;
5570;2026.05.07 15:30;4;10.875;11.5;16.3125;1600;202;0;
5571;2026.05.07 15:45;4;10.875;11.5;15.625;1600;202;0;
5572;2026.05.07 16:00;4;10.875;11.5;15.625;1600;202;0;
5573;2026.05.07 16:15;4;10.875;11.5;15.1875;1600;202;0;
5574;2026.05.07 16:30;4;10.875;11.5;14.375;1600;202;0;
5575;2026.05.07 16:45;4;10.875;11.5;13.9375;1600;202;0;
5576;2026.05.07 17:00;4;10.875;11.5;13.25;1600;202;0;
5577;2026.05.07 17:15;4;10.875;11.5;12;1601;202;0;
5578;2026.05.07 17:30;4;10.875;11.5;11.25;1600;202;0;
5579;2026.05.07 17:45;4;10.875;11.5;10.6875;1601;202;0;
5580;2026.05.07 18:00;4;10.875;11.5;10.375;1601;202;0;
5581;2026.05.07 18:15;4;10.875;11.5;9.625;1600;202;0;
5582;2026.05.07 18:30;4;10.875;11.5;8.875;1600;202;0;
5583;2026.05.07 18:45;4;10.875;11.5;8.3125;1600;202;0;
5584;2026.05.07 19:00;4;10.875;11.5;7.6875;1600;202;0;
5585;2026.05.07 19:15;4;10.875;11.5625;6.6875;1600;202;0;
5586;2026.05.07 19:30;4;10.875;11.5625;5.875;1600;202;0;
5587;2026.05.07 19:45;4;10.875;11.5625;5.1875;1601;202;0;
5588;2026.05.07 20:00;4;10.875;11.5625;4.5625;1601;202;0;
5589;2026.05.07 20:15;4;10.875;11.5625;4.25;1601;202;0;
5590;2026.05.07 20:30;4;10.875;11.5625;4.125;1601;202;0;
5591;2026.05.07 20:45;4;10.9375;11.5625;3.9375;1601;202;0;
5592;2026.05.07 21:00;4;10.875;11.625;3.625;1601;202;0;
5593;2026.05.07 21:15;4;10.9375;11.5625;3.625;1601;202;0;
5594;2026.05.07 21:30;4;10.875;11.5625;3.625;1601;202;0;
5595;2026.05.07 21:45;4;10.9375;11.625;4;1601;202;0;
5596;2026.05.07 22:00;4;10.9375;11.625;5.1875;1601;202;0;
5597;2026.05.07 22:15;4;10.9375;11.625;4.75;1601;202;0;
5598;2026.05.07 22:30;4;10.9375;11.625;4.1875;1601;202;0;
5599;2026.05.07 22:45;4;10.9375;11.625;3.875;1601;202;0;
5600;2026.05.07 23:00;4;10.9375;11.625;4.75;1601;202;0;
5601;2026.05.07 23:15;4;10.9375;11.625;5.5;1601;202;0;
5602;2026.05.07 23:30;4;10.9375;11.625;6;1601;202;0;
5603;2026.05.07 23:45;4;10.9375;11.625;6;1601;202;0;
5604;2026.05.08 00:00;4;10.9375;11.625;6.125;1601;202;0;
5605;2026.05.08 00:15;4;11;11.625;6.1875;1601;202;0;
5606;2026.05.08 00:30;4;10.9375;11.625;6.375;1601;202;0;
5607;2026.05.08 00:45;4;11;11.625;6.625;1601;202;0;
5608;2026.05.08 01:00;4;10.9375;11.625;6.8125;1601;202;0;
5609;2026.05.08 01:15;4;11;11.625;6.875;1601;202;0;
5610;2026.05.08 01:30;4;11;11.625;7.125;1601;202;0;
5611;2026.05.08 01:45;4;11;11.5625;7.25;1601;202;0;
5612;2026.05.08 02:00;4;11;11.5625;7.25;1601;202;0;
5613;2026.05.08 02:15;4;10.9375;11.5625;7;1601;202;0;
5614;2026.05.08 02:30;4;11;11.5625;6.375;1601;202;0;
5615;2026.05.08 02:45;4;11;11.5625;5.875;1601;202;0;
5616;2026.05.08 03:00;4;11;11.5;5.125;1601;202;0;
5617;2026.05.08 03:15;4;11;11.5;5;1601;202;0;
5618;2026.05.08 03:30;4;11;11.5;4.625;1601;202;0;
5619;2026.05.08 03:45;4;11;11.5;4.5;1601;202;0;
5620;2026.05.08 04:00;4;11;11.5;4.5;1601;202;0;
5621;2026.05.08 04:15;4;11;11.5;5.0625;1601;202;0;
5622;2026.05.08 04:30;4;11;11.5;6.8125;1601;202;0;
5623;2026.05.08 04:45;4;10.9375;11.5;7.75;1601;202;0;
5624;2026.05.08 05:00;4;10.9375;11.5;8.25;1601;202;0;
5625;2026.05.08 05:15;4;11;11.5;8.6875;1601;202;0;
5626;2026.05.08 05:30;4;10.9375;11.5;8.8125;1601;202;0;
5627;2026.05.08 05:45;4;10.9375;11.5;9.0625;1601;202;0;
5628;2026.05.08 06:00;4;10.9375;11.4375;9.625;1601;202;0;
5629;2026.05.08 06:15;4;10.9375;11.4375;10.75;1600;202;0;
5630;2026.05.08 06:30;4;10.9375;11.4375;13.625;1600;202;0;
5631;2026.05.08 06:45;4;10.9375;11.4375;15.875;1600;202;0;
5632;2026.05.08 07:00;4;10.9375;11.375;17.25;1600;202;0;
5633;2026.05.08 07:15;4;10.9375;11.4375;14.5;1600;202;0;
5634;2026.05.08 07:30;4;10.9375;11.375;13.5625;1600;202;0;
5635;2026.05.08 07:45;4;10.9375;11.375;13.125;1600;202;0;
5636;2026.05.08 08:00;4;10.9375;11.375;13;1600;202;0;
5637;2026.05.08 08:15;4;10.875;11.375;13.375;1600;202;0;
5638;2026.05.08 08:30;4;10.875;11.375;14;1600;202;0;
5639;2026.05.08 08:45;4;10.875;11.375;15.1875;1600;202;0;
5640;2026.05.08 09:00;4;10.875;11.375;15.5;1600;202;0;
5641;2026.05.08 09:15;4;10.875;11.375;15.5;1600;202;0;
5642;2026.05.08 09:30;4;10.875;11.375;15.5;1600;202;0;
5643;2026.05.08 09:45;4;10.875;11.3125;16.625;1600;202;0;
5644;2026.05.08 10:00;4;10.875;11.3125;17.25;1600;202;0;
5645;2026.05.08 10:15;4;10.875;11.3125;17.5;1600;202;0;
5646;2026.05.08 10:30;4;10.875;11.3125;18.4375;1600;202;0;
5647;2026.05.08 10:45;4;10.875;11.3125;19.625;1600;202;0;
5648;2026.05.08 11:00;4;10.875;11.25;19.375;1600;202;0;
5649;2026.05.08 11:15;4;10.875;11.25;18.8125;1600;202;0;
5650;2026.05.08 11:30;4;10.875;11.25;23.5;1600;202;0;
5651;2026.05.08 11:45;4;10.875;11.25;21.625;1600;202;0;
5652;2026.05.08 12:00;4;10.875;11.25;20.375;1600;202;0;
5653;2026.05.08 12:15;4;10.875;11.25;20.5;1600;202;0;
5654;2026.05.08 12:30;4;10.875;11.25;19.9375;1600;202;0;
5655;2026.05.08 12:45;4;10.875;11.25;21.375;1600;202;0;
5656;2026.05.08 13:00;4;10.875;11.25;21.9375;1600;202;0;
5657;2026.05.08 13:15;4;10.875;11.25;22.9375;1600;202;0;
5658;2026.05.08 13:30;4;10.875;11.25;20.4375;1600;202;0;
5659;2026.05.08 13:45;4;10.875;11.25;18.25;1600;202;0;
5660;2026.05.08 14:00;4;10.875;11.25;18.125;1600;202;0;
5661;2026.05.08 14:15;4;10.875;11.25;18;1600;202;0;
5662;2026.05.08 14:30;4;10.875;11.25;19.75;1600;202;0;
5663;2026.05.08 14:45;4;10.875;11.25;18.4375;1600;202;0;
5664;2026.05.08 15:00;4;10.8125;11.25;18.25;1600;202;0;
5665;2026.05.08 15:15;4;10.8125;11.25;17.5625;1600;202;0;
5666;2026.05.08 15:30;4;10.8125;11.25;17.375;1600;202;0;
5667;2026.05.08 15:45;4;10.8125;11.25;17.1875;1600;202;0;
5668;2026.05.08 16:00;4;10.8125;11.25;17;1600;202;0;
5669;2026.05.08 16:15;4;10.8125;11.25;16.8125;1600;202;0;
5670;2026.05.08 16:30;4;10.8125;11.25;16.4375;1600;202;0;
5671;2026.05.08 16:45;4;10.8125;11.25;16.5;1600;202;0;
5672;2026.05.08 17:00;4;10.8125;11.25;16;1600;202;0;
5673;2026.05.08 17:15;4;10.8125;11.25;14.875;1600;202;0;
5674;2026.05.08 17:30;4;10.8125;11.25;14.125;1600;202;0;
5675;2026.05.08 17:45;4;10.8125;11.25;12.875;1600;202;0;
5676;2026.05.08 18:00;4;10.8125;11.25;10.9375;1600;202;0;
5677;2026.05.08 18:15;4;10.8125;11.25;10.125;1600;202;0;
5678;2026.05.08 18:30;4;10.8125;11.3125;9;1600;202;0;
5679;2026.05.08 18:45;4;10.8125;11.3125;8.875;1600;202;0;
5680;2026.05.08 19:00;4;10.8125;11.25;9.25;1600;202;0;
5681;2026.05.08 19:15;4;10.8125;11.3125;9.1875;1600;202;0;
5682;2026.05.08 19:30;4;10.8125;11.25;8.75;1600;202;0;
5683;2026.05.08 19:45;4;10.8125;11.3125;8.1875;1600;202;0;
5684;2026.05.08 20:00;4;10.8125;11.375;8.1875;1600;202;0;
5685;2026.05.08 20:15;4;10.875;11.375;8;1600;202;0;
5686;2026.05.08 20:30;4;10.8125;11.3125;8.125;1600;202;0;
5687;2026.05.08 20:45;4;10.8125;11.375;7.125;1600;202;0;
5688;2026.05.08 21:00;4;10.8125;11.3125;5.875;1600;202;0;
5689;2026.05.08 21:15;4;10.875;11.375;5.25;1600;202;0;
5690;2026.05.08 21:30;4;10.875;11.375;5.4375;1600;202;0;
5691;2026.05.08 21:45;4;10.875;11.375;6;1600;202;0;
5692;2026.05.08 22:00;4;10.875;11.375;6.0625;1600;202;0;
5693;2026.05.08 22:15;4;10.875;11.375;6.25;1600;202;0;
5694;2026.05.08 22:30;4;10.875;11.375;5.6875;1600;202;0;
5695;2026.05.08 22:45;4;10.875;11.375;5.25;1600;202;0;
5696;2026.05.08 23:00;4;10.875;11.375;5.3125;1600;202;0;
5697;2026.05.08 23:15;4;10.875;11.375;5.9375;1600;202;0;
5698;2026.05.08 23:30;4;10.875;11.375;6.5;1600;202;0;
5699;2026.05.08 23:45;4;10.875;11.375;7;1600;202;0;
5700;2026.05.09 00:00;4;10.875;11.375;7.375;1600;202;0;
5701;2026.05.09 00:15;4;10.875;11.375;7.75;1600;202;0;
5702;2026.05.09 00:30;4;10.875;11.375;8;1600;202;0;
5703;2026.05.09 00:45;4;10.875;11.375;8.125;1600;202;0;
5704;2026.05.09 01:00;4;10.875;11.375;8.125;1601;202;0;
5705;2026.05.09 01:15;4;10.875;11.375;8;1600;202;0;
5706;2026.05.09 01:30;4;10.875;11.375;7.8125;1600;202;0;
5707;2026.05.09 01:45;4;10.875;11.375;7;1600;202;0;
5708;2026.05.09 02:00;4;10.875;11.375;5.375;1600;202;0;
5709;2026.05.09 02:15;4;10.875;11.375;4.25;1600;202;0;
5710;2026.05.09 02:30;4;10.875;11.375;4.25;1600;202;0;
5711;2026.05.09 02:45;4;10.875;11.375;4;1600;202;0;
5712;2026.05.09 03:00;4;10.875;11.375;3.875;1600;202;0;
5713;2026.05.09 03:15;4;10.875;11.375;4.625;1600;202;0;
5714;2026.05.09 03:30;4;10.875;11.375;4;1600;202;0;
5715;2026.05.09 03:45;4;10.875;11.375;3.625;1600;202;0;
5716;2026.05.09 04:00;4;10.875;11.375;4.875;1600;202;0;
5717;2026.05.09 04:15;4;10.875;11.375;5.5;1600;202;0;
5718;2026.05.09 04:30;4;10.875;11.375;5.625;1600;202;0;
5719;2026.05.09 04:45;4;10.875;11.3125;5.9375;1600;202;0;
5720;2026.05.09 05:00;4;10.875;11.375;6.6875;1600;202;0;
5721;2026.05.09 05:15;4;10.875;11.3125;7.25;1600;202;0;
5722;2026.05.09 05:30;4;10.875;11.3125;9.375;1600;202;0;
5723;2026.05.09 05:45;4;10.875;11.3125;10.875;1600;202;0;
5724;2026.05.09 06:00;4;10.875;11.3125;10.75;1600;202;0;
5725;2026.05.09 06:15;4;10.875;11.25;11.5;1600;202;0;
5726;2026.05.09 06:30;4;10.875;11.25;12.375;1600;202;0;
5727;2026.05.09 06:45;4;10.875;11.25;12.875;1600;202;0;
5728;2026.05.09 07:00;4;10.875;11.25;15.4375;1600;202;0;
5729;2026.05.09 07:15;4;10.875;11.25;15.875;1600;202;0;
5730;2026.05.09 07:30;4;10.875;11.25;17.125;1600;202;0;
5731;2026.05.09 07:45;4;10.875;11.25;17.5625;1600;202;0;
5732;2026.05.09 08:00;4;10.875;11.25;18.25;1600;202;0;
5733;2026.05.09 08:15;4;10.875;11.25;17.25;1600;202;0;
5734;2026.05.09 08:30;4;10.875;11.25;16.8125;1600;202;0;
5735;2026.05.09 08:45;4;10.875;11.25;18.5;1600;202;0;
5736;2026.05.09 09:00;4;10.875;11.25;20.625;1600;202;0;
5737;2026.05.09 09:15;4;10.875;11.25;23;1600;202;0;
5738;2026.05.09 09:30;4;10.875;11.25;19.9375;1600;202;0;
5739;2026.05.09 09:45;4;10.8125;11.1875;21.375;1600;202;0;
5740;2026.05.09 10:00;4;10.8125;11.1875;19.875;1600;202;0;
5741;2026.05.09 10:15;4;10.8125;11.1875;20.625;1600;202;0;
5742;2026.05.09 10:30;4;10.8125;11.1875;23.125;1600;202;0;
5743;2026.05.09 10:45;4;10.8125;11.1875;22.625;1600;202;0;
5744;2026.05.09 11:00;4;10.8125;11.1875;21.5;1600;202;0;
5745;2026.05.09 11:15;4;10.8125;11.1875;19.125;1600;202;0;
5746;2026.05.09 11:30;4;10.8125;11.125;22.625;1600;202;0;
5747;2026.05.09 11:45;4;10.8125;11.125;21.9375;1600;202;0;
5748;2026.05.09 12:00;4;10.8125;11.125;21.5;1600;202;0;
5749;2026.05.09 12:15;4;10.8125;11.125;25.25;1600;202;0;
5750;2026.05.09 12:30;4;10.75;11.125;24.0625;1600;202;0;
5751;2026.05.09 12:45;4;10.75;11.125;22.25;1600;202;0;
5752;2026.05.09 13:00;4;10.75;11.125;25.875;1600;202;0;
5753;2026.05.09 13:15;4;10.75;11.125;24.875;1600;202;0;
5754;2026.05.09 13:30;4;10.75;11.125;27;1600;202;0;
5755;2026.05.09 13:45;4;10.75;11.125;26.3125;1600;202;0;
5756;2026.05.09 14:00;4;10.75;11.125;25.875;1600;202;0;
5757;2026.05.09 14:15;4;10.75;11.125;26.375;1600;202;0;
5758;2026.05.09 14:30;4;10.75;11.125;25.25;1600;202;0;
5759;2026.05.09 14:45;4;10.75;11.125;23.25;1600;202;0;
5760;2026.05.09 15:00;4;10.75;11.125;22;1600;202;0;
5761;2026.05.09 15:15;4;10.75;11.125;20.4375;1600;202;0;
5762;2026.05.09 15:30;4;10.75;11.125;19.6875;1600;202;0;
5763;2026.05.09 15:45;4;10.75;11.125;19.125;1600;202;0;
5764;2026.05.09 16:00;4;10.75;11.125;18.25;1600;202;0;
5765;2026.05.09 16:15;4;10.75;11.125;17.875;1600;202;0;
5766;2026.05.09 16:30;4;10.75;11.1875;17.0625;1600;202;0;
5767;2026.05.09 16:45;4;10.75;11.1875;15.875;1600;202;0;
5768;2026.05.09 17:00;4;10.75;11.1875;15.125;1600;202;0;
5769;2026.05.09 17:15;4;10.75;11.1875;14.625;1600;202;0;
5770;2026.05.09 17:30;4;10.75;11.1875;14.125;1601;202;0;
5771;2026.05.09 17:45;4;10.75;11.25;13.5;1600;202;0;
5772;2026.05.09 18:00;4;10.75;11.25;12.625;1600;202;0;
5773;2026.05.09 18:15;4;10.75;11.25;12;1601;202;0;
5774;2026.05.09 18:30;4;10.75;11.25;11.25;1601;202;0;
5775;2026.05.09 18:45;4;10.75;11.25;10.4375;1601;202;0;
5776;2026.05.09 19:00;4;10.75;11.25;9.9375;1601;202;0;
5777;2026.05.09 19:15;4;10.75;11.25;8.875;1601;202;0;
5778;2026.05.09 19:30;4;10.75;11.25;8.4375;1601;202;0;
5779;2026.05.09 19:45;4;10.75;11.25;8.5;1601;202;0;
5780;2026.05.09 20:00;4;10.8125;11.25;8.25;1601;202;0;
5781;2026.05.09 20:15;4;10.8125;11.3125;7.75;1601;202;0;
5782;2026.05.09 20:30;4;10.8125;11.3125;7.25;1601;202;0;
5783;2026.05.09 20:45;4;10.8125;11.375;7.3125;1601;202;0;
5784;2026.05.09 21:00;4;10.8125;11.375;7.25;1601;202;0;
5785;2026.05.09 21:15;4;10.8125;11.375;7.125;1601;202;0;
5786;2026.05.09 21:30;4;10.8125;11.375;6.5;1601;202;0;
5787;2026.05.09 21:45;4;10.875;11.375;6.125;1601;202;0;
5788;2026.05.09 22:00;4;10.8125;11.375;5.875;1601;202;0;
5789;2026.05.09 22:15;4;10.875;11.375;5.875;1601;202;0;
5790;2026.05.09 22:30;4;10.875;11.375;5.875;1601;202;0;
5791;2026.05.09 22:45;4;10.875;11.375;6.25;1601;202;0;
5792;2026.05.09 23:00;4;10.875;11.375;6.5;1601;202;0;
5793;2026.05.09 23:15;4;10.875;11.375;5.875;1601;202;0;
5794;2026.05.09 23:30;4;10.875;11.375;5.375;1601;202;0;
5795;2026.05.09 23:45;4;10.875;11.375;5.625;1601;202;0;
5796;2026.05.10 00:00;4;10.875;11.4375;5.75;1601;202;0;
5797;2026.05.10 00:15;4;10.875;11.375;5.375;1601;202;0;
5798;2026.05.10 00:30;4;10.875;11.4375;4.625;1601;202;0;
5799;2026.05.10 00:45;4;10.875;11.4375;5;1601;202;0;
5800;2026.05.10 01:00;4;10.875;11.375;5.5;1601;202;0;
5801;2026.05.10 01:15;4;10.875;11.4375;5.1875;1601;202;0;
5802;2026.05.10 01:30;4;10.875;11.375;4.25;1601;202;0;
5803;2026.05.10 01:45;4;10.875;11.375;4.125;1601;202;0;
5804;2026.05.10 02:00;4;10.875;11.375;4.375;1601;202;0;
5805;2026.05.10 02:15;4;10.875;11.4375;3.375;1601;202;0;
5806;2026.05.10 02:30;4;10.875;11.4375;3;1601;202;0;
5807;2026.05.10 02:45;4;10.875;11.375;3.4375;1601;202;0;
5808;2026.05.10 03:00;4;10.875;11.375;3.75;1601;202;0;
5809;2026.05.10 03:15;4;10.875;11.4375;3.9375;1601;202;0;
5810;2026.05.10 03:30;4;10.875;11.375;3.75;1601;202;0;
5811;2026.05.10 03:45;4;10.875;11.375;2.875;1601;202;0;
5812;2026.05.10 04:00;4;10.875;11.375;2.75;1601;202;0;
5813;2026.05.10 04:15;4;10.875;11.375;3.875;1601;202;0;
5814;2026.05.10 04:30;4;10.875;11.375;4.5;1601;202;0;
5815;2026.05.10 04:45;4;10.875;11.375;5;1601;202;0;
5816;2026.05.10 05:00;4;10.875;11.375;5.625;1601;202;0;
5817;2026.05.10 05:15;4;10.875;11.375;6.6875;1601;202;0;
5818;2026.05.10 05:30;4;10.875;11.375;9.625;1601;202;0;
5819;2026.05.10 05:45;4;10.875;11.375;11.375;1601;202;0;
5820;2026.05.10 06:00;4;10.875;11.375;10.625;1601;202;0;
5821;2026.05.10 06:15;4;10.875;11.375;11;1601;202;0;
5822;2026.05.10 06:30;4;10.875;11.375;13.75;1601;202;0;
5823;2026.05.10 06:45;4;10.875;11.375;15.5;1601;202;0;
5824;2026.05.10 07:00;4;10.875;11.375;16.75;1601;202;0;
5825;2026.05.10 07:15;4;10.875;11.375;17.75;1601;202;0;
5826;2026.05.10 07:30;4;10.875;11.3125;19.0625;1601;202;0;
5827;2026.05.10 07:45;4;10.875;11.3125;17.625;1601;202;0;
5828;2026.05.10 08:00;4;10.875;11.3125;17.1875;1601;202;0;
5829;2026.05.10 08:15;4;10.875;11.25;19.25;1601;202;0;
5830;2026.05.10 08:30;4;10.875;11.25;22;1601;202;0;
5831;2026.05.10 08:45;4;10.875;11.25;23.125;1601;202;0;
5832;2026.05.10 09:00;4;10.875;11.25;24.4375;1601;202;0;
5833;2026.05.10 09:15;4;10.875;11.25;24.875;1601;202;0;
5834;2026.05.10 09:30;4;10.875;11.25;25.75;1601;202;0;
5835;2026.05.10 09:45;4;10.875;11.25;26.5;1601;202;0;
5836;2026.05.10 10:00;4;10.875;11.25;27.0625;1601;202;0;
5837;2026.05.10 10:15;4;10.875;11.25;27.75;1601;202;0;
5838;2026.05.10 10:30;4;10.875;11.25;28.125;1601;202;0;
5839;2026.05.10 10:45;4;10.875;11.25;28;1601;202;0;
5840;2026.05.10 11:00;4;10.875;11.25;28.25;1601;202;0;
5841;2026.05.10 11:15;4;10.875;11.1875;28.375;1601;202;0;
5842;2026.05.10 11:30;4;10.875;11.25;29.25;1601;202;0;
5843;2026.05.10 11:45;4;10.875;11.1875;29;1601;202;0;
5844;2026.05.10 12:00;4;10.875;11.1875;29.875;1601;202;0;
5845;2026.05.10 12:15;4;10.875;11.1875;29.75;1601;202;0;
5846;2026.05.10 12:30;4;10.875;11.1875;29.875;1601;202;0;
5847;2026.05.10 12:45;4;10.875;11.1875;30.625;1601;202;0;
5848;2026.05.10 13:00;4;10.875;11.1875;28.875;1601;202;0;
5849;2026.05.10 13:15;4;10.8125;11.1875;28;1601;202;0;
5850;2026.05.10 13:30;4;10.8125;11.1875;25.75;1601;202;0;
5851;2026.05.10 13:45;4;10.8125;11.1875;24.375;1601;202;0;
5852;2026.05.10 14:00;4;10.8125;11.1875;24.875;1601;202;0;
5853;2026.05.10 14:15;4;10.8125;11.1875;25.25;1601;202;0;
5854;2026.05.10 14:30;4;10.8125;11.1875;24.75;1601;202;0;
5855;2026.05.10 14:45;4;10.8125;11.1875;23.75;1601;202;0;
5856;2026.05.10 15:00;4;10.8125;11.1875;25.375;1601;202;0;
5857;2026.05.10 15:15;4;10.8125;11.25;23.75;1601;202;0;
5858;2026.05.10 15:30;4;10.8125;11.25;22;1601;202;0;
5859;2026.05.10 15:45;4;10.8125;11.25;20.5;1601;202;0;
5860;2026.05.10 16:00;4;10.8125;11.25;19.375;1601;202;0;
5861;2026.05.10 16:15;4;10.8125;11.25;20.1875;1601;202;0;
5862;2026.05.10 16:30;4;10.8125;11.25;19;1601;202;0;
5863;2026.05.10 16:45;4;10.8125;11.25;18.3125;1601;202;0;
5864;2026.05.10 17:00;4;10.8125;11.25;17.25;1601;202;0;
5865;2026.05.10 17:15;4;10.8125;11.25;15.875;1601;202;0;
5866;2026.05.10 17:30;4;10.875;11.25;14.6875;1601;202;0;
5867;2026.05.10 17:45;4;10.875;11.3125;13.25;1601;202;0;
5868;2026.05.10 18:00;4;10.875;11.3125;11.875;1601;202;0;
5869;2026.05.10 18:15;4;10.875;11.3125;10.9375;1601;202;0;
5870;2026.05.10 18:30;4;10.875;11.375;10.125;1601;202;0;
5871;2026.05.10 18:45;4;10.875;11.375;9.3125;1601;202;0;
5872;2026.05.10 19:00;4;10.875;11.375;9.25;1601;202;0;
5873;2026.05.10 19:15;4;10.875;11.375;9.75;1601;202;0;
5874;2026.05.10 19:30;4;10.875;11.375;10.375;1601;202;0;
5875;2026.05.10 19:45;4;10.875;11.4375;10.5;1601;202;0;
5876;2026.05.10 20:00;4;10.875;11.4375;10.1875;1601;202;0;
5877;2026.05.10 20:15;4;10.875;11.375;10;1601;202;0;
5878;2026.05.10 20:30;4;10.875;11.4375;9.625;1601;202;0;
5879;2026.05.10 20:45;4;10.875;11.5;9.125;1601;202;0;
5880;2026.05.10 21:00;4;10.875;11.5;8.6875;1601;202;0;
5881;2026.05.10 21:15;4;10.875;11.5;8.3125;1601;202;0;
5882;2026.05.10 21:30;4;10.875;11.5;8.9375;1601;202;0;
5883;2026.05.10 21:45;4;10.875;11.5;9.375;1601;202;0;
5884;2026.05.10 22:00;4;10.875;11.5;9.8125;1601;202;0;
5885;2026.05.10 22:15;4;10.875;11.5;9.0625;1601;202;0;
5886;2026.05.10 22:30;4;10.875;11.5;7.625;1601;202;0;
5887;2026.05.10 22:45;4;10.9375;11.5;7.125;1601;202;0;
5888;2026.05.10 23:00;4;10.9375;11.5;7.125;1601;202;0;
5889;2026.05.10 23:15;4;10.9375;11.5625;7.25;1601;202;0;
5890;2026.05.10 23:30;4;10.9375;11.5625;6.9375;1601;202;0;
5891;2026.05.10 23:45;4;10.9375;11.5625;6.75;1601;202;0;
5892;2026.05.11 00:00;4;11;11.5625;6.8125;1601;202;0;
5893;2026.05.11 00:15;4;11;11.5625;7.3125;1601;202;0;
5894;2026.05.11 00:30;4;11;11.5625;7.625;1601;202;0;
5895;2026.05.11 00:45;4;11;11.625;8.0625;1601;202;0;
5896;2026.05.11 01:00;4;11;11.625;8.1875;1601;202;0;
5897;2026.05.11 01:15;4;11;11.625;7.8125;1601;202;0;
5898;2026.05.11 01:30;4;11;11.625;7.25;1601;202;0;
5899;2026.05.11 01:45;4;11;11.5625;7;1601;202;0;
5900;2026.05.11 02:00;4;11;11.625;6.9375;1601;202;0;
5901;2026.05.11 02:15;4;11;11.5625;7.25;1601;202;0;
5902;2026.05.11 02:30;4;11;11.625;8.375;1601;202;0;
5903;2026.05.11 02:45;4;11;11.625;9.375;1601;202;0;
5904;2026.05.11 03:00;4;11;11.5625;8.875;1601;202;0;
5905;2026.05.11 03:15;4;11;11.5625;8.25;1601;202;0;
5906;2026.05.11 03:30;4;11;11.5625;8.375;1601;202;0;
5907;2026.05.11 03:45;4;11;11.625;8.5;1601;202;0;
5908;2026.05.11 04:00;4;11;11.5625;9.125;1601;202;0;
5909;2026.05.11 04:15;4;11;11.5625;9.5;1601;202;0;
5910;2026.05.11 04:30;4;11;11.625;9.75;1601;202;0;
5911;2026.05.11 04:45;4;11;11.5625;10;1601;202;0;
5912;2026.05.11 05:00;4;11;11.5625;10.4375;1601;202;0;
5913;2026.05.11 05:15;4;11;11.5625;10.75;1601;202;0;
5914;2026.05.11 05:30;4;11;11.5625;11.875;1601;202;0;
5915;2026.05.11 05:45;4;11;11.5625;12.1875;1601;202;0;
5916;2026.05.11 06:00;4;11;11.5;12.9375;1601;202;0;
5917;2026.05.11 06:15;4;11;11.5;15.1875;1601;202;0;
5918;2026.05.11 06:30;4;11;11.5;18.4375;1601;202;0;
5919;2026.05.11 06:45;4;11;11.5;20;1601;202;0;
5920;2026.05.11 07:00;4;11;11.5;20.9375;1601;202;0;
5921;2026.05.11 07:15;4;11;11.5;21.625;1601;202;0;
5922;2026.05.11 07:30;4;11;11.5;22.75;1601;202;0;
5923;2026.05.11 07:45;4;11;11.5;21.0625;1601;202;0;
5924;2026.05.11 08:00;4;11;11.5;20.375;1601;202;0;
5925;2026.05.11 08:15;4;11;11.5;20.125;1601;202;0;
5926;2026.05.11 08:30;4;11;11.5;24.4375;1601;202;0;
5927;2026.05.11 08:45;4;11;11.5;26.375;1601;202;0;
5928;2026.05.11 09:00;4;11;11.5;25.8125;1601;202;0;
5929;2026.05.11 09:15;4;11;11.5;26.8125;1601;202;0;
5930;2026.05.11 09:30;4;11;11.5;27.6875;1601;202;0;
5931;2026.05.11 09:45;4;11;11.5;27.875;1601;202;0;
5932;2026.05.11 10:00;4;11;11.5;27.5625;1601;202;0;
5933;2026.05.11 10:15;4;11;11.5;29.375;1601;202;0;
5934;2026.05.11 10:30;4;11;11.5;29.75;1601;202;0;
5935;2026.05.11 10:45;4;11;11.5;27.0625;1601;202;0;
5936;2026.05.11 11:00;4;11;11.5;27;1601;202;0;
5937;2026.05.11 11:15;4;11;11.5;29.25;1601;202;0;
5938;2026.05.11 11:30;4;11;11.5;28.9375;1601;202;0;
5939;2026.05.11 11:45;4;11;11.5;31;1601;202;0;
5940;2026.05.11 12:00;4;11;11.5;28.5;1601;202;0;
5941;2026.05.11 12:15;4;11;11.4375;24.5;1601;202;0;
5942;2026.05.11 12:30;4;11;11.5;26.125;1601;202;0;
5943;2026.05.11 12:45;4;11;11.5;24.75;1601;202;0;
5944;2026.05.11 13:00;4;11;11.5;26.5;1601;202;0;
5945;2026.05.11 13:15;4;11;11.5;21.25;1601;202;0;
5946;2026.05.11 13:30;4;11;11.5;17.5;1601;202;0;
5947;2026.05.11 13:45;4;11;11.5;19.4375;1601;202;0;
5948;2026.05.11 14:00;4;11;11.5;21.1875;1601;202;0;
5949;2026.05.11 14:15;4;11;11.5;19.75;1601;202;0;
5950;2026.05.11 14:30;4;11;11.5;18.875;1601;202;0;
5951;2026.05.11 14:45;4;11;11.5;18.6875;1601;202;0;
5952;2026.05.11 15:00;4;11;11.5;19.125;1601;202;0;
5953;2026.05.11 15:15;4;11;11.5;18.25;1601;202;0;
5954;2026.05.11 15:30;4;11;11.5;16.375;1601;202;0;
5955;2026.05.11 15:45;4;11;11.5;13.875;1601;202;0;
5956;2026.05.11 16:00;4;11;11.5;13.4375;1601;202;0;
5957;2026.05.11 16:15;4;11;11.5;13;1601;202;0;
5958;2026.05.11 16:30;4;11;11.5;12.6875;1601;202;0;
5959;2026.05.11 16:45;4;11;11.5625;11.9375;1601;202;0;
5960;2026.05.11 17:00;4;11;11.5625;11.5;1601;202;0;
5961;2026.05.11 17:15;4;11;11.625;11.25;1601;202;0;
5962;2026.05.11 17:30;4;11;11.625;11;1601;202;0;
5963;2026.05.11 17:45;4;11;11.625;10.875;1601;202;0;
5964;2026.05.11 18:00;4;11;11.625;10.75;1601;202;0;
5965;2026.05.11 18:15;4;11;11.625;10.6875;1601;202;0;
5966;2026.05.11 18:30;4;11.0625;11.625;10.5625;1601;202;0;
5967;2026.05.11 18:45;4;11.0625;11.625;10.4375;1601;202;0;
5968;2026.05.11 19:00;4;11.0625;11.6875;10.375;1601;202;0;
5969;2026.05.11 19:15;4;11.0625;11.6875;10.375;1601;202;0;
5970;2026.05.11 19:30;4;11.0625;11.6875;10.25;1601;202;0;
5971;2026.05.11 19:45;4;11.125;11.75;10.3125;1601;202;0;
5972;2026.05.11 20:00;4;11.125;11.75;10.25;1601;202;0;
5973;2026.05.11 20:15;4;11.125;11.75;10.125;1601;202;0;
5974;2026.05.11 20:30;4;11.125;11.75;10.125;1601;202;0;
5975;2026.05.11 20:45;4;11.125;11.75;10.0625;1601;202;0;
5976;2026.05.11 21:00;4;11.125;11.75;9.9375;1601;202;0;
5977;2026.05.11 21:15;4;11.125;11.75;9.625;1601;202;0;
5978;2026.05.11 21:30;4;11.125;11.75;9.4375;1601;202;0;
5979;2026.05.11 21:45;4;11.125;11.75;9.5;1601;202;0;
5980;2026.05.11 22:00;4;11.125;11.75;9.25;1601;202;0;
5981;2026.05.11 22:15;4;11.125;11.75;9;1601;202;0;
5982;2026.05.11 22:30;4;11.125;11.8125;8.75;1601;202;0;
5983;2026.05.11 22:45;4;11.125;11.75;8.75;1601;202;0;
5984;2026.05.11 23:00;4;11.125;11.8125;8.6875;1601;202;0;
5985;2026.05.11 23:15;4;11.125;11.8125;8.5;1601;202;0;
5986;2026.05.11 23:30;4;11.125;11.8125;8.25;1601;202;0;
5987;2026.05.11 23:45;4;11.125;11.8125;8;1601;202;0;
5988;2026.05.12 00:00;4;11.125;11.8125;7.75;1601;202;0;
5989;2026.05.12 00:15;4;11.1875;11.8125;7.5;1601;202;0;
5990;2026.05.12 00:30;4;11.1875;11.8125;7.25;1601;202;0;
5991;2026.05.12 00:45;4;11.1875;11.875;7;1601;202;0;
5992;2026.05.12 01:00;4;11.1875;11.875;6.8125;1601;202;0;
5993;2026.05.12 01:15;4;11.1875;11.875;6.6875;1601;202;0;
5994;2026.05.12 01:30;4;11.1875;11.8125;6.625;1601;202;0;
5995;2026.05.12 01:45;4;11.1875;11.875;6.5625;1601;202;0;
5996;2026.05.12 02:00;4;11.1875;11.875;6.3125;1601;202;0;
5997;2026.05.12 02:15;4;11.25;11.875;6.1875;1601;202;0;
5998;2026.05.12 02:30;4;11.25;11.875;6;1601;202;0;
5999;2026.05.12 02:45;4;11.25;11.875;5.75;1601;202;0;
6000;2026.05.12 03:00;4;11.25;11.875;5.5625;1601;202;0;
6001;2026.05.12 03:15;4;11.25;11.875;5.375;1601;202;0;
6002;2026.05.12 03:30;4;11.25;11.8125;5;1601;202;0;
6003;2026.05.12 03:45;4;11.25;11.875;4.25;1601;202;0;
6004;2026.05.12 04:00;4;11.25;11.875;3.6875;1601;202;0;
6005;2026.05.12 04:15;4;11.25;11.875;3.5;1601;202;0;
6006;2026.05.12 04:30;4;11.25;11.875;4.25;1601;202;0;
6007;2026.05.12 04:45;4;11.25;11.8125;5.125;1601;202;0;
6008;2026.05.12 05:00;4;11.25;11.8125;5.625;1601;202;0;
6009;2026.05.12 05:15;4;11.25;11.8125;5.875;1601;202;0;
6010;2026.05.12 05:30;4;11.25;11.75;6.75;1601;202;0;
6011;2026.05.12 05:45;4;11.25;11.75;7.625;1601;202;0;
6012;2026.05.12 06:00;4;11.25;11.75;8.0625;1601;202;0;
6013;2026.05.12 06:15;4;11.25;11.75;8.25;1601;202;0;
6014;2026.05.12 06:30;4;11.25;11.75;9.625;1601;202;0;
6015;2026.05.12 06:45;4;11.25;11.75;9.6875;1601;202;0;
6016;2026.05.12 07:00;4;11.25;11.75;9.625;1601;202;0;
6017;2026.05.12 07:15;4;11.25;11.75;9.1875;1601;202;0;
6018;2026.05.12 07:30;4;11.25;11.75;9;1601;202;0;
6019;2026.05.12 07:45;4;11.25;11.75;8.875;1601;202;0;
6020;2026.05.12 08:00;4;11.25;11.75;8.75;1601;202;0;
6021;2026.05.12 08:15;4;11.25;11.75;9.625;1601;202;0;
6022;2026.05.12 08:30;4;11.25;11.75;9.875;1601;202;0;
6023;2026.05.12 08:45;4;11.25;11.75;9.25;1601;202;0;
6024;2026.05.12 09:00;4;11.25;11.75;10.8125;1601;202;0;
6025;2026.05.12 09:15;4;11.25;11.75;12.9375;1601;202;0;
6026;2026.05.12 09:30;4;11.25;11.75;11.9375;1601;202;0;
6027;2026.05.12 09:45;4;11.25;11.75;10.625;1601;202;0;
6028;2026.05.12 10:00;4;11.25;11.6875;10.5;1601;202;0;
6029;2026.05.12 10:15;4;11.25;11.6875;10.5;1601;202;0;
6030;2026.05.12 10:30;4;11.25;11.6875;13.25;1601;202;0;
6031;2026.05.12 10:45;4;11.25;11.6875;10.625;1601;202;0;
6032;2026.05.12 11:00;4;11.25;11.6875;9.125;1601;202;0;
6033;2026.05.12 11:15;4;11.25;11.625;10.625;1601;202;0;
6034;2026.05.12 11:30;4;11.25;11.625;9.75;1601;202;0;
6035;2026.05.12 11:45;4;11.25;11.625;8.75;1601;202;0;
6036;2026.05.12 12:00;4;11.25;11.625;10.0625;1601;202;0;
6037;2026.05.12 12:15;4;11.25;11.625;9.75;1600;202;0;
6038;2026.05.12 12:30;4;11.25;11.625;12.375;1600;202;0;
6039;2026.05.12 12:45;4;11.1875;11.625;12.75;1600;202;0;
6040;2026.05.12 13:00;4;11.1875;11.625;12.6875;1600;202;0;
6041;2026.05.12 13:15;4;11.1875;11.625;11.75;1600;202;0;
6042;2026.05.12 13:30;4;11.1875;11.625;13.4375;1600;202;0;
6043;2026.05.12 13:45;4;11.1875;11.625;11.125;1600;202;0;
6044;2026.05.12 14:00;4;11.1875;11.625;10.5;1600;202;0;
6045;2026.05.12 14:15;4;11.1875;11.625;9.5625;1600;202;0;
6046;2026.05.12 14:30;4;11.1875;11.625;12.375;1600;202;0;
6047;2026.05.12 14:45;4;11.1875;11.625;11.375;1600;202;0;
6048;2026.05.12 15:00;4;11.1875;11.625;9.875;1600;202;0;
6049;2026.05.12 15:15;4;11.1875;11.5625;9.625;1600;202;0;
6050;2026.05.12 15:30;4;11.1875;11.5625;9.8125;1600;202;0;
6051;2026.05.12 15:45;4;11.1875;11.5625;9.875;1600;202;0;
6052;2026.05.12 16:00;4;11.1875;11.5625;9.1875;1600;202;0;
6053;2026.05.12 16:15;4;11.125;11.5625;8.5;1600;202;0;
6054;2026.05.12 16:30;4;11.125;11.5625;7.875;1600;202;0;
6055;2026.05.12 16:45;4;11.125;11.5625;6.8125;1600;202;0;
6056;2026.05.12 17:00;4;11.125;11.5625;6.25;1600;202;0;
6057;2026.05.12 17:15;4;11.125;11.5625;6.125;1600;202;0;
6058;2026.05.12 17:30;4;11.125;11.5625;6.0625;1600;202;0;
6059;2026.05.12 17:45;4;11.125;11.5625;6;1600;202;0;
6060;2026.05.12 18:00;4;11.125;11.5;5.6875;1600;202;0;
6061;2026.05.12 18:15;4;11.125;11.5;5.1875;1600;202;0;
6062;2026.05.12 18:30;4;11.125;11.5;5.25;1600;202;0;
6063;2026.05.12 18:45;4;11.125;11.5;5.0625;1600;202;0;
6064;2026.05.12 19:00;4;11.125;11.5;4.875;1600;202;0;
6065;2026.05.12 19:15;4;11.125;11.5;3.75;1600;202;0;
6066;2026.05.12 19:30;4;11.125;11.5;2.3125;1600;202;0;
6067;2026.05.12 19:45;4;11.125;11.5;1.5;1600;202;0;
6068;2026.05.12 20:00;4;11.125;11.5;1.5;1600;202;0;
6069;2026.05.12 20:15;4;11.125;11.5;1.8125;1600;202;0;
6070;2026.05.12 20:30;4;11.125;11.5;1.1875;1600;202;0;
6071;2026.05.12 20:45;4;11.125;11.5;0.75;1600;202;0;
6072;2026.05.12 21:00;4;11.125;11.5;0.375;1600;202;0;
6073;2026.05.12 21:15;4;11.125;11.5;0.5625;1600;202;0;
6074;2026.05.12 21:30;4;11.125;11.5;0.5;1600;202;0;
6075;2026.05.12 21:45;4;11.125;11.5;-0.0625;1600;202;0;
6076;2026.05.12 22:00;4;11.125;11.5;-0.9375;1600;202;0;
6077;2026.05.12 22:15;4;11.125;11.5;-1.5;1600;202;0;
6078;2026.05.12 22:30;4;11.125;11.5;-1.875;1600;202;0;
6079;2026.05.12 22:45;4;11.125;11.5;-1.625;1600;202;0;
6080;2026.05.12 23:00;4;11.125;11.5;-1.75;1600;202;0;
6081;2026.05.12 23:15;4;11.125;11.5;-2;1600;202;0;
6082;2026.05.12 23:30;4;11.125;11.5;-2.125;1600;202;0;
6083;2026.05.12 23:45;4;11.125;11.5;-2.25;1600;202;0;
6084;2026.05.13 00:00;4;11.125;11.5;-2.5;1600;202;0;
6085;2026.05.13 00:15;4;11.125;11.4375;-2.5;1600;202;0;
6086;2026.05.13 00:30;4;11.125;11.4375;-2.5625;1600;202;0;
6087;2026.05.13 00:45;4;11.125;11.4375;-2.5;1600;202;0;
6088;2026.05.13 01:00;4;11.125;11.4375;-2.375;1600;202;0;
6089;2026.05.13 01:15;4;11.125;11.4375;-2;1600;202;0;
6090;2026.05.13 01:30;4;11.125;11.375;-1.875;1600;202;0;
6091;2026.05.13 01:45;4;11.125;11.375;-2.5625;1600;202;0;
6092;2026.05.13 02:00;4;11.125;11.375;-2.875;1600;202;0;
6093;2026.05.13 02:15;4;11.125;11.375;-3;1600;202;0;
6094;2026.05.13 02:30;4;11.0625;11.375;-3.0625;1600;202;0;
6095;2026.05.13 02:45;4;11.0625;11.375;-2.9375;1600;202;0;
6096;2026.05.13 03:00;4;11.0625;11.375;-3.375;1600;202;0;
6097;2026.05.13 03:15;4;11.0625;11.375;-3.375;1600;202;0;
6098;2026.05.13 03:30;4;11.0625;11.375;-3.3125;1600;202;0;
6099;2026.05.13 03:45;4;11.0625;11.375;-2.4375;1600;202;0;
6100;2026.05.13 04:00;4;11.0625;11.375;-2.5;1600;202;0;
6101;2026.05.13 04:15;4;11.0625;11.3125;-2.5;1600;202;0;
6102;2026.05.13 04:30;4;11;11.3125;-1.875;1599;202;0;
6103;2026.05.13 04:45;4;11;11.3125;-1.0625;1599;202;0;
6104;2026.05.13 05:00;4;11;11.25;-0.25;1599;202;0;
6105;2026.05.13 05:15;4;11;11.25;0.9375;1599;202;0;
6106;2026.05.13 05:30;4;11;11.25;2.875;1599;202;0;
6107;2026.05.13 05:45;4;11;11.25;6.5;1599;202;0;
6108;2026.05.13 06:00;4;11;11.25;6.9375;1599;202;0;
6109;2026.05.13 06:15;4;11;11.25;9;1599;202;0;
6110;2026.05.13 06:30;4;11;11.25;10.375;1599;202;0;
6111;2026.05.13 06:45;4;11;11.25;12.625;1599;202;0;
6112;2026.05.13 07:00;4;11;11.25;13.125;1599;202;0;
6113;2026.05.13 07:15;4;11;11.1875;13.375;1599;202;0;
6114;2026.05.13 07:30;4;11;11.125;15.3125;1599;202;0;
6115;2026.05.13 07:45;4;11;11.125;14.625;1599;202;0;
6116;2026.05.13 08:00;4;11;11.125;14.0625;1599;202;0;
6117;2026.05.13 08:15;4;11;11.125;13.625;1599;202;0;
6118;2026.05.13 08:30;4;11;11.125;17.9375;1599;202;0;
6119;2026.05.13 08:45;4;10.9375;11.125;19.4375;1599;202;0;
6120;2026.05.13 09:00;4;10.9375;11.125;19.875;1599;202;0;
6121;2026.05.13 09:15;4;10.9375;11.0625;19.625;1599;202;0;
6122;2026.05.13 09:30;4;10.9375;11.0625;17.375;1599;202;0;
6123;2026.05.13 09:45;4;10.9375;11.0625;16;1599;202;0;
6124;2026.05.13 10:00;4;10.875;11;15.75;1599;202;0;
6125;2026.05.13 10:15;4;10.875;11;19.5;1599;202;0;
6126;2026.05.13 10:30;4;10.875;11;23.75;1599;202;0;
6127;2026.05.13 10:45;4;10.875;11;20.25;1599;202;0;
6128;2026.05.13 11:00;4;10.875;11;18.5;1599;202;0;
6129;2026.05.13 11:15;4;10.875;11;16.375;1599;202;0;
6130;2026.05.13 11:30;4;10.875;11;15;1599;202;0;
6131;2026.05.13 11:45;4;10.875;11;14.875;1599;202;0;
6132;2026.05.13 12:00;4;10.875;11;15.875;1599;202;0;
6133;2026.05.13 12:15;4;10.875;10.9375;15.625;1599;202;0;
6134;2026.05.13 12:30;4;10.875;10.9375;14.625;1599;202;0;
6135;2026.05.13 12:45;4;10.875;10.9375;14.8125;1599;202;0;
6136;2026.05.13 13:00;4;10.8125;10.875;13.625;1599;202;0;
6137;2026.05.13 13:15;4;10.8125;10.875;14.125;1599;202;0;
6138;2026.05.13 13:30;4;10.8125;10.875;14.125;1599;202;0;
6139;2026.05.13 13:45;4;10.8125;10.875;13.625;1599;202;0;
6140;2026.05.13 14:00;4;10.8125;10.875;15.1875;1599;202;0;
6141;2026.05.13 14:15;4;10.75;10.875;15.6875;1599;202;0;
6142;2026.05.13 14:30;4;10.75;10.875;16.25;1599;202;0;
6143;2026.05.13 14:45;4;10.75;10.875;15.875;1599;202;0;
6144;2026.05.13 15:00;4;10.75;10.875;14.75;1599;202;0;
6145;2026.05.13 15:15;4;10.75;10.875;14.1875;1599;202;0;
6146;2026.05.13 15:30;4;10.75;10.875;14.125;1598;202;0;
6147;2026.05.13 15:45;4;10.75;10.875;13.625;1598;202;0;
6148;2026.05.13 16:00;4;10.75;10.875;13.75;1598;202;0;
6149;2026.05.13 16:15;4;10.75;10.875;13.625;1598;202;0;
6150;2026.05.13 16:30;4;10.75;10.875;13.3125;1598;202;0;
6151;2026.05.13 16:45;4;10.75;10.875;12.75;1598;202;0;
6152;2026.05.13 17:00;4;10.75;10.875;12.625;1598;202;0;
6153;2026.05.13 17:15;4;10.75;10.875;12.5;1598;202;0;
6154;2026.05.13 17:30;4;10.75;10.875;12.25;1598;202;0;
6155;2026.05.13 17:45;4;10.75;10.875;11.5;1598;202;0;
6156;2026.05.13 18:00;4;10.75;10.875;10.4375;1598;202;0;
6157;2026.05.13 18:15;4;10.75;10.875;9.875;1598;202;0;
6158;2026.05.13 18:30;4;10.75;10.875;8.8125;1598;202;0;
6159;2026.05.13 18:45;4;10.75;10.875;7.25;1598;202;0;
6160;2026.05.13 19:00;4;10.75;10.9375;6.25;1598;202;0;
6161;2026.05.13 19:15;4;10.75;10.9375;5.4375;1598;202;0;
6162;2026.05.13 19:30;4;10.75;10.9375;4.5625;1598;202;0;
6163;2026.05.13 19:45;4;10.75;10.9375;4.125;1598;202;0;
6164;2026.05.13 20:00;4;10.75;10.9375;4.125;1598;202;0;
6165;2026.05.13 20:15;4;10.75;10.9375;3.75;1598;202;0;
6166;2026.05.13 20:30;4;10.75;10.9375;3.1875;1598;202;0;
6167;2026.05.13 20:45;4;10.75;10.9375;3;1598;202;0;
6168;2026.05.13 21:00;4;10.75;10.9375;2.875;1598;202;0;
6169;2026.05.13 21:15;4;10.75;10.9375;2.75;1598;202;0;
6170;2026.05.13 21:30;4;10.75;10.9375;2.75;1598;202;0;
6171;2026.05.13 21:45;4;10.75;10.9375;3;1598;202;0;
6172;2026.05.13 22:00;4;10.75;11;3;1598;202;0;
6173;2026.05.13 22:15;4;10.75;10.9375;3.375;1598;202;0;
6174;2026.05.13 22:30;4;10.75;11;3.875;1598;202;0;
6175;2026.05.13 22:45;4;10.75;11;4.25;1598;202;0;
6176;2026.05.13 23:00;4;10.75;11;4.375;1598;202;0;
6177;2026.05.13 23:15;4;10.75;11;5.125;1598;202;0;
6178;2026.05.13 23:30;4;10.75;11;6.625;1598;202;0;
6179;2026.05.13 23:45;4;10.75;11;7.0625;1598;202;0;
6180;2026.05.14 00:00;4;10.75;11;6.75;1598;202;0;
6181;2026.05.14 00:15;4;10.75;11;6.875;1598;202;0;
6182;2026.05.14 00:30;4;10.75;11;6.75;1598;202;0;
6183;2026.05.14 00:45;4;10.75;10.9375;6.125;1598;202;0;
6184;2026.05.14 01:00;4;10.75;11;5.6875;1598;202;0;
6185;2026.05.14 01:15;4;10.75;10.9375;5.5;1598;202;0;
6186;2026.05.14 01:30;4;10.75;10.9375;5.1875;1598;202;0;
6187;2026.05.14 01:45;4;10.75;10.9375;4.75;1598;202;0;
6188;2026.05.14 02:00;4;10.6875;11;4.375;1598;202;0;
6189;2026.05.14 02:15;4;10.75;10.9375;4.4375;1598;202;0;
6190;2026.05.14 02:30;4;10.75;10.9375;4.5625;1598;202;0;
6191;2026.05.14 02:45;4;10.75;10.9375;5;1598;202;0;
6192;2026.05.14 03:00;4;10.75;10.9375;5.375;1598;202;0;
6193;2026.05.14 03:15;4;10.75;10.9375;5.5;1598;202;0;
6194;2026.05.14 03:30;4;10.75;10.9375;5;1598;202;0;
6195;2026.05.14 03:45;4;10.75;10.875;4.5;1598;202;0;
6196;2026.05.14 04:00;4;10.75;10.875;4.75;1598;202;0;
6197;2026.05.14 04:15;4;10.75;10.875;4.5;1598;202;0;
6198;2026.05.14 04:30;4;10.75;10.875;4.75;1598;202;0;
6199;2026.05.14 04:45;4;10.75;10.875;5.75;1598;202;0;
6200;2026.05.14 05:00;4;10.75;10.875;6.875;1598;202;0;
6201;2026.05.14 05:15;4;10.75;10.875;7.75;1598;202;0;
6202;2026.05.14 05:30;4;10.6875;10.875;8.1875;1598;202;0;
6203;2026.05.14 05:45;4;10.6875;10.875;8.1875;1598;202;0;
6204;2026.05.14 06:00;4;10.6875;10.875;8.9375;1598;202;0;
6205;2026.05.14 06:15;4;10.6875;10.875;11.875;1598;202;0;
6206;2026.05.14 06:30;4;10.6875;10.875;11.9375;1598;202;0;
6207;2026.05.14 06:45;4;10.6875;10.875;10.625;1597;202;0;
6208;2026.05.14 07:00;4;10.6875;10.875;9.6875;1597;202;0;
6209;2026.05.14 07:15;4;10.6875;10.875;10.625;1597;202;0;
6210;2026.05.14 07:30;4;10.6875;10.875;10.8125;1597;202;0;
6211;2026.05.14 07:45;4;10.6875;10.875;11.0625;1597;202;0;
6212;2026.05.14 08:00;4;10.625;10.8125;11;1597;202;0;
6213;2026.05.14 08:15;4;10.625;10.8125;10.5;1597;202;0;
6214;2026.05.14 08:30;4;10.625;10.8125;8.5;1597;202;0;
6215;2026.05.14 08:45;4;10.625;10.8125;8.5;1597;202;0;
6216;2026.05.14 09:00;4;10.625;10.8125;8.375;1597;202;0;
6217;2026.05.14 09:15;4;10.625;10.75;9.75;1597;202;0;
6218;2026.05.14 09:30;4;10.625;10.75;11.875;1597;202;0;
6219;2026.05.14 09:45;4;10.625;10.75;14.875;1597;202;0;
6220;2026.05.14 10:00;4;10.625;10.75;17.125;1597;202;0;
6221;2026.05.14 10:15;4;10.625;10.75;16.6875;1597;202;0;
6222;2026.05.14 10:30;4;10.625;10.75;15;1597;202;0;
6223;2026.05.14 10:45;4;10.625;10.75;13.9375;1597;202;0;
6224;2026.05.14 11:00;4;10.625;10.75;12.5;1597;202;0;
6225;2026.05.14 11:15;4;10.625;10.75;14;1597;202;0;
6226;2026.05.14 11:30;4;10.625;10.75;16.1875;1597;202;0;
6227;2026.05.14 11:45;4;10.625;10.75;16.5625;1597;202;0;
6228;2026.05.14 12:00;4;10.625;10.75;15;1597;202;0;
6229;2026.05.14 12:15;4;10.625;10.75;16.625;1597;202;0;
6230;2026.05.14 12:30;4;10.625;10.75;16.9375;1597;202;0;
6231;2026.05.14 12:45;4;10.625;10.75;16.875;1597;202;0;
6232;2026.05.14 13:00;4;10.625;10.75;16.4375;1597;202;0;
6233;2026.05.14 13:15;4;10.625;10.75;15.5;1597;202;0;
6234;2026.05.14 13:30;4;10.625;10.75;14.5;1597;202;0;
6235;2026.05.14 13:45;4;10.625;10.75;14.75;1597;202;0;
6236;2026.05.14 14:00;4;10.625;10.75;14.125;1597;202;0;
6237;2026.05.14 14:15;4;10.625;10.75;13.875;1597;202;0;
6238;2026.05.14 14:30;4;10.625;10.75;14.125;1597;202;0;
6239;2026.05.14 14:45;4;10.625;10.75;14.125;1597;202;0;
6240;2026.05.14 15:00;4;10.5625;10.75;13.5;1597;202;0;
6241;2026.05.14 15:15;4;10.5625;10.75;12.5625;1597;202;0;
6242;2026.05.14 15:30;4;10.5625;10.75;11.375;1597;202;0;
6243;2026.05.14 15:45;4;10.5625;10.75;10.625;1597;202;0;
6244;2026.05.14 16:00;4;10.5625;10.75;10.625;1597;202;0;
6245;2026.05.14 16:15;4;10.5625;10.75;10.5;1597;202;0;
6246;2026.05.14 16:30;4;10.5625;10.75;10.375;1597;202;0;
6247;2026.05.14 16:45;4;10.5625;10.75;10.25;1597;202;0;
6248;2026.05.14 17:00;4;10.5625;10.75;10.0625;1597;202;0;
6249;2026.05.14 17:15;4;10.5625;10.75;9.875;1597;202;0;
6250;2026.05.14 17:30;4;10.5625;10.75;9.5;1597;202;0;
6251;2026.05.14 17:45;4;10.5625;10.75;9.0625;1597;202;0;
6252;2026.05.14 18:00;4;10.5625;10.75;8.625;1597;202;0;
6253;2026.05.14 18:15;4;10.5625;10.75;8.25;1597;202;0;
6254;2026.05.14 18:30;4;10.5625;10.75;7.875;1597;202;0;
6255;2026.05.14 18:45;4;10.5625;10.75;7.375;1597;202;0;
6256;2026.05.14 19:00;4;10.5625;10.75;6.8125;1597;202;0;
6257;2026.05.14 19:15;4;10.5625;10.75;6.4375;1597;202;0;
6258;2026.05.14 19:30;4;10.5625;10.75;6.0625;1597;202;0;
6259;2026.05.14 19:45;4;10.5625;10.75;5.375;1597;202;0;
6260;2026.05.14 20:00;4;10.5625;10.75;5.1875;1597;202;0;
6261;2026.05.14 20:15;4;10.5625;10.75;5.3125;1597;202;0;
6262;2026.05.14 20:30;4;10.5625;10.75;5.625;1597;202;0;
6263;2026.05.14 20:45;4;10.5625;10.75;5.9375;1597;202;0;
6264;2026.05.14 21:00;4;10.5625;10.75;6;1597;202;0;
6265;2026.05.14 21:15;4;10.5625;10.75;6.125;1597;202;0;
6266;2026.05.14 21:30;4;10.5625;10.8125;5.875;1597;202;0;
6267;2026.05.14 21:45;4;10.5625;10.8125;5.5625;1597;202;0;
6268;2026.05.14 22:00;4;10.5625;10.8125;4.6875;1597;202;0;
6269;2026.05.14 22:15;4;10.5625;10.8125;3.6875;1597;202;0;
6270;2026.05.14 22:30;4;10.5625;10.8125;3.0625;1597;202;0;
6271;2026.05.14 22:45;4;10.5625;10.8125;2.4375;1597;202;0;
6272;2026.05.14 23:00;4;10.625;10.8125;2.125;1597;202;0;
6273;2026.05.14 23:15;4;10.625;10.8125;3;1597;202;0;
6274;2026.05.14 23:30;4;10.625;10.8125;4.125;1597;202;0;
6275;2026.05.14 23:45;4;10.5625;10.8125;4.625;1597;202;0;
6276;2026.05.15 00:00;4;10.5625;10.8125;4.875;1596;202;0;
6277;2026.05.15 00:15;4;10.5625;10.8125;4.75;1597;202;0;
6278;2026.05.15 00:30;4;10.625;10.8125;4.625;1596;202;0;
6279;2026.05.15 00:45;4;10.625;10.8125;4.125;1596;202;0;
6280;2026.05.15 01:00;4;10.625;10.8125;3.75;1596;202;0;
6281;2026.05.15 01:15;4;10.625;10.8125;3.0625;1596;202;0;
6282;2026.05.15 01:30;4;10.625;10.8125;2;1596;202;0;
6283;2026.05.15 01:45;4;10.5625;10.8125;1.125;1596;202;0;
6284;2026.05.15 02:00;4;10.625;10.8125;1.375;1596;202;0;
6285;2026.05.15 02:15;4;10.625;10.8125;2.5625;1596;202;0;
6286;2026.05.15 02:30;4;10.625;10.8125;3.25;1596;202;0;
6287;2026.05.15 02:45;4;10.625;10.8125;3.5625;1596;202;0;
6288;2026.05.15 03:00;4;10.625;10.8125;3.75;1596;202;0;
6289;2026.05.15 03:15;4;10.625;10.8125;3.9375;1596;202;0;
6290;2026.05.15 03:30;4;10.625;10.8125;4;1596;202;0;
6291;2026.05.15 03:45;4;10.5625;10.75;4.125;1596;202;0;
6292;2026.05.15 04:00;4;10.5625;10.75;4.375;1596;202;0;
6293;2026.05.15 04:15;4;10.5625;10.75;4.5;1596;202;0;
6294;2026.05.15 04:30;4;10.5625;10.75;4.75;1596;202;0;
6295;2026.05.15 04:45;4;10.5625;10.75;5.125;1596;202;0;
6296;2026.05.15 05:00;4;10.5625;10.75;5.5;1596;202;0;
6297;2026.05.15 05:15;4;10.5625;10.75;6.125;1596;202;0;
6298;2026.05.15 05:30;4;10.5625;10.75;6.5;1596;202;0;
6299;2026.05.15 05:45;4;10.5625;10.75;6.9375;1596;202;0;
6300;2026.05.15 06:00;4;10.5625;10.75;8;1596;202;0;
6301;2026.05.15 06:15;4;10.5625;10.75;8.625;1596;202;0;
6302;2026.05.15 06:30;4;10.5625;10.75;9;1596;202;0;
6303;2026.05.15 06:45;4;10.5625;10.75;9.75;1596;202;0;
6304;2026.05.15 07:00;4;10.5625;10.75;10.375;1596;202;0;
6305;2026.05.15 07:15;4;10.5625;10.75;11.125;1596;202;0;
6306;2026.05.15 07:30;4;10.5625;10.75;12.25;1596;202;0;
6307;2026.05.15 07:45;4;10.5625;10.75;13.6875;1596;202;0;
6308;2026.05.15 08:00;4;10.5625;10.75;14.5;1596;202;0;
6309;2026.05.15 08:15;4;10.5;10.75;15.0625;1596;202;0;
6310;2026.05.15 08:30;4;10.5;10.6875;15.125;1596;202;0;
6311;2026.05.15 08:45;4;10.5;10.6875;16.75;1596;202;0;
6312;2026.05.15 09:00;4;10.5;10.6875;20.0625;1596;202;0;
6313;2026.05.15 09:15;4;10.5;10.6875;20.375;1596;202;0;
6314;2026.05.15 09:30;4;10.5;10.625;21.125;1596;202;0;
6315;2026.05.15 09:45;4;10.5;10.625;22.25;1596;202;0;
6316;2026.05.15 10:00;4;10.5;10.625;19;1596;202;0;
6317;2026.05.15 10:15;4;10.5;10.625;19.625;1596;202;0;
6318;2026.05.15 10:30;4;10.5;10.625;19.5;1596;202;0;
6319;2026.05.15 10:45;4;10.5;10.625;22.875;1596;202;0;
6320;2026.05.15 11:00;4;10.5;10.625;24.25;1596;202;0;
6321;2026.05.15 11:15;4;10.5;10.625;20.75;1596;202;0;
6322;2026.05.15 11:30;4;10.5;10.625;17.8125;1596;202;0;
6323;2026.05.15 11:45;4;10.5;10.625;16.25;1596;202;0;
6324;2026.05.15 12:00;4;10.5;10.625;15.75;1596;202;0;
6325;2026.05.15 12:15;4;10.5;10.625;16;1596;202;0;
6326;2026.05.15 12:30;4;10.5;10.625;17.75;1595;202;0;
6327;2026.05.15 12:45;4;10.5;10.625;20.5;1596;202;0;
6328;2026.05.15 13:00;4;10.5;10.625;21.375;1595;202;0;
6329;2026.05.15 13:15;4;10.5;10.625;22.1875;1595;202;0;
6330;2026.05.15 13:30;4;10.5;10.625;21.8125;1595;202;0;
6331;2026.05.15 13:45;4;10.5;10.625;18.625;1595;202;0;
6332;2026.05.15 14:00;4;10.5;10.625;17.5;1595;202;0;
6333;2026.05.15 14:15;4;10.5;10.625;16.375;1595;202;0;
6334;2026.05.15 14:30;4;10.5;10.625;16.5625;1595;202;0;
6335;2026.05.15 14:45;4;10.5;10.625;16.625;1595;202;0;
6336;2026.05.15 15:00;4;10.5;10.625;16.625;1595;202;0;
6337;2026.05.15 15:15;4;10.5;10.625;18.25;1595;202;0;
6338;2026.05.15 15:30;4;10.5;10.625;17.25;1595;202;0;
6339;2026.05.15 15:45;4;10.5;10.625;16.375;1595;202;0;
6340;2026.05.15 16:00;4;10.5;10.625;16.3125;1595;202;0;
6341;2026.05.15 16:15;4;10.5;10.625;16.625;1595;202;0;
6342;2026.05.15 16:30;4;10.5;10.625;15.75;1595;202;0;
6343;2026.05.15 16:45;4;10.5;10.625;14.75;1595;202;0;
6344;2026.05.15 17:00;4;10.5;10.625;13.375;1595;202;0;
6345;2026.05.15 17:15;4;10.5;10.625;11;1595;202;0;
6346;2026.05.15 17:30;4;10.5;10.6875;9.375;1595;202;0;
6347;2026.05.15 17:45;4;10.5;10.6875;8.5;1595;202;0;
6348;2026.05.15 18:00;4;10.5;10.6875;8.125;1595;202;0;
6349;2026.05.15 18:15;4;10.5;10.6875;7.875;1595;202;0;
6350;2026.05.15 18:30;4;10.5;10.6875;7.75;1595;202;0;
6351;2026.05.15 18:45;4;10.5;10.75;7.5;1595;202;0;
6352;2026.05.15 19:00;4;10.5;10.75;7.375;1595;202;0;
6353;2026.05.15 19:15;4;10.5;10.75;7.25;1595;202;0;
6354;2026.05.15 19:30;4;10.5;10.75;7.0625;1595;202;0;
6355;2026.05.15 19:45;4;10.5;10.75;6.9375;1595;202;0;
6356;2026.05.15 20:00;4;10.5;10.75;6.875;1595;202;0;
6357;2026.05.15 20:15;4;10.5;10.75;6.875;1595;202;0;
6358;2026.05.15 20:30;4;10.5;10.75;6.875;1595;202;0;
6359;2026.05.15 20:45;4;10.5;10.75;6.875;1595;202;0;
6360;2026.05.15 21:00;4;10.5;10.75;6.875;1595;202;0;
6361;2026.05.15 21:15;4;10.5;10.75;6.875;1595;202;0;
6362;2026.05.15 21:30;4;10.5;10.75;6.875;1595;202;0;
6363;2026.05.15 21:45;4;10.5;10.75;6.875;1595;202;0;
6364;2026.05.15 22:00;4;10.5;10.8125;6.75;1595;202;0;
6365;2026.05.15 22:15;4;10.5;10.8125;6.75;1595;202;0;
6366;2026.05.15 22:30;4;10.5;10.8125;6.75;1595;202;0;
6367;2026.05.15 22:45;4;10.5;10.8125;6.625;1595;202;0;
6368;2026.05.15 23:00;4;10.5;10.8125;6.625;1595;202;0;
6369;2026.05.15 23:15;4;10.5;10.875;6.625;1595;202;0;
6370;2026.05.15 23:30;4;10.5;10.875;6.6875;1595;202;0;
6371;2026.05.15 23:45;4;10.5;10.875;6.75;1595;202;0;
6372;2026.05.16 00:00;4;10.5;10.875;6.6875;1595;202;0;
6373;2026.05.16 00:15;4;10.5;10.875;6.75;1595;202;0;
6374;2026.05.16 00:30;4;10.5;10.875;6.75;1595;202;0;
6375;2026.05.16 00:45;4;10.5;10.875;6.75;1595;202;0;
6376;2026.05.16 01:00;4;10.5;10.875;6.8125;1595;202;0;
6377;2026.05.16 01:15;4;10.5;10.875;6.875;1595;202;0;
6378;2026.05.16 01:30;4;10.5625;10.875;6.875;1595;202;0;
6379;2026.05.16 01:45;4;10.5625;10.875;6.875;1595;202;0;
6380;2026.05.16 02:00;4;10.5625;10.875;6.8125;1595;202;0;
6381;2026.05.16 02:15;4;10.5625;10.875;6.875;1595;202;0;
6382;2026.05.16 02:30;4;10.5625;10.875;6.875;1595;202;0;
6383;2026.05.16 02:45;4;10.5625;10.875;6.9375;1595;202;0;
6384;2026.05.16 03:00;4;10.5625;10.875;6.9375;1595;202;0;
6385;2026.05.16 03:15;4;10.5625;10.875;7;1595;202;0;
6386;2026.05.16 03:30;4;10.5625;10.875;6.875;1595;202;0;
6387;2026.05.16 03:45;4;10.5625;10.875;6.875;1595;202;0;
6388;2026.05.16 04:00;4;10.5625;10.875;6.75;1595;202;0;
6389;2026.05.16 04:15;4;10.5625;10.875;6.8125;1595;202;0;
6390;2026.05.16 04:30;4;10.5625;10.875;6.9375;1595;202;0;
6391;2026.05.16 04:45;4;10.5625;10.875;6.9375;1595;202;0;
6392;2026.05.16 05:00;4;10.5625;10.875;7;1595;202;0;
6393;2026.05.16 05:15;4;10.5625;10.875;7.125;1595;202;0;
6394;2026.05.16 05:30;4;10.5625;10.875;7.25;1595;202;0;
6395;2026.05.16 05:45;4;10.5625;10.875;7.3125;1595;202;0;
6396;2026.05.16 06:00;4;10.5625;10.875;7.375;1928;202;0;
6397;2026.05.16 06:15;4;10.625;10.875;7.4375;2071;202;0;
6398;2026.05.16 06:30;4;10.625;10.875;7.5;2106;202;0;
6399;2026.05.16 06:45;4;10.625;10.875;7.375;2148;202;0;
6400;2026.05.16 07:00;4;10.625;10.875;7.4375;2149;202;0;
6401;2026.05.16 07:15;4;10.5625;10.875;7.6875;2106;202;0;
6402;2026.05.16 07:30;4;10.625;10.875;7.75;2075;202;0;
6403;2026.05.16 07:45;4;10.625;10.875;7.8125;2060;202;0;
6404;2026.05.16 08:00;4;10.5625;10.8125;7.875;2050;202;0;
6405;2026.05.16 08:15;4;10.5625;10.8125;8.0625;2038;202;0;
6406;2026.05.16 08:30;4;10.5625;10.8125;8.5;2028;202;0;
6407;2026.05.16 08:45;4;10.5625;10.8125;9.0625;2008;202;0;
6408;2026.05.16 09:00;4;10.5625;10.8125;9.125;1986;202;0;
6409;2026.05.16 09:15;4;10.5625;10.8125;9.0625;1966;202;0;
6410;2026.05.16 09:30;4;10.5625;10.75;9.0625;1955;202;0;
6411;2026.05.16 09:45;4;10.5625;10.75;9.125;1944;202;0;
6412;2026.05.16 10:00;4;10.5625;10.75;9.5;1934;202;0;
6413;2026.05.16 10:15;4;10.5625;10.75;9.9375;1921;202;0;
6414;2026.05.16 10:30;4;10.5625;10.75;10.0625;1911;202;0;
6415;2026.05.16 10:45;4;10.5625;10.75;10.5;1899;202;0;
6416;2026.05.16 11:00;4;10.5625;10.75;11.5;1886;202;0;
6417;2026.05.16 11:15;4;10.5625;10.75;12;1872;202;0;
6418;2026.05.16 11:30;4;10.5625;10.75;12.625;1858;202;0;
6419;2026.05.16 11:45;4;10.5625;10.75;13.0625;1846;202;0;
6420;2026.05.16 12:00;4;10.5625;10.75;14.375;1836;202;0;
6421;2026.05.16 12:15;4;10.5;10.75;14.875;1827;202;0;
6422;2026.05.16 12:30;4;10.5;10.75;12.8125;1820;202;0;
6423;2026.05.16 12:45;4;10.5;10.75;11.5;1814;202;0;
6424;2026.05.16 13:00;4;10.5;10.75;11.4375;1809;202;0;
6425;2026.05.16 13:15;4;10.5;10.75;10.375;1805;202;0;
6426;2026.05.16 13:30;4;10.5;10.75;9.875;1802;202;0;
6427;2026.05.16 13:45;4;10.5;10.75;10.125;1799;202;0;
6428;2026.05.16 14:00;4;10.5;10.75;10.75;1796;202;0;
6429;2026.05.16 14:15;4;10.5;10.75;12.625;1794;202;0;
6430;2026.05.16 14:30;4;10.5;10.75;14.125;1793;202;0;
6431;2026.05.16 14:45;4;10.5;10.6875;12.875;1791;202;0;
6432;2026.05.16 15:00;4;10.5;10.6875;12.1875;1790;202;0;
6433;2026.05.16 15:15;4;10.5;10.6875;11.75;1789;202;0;
6434;2026.05.16 15:30;4;10.5;10.6875;11.625;1788;202;0;
6435;2026.05.16 15:45;4;10.5;10.6875;11.125;1787;202;0;
6436;2026.05.16 16:00;4;10.5;10.6875;10.1875;1786;202;0;
6437;2026.05.16 16:15;4;10.5;10.6875;8.75;1786;202;0;
6438;2026.05.16 16:30;4;10.5;10.6875;8.0625;1785;202;0;
6439;2026.05.16 16:45;4;10.5;10.6875;8;1785;202;0;
6440;2026.05.16 17:00;4;10.5;10.6875;8.1875;1784;202;0;
6441;2026.05.16 17:15;4;10.5;10.6875;8.5;1784;202;0;
6442;2026.05.16 17:30;4;10.5;10.6875;8.625;1783;202;0;
6443;2026.05.16 17:45;4;10.5;10.6875;8.5;1783;202;0;
6444;2026.05.16 18:00;4;10.5;10.75;8.3125;1783;202;0;
6445;2026.05.16 18:15;4;10.5;10.6875;8.25;1783;202;0;
6446;2026.05.16 18:30;4;10.5;10.6875;8;1782;202;0;
6447;2026.05.16 18:45;4;10.5;10.75;7.625;1782;202;0;
6448;2026.05.16 19:00;4;10.5;10.6875;7.25;1782;202;0;
6449;2026.05.16 19:15;4;10.5;10.75;6.75;1782;202;0;
6450;2026.05.16 19:30;4;10.5;10.75;6.5;1781;202;0;
6451;2026.05.16 19:45;4;10.5;10.75;6.25;1781;202;0;
6452;2026.05.16 20:00;4;10.5;10.75;5.625;1781;202;0;
6453;2026.05.16 20:15;4;10.5;10.75;5.25;1781;202;0;
6454;2026.05.16 20:30;4;10.5;10.75;5.625;1781;202;0;
6455;2026.05.16 20:45;4;10.5;10.75;6;1781;202;0;
6456;2026.05.16 21:00;4;10.5;10.75;6;1781;202;0;
6457;2026.05.16 21:15;4;10.5;10.75;5.625;1780;202;0;
6458;2026.05.16 21:30;4;10.5;10.75;5.125;1780;202;0;
6459;2026.05.16 21:45;4;10.5;10.75;4.5;1780;202;0;
6460;2026.05.16 22:00;4;10.5;10.75;4.0625;1780;202;0;
6461;2026.05.16 22:15;4;10.5;10.75;3.8125;1780;202;0;
6462;2026.05.16 22:30;4;10.5;10.75;3.6875;1780;202;0;
6463;2026.05.16 22:45;4;10.5;10.75;3.375;1780;202;0;
6464;2026.05.16 23:00;4;10.5;10.75;2.75;1780;202;0;
6465;2026.05.16 23:15;4;10.5;10.75;2.3125;1780;202;0;
6466;2026.05.16 23:30;4;10.5;10.75;2;1780;202;0;
6467;2026.05.16 23:45;4;10.5;10.75;1.875;1780;202;0;
6468;2026.05.17 00:00;4;10.5;10.75;1.625;1780;202;0;
6469;2026.05.17 00:15;4;10.5;10.75;1.375;1780;202;0;
6470;2026.05.17 00:30;4;10.5;10.75;1.5625;1780;202;0;
6471;2026.05.17 00:45;4;10.5;10.75;1.75;1780;202;0;
6472;2026.05.17 01:00;4;10.5;10.75;1.75;1780;202;0;
6473;2026.05.17 01:15;4;10.5;10.75;1.4375;1780;202;0;
6474;2026.05.17 01:30;4;10.5;10.75;0.8125;1780;202;0;
6475;2026.05.17 01:45;4;10.5;10.75;0.625;1780;202;0;
6476;2026.05.17 02:00;4;10.5;10.75;0.625;1780;202;0;
6477;2026.05.17 02:15;4;10.5;10.75;1;1780;202;0;
6478;2026.05.17 02:30;4;10.5;10.75;1.4375;1780;202;0;
6479;2026.05.17 02:45;4;10.5;10.75;1.1875;1780;202;0;
6480;2026.05.17 03:00;4;10.5;10.75;1.125;1779;202;0;
6481;2026.05.17 03:15;4;10.5;10.75;1.0625;1779;202;0;
6482;2026.05.17 03:30;4;10.5;10.75;1.125;1779;202;0;
6483;2026.05.17 03:45;4;10.5;10.75;1.1875;1779;202;0;
6484;2026.05.17 04:00;4;10.5;10.75;1.375;1779;202;0;
6485;2026.05.17 04:15;4;10.5;10.75;1.125;1779;202;0;
6486;2026.05.17 04:30;4;10.5;10.75;1;1779;202;0;
6487;2026.05.17 04:45;4;10.5;10.6875;1.375;1779;202;0;
6488;2026.05.17 05:00;4;10.5;10.6875;2;1779;202;0;
6489;2026.05.17 05:15;4;10.5;10.6875;2.875;1779;202;0;
6490;2026.05.17 05:30;4;10.5;10.6875;4.375;1779;202;0;
6491;2026.05.17 05:45;4;10.5;10.6875;7.0625;1779;202;0;
6492;2026.05.17 06:00;4;10.5;10.6875;7.4375;1779;202;0;
6493;2026.05.17 06:15;4;10.5;10.625;8.1875;1779;202;0;
6494;2026.05.17 06:30;4;10.5;10.625;9.625;1779;202;0;
6495;2026.05.17 06:45;4;10.5;10.625;10.375;1779;202;0;
6496;2026.05.17 07:00;4;10.5;10.625;12;1779;202;0;
6497;2026.05.17 07:15;4;10.5;10.625;13.0625;1779;202;0;
6498;2026.05.17 07:30;4;10.5;10.625;13.6875;1779;202;0;
6499;2026.05.17 07:45;4;10.5;10.625;13.5625;1779;202;0;
6500;2026.05.17 08:00;4;10.5;10.625;12.375;1779;202;0;
6501;2026.05.17 08:15;4;10.5;10.625;14.875;1779;202;0;
6502;2026.05.17 08:30;4;10.5;10.625;16.625;1779;202;0;
6503;2026.05.17 08:45;4;10.5;10.625;18.0625;1779;202;0;
6504;2026.05.17 09:00;4;10.5;10.625;18;1779;202;0;
6505;2026.05.17 09:15;4;10.5;10.5625;17.625;1779;202;0;
6506;2026.05.17 09:30;4;10.5;10.5625;16.375;1779;202;0;
6507;2026.05.17 09:45;4;10.4375;10.5625;16.5;1779;202;0;
6508;2026.05.17 10:00;4;10.4375;10.5625;17.75;1779;202;0;
6509;2026.05.17 10:15;4;10.4375;10.5625;18.25;1779;202;0;
6510;2026.05.17 10:30;4;10.4375;10.5;19.3125;1779;202;0;
6511;2026.05.17 10:45;4;10.4375;10.5;20.9375;1779;202;0;
6512;2026.05.17 11:00;4;10.4375;10.5;18.9375;1779;202;0;
6513;2026.05.17 11:15;4;10.4375;10.5;19.75;1779;202;0;
6514;2026.05.17 11:30;4;10.4375;10.5;22.125;1779;202;0;
6515;2026.05.17 11:45;4;10.375;10.5;21.875;1779;202;0;
6516;2026.05.17 12:00;4;10.375;10.5;21.5;1779;202;0;
6517;2026.05.17 12:15;4;10.375;10.5;20.75;1779;202;0;
6518;2026.05.17 12:30;4;10.375;10.5;18.6875;1779;202;0;
6519;2026.05.17 12:45;4;10.375;10.5;22.375;1779;202;0;
6520;2026.05.17 13:00;4;10.375;10.5;22.4375;1779;202;0;
6521;2026.05.17 13:15;4;10.375;10.5;23.875;1779;202;0;
6522;2026.05.17 13:30;4;10.375;10.5;24.25;1779;202;0;
6523;2026.05.17 13:45;4;10.375;10.5;19.875;1779;202;0;
6524;2026.05.17 14:00;4;10.375;10.5;18.375;1779;202;0;
6525;2026.05.17 14:15;4;10.375;10.5;21.125;1779;202;0;
6526;2026.05.17 14:30;4;10.375;10.5;17.625;1779;202;0;
6527;2026.05.17 14:45;4;10.375;10.5;16.25;1779;202;0;
6528;2026.05.17 15:00;4;10.375;10.5;15.625;1779;202;0;
6529;2026.05.17 15:15;4;10.375;10.5;14.875;1779;202;0;
6530;2026.05.17 15:30;4;10.375;10.5;14.75;1779;202;0;
6531;2026.05.17 15:45;4;10.375;10.5;14.875;1779;202;0;
6532;2026.05.17 16:00;4;10.375;10.5;15.75;1779;202;0;
6533;2026.05.17 16:15;4;10.375;10.5;17.75;1779;202;0;
6534;2026.05.17 16:30;4;10.375;10.5;17.6875;1779;202;0;
6535;2026.05.17 16:45;4;10.375;10.5;15.25;1778;202;0;
6536;2026.05.17 17:00;4;10.375;10.5;14;1778;202;0;
6537;2026.05.17 17:15;4;10.375;10.5;13.5;1778;202;0;
6538;2026.05.17 17:30;4;10.375;10.5;12.875;1778;202;0;
6539;2026.05.17 17:45;4;10.375;10.5625;11.6875;1778;202;0;
6540;2026.05.17 18:00;4;10.375;10.5625;10.6875;1778;202;0;
6541;2026.05.17 18:15;4;10.375;10.5625;9.875;1778;202;0;
6542;2026.05.17 18:30;4;10.375;10.625;9.125;1778;202;0;
6543;2026.05.17 18:45;4;10.375;10.625;8.75;1778;202;0;
6544;2026.05.17 19:00;4;10.375;10.625;8.375;1778;202;0;
6545;2026.05.17 19:15;4;10.375;10.625;8.0625;1778;202;0;
6546;2026.05.17 19:30;4;10.375;10.625;7.375;1778;202;0;
6547;2026.05.17 19:45;4;10.375;10.625;6.375;1778;202;0;
6548;2026.05.17 20:00;4;10.375;10.625;5.5;1778;202;0;
6549;2026.05.17 20:15;4;10.375;10.625;4.8125;1778;202;0;
6550;2026.05.17 20:30;4;10.375;10.625;4.625;1778;202;0;
6551;2026.05.17 20:45;4;10.375;10.6875;4.125;1778;202;0;
6552;2026.05.17 21:00;4;10.375;10.6875;3.625;1778;202;0;
6553;2026.05.17 21:15;4;10.375;10.6875;3.0625;1778;202;0;
6554;2026.05.17 21:30;4;10.375;10.6875;2.875;1778;202;0;
6555;2026.05.17 21:45;4;10.4375;10.75;3.25;1778;202;0;
6556;2026.05.17 22:00;4;10.375;10.75;2.75;1778;202;0;
6557;2026.05.17 22:15;4;10.4375;10.75;2.5;1778;202;0;
6558;2026.05.17 22:30;4;10.4375;10.75;2.1875;1778;202;0;
6559;2026.05.17 22:45;4;10.4375;10.75;1.875;1778;202;0;
6560;2026.05.17 23:00;4;10.4375;10.75;2.1875;1778;202;0;
6561;2026.05.17 23:15;4;10.4375;10.75;2.1875;1778;202;0;
6562;2026.05.17 23:30;4;10.4375;10.75;1.875;1778;202;0;
6563;2026.05.17 23:45;4;10.5;10.75;1.375;1778;202;0;
6564;2026.05.18 00:00;4;10.5;10.75;1.375;1778;202;0;
6565;2026.05.18 00:15;4;10.5;10.75;0.75;1778;202;0;
6566;2026.05.18 00:30;4;10.5;10.75;0.375;1778;202;0;
6567;2026.05.18 00:45;4;10.5;10.75;0;1778;202;0;
6568;2026.05.18 01:00;4;10.5;10.75;-0.375;1778;202;0;
6569;2026.05.18 01:15;4;10.5;10.8125;-0.5;1778;202;0;
6570;2026.05.18 01:30;4;10.5;10.8125;-1;1778;202;0;
6571;2026.05.18 01:45;4;10.5;10.8125;-0.4375;1778;202;0;
6572;2026.05.18 02:00;4;10.5;10.8125;0;1778;202;0;
6573;2026.05.18 02:15;4;10.5;10.8125;-0.5;1778;202;0;
6574;2026.05.18 02:30;4;10.5;10.75;-0.875;1778;202;0;
6575;2026.05.18 02:45;4;10.5;10.8125;-0.375;1778;202;0;
6576;2026.05.18 03:00;4;10.5;10.8125;-0.125;1778;202;0;
6577;2026.05.18 03:15;4;10.5;10.8125;-0.75;1778;202;0;
6578;2026.05.18 03:30;4;10.5;10.8125;-0.875;1778;202;0;
6579;2026.05.18 03:45;4;10.5;10.8125;-0.375;1778;202;0;
6580;2026.05.18 04:00;4;10.5;10.8125;-0.125;1778;202;0;
6581;2026.05.18 04:15;4;10.5;10.75;0.0625;1778;202;0;
6582;2026.05.18 04:30;4;10.5;10.75;0.25;1778;202;0;
6583;2026.05.18 04:45;4;10.5;10.75;0.625;1778;202;0;
6584;2026.05.18 05:00;4;10.5;10.75;1.0625;1778;202;0;
6585;2026.05.18 05:15;4;10.5;10.75;2.3125;1778;202;0;
6586;2026.05.18 05:30;4;10.5;10.75;4.4375;1778;202;0;
6587;2026.05.18 05:45;4;10.5;10.75;7.375;1778;202;0;
6588;2026.05.18 06:00;4;10.5;10.75;8.625;1778;202;0;
6589;2026.05.18 06:15;4;10.5;10.75;10.125;1778;202;0;
6590;2026.05.18 06:30;4;10.5;10.75;13.125;1778;202;0;
6591;2026.05.18 06:45;4;10.5;10.75;15.1875;1778;202;0;
6592;2026.05.18 07:00;4;10.5;10.75;15.875;1777;202;0;
6593;2026.05.18 07:15;4;10.5;10.75;17.75;1777;202;0;
6594;2026.05.18 07:30;4;10.5;10.75;19.125;1777;202;0;
6595;2026.05.18 07:45;4;10.5;10.75;18.0625;1777;202;0;
6596;2026.05.18 08:00;4;10.5;10.75;16.0625;1777;202;0;
6597;2026.05.18 08:15;4;10.5;10.75;18.75;1777;202;0;
6598;2026.05.18 08:30;4;10.5;10.6875;20.75;1777;202;0;
6599;2026.05.18 08:45;4;10.5;10.6875;22;1777;202;0;
6600;2026.05.18 09:00;4;10.5;10.6875;22.1875;1777;202;0;
6601;2026.05.18 09:15;4;10.5;10.6875;23.875;1777;202;0;
6602;2026.05.18 09:30;4;10.5;10.6875;23.9375;1777;202;0;
6603;2026.05.18 09:45;4;10.5;10.625;22.375;1777;202;0;
6604;2026.05.18 10:00;4;10.5;10.625;21.625;1777;202;0;
6605;2026.05.18 10:15;4;10.5;10.625;20.9375;1777;202;0;
6606;2026.05.18 10:30;4;10.5;10.625;23.75;1777;202;0;
6607;2026.05.18 10:45;4;10.5;10.625;23;1777;202;0;
6608;2026.05.18 11:00;4;10.5;10.625;21.625;1777;202;0;
6609;2026.05.18 11:15;4;10.5;10.625;21;1777;202;0;
6610;2026.05.18 11:30;4;10.5;10.625;20.75;1777;202;0;
6611;2026.05.18 11:45;4;10.5;10.625;20.125;1777;202;0;
6612;2026.05.18 12:00;4;10.5;10.625;19.9375;1777;202;0;
6613;2026.05.18 12:15;4;10.5;10.625;22.25;1777;202;0;
6614;2026.05.18 12:30;4;10.5;10.625;22.125;1777;202;0;
6615;2026.05.18 12:45;4;10.5;10.625;26.375;1777;202;0;
6616;2026.05.18 13:00;4;10.5;10.625;26;1777;202;0;
6617;2026.05.18 13:15;4;10.5;10.625;25.25;1777;202;0;
6618;2026.05.18 13:30;4;10.5;10.625;28.0625;1777;202;0;
6619;2026.05.18 13:45;4;10.4375;10.625;28.125;1776;202;0;
6620;2026.05.18 14:00;4;10.5;10.625;25.75;1776;202;0;
6621;2026.05.18 14:15;4;10.4375;10.625;24.625;1776;202;0;
6622;2026.05.18 14:30;4;10.4375;10.625;23.125;1776;202;0;
6623;2026.05.18 14:45;4;10.4375;10.625;21.875;1776;202;0;
6624;2026.05.18 15:00;4;10.4375;10.625;20.125;1776;202;0;
6625;2026.05.18 15:15;4;10.4375;10.625;19.625;1776;202;0;
6626;2026.05.18 15:30;4;10.4375;10.625;19.5;1776;202;0;
6627;2026.05.18 15:45;4;10.4375;10.625;19.75;1776;202;0;
6628;2026.05.18 16:00;4;10.4375;10.625;20.1875;1776;202;0;
6629;2026.05.18 16:15;4;10.4375;10.625;19.75;1776;202;0;
6630;2026.05.18 16:30;4;10.4375;10.625;21;1776;202;0;
6631;2026.05.18 16:45;4;10.4375;10.625;18.25;1776;202;0;
6632;2026.05.18 17:00;4;10.4375;10.6875;17.375;1776;202;0;
6633;2026.05.18 17:15;4;10.4375;10.6875;16.9375;1776;202;0;
6634;2026.05.18 17:30;4;10.4375;10.6875;16.125;1776;202;0;
6635;2026.05.18 17:45;4;10.5;10.6875;14.625;1776;202;0;
6636;2026.05.18 18:00;4;10.5;10.75;12.25;1776;202;0;
6637;2026.05.18 18:15;4;10.5;10.75;10.5625;1776;202;0;
6638;2026.05.18 18:30;4;10.5;10.75;9.375;1775;202;0;
6639;2026.05.18 18:45;4;10.5;10.75;8.375;1775;202;0;
6640;2026.05.18 19:00;4;10.5;10.75;8;1775;202;0;
6641;2026.05.18 19:15;4;10.5;10.75;7.625;1775;202;0;
6642;2026.05.18 19:30;4;10.5;10.75;6.6875;1775;202;0;
6643;2026.05.18 19:45;4;10.5;10.75;6.625;1775;202;0;
6644;2026.05.18 20:00;4;10.5;10.8125;6.75;1775;202;0;
6645;2026.05.18 20:15;4;10.5;10.875;7.375;1775;202;0;
6646;2026.05.18 20:30;4;10.5;10.875;8.25;1775;202;0;
6647;2026.05.18 20:45;4;10.5;10.875;8.75;1775;202;0;
6648;2026.05.18 21:00;4;10.5;10.875;8.8125;1775;202;0;
6649;2026.05.18 21:15;4;10.5;10.875;9.125;1775;202;0;
6650;2026.05.18 21:30;4;10.5;10.875;9.25;1775;202;0;
6651;2026.05.18 21:45;4;10.5;10.875;8.9375;1775;202;0;
6652;2026.05.18 22:00;4;10.5;10.875;8.625;1775;202;0;
6653;2026.05.18 22:15;4;10.5;10.875;8.625;1775;202;0;
6654;2026.05.18 22:30;4;10.5;10.9375;8.625;1775;202;0;
6655;2026.05.18 22:45;4;10.5625;10.9375;8.75;1775;202;0;
6656;2026.05.18 23:00;4;10.5625;11;8.75;1775;202;0;
6657;2026.05.18 23:15;4;10.5625;11;8.5;1775;202;0;
6658;2026.05.18 23:30;4;10.5625;11;8.5;1775;202;0;
6659;2026.05.18 23:45;4;10.5625;11;8.5;1775;202;0;
6660;2026.05.19 00:00;4;10.5625;11;8.25;1775;202;0;
6661;2026.05.19 00:15;4;10.625;11;7.875;1775;202;0;
6662;2026.05.19 00:30;4;10.625;11;7.875;1775;202;0;
6663;2026.05.19 00:45;4;10.625;11;7.75;1774;202;0;
6664;2026.05.19 01:00;4;10.625;11;7.75;1774;202;0;
6665;2026.05.19 01:15;4;10.625;11;6.875;1774;202;0;
6666;2026.05.19 01:30;4;10.625;11;5.375;1774;202;0;
6667;2026.05.19 01:45;4;10.625;11;4.5;1774;202;0;
6668;2026.05.19 02:00;4;10.625;11;4.125;1774;202;0;
6669;2026.05.19 02:15;4;10.625;11.0625;4;1774;202;0;
6670;2026.05.19 02:30;4;10.625;11;3.5625;1774;202;0;
6671;2026.05.19 02:45;4;10.625;11.0625;3.4375;1774;202;0;
6672;2026.05.19 03:00;4;10.625;11.0625;3.1875;1774;202;0;
6673;2026.05.19 03:15;4;10.625;11;3.125;1774;202;0;
6674;2026.05.19 03:30;4;10.625;11;3.25;1774;202;0;
6675;2026.05.19 03:45;4;10.625;11;3.625;1774;202;0;
6676;2026.05.19 04:00;4;10.625;11;4.75;1774;202;0;
6677;2026.05.19 04:15;4;10.625;11;5.4375;1774;202;0;
6678;2026.05.19 04:30;4;10.625;11;6.375;1774;202;0;
6679;2026.05.19 04:45;4;10.625;11.0625;7.75;1774;202;0;
6680;2026.05.19 05:00;4;10.625;11;9.125;1774;202;0;
6681;2026.05.19 05:15;4;10.6875;11.0625;9.9375;1774;202;0;
6682;2026.05.19 05:30;4;10.6875;11.0625;10.875;1773;202;0;
6683;2026.05.19 05:45;4;10.6875;11.0625;11.25;1773;202;0;
6684;2026.05.19 06:00;4;10.6875;11;11.375;1773;202;0;
6685;2026.05.19 06:15;4;10.6875;11;12.75;1773;202;0;
6686;2026.05.19 06:30;4;10.6875;11;14;1773;202;0;
6687;2026.05.19 06:45;4;10.6875;11;13.5;1773;202;0;
6688;2026.05.19 07:00;4;10.6875;11;13.625;1773;202;0;
6689;2026.05.19 07:15;4;10.6875;11;14.125;1773;202;0;
6690;2026.05.19 07:30;4;10.6875;11;14.875;1773;202;0;
6691;2026.05.19 07:45;4;10.6875;11;15.875;1773;202;0;
6692;2026.05.19 08:00;4;10.6875;11;16.75;1773;202;0;
6693;2026.05.19 08:15;4;10.6875;11;17.375;1773;202;0;
6694;2026.05.19 08:30;4;10.6875;11;18.75;1773;202;0;
6695;2026.05.19 08:45;4;10.6875;11;21.875;1773;202;0;
6696;2026.05.19 09:00;4;10.6875;11;21.875;1773;202;0;
6697;2026.05.19 09:15;4;10.6875;11;22.5;1772;202;0;
6698;2026.05.19 09:30;4;10.6875;11;22.5;1772;202;0;
6699;2026.05.19 09:45;4;10.6875;11;24.3125;1772;202;0;
6700;2026.05.19 10:00;4;10.6875;11;27;1772;202;0;
6701;2026.05.19 10:15;4;10.6875;11;26.375;1772;202;0;
6702;2026.05.19 10:30;4;10.6875;11;24.75;1772;202;0;
6703;2026.05.19 10:45;4;10.6875;11;25.5;1772;202;0;
6704;2026.05.19 11:00;4;10.6875;11;28.25;1772;202;0;
6705;2026.05.19 11:15;4;10.6875;11;24.375;1772;202;0;
6706;2026.05.19 11:30;4;10.6875;11;26.25;1772;202;0;
6707;2026.05.19 11:45;4;10.6875;11;27.0625;1772;202;0;
6708;2026.05.19 12:00;4;10.6875;11;24.25;1772;202;0;
6709;2026.05.19 12:15;4;10.6875;11;22.625;1772;202;0;
6710;2026.05.19 12:30;4;10.6875;11;20.875;1772;202;0;
6711;2026.05.19 12:45;4;10.6875;11;19.375;1772;202;0;
6712;2026.05.19 13:00;4;10.6875;11;17.25;1771;202;0;
6713;2026.05.19 13:15;4;10.6875;11;16.125;1771;202;0;
6714;2026.05.19 13:30;4;10.6875;11;17.5;1771;202;0;
6715;2026.05.19 13:45;4;10.6875;11;18.625;1771;202;0;
6716;2026.05.19 14:00;4;10.6875;11;19;1771;202;0;
6717;2026.05.19 14:15;4;10.6875;11;21.75;1771;202;0;
6718;2026.05.19 14:30;4;10.6875;11;24.75;1771;202;0;
6719;2026.05.19 14:45;4;10.6875;11;24.25;1771;202;0;
6720;2026.05.19 15:00;4;10.6875;11;25.125;1771;202;0;
6721;2026.05.19 15:15;4;10.6875;11;25.125;1771;202;0;
6722;2026.05.19 15:30;4;10.6875;11;21.5;1771;202;0;
6723;2026.05.19 15:45;4;10.6875;11;19.25;1771;202;0;
6724;2026.05.19 16:00;4;10.6875;11;19.8125;1771;202;0;
6725;2026.05.19 16:15;4;10.6875;11;20.25;1771;202;0;
6726;2026.05.19 16:30;4;10.6875;11.0625;19.75;1771;202;0;
6727;2026.05.19 16:45;4;10.6875;11.0625;16.6875;1770;202;0;
6728;2026.05.19 17:00;4;10.75;11.0625;15.125;1770;202;0;
6729;2026.05.19 17:15;4;10.75;11.0625;14.25;1770;202;0;
6730;2026.05.19 17:30;4;10.75;11.125;13.375;1770;202;0;
6731;2026.05.19 17:45;4;10.75;11.125;12.375;1770;202;0;
6732;2026.05.19 18:00;4;10.75;11.125;11.3125;1770;202;0;
6733;2026.05.19 18:15;4;10.75;11.125;10.375;1770;202;0;
6734;2026.05.19 18:30;4;10.75;11.125;9.5;1770;202;0;
6735;2026.05.19 18:45;4;10.75;11.125;8.875;1770;202;0;
6736;2026.05.19 19:00;4;10.75;11.125;9;1770;202;0;
6737;2026.05.19 19:15;4;10.75;11.125;9.125;1770;202;0;
6738;2026.05.19 19:30;4;10.75;11.1875;8.8125;1770;202;0;
6739;2026.05.19 19:45;4;10.75;11.1875;8.625;1770;202;0;
6740;2026.05.19 20:00;4;10.75;11.1875;8.75;1770;202;0;
6741;2026.05.19 20:15;4;10.75;11.25;8.375;1770;202;0;
6742;2026.05.19 20:30;4;10.75;11.25;8.25;1769;202;0;
6743;2026.05.19 20:45;4;10.75;11.25;8.25;1769;202;0;
6744;2026.05.19 21:00;4;10.75;11.25;9;1769;202;0;
6745;2026.05.19 21:15;4;10.75;11.25;9.5;1769;202;0;
6746;2026.05.19 21:30;4;10.75;11.25;9.5;1769;202;0;
6747;2026.05.19 21:45;4;10.8125;11.25;8.75;1769;202;0;
6748;2026.05.19 22:00;4;10.8125;11.3125;8.4375;1769;202;0;
6749;2026.05.19 22:15;4;10.8125;11.3125;8.125;1769;202;0;
6750;2026.05.19 22:30;4;10.8125;11.3125;7.5;1769;202;0;
6751;2026.05.19 22:45;4;10.8125;11.375;6.8125;1769;202;0;
6752;2026.05.19 23:00;4;10.8125;11.375;6.5;1769;202;0;
6753;2026.05.19 23:15;4;10.875;11.3125;6.125;1769;202;0;
6754;2026.05.19 23:30;4;10.875;11.375;5.4375;1769;202;0;
6755;2026.05.19 23:45;4;10.875;11.375;5;1769;202;0;
6756;2026.05.20 00:00;4;10.875;11.375;4.8125;1769;202;0;
6757;2026.05.20 00:15;4;10.875;11.375;4.625;1769;202;0;
6758;2026.05.20 00:30;4;10.875;11.375;4.9375;1769;202;0;
6759;2026.05.20 00:45;4;10.875;11.375;4.375;1769;202;0;
6760;2026.05.20 01:00;4;10.875;11.375;4.5;1768;202;0;
6761;2026.05.20 01:15;4;10.875;11.375;4.25;1768;202;0;
6762;2026.05.20 01:30;4;10.875;11.375;4.1875;1768;202;0;
6763;2026.05.20 01:45;4;10.875;11.375;4.125;1768;202;0;
6764;2026.05.20 02:00;4;10.875;11.375;4.1875;1768;202;0;
6765;2026.05.20 02:15;4;10.875;11.375;5.25;1768;202;0;
6766;2026.05.20 02:30;4;10.875;11.375;5.75;1768;202;0;
6767;2026.05.20 02:45;4;10.875;11.375;6.25;1768;202;0;
6768;2026.05.20 03:00;4;10.875;11.375;6.5;1768;202;0;
6769;2026.05.20 03:15;4;10.875;11.375;6.375;1768;202;0;
6770;2026.05.20 03:30;4;10.875;11.375;6.4375;1768;202;0;
6771;2026.05.20 03:45;4;10.875;11.375;6.75;1768;202;0;
6772;2026.05.20 04:00;4;10.9375;11.375;6.875;1768;202;0;
6773;2026.05.20 04:15;4;10.875;11.375;7.875;1767;202;0;
6774;2026.05.20 04:30;4;10.875;11.375;9.125;1767;202;0;
6775;2026.05.20 04:45;4;10.875;11.375;10.375;1767;202;0;
6776;2026.05.20 05:00;4;10.9375;11.375;10.75;1767;202;0;
6777;2026.05.20 05:15;4;10.9375;11.375;11.3125;1767;202;0;
6778;2026.05.20 05:30;4;10.9375;11.375;11.875;1767;202;0;
6779;2026.05.20 05:45;4;10.9375;11.375;11.625;1767;202;0;
6780;2026.05.20 06:00;4;10.9375;11.375;14.375;1767;202;0;
6781;2026.05.20 06:15;4;10.9375;11.375;14.8125;1767;202;0;
6782;2026.05.20 06:30;4;10.9375;11.375;16.25;1767;202;0;
6783;2026.05.20 06:45;4;10.9375;11.375;17.5;1767;202;0;
6784;2026.05.20 07:00;4;10.9375;11.375;18.25;1767;202;0;
6785;2026.05.20 07:15;4;10.9375;11.375;20.5625;1767;202;0;
6786;2026.05.20 07:30;4;10.9375;11.375;21.4375;1766;202;0;
6787;2026.05.20 07:45;4;10.9375;11.3125;21.3125;1766;202;0;
6788;2026.05.20 08:00;4;10.9375;11.375;21.875;1764;202;0;
6789;2026.05.20 08:15;4;10.9375;11.3125;21.75;1763;202;0;
6790;2026.05.20 08:30;4;10.9375;11.3125;22.125;1763;202;0;
6791;2026.05.20 08:45;4;10.9375;11.3125;23.25;1763;202;0;
6792;2026.05.20 09:00;4;10.9375;11.25;21.625;1762;202;0;
6793;2026.05.20 09:15;4;10.9375;11.25;21;1762;202;0;
6794;2026.05.20 09:30;4;10.9375;11.25;21.375;1762;202;0;
6795;2026.05.20 09:45;4;10.9375;11.25;21.875;1762;202;0;
6796;2026.05.20 10:00;4;10.9375;11.25;21.75;1762;202;0;
6797;2026.05.20 10:15;4;10.9375;11.25;22.5;1762;202;0;
6798;2026.05.20 10:30;4;10.9375;11.25;23.25;1762;202;0;
6799;2026.05.20 10:45;4;10.9375;11.25;22.4375;1762;202;0;
6800;2026.05.20 11:00;4;10.9375;11.25;21.875;1762;202;0;
6801;2026.05.20 11:15;4;10.9375;11.25;22;1762;202;0;
6802;2026.05.20 11:30;4;10.9375;11.25;23.4375;1762;202;0;
6803;2026.05.20 11:45;4;10.9375;11.25;22.25;1762;202;0;
6804;2026.05.20 12:00;4;10.9375;11.25;20.625;1761;202;0;
6805;2026.05.20 12:15;4;10.9375;11.25;20.5;1761;202;0;
6806;2026.05.20 12:30;4;10.9375;11.25;19.75;1761;202;0;
6807;2026.05.20 12:45;4;10.875;11.25;21.0625;1761;202;0;
6808;2026.05.20 13:00;4;10.875;11.25;20.6875;1761;202;0;
6809;2026.05.20 13:15;4;10.9375;11.25;18.9375;1761;202;0;
6810;2026.05.20 13:30;4;10.9375;11.25;19.5;1761;202;0;
6811;2026.05.20 13:45;4;10.9375;11.25;21.25;1761;202;0;
6812;2026.05.20 14:00;4;10.9375;11.3125;22.75;1761;202;0;
6813;2026.05.20 14:15;4;10.9375;11.25;23.25;1761;202;0;
6814;2026.05.20 14:30;4;10.875;11.25;20.9375;1761;202;0;
6815;2026.05.20 14:45;4;10.9375;11.25;21.3125;1761;202;0;
6816;2026.05.20 15:00;4;10.9375;11.3125;23.9375;1761;202;0;
6817;2026.05.20 15:15;4;10.9375;11.3125;22.25;1760;202;0;
6818;2026.05.20 15:30;4;10.9375;11.3125;20.75;1760;202;0;
6819;2026.05.20 15:45;4;10.9375;11.375;19.625;1760;202;0;
6820;2026.05.20 16:00;4;10.9375;11.375;18.75;1760;202;0;
6821;2026.05.20 16:15;4;10.9375;11.375;19.125;1760;202;0;
6822;2026.05.20 16:30;4;10.9375;11.375;19.0625;1760;202;0;
6823;2026.05.20 16:45;4;10.9375;11.375;18.25;1760;202;0;
6824;2026.05.20 17:00;4;10.9375;11.375;17.625;1760;202;0;
6825;2026.05.20 17:15;4;10.9375;11.375;17.625;1760;202;0;
6826;2026.05.20 17:30;4;10.9375;11.375;17.0625;1760;202;0;
6827;2026.05.20 17:45;4;10.9375;11.375;16;1760;202;0;
6828;2026.05.20 18:00;4;10.9375;11.375;15.375;1760;202;0;
6829;2026.05.20 18:15;4;10.9375;11.375;14.875;1760;202;0;
6830;2026.05.20 18:30;4;10.9375;11.375;14.375;1760;202;0;
6831;2026.05.20 18:45;4;11;11.4375;13.875;1759;202;0;
6832;2026.05.20 19:00;4;11;11.4375;13.375;1759;202;0;
6833;2026.05.20 19:15;4;11;11.4375;13.125;1759;202;0;
6834;2026.05.20 19:30;4;11;11.5;13.125;1759;202;0;
6835;2026.05.20 19:45;4;11;11.5;13;1759;202;0;
6836;2026.05.20 20:00;4;11;11.5;13;1759;202;0;
6837;2026.05.20 20:15;4;11;11.5;12.625;1759;202;0;
6838;2026.05.20 20:30;4;11;11.5;11.625;1759;202;0;
6839;2026.05.20 20:45;4;11;11.5;11.125;1759;202;0;
6840;2026.05.20 21:00;4;11;11.5;10.75;1759;202;0;
6841;2026.05.20 21:15;4;11;11.5;10.1875;1759;202;0;
6842;2026.05.20 21:30;4;11;11.5;9.625;1759;202;0;
6843;2026.05.20 21:45;4;11;11.5;9;1759;202;0;
6844;2026.05.20 22:00;4;11;11.5;8.25;1759;202;0;
6845;2026.05.20 22:15;4;11;11.5625;7.625;1759;202;0;
6846;2026.05.20 22:30;4;11;11.5625;8.5625;1758;202;0;
6847;2026.05.20 22:45;4;11;11.5625;9.3125;1758;202;0;
6848;2026.05.20 23:00;4;11;11.5625;9.5;1758;202;0;
6849;2026.05.20 23:15;4;11.0625;11.625;8.4375;1758;202;0;
6850;2026.05.20 23:30;4;11.0625;11.625;7.375;1758;202;0;
6851;2026.05.20 23:45;4;11.0625;11.625;6.875;1758;202;0;
6852;2026.05.21 00:00;4;11.0625;11.625;6.5;1758;202;0;
6853;2026.05.21 00:15;4;11.0625;11.625;6.0625;1758;202;0;
6854;2026.05.21 00:30;4;11.0625;11.625;6.0625;1758;202;0;
6855;2026.05.21 00:45;4;11.125;11.625;6.25;1758;202;0;
6856;2026.05.21 01:00;4;11.0625;11.625;7.6875;1758;202;0;
6857;2026.05.21 01:15;4;11.125;11.625;7.875;1758;202;0;
6858;2026.05.21 01:30;4;11.125;11.625;7.375;1758;202;0;
6859;2026.05.21 01:45;4;11.125;11.625;7.375;1758;202;0;
6860;2026.05.21 02:00;4;11.125;11.625;8.1875;1758;202;0;
6861;2026.05.21 02:15;4;11.125;11.625;8.625;1758;202;0;
6862;2026.05.21 02:30;4;11.125;11.625;9;1758;202;0;
6863;2026.05.21 02:45;4;11.125;11.625;8.9375;1757;202;0;
6864;2026.05.21 03:00;4;11.125;11.625;8.5;1757;202;0;
6865;2026.05.21 03:15;4;11.125;11.625;8.5;1757;202;0;
6866;2026.05.21 03:30;4;11.125;11.625;8.9375;1757;202;0;
6867;2026.05.21 03:45;4;11.125;11.625;8.875;1757;202;0;
6868;2026.05.21 04:00;4;11.125;11.625;8.875;1757;202;0;
6869;2026.05.21 04:15;4;11.125;11.625;9.875;1757;202;0;
6870;2026.05.21 04:30;4;11.125;11.625;10.5;1757;202;0;
6871;2026.05.21 04:45;4;11.125;11.625;10.875;1757;202;0;
6872;2026.05.21 05:00;4;11.125;11.625;10.625;1757;202;0;
6873;2026.05.21 05:15;4;11.125;11.625;10.5;1757;202;0;
6874;2026.05.21 05:30;4;11.125;11.625;11.6875;1757;202;0;
6875;2026.05.21 05:45;4;11.125;11.625;14.5;1757;202;0;
6876;2026.05.21 06:00;4;11.125;11.625;16.875;1756;202;0;
6877;2026.05.21 06:15;4;11.125;11.625;17.5;1756;202;0;
6878;2026.05.21 06:30;4;11.125;11.625;19.125;1756;202;0;
6879;2026.05.21 06:45;4;11.125;11.625;19.9375;1756;202;0;
6880;2026.05.21 07:00;4;11.125;11.625;20.875;1756;202;0;
6881;2026.05.21 07:15;4;11.125;11.625;19.3125;1756;202;0;
6882;2026.05.21 07:30;4;11.125;11.625;19.3125;1756;202;0;
6883;2026.05.21 07:45;4;11.125;11.625;19.75;1756;202;0;
6884;2026.05.21 08:00;4;11.125;11.625;18.625;1756;202;0;
6885;2026.05.21 08:15;4;11.125;11.625;20.5;1756;202;0;
6886;2026.05.21 08:30;4;11.125;11.625;20.5625;1756;202;0;
6887;2026.05.21 08:45;4;11.125;11.625;20.6875;1756;202;0;
6888;2026.05.21 09:00;4;11.125;11.625;19.25;1756;202;0;
6889;2026.05.21 09:15;4;11.125;11.5625;20.125;1756;202;0;
6890;2026.05.21 09:30;4;11.125;11.5625;20.25;1756;202;0;
6891;2026.05.21 09:45;4;11.125;11.625;18.25;1755;202;0;
6892;2026.05.21 10:00;4;11.125;11.625;17.9375;1755;202;0;
6893;2026.05.21 10:15;4;11.125;11.625;18.5;1755;202;0;
6894;2026.05.21 10:30;4;11.125;11.5625;18.5;1755;202;0;
6895;2026.05.21 10:45;4;11.125;11.5625;19.375;1755;202;0;
6896;2026.05.21 11:00;4;11.125;11.5625;20.25;1755;202;0;
6897;2026.05.21 11:15;4;11.125;11.625;21.0625;1755;202;0;
6898;2026.05.21 11:30;4;11.125;11.5625;19;1755;202;0;
6899;2026.05.21 11:45;4;11.125;11.625;18.875;1755;202;0;
6900;2026.05.21 12:00;4;11.125;11.625;21.125;1755;202;0;
6901;2026.05.21 12:15;4;11.125;11.5625;20.9375;1755;202;0;
6902;2026.05.21 12:30;4;11.125;11.625;19.5625;1755;202;0;
6903;2026.05.21 12:45;4;11.125;11.625;19.875;1755;202;0;
6904;2026.05.21 13:00;4;11.125;11.5625;20.9375;1754;202;0;
6905;2026.05.21 13:15;4;11.125;11.625;21.5625;1754;202;0;
6906;2026.05.21 13:30;4;11.125;11.5625;21.4375;1754;202;0;
6907;2026.05.21 13:45;4;11.125;11.625;21.125;1754;202;0;
6908;2026.05.21 14:00;4;11.125;11.625;20.5625;1754;202;0;
6909;2026.05.21 14:15;4;11.125;11.625;20;1754;202;0;
6910;2026.05.21 14:30;4;11.125;11.625;19.5;1754;202;0;
6911;2026.05.21 14:45;4;11.125;11.625;23.125;1754;202;0;
6912;2026.05.21 15:00;4;11.125;11.625;25.375;1754;202;0;
6913;2026.05.21 15:15;4;11.125;11.625;23.375;1754;202;0;
6914;2026.05.21 15:30;4;11.125;11.625;21;1754;202;0;
6915;2026.05.21 15:45;4;11.125;11.625;19.8125;1754;202;0;
6916;2026.05.21 16:00;4;11.125;11.625;19.1875;1754;202;0;
6917;2026.05.21 16:15;4;11.125;11.625;18.75;1754;202;0;
6918;2026.05.21 16:30;4;11.125;11.625;17.625;1753;202;0;
6919;2026.05.21 16:45;4;11.125;11.625;17.75;1753;202;0;
6920;2026.05.21 17:00;4;11.125;11.625;17.75;1753;202;0;
6921;2026.05.21 17:15;4;11.1875;11.625;18;1753;202;0;
6922;2026.05.21 17:30;4;11.125;11.625;16.75;1753;202;0;
6923;2026.05.21 17:45;4;11.125;11.625;15.75;1753;202;0;
6924;2026.05.21 18:00;4;11.1875;11.6875;14.5;1753;202;0;
6925;2026.05.21 18:15;4;11.1875;11.6875;12.875;1753;202;0;
6926;2026.05.21 18:30;4;11.1875;11.6875;11.25;1753;202;0;
6927;2026.05.21 18:45;4;11.1875;11.6875;10.3125;1753;202;0;
6928;2026.05.21 19:00;4;11.1875;11.6875;9.625;1753;202;0;
6929;2026.05.21 19:15;4;11.1875;11.75;9.4375;1753;202;0;
6930;2026.05.21 19:30;4;11.1875;11.75;8.9375;1753;202;0;
6931;2026.05.21 19:45;4;11.1875;11.75;8.75;1753;202;0;
6932;2026.05.21 20:00;4;11.25;11.75;8.375;1753;202;0;
6933;2026.05.21 20:15;4;11.25;11.75;8.125;1753;202;0;
6934;2026.05.21 20:30;4;11.25;11.75;7.9375;1752;202;0;
6935;2026.05.21 20:45;4;11.25;11.75;7.8125;1752;202;0;
6936;2026.05.21 21:00;4;11.25;11.75;7.9375;1752;202;0;
6937;2026.05.21 21:15;4;11.25;11.75;7.75;1752;202;0;
6938;2026.05.21 21:30;4;11.25;11.75;7.625;1752;202;0;
6939;2026.05.21 21:45;4;11.25;11.75;7.25;1752;202;0;
6940;2026.05.21 22:00;4;11.25;11.75;6.375;1752;202;0;
6941;2026.05.21 22:15;4;11.25;11.75;6.25;1752;202;0;
6942;2026.05.21 22:30;4;11.25;11.75;6.5625;1752;202;0;
6943;2026.05.21 22:45;4;11.25;11.8125;6.0625;1752;202;0;
6944;2026.05.21 23:00;4;11.25;11.8125;5.5;1752;202;0;
6945;2026.05.21 23:15;4;11.25;11.8125;5.3125;1752;202;0;
6946;2026.05.21 23:30;4;11.25;11.8125;5.5625;1752;202;0;
6947;2026.05.21 23:45;4;11.25;11.8125;5.6875;1751;202;0;
6948;2026.05.22 00:00;4;11.25;11.8125;5.3125;1751;202;0;
6949;2026.05.22 00:15;4;11.25;11.8125;5.5;1751;202;0;
6950;2026.05.22 00:30;4;11.25;11.8125;5.5;1751;202;0;
6951;2026.05.22 00:45;4;11.25;11.8125;5.375;1751;202;0;
6952;2026.05.22 01:00;4;11.25;11.8125;4.75;1751;202;0;
6953;2026.05.22 01:15;4;11.25;11.8125;4.5;1751;202;0;
6954;2026.05.22 01:30;4;11.25;11.8125;4.625;1751;202;0;
6955;2026.05.22 01:45;4;11.25;11.8125;4.25;1751;202;0;
6956;2026.05.22 02:00;4;11.25;11.8125;3.875;1751;202;0;
6957;2026.05.22 02:15;4;11.25;11.8125;3.6875;1751;202;0;
6958;2026.05.22 02:30;4;11.3125;11.8125;4;1751;202;0;
6959;2026.05.22 02:45;4;11.3125;11.8125;3.75;1751;202;0;
6960;2026.05.22 03:00;4;11.3125;11.8125;3.25;1751;202;0;
6961;2026.05.22 03:15;4;11.3125;11.8125;3.875;1751;202;0;
6962;2026.05.22 03:30;4;11.3125;11.8125;3.8125;1750;202;0;
6963;2026.05.22 03:45;4;11.3125;11.8125;3.875;1750;202;0;
6964;2026.05.22 04:00;4;11.3125;11.8125;4.125;1750;202;0;
6965;2026.05.22 04:15;4;11.3125;11.8125;5;1750;202;0;
6966;2026.05.22 04:30;4;11.3125;11.8125;5.5;1750;202;0;
6967;2026.05.22 04:45;4;11.3125;11.75;6.875;1750;202;0;
6968;2026.05.22 05:00;4;11.3125;11.75;7.4375;1750;202;0;
6969;2026.05.22 05:15;4;11.3125;11.75;8.1875;1750;202;0;
6970;2026.05.22 05:30;4;11.3125;11.75;9.125;1750;202;0;
6971;2026.05.22 05:45;4;11.3125;11.75;13;1750;202;0;
6972;2026.05.22 06:00;4;11.3125;11.75;16.125;1750;202;0;
6973;2026.05.22 06:15;4;11.3125;11.75;17.875;1750;202;0;
6974;2026.05.22 06:30;4;11.3125;11.75;19.4375;1749;202;0;
6975;2026.05.22 06:45;4;11.3125;11.75;20;1749;202;0;
6976;2026.05.22 07:00;4;11.3125;11.75;20.4375;1749;202;0;
6977;2026.05.22 07:15;4;11.3125;11.75;21.625;1749;202;0;
6978;2026.05.22 07:30;4;11.3125;11.75;22.125;1749;202;0;
6979;2026.05.22 07:45;4;11.3125;11.6875;20.9375;1749;202;0;
6980;2026.05.22 08:00;4;11.3125;11.75;20.1875;1749;202;0;
6981;2026.05.22 08:15;4;11.3125;11.6875;21.75;1749;202;0;
6982;2026.05.22 08:30;4;11.3125;11.6875;22.75;1749;202;0;
6983;2026.05.22 08:45;4;11.3125;11.625;23.625;1749;202;0;
6984;2026.05.22 09:00;4;11.25;11.6875;23.125;1749;202;0;
6985;2026.05.22 09:15;4;11.25;11.625;23.8125;1749;202;0;
6986;2026.05.22 09:30;4;11.25;11.625;25.125;1749;202;0;
6987;2026.05.22 09:45;4;11.25;11.625;23.8125;1748;202;0;
6988;2026.05.22 10:00;4;11.25;11.625;25.0625;1748;202;0;
6989;2026.05.22 10:15;4;11.25;11.625;25.75;1748;202;0;
6990;2026.05.22 10:30;4;11.25;11.625;25.375;1748;202;0;
6991;2026.05.22 10:45;4;11.25;11.625;25.125;1748;202;0;
6992;2026.05.22 11:00;4;11.25;11.625;25;1748;202;0;
6993;2026.05.22 11:15;4;11.25;11.625;25.6875;1748;202;0;
6994;2026.05.22 11:30;4;11.25;11.625;27.5;1748;202;0;
6995;2026.05.22 11:45;4;11.25;11.625;29.25;1748;202;0;
6996;2026.05.22 12:00;4;11.25;11.625;26.6875;1748;202;0;
6997;2026.05.22 12:15;4;11.25;11.625;25.5625;1748;202;0;
6998;2026.05.22 12:30;4;11.25;11.625;25.625;1748;202;0;
6999;2026.05.22 12:45;4;11.25;11.625;24.375;1747;202;0;
7000;2026.05.22 13:00;4;11.25;11.625;24.5625;1747;202;0;
7001;2026.05.22 13:15;4;11.25;11.625;24.0625;1747;202;0;
7002;2026.05.22 13:30;4;11.25;11.625;25;1747;202;0;
7003;2026.05.22 13:45;4;11.25;11.625;24.6875;1747;202;0;
7004;2026.05.22 14:00;4;11.25;11.625;23.6875;1747;202;0;
7005;2026.05.22 14:15;4;11.25;11.625;27.1875;1747;202;0;
7006;2026.05.22 14:30;4;11.25;11.625;24.375;1747;202;0;
7007;2026.05.22 14:45;4;11.25;11.625;23.5625;1747;202;0;
7008;2026.05.22 15:00;4;11.25;11.625;23.9375;1747;202;0;
7009;2026.05.22 15:15;4;11.25;11.625;22.75;1747;202;0;
7010;2026.05.22 15:30;4;11.25;11.625;22.25;1747;202;0;
7011;2026.05.22 15:45;4;11.25;11.625;22.375;1747;202;0;
7012;2026.05.22 16:00;4;11.25;11.625;23.0625;1746;202;0;
7013;2026.05.22 16:15;4;11.25;11.6875;23.25;1746;202;0;
7014;2026.05.22 16:30;4;11.25;11.6875;22.4375;1746;202;0;
7015;2026.05.22 16:45;4;11.25;11.6875;21.25;1746;202;0;
7016;2026.05.22 17:00;4;11.25;11.75;20.9375;1746;202;0;
7017;2026.05.22 17:15;4;11.25;11.75;20.5625;1746;202;0;
7018;2026.05.22 17:30;4;11.25;11.75;20.25;1746;202;0;
7019;2026.05.22 17:45;4;11.25;11.75;19.375;1746;202;0;
7020;2026.05.22 18:00;4;11.25;11.75;18.5;1746;202;0;
7021;2026.05.22 18:15;4;11.25;11.75;17.5;1746;202;0;
7022;2026.05.22 18:30;4;11.25;11.75;15.75;1746;202;0;
7023;2026.05.22 18:45;4;11.25;11.75;14.8125;1746;202;0;
7024;2026.05.22 19:00;4;11.25;11.8125;14.4375;1746;202;0;
7025;2026.05.22 19:15;4;11.25;11.8125;13.875;1746;202;0;
7026;2026.05.22 19:30;4;11.3125;11.8125;12.75;1746;202;0;
7027;2026.05.22 19:45;4;11.3125;11.8125;11.75;1745;202;0;
7028;2026.05.22 20:00;4;11.3125;11.875;11.5625;1745;202;0;
7029;2026.05.22 20:15;4;11.3125;11.875;11.625;1745;202;0;
7030;2026.05.22 20:30;4;11.3125;11.875;11.375;1745;202;0;
7031;2026.05.22 20:45;4;11.3125;11.875;11.375;1745;202;0;
7032;2026.05.22 21:00;4;11.3125;11.875;11.125;1745;202;0;
7033;2026.05.22 21:15;4;11.375;11.875;10.6875;1745;202;0;
7034;2026.05.22 21:30;4;11.375;11.875;9.6875;1745;202;0;
7035;2026.05.22 21:45;4;11.375;11.875;9.125;1745;202;0;
7036;2026.05.22 22:00;4;11.375;11.9375;9.4375;1745;202;0;
7037;2026.05.22 22:15;4;11.375;11.9375;9.4375;1745;202;0;
7038;2026.05.22 22:30;4;11.375;11.9375;9;1745;202;0;
7039;2026.05.22 22:45;4;11.375;12;8.75;1745;202;0;
7040;2026.05.22 23:00;4;11.375;12;8.25;1745;202;0;
7041;2026.05.22 23:15;4;11.375;12;8.125;1745;202;0;
7042;2026.05.22 23:30;4;11.375;12;8.25;1745;202;0;
7043;2026.05.22 23:45;4;11.375;12;7.875;1744;202;0;
7044;2026.05.23 00:00;4;11.375;12;7.75;1744;202;0;
7045;2026.05.23 00:15;4;11.375;12;7.75;1744;202;0;
7046;2026.05.23 00:30;4;11.375;12;7.0625;1744;202;0;
7047;2026.05.23 00:45;4;11.375;12;6.8125;1744;202;0;
7048;2026.05.23 01:00;4;11.4375;12;6.875;1744;202;0;
7049;2026.05.23 01:15;4;11.4375;12;6.6875;1744;202;0;
7050;2026.05.23 01:30;4;11.4375;12;6.375;1744;202;0;
7051;2026.05.23 01:45;4;11.4375;12;6.5;1744;202;0;
7052;2026.05.23 02:00;4;11.4375;12;6.75;1744;202;0;
7053;2026.05.23 02:15;4;11.5;12.0625;6.125;1744;202;0;
7054;2026.05.23 02:30;4;11.4375;12.0625;6.25;1744;202;0;
7055;2026.05.23 02:45;4;11.5;12.0625;5.8125;1744;202;0;
7056;2026.05.23 03:00;4;11.5;12.0625;5.375;1744;202;0;
7057;2026.05.23 03:15;4;11.5;12.0625;5.4375;1744;202;0;
7058;2026.05.23 03:30;4;11.5;12.0625;5.5;1744;202;0;
7059;2026.05.23 03:45;4;11.5;12.0625;6;1743;202;0;
7060;2026.05.23 04:00;4;11.5;12.0625;6.375;1743;202;0;
7061;2026.05.23 04:15;4;11.5;12.0625;6.375;1743;202;0;
7062;2026.05.23 04:30;4;11.5;12.0625;7.0625;1743;202;0;
7063;2026.05.23 04:45;4;11.5;12.0625;8.125;1743;202;0;
7064;2026.05.23 05:00;4;11.5;12.0625;9.125;1743;202;0;
7065;2026.05.23 05:15;4;11.5;12.0625;10.0625;1743;202;0;
7066;2026.05.23 05:30;4;11.5;12.0625;11.4375;1743;202;0;
7067;2026.05.23 05:45;4;11.5;12;15.125;1743;202;0;
7068;2026.05.23 06:00;4;11.5;12;17.9375;1743;202;0;
7069;2026.05.23 06:15;4;11.5;12;19.625;1743;202;0;
7070;2026.05.23 06:30;4;11.5;12;20.75;1743;202;0;
7071;2026.05.23 06:45;4;11.5;12;21.9375;1743;202;0;
7072;2026.05.23 07:00;4;11.5;12;22.5;1743;202;0;
7073;2026.05.23 07:15;4;11.5;12;23.1875;1742;202;0;
7074;2026.05.23 07:30;4;11.5;12;23.875;1742;202;0;
7075;2026.05.23 07:45;4;11.5;12;22.875;1742;202;0;
7076;2026.05.23 08:00;4;11.5;12;21.375;1742;202;0;
7077;2026.05.23 08:15;4;11.5;12;23.4375;1742;202;0;
7078;2026.05.23 08:30;4;11.5;12;25.625;1742;202;0;
7079;2026.05.23 08:45;4;11.5;12;26.875;1742;202;0;
7080;2026.05.23 09:00;4;11.5;12;27.125;1742;202;0;
7081;2026.05.23 09:15;4;11.5;12;27.875;1742;202;0;
7082;2026.05.23 09:30;4;11.5;12;28.125;1742;202;0;
7083;2026.05.23 09:45;4;11.5;12;28.75;1742;202;0;
7084;2026.05.23 10:00;4;11.5;12;29.25;1742;202;0;
7085;2026.05.23 10:15;4;11.5;12;29.1875;1742;202;0;
7086;2026.05.23 10:30;4;11.5;11.9375;29.25;1741;202;0;
7087;2026.05.23 10:45;4;11.5;12;29.625;1741;202;0;
7088;2026.05.23 11:00;4;11.5;12;30.0625;1741;202;0;
7089;2026.05.23 11:15;4;11.5;12;27.875;1741;202;0;
7090;2026.05.23 11:30;4;11.5;12;30.375;1741;202;0;
7091;2026.05.23 11:45;4;11.5;12;30.75;1741;202;0;
7092;2026.05.23 12:00;4;11.5;12;31;1741;202;0;
7093;2026.05.23 12:15;4;11.5;11.9375;31.125;1741;202;0;
7094;2026.05.23 12:30;4;11.5;12;31.875;1741;202;0;
7095;2026.05.23 12:45;4;11.5;11.9375;31.375;1741;202;0;
7096;2026.05.23 13:00;4;11.5;12;31.625;1741;202;0;
7097;2026.05.23 13:15;4;11.5;12;32.5625;1741;202;0;
7098;2026.05.23 13:30;4;11.5;12;32.5625;1740;202;0;
7099;2026.05.23 13:45;4;11.5;12;32.25;1740;202;0;
7100;2026.05.23 14:00;4;11.5;12;32.875;1740;202;0;
7101;2026.05.23 14:15;4;11.5;12;32.5;1740;202;0;
7102;2026.05.23 14:30;4;11.5;12;31.625;1740;202;0;
7103;2026.05.23 14:45;4;11.5;12;31.4375;1740;202;0;
7104;2026.05.23 15:00;4;11.5;12;30.4375;1740;202;0;
7105;2026.05.23 15:15;4;11.5;12;28.125;1740;202;0;
7106;2026.05.23 15:30;4;11.5;12;26.125;1740;202;0;
7107;2026.05.23 15:45;4;11.5;12.0625;25.25;1740;202;0;
7108;2026.05.23 16:00;4;11.5;12.0625;25.5;1740;202;0;
7109;2026.05.23 16:15;4;11.5;12.0625;25.8125;1740;202;0;
7110;2026.05.23 16:30;4;11.5;12.125;24.8125;1740;202;0;
7111;2026.05.23 16:45;4;11.5;12.125;24;1740;202;0;
7112;2026.05.23 17:00;4;11.5;12.125;22.625;1739;202;0;
7113;2026.05.23 17:15;4;11.5;12.125;22.1875;1739;202;0;
7114;2026.05.23 17:30;4;11.5625;12.125;20.875;1739;202;0;
7115;2026.05.23 17:45;4;11.5625;12.125;19.75;1739;202;0;
7116;2026.05.23 18:00;4;11.5625;12.1875;18.4375;1739;202;0;
7117;2026.05.23 18:15;4;11.5625;12.1875;17.25;1739;202;0;
7118;2026.05.23 18:30;4;11.5625;12.1875;16.6875;1739;202;0;
7119;2026.05.23 18:45;4;11.5625;12.25;16.875;1739;202;0;
7120;2026.05.23 19:00;4;11.625;12.25;16.125;1739;202;0;
7121;2026.05.23 19:15;4;11.625;12.25;14.875;1739;202;0;
7122;2026.05.23 19:30;4;11.625;12.25;13.875;1739;202;0;
7123;2026.05.23 19:45;4;11.625;12.25;13.4375;1739;202;0;
7124;2026.05.23 20:00;4;11.625;12.3125;12.9375;1739;202;0;
7125;2026.05.23 20:15;4;11.625;12.3125;12.75;1739;202;0;
7126;2026.05.23 20:30;4;11.625;12.3125;12;1739;202;0;
7127;2026.05.23 20:45;4;11.625;12.375;11.5;1739;202;0;
7128;2026.05.23 21:00;4;11.625;12.375;11.125;1738;202;0;
7129;2026.05.23 21:15;4;11.625;12.375;10.875;1738;202;0;
7130;2026.05.23 21:30;4;11.625;12.375;10.5;1738;202;0;
7131;2026.05.23 21:45;4;11.625;12.375;11.25;1738;202;0;
7132;2026.05.23 22:00;4;11.6875;12.375;11.5;1738;202;0;
7133;2026.05.23 22:15;4;11.6875;12.4375;11;1738;202;0;
7134;2026.05.23 22:30;4;11.6875;12.4375;11.4375;1738;202;0;
7135;2026.05.23 22:45;4;11.6875;12.4375;11.25;1738;202;0;
7136;2026.05.23 23:00;4;11.75;12.5;10.5;1738;202;0;
7137;2026.05.23 23:15;4;11.75;12.5;10.625;1738;202;0;
7138;2026.05.23 23:30;4;11.75;12.5;10.25;1738;202;0;
7139;2026.05.23 23:45;4;11.75;12.5;9.4375;1738;202;0;
7140;2026.05.24 00:00;4;11.75;12.5;9.4375;1738;202;0;
7141;2026.05.24 00:15;4;11.75;12.5;9.125;1738;202;0;
7142;2026.05.24 00:30;4;11.75;12.5;9.25;1738;202;0;
7143;2026.05.24 00:45;4;11.75;12.5;9.125;1738;202;0;
7144;2026.05.24 01:00;4;11.75;12.5;8.75;1738;202;0;
7145;2026.05.24 01:15;4;11.75;12.5;8.6875;1738;202;0;
7146;2026.05.24 01:30;4;11.8125;12.5625;8.5;1738;202;0;
7147;2026.05.24 01:45;4;11.8125;12.5625;8.3125;1737;202;0;
7148;2026.05.24 02:00;4;11.8125;12.5625;8.125;1737;202;0;
7149;2026.05.24 02:15;4;11.8125;12.5625;8.25;1737;202;0;
7150;2026.05.24 02:30;4;11.8125;12.5625;7.375;1737;202;0;
7151;2026.05.24 02:45;4;11.875;12.5625;7.125;1737;202;0;
7152;2026.05.24 03:00;4;11.875;12.625;6.6875;1737;202;0;
7153;2026.05.24 03:15;4;11.875;12.625;7;1737;202;0;
7154;2026.05.24 03:30;4;11.875;12.625;7.5625;1737;202;0;
7155;2026.05.24 03:45;4;11.875;12.625;8;1737;202;0;
7156;2026.05.24 04:00;4;11.875;12.5625;8.5;1737;202;0;
7157;2026.05.24 04:15;4;11.875;12.625;8.5625;1737;202;0;
7158;2026.05.24 04:30;4;11.875;12.625;8.75;1737;202;0;
7159;2026.05.24 04:45;4;11.875;12.625;10.375;1737;202;0;
7160;2026.05.24 05:00;4;11.875;12.625;11.5;1736;202;0;
7161;2026.05.24 05:15;4;11.875;12.625;12.4375;1736;202;0;
7162;2026.05.24 05:30;4;11.875;12.625;13.3125;1736;202;0;
7163;2026.05.24 05:45;4;11.875;12.5625;16.25;1736;202;0;
7164;2026.05.24 06:00;4;11.875;12.5625;19.375;1736;202;0;
7165;2026.05.24 06:15;4;11.875;12.5625;21.25;1736;202;0;
7166;2026.05.24 06:30;4;11.875;12.5625;22.4375;1736;202;0;
7167;2026.05.24 06:45;4;11.875;12.5625;23.75;1736;202;0;
7168;2026.05.24 07:00;4;11.875;12.5625;24.625;1736;202;0;
7169;2026.05.24 07:15;4;11.875;12.5625;26;1736;202;0;
7170;2026.05.24 07:30;4;11.875;12.5625;26.8125;1736;202;0;
7171;2026.05.24 07:45;4;11.875;12.5625;26.125;1736;202;0;
7172;2026.05.24 08:00;4;11.875;12.5625;25.125;1736;202;0;
7173;2026.05.24 08:15;4;11.875;12.5625;26.875;1735;202;0;
7174;2026.05.24 08:30;4;11.875;12.5;29;1735;202;0;
7175;2026.05.24 08:45;4;11.875;12.5;30;1735;202;0;
7176;2026.05.24 09:00;4;11.875;12.5;29.9375;1735;202;0;
7177;2026.05.24 09:15;4;11.875;12.5;30.375;1735;202;0;
7178;2026.05.24 09:30;4;11.875;12.5;30.5625;1735;202;0;
7179;2026.05.24 09:45;4;11.875;12.5;31.25;1735;202;0;
7180;2026.05.24 10:00;4;11.875;12.5;32.25;1735;202;0;
7181;2026.05.24 10:15;4;11.875;12.5;32.1875;1735;202;0;
7182;2026.05.24 10:30;4;11.875;12.5;32.25;1735;202;0;
7183;2026.05.24 10:45;4;11.9375;12.5;32.5625;1735;202;0;
7184;2026.05.24 11:00;4;11.875;12.5;33.0625;1735;202;0;
7185;2026.05.24 11:15;4;11.875;12.5;33.25;1734;202;0;
7186;2026.05.24 11:30;4;11.875;12.5;33.125;1734;202;0;
7187;2026.05.24 11:45;4;11.875;12.5;33.8125;1734;202;0;
7188;2026.05.24 12:00;4;11.875;12.5;33.875;1734;202;0;
7189;2026.05.24 12:15;4;11.875;12.5;34.125;1734;202;0;
7190;2026.05.24 12:30;4;11.875;12.5;34;1734;202;0;
7191;2026.05.24 12:45;4;11.875;12.5;33.6875;1734;202;0;
7192;2026.05.24 13:00;4;11.875;12.5;33.875;1734;202;0;
7193;2026.05.24 13:15;4;11.9375;12.5;32.5;1734;202;0;
7194;2026.05.24 13:30;4;11.9375;12.5;33.125;1734;202;0;
7195;2026.05.24 13:45;4;11.875;12.5;34.0625;1734;202;0;
7196;2026.05.24 14:00;4;11.875;12.5;33.375;1734;202;0;
7197;2026.05.24 14:15;4;11.9375;12.5625;32.6875;1733;202;0;
7198;2026.05.24 14:30;4;11.9375;12.5625;31.625;1733;202;0;
7199;2026.05.24 14:45;4;11.9375;12.5625;30.625;1733;202;0;
7200;2026.05.24 15:00;4;11.9375;12.625;30.5625;1733;202;0;
7201;2026.05.24 15:15;4;11.9375;12.625;29.375;1733;202;0;
7202;2026.05.24 15:30;4;11.9375;12.625;28.25;1733;202;0;
7203;2026.05.24 15:45;4;11.9375;12.625;27.4375;1733;202;0;
7204;2026.05.24 16:00;4;11.9375;12.625;26.75;1733;202;0;
7205;2026.05.24 16:15;4;12;12.625;25.75;1733;202;0;
7206;2026.05.24 16:30;4;12;12.625;25.0625;1733;202;0;
7207;2026.05.24 16:45;4;12;12.625;24.4375;1733;202;0;
7208;2026.05.24 17:00;4;12;12.625;23.6875;1733;202;0;
7209;2026.05.24 17:15;4;12;12.6875;23.375;1733;202;0;
7210;2026.05.24 17:30;4;12;12.6875;22.625;1732;202;0;
7211;2026.05.24 17:45;4;12;12.75;22.25;1732;202;0;
7212;2026.05.24 18:00;4;12;12.75;23.25;1732;202;0;
7213;2026.05.24 18:15;4;12;12.75;22.6875;1732;202;0;
7214;2026.05.24 18:30;4;12;12.75;21.5625;1732;202;0;
7215;2026.05.24 18:45;4;12;12.75;20.375;1732;202;0;
7216;2026.05.24 19:00;4;12;12.75;19;1732;202;0;
7217;2026.05.24 19:15;4;12;12.8125;18.125;1732;202;0;
7218;2026.05.24 19:30;4;12;12.875;17.875;1732;202;0;
7219;2026.05.24 19:45;4;12;12.875;17.25;1732;202;0;
7220;2026.05.24 20:00;4;12.0625;12.875;16.375;1732;202;0;
7221;2026.05.24 20:15;4;12.0625;12.875;15.75;1732;202;0;
7222;2026.05.24 20:30;4;12.0625;12.875;15.625;1732;202;0;
7223;2026.05.24 20:45;4;12.125;12.875;15.5625;1731;202;0;
7224;2026.05.24 21:00;4;12.125;12.875;15.4375;1731;202;0;
7225;2026.05.24 21:15;4;12.125;12.9375;15.25;1731;202;0;
7226;2026.05.24 21:30;4;12.125;12.9375;15;1731;202;0;
7227;2026.05.24 21:45;4;12.125;13;14.875;1731;202;0;
7228;2026.05.24 22:00;4;12.125;13;14.75;1731;202;0;
7229;2026.05.24 22:15;4;12.125;13;15.25;1731;202;0;
7230;2026.05.24 22:30;4;12.125;13;14.75;1731;202;0;
7231;2026.05.24 22:45;4;12.125;13;14.125;1731;202;0;
7232;2026.05.24 23:00;4;12.125;13;13.5;1731;202;0;
7233;2026.05.24 23:15;4;12.125;13;13.5;1731;202;0;
7234;2026.05.24 23:30;4;12.1875;13.0625;13.9375;1731;202;0;
7235;2026.05.24 23:45;4;12.1875;13.0625;13.9375;1731;202;0;
7236;2026.05.25 00:00;4;12.1875;13.0625;14.625;1731;202;0;
7237;2026.05.25 00:15;4;12.25;13.0625;15.3125;1731;202;0;
7238;2026.05.25 00:30;4;12.25;13.125;15.5;1731;202;0;
7239;2026.05.25 00:45;4;12.25;13.125;15.375;1730;202;0;
7240;2026.05.25 01:00;4;12.25;13.125;14.75;1730;202;0;
7241;2026.05.25 01:15;4;12.25;13.125;14.5625;1730;202;0;
7242;2026.05.25 01:30;4;12.25;13.125;14.625;1730;202;0;
7243;2026.05.25 01:45;4;12.25;13.125;13.875;1730;202;0;
7244;2026.05.25 02:00;4;12.25;13.125;12.875;1730;202;0;
7245;2026.05.25 02:15;4;12.25;13.125;11.8125;1730;202;0;
7246;2026.05.25 02:30;4;12.25;13.125;11;1730;202;0;
7247;2026.05.25 02:45;4;12.25;13.125;10.3125;1730;202;0;
7248;2026.05.25 03:00;4;12.25;13.125;10.0625;1730;202;0;
7249;2026.05.25 03:15;4;12.3125;13.125;10;1730;202;0;
7250;2026.05.25 03:30;4;12.3125;13.125;10.375;1730;202;0;
7251;2026.05.25 03:45;4;12.3125;13.125;10.1875;1730;202;0;
7252;2026.05.25 04:00;4;12.3125;13.125;10.5625;1729;202;0;
7253;2026.05.25 04:15;4;12.3125;13.125;10.9375;1729;202;0;
7254;2026.05.25 04:30;4;12.3125;13.125;11.125;1729;202;0;
7255;2026.05.25 04:45;4;12.375;13.125;12.25;1729;202;0;
7256;2026.05.25 05:00;4;12.375;13.125;13.625;1729;202;0;
7257;2026.05.25 05:15;4;12.375;13.125;14.5;1729;202;0;
7258;2026.05.25 05:30;4;12.375;13.125;15.625;1729;202;0;
7259;2026.05.25 05:45;4;12.375;13.125;18.9375;1729;202;0;
7260;2026.05.25 06:00;4;12.375;13.125;21.25;1729;202;0;
7261;2026.05.25 06:15;4;12.375;13.125;22.5;1729;202;0;
7262;2026.05.25 06:30;4;12.375;13.125;23.375;1729;202;0;
7263;2026.05.25 06:45;4;12.375;13.125;23.6875;1729;202;0;
7264;2026.05.25 07:00;4;12.375;13.125;24.25;1729;202;0;
7265;2026.05.25 07:15;4;12.375;13.125;25.25;1729;202;0;
7266;2026.05.25 07:30;4;12.375;13.125;25.6875;1728;202;0;
7267;2026.05.25 07:45;4;12.375;13.125;25.25;1728;202;0;
7268;2026.05.25 08:00;4;12.375;13.125;24.375;1728;202;0;
7269;2026.05.25 08:15;4;12.375;13.125;25.375;1728;202;0;
7270;2026.05.25 08:30;4;12.375;13.125;27.375;1728;202;0;
7271;2026.05.25 08:45;4;12.375;13.125;26.875;1728;202;0;
7272;2026.05.25 09:00;4;12.375;13.125;27.875;1728;202;0;
7273;2026.05.25 09:15;4;12.375;13.125;29.25;1728;202;0;
7274;2026.05.25 09:30;4;12.375;13.125;29.75;1728;202;0;
7275;2026.05.25 09:45;4;12.375;13.125;30.25;1728;202;0;
7276;2026.05.25 10:00;4;12.375;13.125;30.75;1727;202;0;
7277;2026.05.25 10:15;4;12.375;13.125;30.625;1727;202;0;
7278;2026.05.25 10:30;4;12.375;13.125;31.25;1727;202;0;
7279;2026.05.25 10:45;4;12.375;13.125;31.25;1727;202;0;
7280;2026.05.25 11:00;4;12.375;13.125;31.625;1727;202;0;
7281;2026.05.25 11:15;4;12.375;13.125;32;1727;202;0;
7282;2026.05.25 11:30;4;12.375;13.125;32.625;1727;202;0;
7283;2026.05.25 11:45;4;12.375;13.125;32.25;1727;202;0;
7284;2026.05.25 12:00;4;12.375;13.125;32.375;1727;202;0;
7285;2026.05.25 12:15;4;12.375;13.125;32.75;1727;202;0;
7286;2026.05.25 12:30;4;12.375;13.125;33.125;1727;202;0;
7287;2026.05.25 12:45;4;12.375;13.125;32.875;1726;202;0;
7288;2026.05.25 13:00;4;12.375;13.125;33.5;1726;202;0;
7289;2026.05.25 13:15;4;12.375;13.125;33.8125;1726;202;0;
7290;2026.05.25 13:30;4;12.375;13.125;33.8125;1726;202;0;
7291;2026.05.25 13:45;4;12.375;13.125;33.625;1726;202;0;
7292;2026.05.25 14:00;4;12.4375;13.125;33.875;1726;202;0;
7293;2026.05.25 14:15;4;12.4375;13.1875;33.8125;1726;202;0;
7294;2026.05.25 14:30;4;12.4375;13.1875;34.375;1726;202;0;
7295;2026.05.25 14:45;4;12.4375;13.1875;33.75;1726;202;0;
7296;2026.05.25 15:00;4;12.4375;13.1875;33;1726;202;0;
7297;2026.05.25 15:15;4;12.4375;13.25;30.125;1726;202;0;
7298;2026.05.25 15:30;4;12.4375;13.25;27.625;1726;202;0;
7299;2026.05.25 15:45;4;12.4375;13.25;26.1875;1725;202;0;
7300;2026.05.25 16:00;4;12.4375;13.25;26.125;1725;202;0;
7301;2026.05.25 16:15;4;12.4375;13.25;26.125;1725;202;0;
7302;2026.05.25 16:30;4;12.5;13.25;25.625;1725;202;0;
7303;2026.05.25 16:45;4;12.5;13.25;25.4375;1725;202;0;
7304;2026.05.25 17:00;4;12.5;13.25;23.5;1725;202;0;
7305;2026.05.25 17:15;4;12.5;13.3125;23;1725;202;0;
7306;2026.05.25 17:30;4;12.5;13.3125;22.0625;1725;202;0;
7307;2026.05.25 17:45;4;12.5;13.3125;21.625;1725;202;0;
7308;2026.05.25 18:00;4;12.5;13.375;19.8125;1725;202;0;
7309;2026.05.25 18:15;4;12.5;13.375;18.1875;1725;202;0;
7310;2026.05.25 18:30;4;12.5;13.375;16.9375;1725;202;0;
7311;2026.05.25 18:45;4;12.5;13.375;16.25;1725;202;0;
7312;2026.05.25 19:00;4;12.5;13.375;15.4375;1725;202;0;
7313;2026.05.25 19:15;4;12.5;13.375;15.25;1725;202;0;
7314;2026.05.25 19:30;4;12.5;13.4375;16.0625;1724;202;0;
7315;2026.05.25 19:45;4;12.5;13.4375;15.375;1724;202;0;
7316;2026.05.25 20:00;4;12.5625;13.4375;15.125;1725;202;0;
7317;2026.05.25 20:15;4;12.5625;13.5;14.5;1724;202;0;
7318;2026.05.25 20:30;4;12.5625;13.5;14.3125;1724;202;0;
7319;2026.05.25 20:45;4;12.5625;13.5;14.25;1724;202;0;
7320;2026.05.25 21:00;4;12.625;13.5;14.625;1724;202;0;
7321;2026.05.25 21:15;4;12.625;13.5;14.375;1724;202;0;
7322;2026.05.25 21:30;4;12.625;13.5;15.25;1724;202;0;
7323;2026.05.25 21:45;4;12.625;13.5;13.9375;1724;202;0;
7324;2026.05.25 22:00;4;12.625;13.5625;12.875;1724;202;0;
7325;2026.05.25 22:15;4;12.625;13.5625;11.375;1724;202;0;
7326;2026.05.25 22:30;4;12.625;13.5625;11.5;1724;202;0;
7327;2026.05.25 22:45;4;12.625;13.5625;11.1875;1724;202;0;
7328;2026.05.25 23:00;4;12.625;13.625;10.9375;1723;202;0;
7329;2026.05.25 23:15;4;12.625;13.625;10.75;1723;202;0;
7330;2026.05.25 23:30;4;12.625;13.625;10;1723;202;0;
7331;2026.05.25 23:45;4;12.6875;13.625;9.375;1723;202;0;
7332;2026.05.26 00:00;4;12.6875;13.625;9.4375;1723;202;0;
7333;2026.05.26 00:15;4;12.6875;13.625;9.625;1723;202;0;
7334;2026.05.26 00:30;4;12.6875;13.625;9.75;1723;202;0;
7335;2026.05.26 00:45;4;12.75;13.625;9.75;1723;202;0;
7336;2026.05.26 01:00;4;12.75;13.625;9.875;1723;202;0;
7337;2026.05.26 01:15;4;12.75;13.625;9.5;1723;202;0;
7338;2026.05.26 01:30;4;12.75;13.625;9.5;1723;202;0;
7339;2026.05.26 01:45;4;12.75;13.625;9.1875;1723;202;0;
7340;2026.05.26 02:00;4;12.75;13.625;8.75;1723;202;0;
7341;2026.05.26 02:15;4;12.75;13.625;8;1723;202;0;
7342;2026.05.26 02:30;4;12.75;13.625;8;1723;202;0;
7343;2026.05.26 02:45;4;12.75;13.625;7.8125;1722;202;0;
7344;2026.05.26 03:00;4;12.75;13.625;7.75;1722;202;0;
7345;2026.05.26 03:15;4;12.75;13.625;7.625;1722;202;0;
7346;2026.05.26 03:30;4;12.75;13.625;7.625;1722;202;0;
7347;2026.05.26 03:45;4;12.75;13.625;7.9375;1722;202;0;
7348;2026.05.26 04:00;4;12.75;13.625;8.375;1722;202;0;
7349;2026.05.26 04:15;4;12.75;13.625;8.75;1722;202;0;
7350;2026.05.26 04:30;4;12.75;13.625;9.625;1722;202;0;
7351;2026.05.26 04:45;4;12.75;13.625;10.9375;1722;202;0;
7352;2026.05.26 05:00;4;12.75;13.625;11.875;1722;202;0;
7353;2026.05.26 05:15;4;12.75;13.625;13.25;1722;202;0;
7354;2026.05.26 05:30;4;12.75;13.625;14.5;1722;202;0;
7355;2026.05.26 05:45;4;12.75;13.625;18;1722;202;0;
7356;2026.05.26 06:00;4;12.75;13.625;20.125;1721;202;0;
7357;2026.05.26 06:15;4;12.8125;13.625;21.375;1721;202;0;
7358;2026.05.26 06:30;4;12.8125;13.625;22.5;1721;202;0;
7359;2026.05.26 06:45;4;12.8125;13.625;23.625;1721;202;0;
7360;2026.05.26 07:00;4;12.8125;13.625;25;1721;202;0;
7361;2026.05.26 07:15;4;12.8125;13.625;25.5;1721;202;0;
7362;2026.05.26 07:30;4;12.8125;13.625;26.625;1721;202;0;
7363;2026.05.26 07:45;4;12.8125;13.5625;26.75;1721;202;0;
7364;2026.05.26 08:00;4;12.8125;13.5625;25.625;1721;202;0;
7365;2026.05.26 08:15;4;12.8125;13.5625;27;1721;202;0;
7366;2026.05.26 08:30;4;12.8125;13.5625;28.25;1721;202;0;
7367;2026.05.26 08:45;4;12.8125;13.5625;29.5625;1720;202;0;
7368;2026.05.26 09:00;4;12.8125;13.5;29.5;1720;202;0;
7369;2026.05.26 09:15;4;12.8125;13.5;30.25;1720;202;0;
7370;2026.05.26 09:30;4;12.8125;13.5;30.75;1720;202;0;
7371;2026.05.26 09:45;4;12.8125;13.5;31.375;1720;202;0;
7372;2026.05.26 10:00;4;12.8125;13.5;31.9375;1720;202;0;
7373;2026.05.26 10:15;4;12.8125;13.5;32.5;1720;202;0;
7374;2026.05.26 10:30;4;12.8125;13.5;32.875;1720;202;0;
7375;2026.05.26 10:45;4;12.8125;13.5;33.625;1720;202;0;
7376;2026.05.26 11:00;4;12.8125;13.5;33.625;1720;202;0;
7377;2026.05.26 11:15;4;12.75;13.5;33.875;1719;202;0;
7378;2026.05.26 11:30;4;12.75;13.5;33.875;1719;202;0;
7379;2026.05.26 11:45;4;12.75;13.5;34.25;1719;202;0;
7380;2026.05.26 12:00;4;12.75;13.5;34.625;1719;202;0;
7381;2026.05.26 12:15;4;12.75;13.5;34.375;1719;202;0;
7382;2026.05.26 12:30;4;12.75;13.5;34.375;1719;202;0;
7383;2026.05.26 12:45;4;12.8125;13.5;34.5;1719;202;0;
7384;2026.05.26 13:00;4;12.75;13.5;35;1719;202;0;
7385;2026.05.26 13:15;4;12.75;13.5;35.5;1719;202;0;
7386;2026.05.26 13:30;4;12.75;13.5;35.5625;1719;202;0;
7387;2026.05.26 13:45;4;12.75;13.5;35.1875;1718;202;0;
7388;2026.05.26 14:00;4;12.75;13.5;35.25;1718;202;0;
7389;2026.05.26 14:15;4;12.75;13.5;35.125;1718;202;0;
7390;2026.05.26 14:30;4;12.75;13.5;35.1875;1718;202;0;
7391;2026.05.26 14:45;4;12.75;13.5;34.625;1718;202;0;
7392;2026.05.26 15:00;4;12.75;13.5;34.375;1718;202;0;
7393;2026.05.26 15:15;4;12.8125;13.5;31.6875;1718;202;0;
7394;2026.05.26 15:30;4;12.8125;13.5;28.3125;1718;202;0;
7395;2026.05.26 15:45;4;12.8125;13.5625;26.9375;1718;202;0;
7396;2026.05.26 16:00;4;12.8125;13.5625;26.625;1718;202;0;
7397;2026.05.26 16:15;4;12.8125;13.5625;26.125;1718;202;0;
7398;2026.05.26 16:30;4;12.8125;13.625;25.75;1718;202;0;
7399;2026.05.26 16:45;4;12.8125;13.625;25.75;1718;202;0;
7400;2026.05.26 17:00;4;12.8125;13.625;23;1718;202;0;
7401;2026.05.26 17:15;4;12.8125;13.625;21.5;1718;202;0;
7402;2026.05.26 17:30;4;12.8125;13.625;20;1718;202;0;
7403;2026.05.26 17:45;4;12.875;13.625;19.9375;1718;202;0;
7404;2026.05.26 18:00;4;12.875;13.625;19.6875;1717;202;0;
7405;2026.05.26 18:15;4;12.875;13.625;18.625;1717;202;0;
7406;2026.05.26 18:30;4;12.875;13.6875;18.125;1717;202;0;
7407;2026.05.26 18:45;4;12.875;13.6875;17.4375;1717;202;0;
7408;2026.05.26 19:00;4;12.875;13.75;17.3125;1717;202;0;
7409;2026.05.26 19:15;4;12.875;13.75;16.6875;1717;202;0;
7410;2026.05.26 19:30;4;12.875;13.75;16.875;1717;202;0;
7411;2026.05.26 19:45;4;12.875;13.75;16.5;1717;202;0;
7412;2026.05.26 20:00;4;12.875;13.75;16.25;1717;202;0;
7413;2026.05.26 20:15;4;12.875;13.75;15.625;1717;202;0;
7414;2026.05.26 20:30;4;12.875;13.75;15;1717;202;0;
7415;2026.05.26 20:45;4;12.875;13.8125;15.125;1717;202;0;
7416;2026.05.26 21:00;4;12.875;13.8125;13.375;1716;202;0;
7417;2026.05.26 21:15;4;12.875;13.875;12.25;1716;202;0;
7418;2026.05.26 21:30;4;12.9375;13.875;12.875;1716;202;0;
7419;2026.05.26 21:45;4;12.9375;13.875;13.375;1716;202;0;
7420;2026.05.26 22:00;4;12.9375;13.875;13.125;1716;202;0;
7421;2026.05.26 22:15;4;12.9375;13.875;12.875;1716;202;0;
7422;2026.05.26 22:30;4;13;13.875;13.25;1716;202;0;
7423;2026.05.26 22:45;4;13;13.875;13.375;1716;202;0;
7424;2026.05.26 23:00;4;13;13.875;13.875;1716;202;0;
7425;2026.05.26 23:15;4;13;13.875;12.4375;1716;202;0;
7426;2026.05.26 23:30;4;13;13.875;10.875;1716;202;0;
7427;2026.05.26 23:45;4;13;13.875;10.9375;1716;202;0;
7428;2026.05.27 00:00;4;13;13.9375;11.5;1716;202;0;
7429;2026.05.27 00:15;4;13;13.9375;11.25;1715;202;0;
7430;2026.05.27 00:30;4;13;13.9375;10.625;1715;202;0;
7431;2026.05.27 00:45;4;13;13.9375;11;1715;202;0;
7432;2026.05.27 01:00;4;13;13.9375;10.625;1715;202;0;
7433;2026.05.27 01:15;4;13;13.9375;9.625;1715;202;0;
7434;2026.05.27 01:30;4;13;13.9375;9.1875;1715;202;0;
7435;2026.05.27 01:45;4;13;13.9375;8.875;1715;202;0;
7436;2026.05.27 02:00;4;13.0625;13.9375;8.875;1715;202;0;
7437;2026.05.27 02:15;4;13.0625;14;8.625;1715;202;0;
7438;2026.05.27 02:30;4;13.0625;13.9375;8.5;1715;202;0;
7439;2026.05.27 02:45;4;13.0625;14;8.625;1715;202;0;
7440;2026.05.27 03:00;4;13.0625;13.9375;8.75;1714;202;0;
7441;2026.05.27 03:15;4;13.125;14;8.875;1714;202;0;
7442;2026.05.27 03:30;4;13.125;14;8.875;1714;202;0;
7443;2026.05.27 03:45;4;13.125;13.9375;10.125;1714;202;0;
7444;2026.05.27 04:00;4;13.125;13.9375;10.875;1714;202;0;
7445;2026.05.27 04:15;4;13.125;13.9375;11.875;1714;202;0;
7446;2026.05.27 04:30;4;13.125;13.9375;12.5;1714;202;0;
7447;2026.05.27 04:45;4;13.125;13.9375;13.875;1714;202;0;
7448;2026.05.27 05:00;4;13.125;13.9375;14.625;1714;202;0;
7449;2026.05.27 05:15;4;13.125;13.9375;14.8125;1714;202;0;
7450;2026.05.27 05:30;4;13.125;13.9375;14.875;1714;202;0;
7451;2026.05.27 05:45;4;13.125;13.9375;18.375;1713;202;0;
7452;2026.05.27 06:00;4;13.125;13.9375;20.9375;1713;202;0;
7453;2026.05.27 06:15;4;13.125;13.875;22.375;1713;202;0;
7454;2026.05.27 06:30;4;13.125;13.875;23.125;1713;202;0;
7455;2026.05.27 06:45;4;13.125;13.875;24.375;1713;202;0;
7456;2026.05.27 07:00;4;13.125;13.875;25.0625;1713;202;0;
7457;2026.05.27 07:15;4;13.125;13.875;25.375;1713;202;0;
7458;2026.05.27 07:30;4;13.125;13.875;25.75;1713;202;0;
7459;2026.05.27 07:45;4;13.125;13.875;26.5625;1713;202;0;
7460;2026.05.27 08:00;4;13.125;13.875;25.625;1713;202;0;
7461;2026.05.27 08:15;4;13.125;13.875;27.75;1712;202;0;
7462;2026.05.27 08:30;4;13.125;13.875;30;1712;202;0;
7463;2026.05.27 08:45;4;13.125;13.875;30.5;1712;202;0;
7464;2026.05.27 09:00;4;13.125;13.875;30.875;1712;202;0;
7465;2026.05.27 09:15;4;13.125;13.875;31.6875;1712;202;0;
7466;2026.05.27 09:30;4;13.125;13.875;31.625;1712;202;0;
7467;2026.05.27 09:45;4;13.125;13.875;32.5;1712;202;0;
7468;2026.05.27 10:00;4;13.125;13.875;32.6875;1712;202;0;
7469;2026.05.27 10:15;4;13.125;13.8125;33.75;1711;202;0;
7470;2026.05.27 10:30;4;13.125;13.875;34.125;1711;202;0;
7471;2026.05.27 10:45;4;13.125;13.8125;33.0625;1711;202;0;
7472;2026.05.27 11:00;4;13.125;13.8125;34.125;1711;202;0;
7473;2026.05.27 11:15;4;13.125;13.8125;35.25;1711;202;0;
7474;2026.05.27 11:30;4;13.125;13.8125;34.875;1711;202;0;
7475;2026.05.27 11:45;4;13.125;13.8125;34.625;1711;202;0;
7476;2026.05.27 12:00;4;13.125;13.8125;34.8125;1711;202;0;
7477;2026.05.27 12:15;4;13.125;13.8125;35.375;1711;202;0;
7478;2026.05.27 12:30;4;13.125;13.8125;35.625;1710;202;0;
7479;2026.05.27 12:45;4;13.125;13.8125;34.25;1710;202;0;
7480;2026.05.27 13:00;4;13.125;13.8125;34;1710;202;0;
7481;2026.05.27 13:15;4;13.125;13.8125;34.25;1710;202;0;
7482;2026.05.27 13:30;4;13.125;13.8125;33.625;1710;202;0;
7483;2026.05.27 13:45;4;13.125;13.875;33.875;1710;202;0;
7484;2026.05.27 14:00;4;13.125;13.875;30.125;1710;202;0;
7485;2026.05.27 14:15;4;13.125;13.875;30.875;1710;202;0;
7486;2026.05.27 14:30;4;13.125;13.875;31.875;1710;202;0;
7487;2026.05.27 14:45;4;13.125;13.875;32;1709;202;0;
7488;2026.05.27 15:00;4;13.125;13.875;32;1709;202;0;
7489;2026.05.27 15:15;4;13.125;13.875;28.375;1709;202;0;
7490;2026.05.27 15:30;4;13.125;13.875;26.875;1709;202;0;
7491;2026.05.27 15:45;4;13.125;13.875;25.875;1709;202;0;
7492;2026.05.27 16:00;4;13.125;13.875;25.5;1709;202;0;
7493;2026.05.27 16:15;4;13.125;13.875;24.875;1709;202;0;
7494;2026.05.27 16:30;4;13.125;13.875;24.25;1709;202;0;
7495;2026.05.27 16:45;4;13.125;13.875;24.25;1709;202;0;
7496;2026.05.27 17:00;4;13.125;13.9375;22.75;1708;202;0;
7497;2026.05.27 17:15;4;13.125;13.9375;21.75;1708;202;0;
7498;2026.05.27 17:30;4;13.125;13.9375;21.125;1708;202;0;
7499;2026.05.27 17:45;4;13.125;14;20.625;1708;202;0;
7500;2026.05.27 18:00;4;13.125;14;20.3125;1708;202;0;
7501;2026.05.27 18:15;4;13.125;14;19.625;1708;202;0;
7502;2026.05.27 18:30;4;13.125;14;18.25;1708;202;0;
7503;2026.05.27 18:45;4;13.125;14;17.75;1708;202;0;
7504;2026.05.27 19:00;4;13.125;14;16.8125;1708;202;0;
7505;2026.05.27 19:15;4;13.125;14;14.375;1708;202;0;
7506;2026.05.27 19:30;4;13.1875;14.0625;13.375;1707;202;0;
7507;2026.05.27 19:45;4;13.1875;14.0625;12.875;1707;202;0;
7508;2026.05.27 20:00;4;13.1875;14.0625;12.5625;1707;202;0;
7509;2026.05.27 20:15;4;13.1875;14.125;12.25;1707;202;0;
7510;2026.05.27 20:30;4;13.25;14.125;11.5625;1707;202;0;
7511;2026.05.27 20:45;4;13.25;14.125;11.875;1707;202;0;
7512;2026.05.27 21:00;4;13.25;14.125;10.125;1707;202;0;
7513;2026.05.27 21:15;4;13.25;14.125;9.375;1707;202;0;
7514;2026.05.27 21:30;4;13.25;14.125;9;1707;202;0;
7515;2026.05.27 21:45;4;13.25;14.125;10.5;1707;202;0;
7516;2026.05.27 22:00;4;13.25;14.125;10.25;1707;202;0;
7517;2026.05.27 22:15;4;13.25;14.125;9.375;1706;202;0;
7518;2026.05.27 22:30;4;13.25;14.125;8.125;1706;202;0;
7519;2026.05.27 22:45;4;13.25;14.125;7.25;1706;202;0;
7520;2026.05.27 23:00;4;13.25;14.1875;6.125;1706;202;0;
7521;2026.05.27 23:15;4;13.25;14.1875;5.375;1706;202;0;
7522;2026.05.27 23:30;4;13.25;14.1875;5.0625;1706;202;0;
7523;2026.05.27 23:45;4;13.3125;14.1875;4.625;1706;202;0;
7524;2026.05.28 00:00;4;13.25;14.1875;4.25;1706;202;0;
7525;2026.05.28 00:15;4;13.3125;14.1875;4.5;1706;202;0;
7526;2026.05.28 00:30;4;13.3125;14.1875;4.25;1706;202;0;
7527;2026.05.28 00:45;4;13.3125;14.25;4.4375;1706;202;0;
7528;2026.05.28 01:00;4;13.3125;14.25;4.125;1706;202;0;
7529;2026.05.28 01:15;4;13.3125;14.25;3.75;1705;202;0;
7530;2026.05.28 01:30;4;13.3125;14.1875;3.5;1705;202;0;
7531;2026.05.28 01:45;4;13.3125;14.25;3.3125;1705;202;0;
7532;2026.05.28 02:00;4;13.375;14.1875;2.875;1705;202;0;
7533;2026.05.28 02:15;4;13.375;14.1875;2.5;1705;202;0;
7534;2026.05.28 02:30;4;13.375;14.1875;2.375;1705;202;0;
7535;2026.05.28 02:45;4;13.375;14.1875;2.5625;1705;202;0;
7536;2026.05.28 03:00;4;13.375;14.1875;2.5;1705;202;0;
7537;2026.05.28 03:15;4;13.375;14.1875;2.6875;1705;202;0;
7538;2026.05.28 03:30;4;13.375;14.1875;2.625;1705;202;0;
7539;2026.05.28 03:45;4;13.375;14.1875;3.5;1704;202;0;
7540;2026.05.28 04:00;4;13.375;14.125;4.5;1704;202;0;
7541;2026.05.28 04:15;4;13.375;14.125;5.5;1704;202;0;
7542;2026.05.28 04:30;4;13.375;14.125;6.125;1704;202;0;
7543;2026.05.28 04:45;4;13.375;14.125;7.75;1704;202;0;
7544;2026.05.28 05:00;4;13.375;14.125;8.8125;1704;202;0;
7545;2026.05.28 05:15;4;13.375;14.125;10.5;1704;202;0;
7546;2026.05.28 05:30;4;13.375;14.125;10.5;1704;202;0;
7547;2026.05.28 05:45;4;13.375;14.125;14.625;1704;202;0;
7548;2026.05.28 06:00;4;13.375;14.125;17.125;1704;202;0;
7549;2026.05.28 06:15;4;13.375;14.125;18.625;1703;202;0;
7550;2026.05.28 06:30;4;13.375;14.125;19.5625;1703;202;0;
7551;2026.05.28 06:45;4;13.375;14.125;20.625;1703;202;0;
7552;2026.05.28 07:00;4;13.375;14.0625;21.375;1703;202;0;
7553;2026.05.28 07:15;4;13.375;14.0625;22.3125;1703;202;0;
7554;2026.05.28 07:30;4;13.375;14.0625;22.5;1703;202;0;
7555;2026.05.28 07:45;4;13.375;14;22.5;1703;202;0;
7556;2026.05.28 08:00;4;13.375;14;21.3125;1703;202;0;
7557;2026.05.28 08:15;4;13.375;14;23.0625;1703;202;0;
7558;2026.05.28 08:30;4;13.375;14;24.25;1702;202;0;
7559;2026.05.28 08:45;4;13.375;14;24.75;1702;202;0;
7560;2026.05.28 09:00;4;13.375;14;25.875;1702;202;0;
7561;2026.05.28 09:15;4;13.375;14;26.25;1702;202;0;
7562;2026.05.28 09:30;4;13.3125;14;26.4375;1702;202;0;
7563;2026.05.28 09:45;4;13.3125;13.9375;27.375;1702;202;0;
7564;2026.05.28 10:00;4;13.3125;13.9375;27.375;1702;202;0;
7565;2026.05.28 10:15;4;13.3125;13.9375;28.0625;1702;202;0;
7566;2026.05.28 10:30;4;13.3125;13.9375;28.125;1702;202;0;
7567;2026.05.28 10:45;4;13.3125;13.875;28.125;1701;202;0;
7568;2026.05.28 11:00;4;13.3125;13.875;29.125;1701;202;0;
7569;2026.05.28 11:15;4;13.3125;13.875;29;1701;202;0;
7570;2026.05.28 11:30;4;13.3125;13.875;29.125;1701;202;0;
7571;2026.05.28 11:45;4;13.25;13.875;29.75;1701;202;0;
7572;2026.05.28 12:00;4;13.25;13.875;29.625;1701;202;0;
7573;2026.05.28 12:15;4;13.25;13.875;29.75;1701;202;0;
7574;2026.05.28 12:30;4;13.25;13.875;30.375;1701;202;0;
7575;2026.05.28 12:45;4;13.25;13.875;30.3125;1701;202;0;
7576;2026.05.28 13:00;4;13.25;13.875;29.9375;1700;202;0;
7577;2026.05.28 13:15;4;13.25;13.875;30;1700;202;0;
7578;2026.05.28 13:30;4;13.25;13.875;30.3125;1700;202;0;
7579;2026.05.28 13:45;4;13.25;13.875;30.875;1700;202;0;
7580;2026.05.28 14:00;4;13.25;13.875;30.125;1700;202;0;
7581;2026.05.28 14:15;4;13.25;13.875;29.5;1700;202;0;
7582;2026.05.28 14:30;4;13.25;13.875;29.6875;1700;202;0;
7583;2026.05.28 14:45;4;13.25;13.875;29.5;1700;202;0;
7584;2026.05.28 15:00;4;13.25;13.875;29.25;1700;202;0;
7585;2026.05.28 15:15;4;13.25;13.875;24.75;1700;202;0;
7586;2026.05.28 15:30;4;13.25;13.875;22.8125;1699;202;0;
7587;2026.05.28 15:45;4;13.25;13.875;22.125;1699;202;0;
7588;2026.05.28 16:00;4;13.25;13.875;22;1699;202;0;
7589;2026.05.28 16:15;4;13.25;13.875;21.75;1699;202;0;
7590;2026.05.28 16:30;4;13.25;13.875;21.4375;1699;202;0;
7591;2026.05.28 16:45;4;13.25;13.875;22.375;1699;202;0;
7592;2026.05.28 17:00;4;13.25;13.875;20.25;1699;202;0;
7593;2026.05.28 17:15;4;13.25;13.875;18.875;1699;202;0;
7594;2026.05.28 17:30;4;13.25;13.875;18.6875;1699;202;0;
7595;2026.05.28 17:45;4;13.25;13.875;18.25;1699;202;0;
7596;2026.05.28 18:00;4;13.25;13.875;17.25;1699;202;0;
7597;2026.05.28 18:15;4;13.25;13.9375;16.125;1699;202;0;
7598;2026.05.28 18:30;4;13.25;13.9375;14.875;1699;202;0;
7599;2026.05.28 18:45;4;13.25;13.9375;13.75;1698;202;0;
7600;2026.05.28 19:00;4;13.25;13.9375;11.625;1698;202;0;
7601;2026.05.28 19:15;4;13.25;14;11.25;1698;202;0;
7602;2026.05.28 19:30;4;13.25;14;11.25;1698;202;0;
7603;2026.05.28 19:45;4;13.25;14;11.75;1698;202;0;
7604;2026.05.28 20:00;4;13.25;14;11.875;1698;202;0;
7605;2026.05.28 20:15;4;13.25;14;11.5;1698;202;0;
7606;2026.05.28 20:30;4;13.25;14;9.875;1698;202;0;
7607;2026.05.28 20:45;4;13.25;14;9.3125;1698;202;0;
7608;2026.05.28 21:00;4;13.25;14;8.75;1698;202;0;
7609;2026.05.28 21:15;4;13.25;14;7.375;1698;202;0;
7610;2026.05.28 21:30;4;13.25;14;7.0625;1697;202;0;
7611;2026.05.28 21:45;4;13.25;14;6.75;1697;202;0;
7612;2026.05.28 22:00;4;13.3125;14;6.5;1697;202;0;
7613;2026.05.28 22:15;4;13.3125;14;6.8125;1697;202;0;
7614;2026.05.28 22:30;4;13.3125;14;6.875;1697;202;0;
7615;2026.05.28 22:45;4;13.3125;14;5.6875;1697;202;0;
7616;2026.05.28 23:00;4;13.3125;14;5.375;1697;202;0;
7617;2026.05.28 23:15;4;13.3125;14.0625;5.125;1697;202;0;
7618;2026.05.28 23:30;4;13.3125;14;4.75;1697;202;0;
7619;2026.05.28 23:45;4;13.3125;14.0625;3.375;1696;202;0;
7620;2026.05.29 00:00;4;13.3125;14.0625;2.75;1696;202;0;
7621;2026.05.29 00:15;4;13.3125;14.0625;2.75;1696;202;0;
7622;2026.05.29 00:30;4;13.375;14.0625;2.9375;1696;202;0;
7623;2026.05.29 00:45;4;13.375;14.0625;3.3125;1696;202;0;
7624;2026.05.29 01:00;4;13.375;14.0625;2.6875;1696;202;0;
7625;2026.05.29 01:15;4;13.375;14.0625;2.375;1696;202;0;
7626;2026.05.29 01:30;4;13.375;14.0625;2.5;1696;202;0;
7627;2026.05.29 01:45;4;13.375;14;2.625;1696;202;0;
7628;2026.05.29 02:00;4;13.375;14;1.8125;1696;202;0;
7629;2026.05.29 02:15;4;13.375;14;1.625;1696;202;0;
7630;2026.05.29 02:30;4;13.375;14;1.625;1695;202;0;
7631;2026.05.29 02:45;4;13.375;14;1.625;1695;202;0;
7632;2026.05.29 03:00;4;13.375;14;1.125;1695;202;0;
7633;2026.05.29 03:15;4;13.375;14;1.75;1695;202;0;
7634;2026.05.29 03:30;4;13.375;14;1.75;1695;202;0;
7635;2026.05.29 03:45;4;13.375;14;1.6875;1695;202;0;
7636;2026.05.29 04:00;4;13.375;14;2.4375;1695;202;0;
7637;2026.05.29 04:15;4;13.375;14;2.75;1695;202;0;
7638;2026.05.29 04:30;4;13.375;14;3.125;1695;202;0;
7639;2026.05.29 04:45;4;13.375;14;5.0625;1695;202;0;
7640;2026.05.29 05:00;4;13.375;14;6.25;1694;202;0;
7641;2026.05.29 05:15;4;13.375;14;7.5625;1694;202;0;
7642;2026.05.29 05:30;4;13.375;13.9375;8.5;1694;202;0;
7643;2026.05.29 05:45;4;13.375;13.9375;13.375;1694;202;0;
7644;2026.05.29 06:00;4;13.375;13.9375;16.6875;1694;202;0;
7645;2026.05.29 06:15;4;13.375;13.875;18;1694;202;0;
7646;2026.05.29 06:30;4;13.375;13.875;19.375;1694;202;0;
7647;2026.05.29 06:45;4;13.3125;13.875;20.875;1694;202;0;
7648;2026.05.29 07:00;4;13.375;13.875;22.625;1693;202;0;
7649;2026.05.29 07:15;4;13.3125;13.875;23.5;1693;202;0;
7650;2026.05.29 07:30;4;13.3125;13.875;24.125;1693;202;0;
7651;2026.05.29 07:45;4;13.3125;13.875;23.875;1693;202;0;
7652;2026.05.29 08:00;4;13.3125;13.875;22.75;1693;202;0;
7653;2026.05.29 08:15;4;13.3125;13.8125;23.875;1693;202;0;
7654;2026.05.29 08:30;4;13.3125;13.75;25.75;1693;202;0;
7655;2026.05.29 08:45;4;13.3125;13.8125;26.625;1693;202;0;
7656;2026.05.29 09:00;4;13.3125;13.75;26.3125;1693;202;0;
7657;2026.05.29 09:15;4;13.25;13.75;27.125;1692;202;0;
7658;2026.05.29 09:30;4;13.25;13.75;27.75;1692;202;0;
7659;2026.05.29 09:45;4;13.25;13.75;28.375;1692;202;0;
7660;2026.05.29 10:00;4;13.25;13.75;28.875;1692;202;0;
7661;2026.05.29 10:15;4;13.25;13.75;29.25;1692;202;0;
7662;2026.05.29 10:30;4;13.25;13.75;30.6875;1692;202;0;
7663;2026.05.29 10:45;4;13.25;13.6875;30.125;1692;202;0;
7664;2026.05.29 11:00;4;13.25;13.6875;30.875;1692;202;0;
7665;2026.05.29 11:15;4;13.25;13.6875;31.25;1692;202;0;
7666;2026.05.29 11:30;4;13.25;13.6875;30.5;1692;202;0;
7667;2026.05.29 11:45;4;13.25;13.625;30.75;1691;202;0;
7668;2026.05.29 12:00;4;13.25;13.625;32.4375;1691;202;0;
7669;2026.05.29 12:15;4;13.25;13.625;31.875;1691;202;0;
7670;2026.05.29 12:30;4;13.25;13.625;32.25;1691;202;0;
7671;2026.05.29 12:45;4;13.25;13.625;32.25;1691;202;0;
7672;2026.05.29 13:00;4;13.25;13.625;31.9375;1691;202;0;
7673;2026.05.29 13:15;4;13.25;13.625;32.875;1691;202;0;
7674;2026.05.29 13:30;4;13.25;13.625;33.3125;1691;202;0;
7675;2026.05.29 13:45;4;13.25;13.625;32.25;1691;202;0;
7676;2026.05.29 14:00;4;13.1875;13.625;32.5625;1691;202;0;
7677;2026.05.29 14:15;4;13.1875;13.625;32.9375;1690;202;0;
7678;2026.05.29 14:30;4;13.1875;13.625;32.625;1690;202;0;
7679;2026.05.29 14:45;4;13.1875;13.625;33.1875;1690;202;0;
7680;2026.05.29 15:00;4;13.1875;13.6875;31.9375;1690;202;0;
7681;2026.05.29 15:15;4;13.1875;13.625;27.875;1690;202;0;
7682;2026.05.29 15:30;4;13.1875;13.625;25.375;1690;202;0;
7683;2026.05.29 15:45;4;13.1875;13.625;24.125;1690;202;0;
7684;2026.05.29 16:00;4;13.1875;13.625;24.25;1690;202;0;
7685;2026.05.29 16:15;4;13.1875;13.6875;23.5;1690;202;0;
7686;2026.05.29 16:30;4;13.1875;13.75;23.125;1690;202;0;
7687;2026.05.29 16:45;4;13.1875;13.6875;24.625;1690;202;0;
7688;2026.05.29 17:00;4;13.1875;13.75;22.5;1690;202;0;
7689;2026.05.29 17:15;4;13.1875;13.75;19.125;1689;202;0;
7690;2026.05.29 17:30;4;13.1875;13.75;17.25;1689;202;0;
7691;2026.05.29 17:45;4;13.1875;13.75;16.25;1689;202;0;
7692;2026.05.29 18:00;4;13.1875;13.75;15.25;1689;202;0;
7693;2026.05.29 18:15;4;13.1875;13.75;14.125;1689;202;0;
7694;2026.05.29 18:30;4;13.1875;13.75;13.625;1689;202;0;
7695;2026.05.29 18:45;4;13.1875;13.75;13.1875;1689;202;0;
7696;2026.05.29 19:00;4;13.1875;13.8125;12.6875;1689;202;0;
7697;2026.05.29 19:15;4;13.1875;13.8125;12.1875;1689;202;0;
7698;2026.05.29 19:30;4;13.25;13.8125;11.75;1689;202;0;
7699;2026.05.29 19:45;4;13.1875;13.875;11.75;1689;202;0;
7700;2026.05.29 20:00;4;13.25;13.875;12.125;1689;202;0;
7701;2026.05.29 20:15;4;13.25;13.875;10.75;1688;202;0;
7702;2026.05.29 20:30;4;13.25;13.875;10.375;1688;202;0;
7703;2026.05.29 20:45;4;13.25;13.875;10.625;1688;202;0;
7704;2026.05.29 21:00;4;13.25;13.875;9.6875;1688;202;0;
7705;2026.05.29 21:15;4;13.25;13.875;8.5;1688;202;0;
7706;2026.05.29 21:30;4;13.25;13.875;8.375;1688;202;0;
7707;2026.05.29 21:45;4;13.25;13.875;9;1688;202;0;
7708;2026.05.29 22:00;4;13.25;13.875;8.5;1688;202;0;
7709;2026.05.29 22:15;4;13.25;13.875;7.875;1688;202;0;
7710;2026.05.29 22:30;4;13.25;13.9375;8.375;1688;202;0;
7711;2026.05.29 22:45;4;13.25;13.875;8.75;1688;202;0;
7712;2026.05.29 23:00;4;13.25;13.9375;8.5;1688;202;0;
7713;2026.05.29 23:15;4;13.25;13.9375;8;1688;202;0;
7714;2026.05.29 23:30;4;13.25;13.9375;8;1687;202;0;
7715;2026.05.29 23:45;4;13.25;13.9375;8.75;1687;202;0;
7716;2026.05.30 00:00;4;13.25;13.9375;9;1687;202;0;
7717;2026.05.30 00:15;4;13.25;13.9375;9.625;1687;202;0;
7718;2026.05.30 00:30;4;13.25;13.9375;10.6875;1687;202;0;
7719;2026.05.30 00:45;4;13.25;13.9375;11.6875;1687;202;0;
7720;2026.05.30 01:00;4;13.25;14;11.6875;1687;202;0;
7721;2026.05.30 01:15;4;13.3125;13.9375;11.625;1687;202;0;
7722;2026.05.30 01:30;4;13.3125;13.9375;9.875;1687;202;0;
7723;2026.05.30 01:45;4;13.3125;13.9375;8.6875;1687;202;0;
7724;2026.05.30 02:00;4;13.3125;13.9375;8;1687;202;0;
7725;2026.05.30 02:15;4;13.3125;13.9375;8.375;1687;202;0;
7726;2026.05.30 02:30;4;13.3125;13.9375;8.4375;1687;202;0;
7727;2026.05.30 02:45;4;13.3125;13.9375;8.375;1686;202;0;
7728;2026.05.30 03:00;4;13.3125;13.9375;9.125;1686;202;0;
7729;2026.05.30 03:15;4;13.3125;13.9375;10.1875;1686;202;0;
7730;2026.05.30 03:30;4;13.3125;13.9375;11.25;1686;202;0;
7731;2026.05.30 03:45;4;13.3125;13.9375;12.125;1686;202;0;
7732;2026.05.30 04:00;4;13.3125;13.9375;13.125;1686;202;0;
7733;2026.05.30 04:15;4;13.3125;13.9375;13.75;1686;202;0;
7734;2026.05.30 04:30;4;13.3125;13.875;14.5;1686;202;0;
7735;2026.05.30 04:45;4;13.3125;13.875;15.1875;1686;202;0;
7736;2026.05.30 05:00;4;13.3125;13.875;15.5;1686;202;0;
7737;2026.05.30 05:15;4;13.3125;13.875;16.625;1686;202;0;
7738;2026.05.30 05:30;4;13.3125;13.875;17.625;1686;202;0;
7739;2026.05.30 05:45;4;13.3125;13.875;18.75;1685;202;0;
7740;2026.05.30 06:00;4;13.3125;13.875;18.875;1685;202;0;
7741;2026.05.30 06:15;4;13.3125;13.875;20;1685;202;0;
7742;2026.05.30 06:30;4;13.3125;13.875;21.25;1685;202;0;
7743;2026.05.30 06:45;4;13.3125;13.875;22.625;1685;202;0;
7744;2026.05.30 07:00;4;13.3125;13.875;23.5625;1685;202;0;
7745;2026.05.30 07:15;4;13.3125;13.8125;24.25;1685;202;0;
7746;2026.05.30 07:30;4;13.3125;13.8125;26.875;1685;202;0;
7747;2026.05.30 07:45;4;13.3125;13.8125;28.125;1685;202;0;
7748;2026.05.30 08:00;4;13.25;13.8125;27.625;1685;202;0;
7749;2026.05.30 08:15;4;13.25;13.8125;28.625;1685;202;0;
7750;2026.05.30 08:30;4;13.25;13.75;30.25;1684;202;0;
7751;2026.05.30 08:45;4;13.25;13.8125;32.375;1684;202;0;
7752;2026.05.30 09:00;4;13.25;13.75;31.8125;1684;202;0;
7753;2026.05.30 09:15;4;13.25;13.8125;32.375;1684;202;0;
7754;2026.05.30 09:30;4;13.25;13.75;33.9375;1684;202;0;
7755;2026.05.30 09:45;4;13.25;13.75;31.375;1684;202;0;
7756;2026.05.30 10:00;4;13.25;13.75;28;1684;202;0;
7757;2026.05.30 10:15;4;13.25;13.75;25.75;1684;202;0;
7758;2026.05.30 10:30;4;13.25;13.75;30.8125;1684;202;0;
7759;2026.05.30 10:45;4;13.25;13.75;33.1875;1684;202;0;
7760;2026.05.30 11:00;4;13.25;13.75;33.375;1684;202;0;
7761;2026.05.30 11:15;4;13.25;13.75;29.625;1683;202;0;
7762;2026.05.30 11:30;4;13.25;13.75;26.75;1683;202;0;
7763;2026.05.30 11:45;4;13.25;13.75;24.0625;1683;202;0;
7764;2026.05.30 12:00;4;13.25;13.75;19.3125;1683;202;0;
7765;2026.05.30 12:15;4;13.25;13.75;17.125;1683;202;0;
7766;2026.05.30 12:30;4;13.25;13.75;17.5;1683;202;0;
7767;2026.05.30 12:45;4;13.25;13.75;18;1683;202;0;
7768;2026.05.30 13:00;4;13.25;13.75;17.875;1683;202;0;
7769;2026.05.30 13:15;4;13.25;13.75;18;1683;202;0;
7770;2026.05.30 13:30;4;13.25;13.75;18.75;1683;202;0;
7771;2026.05.30 13:45;4;13.25;13.75;18.75;1683;202;0;
7772;2026.05.30 14:00;4;13.25;13.75;18.0625;1683;202;0;
7773;2026.05.30 14:15;4;13.25;13.75;21.5;1682;202;0;
7774;2026.05.30 14:30;4;13.25;13.75;22.75;1682;202;0;
7775;2026.05.30 14:45;4;13.25;13.8125;21.75;1682;202;0;
7776;2026.05.30 15:00;4;13.25;13.75;20.625;1682;202;0;
7777;2026.05.30 15:15;4;13.25;13.8125;20.25;1682;202;0;
7778;2026.05.30 15:30;4;13.25;13.8125;19.75;1682;202;0;
7779;2026.05.30 15:45;4;13.25;13.8125;20.375;1682;202;0;
7780;2026.05.30 16:00;4;13.25;13.8125;20.375;1682;202;0;
7781;2026.05.30 16:15;4;13.25;13.875;20.625;1682;202;0;
7782;2026.05.30 16:30;4;13.25;13.875;20.875;1682;202;0;
7783;2026.05.30 16:45;4;13.25;13.8125;22;1682;202;0;
7784;2026.05.30 17:00;4;13.25;13.875;20.375;1682;202;0;
7785;2026.05.30 17:15;4;13.25;13.875;19;1682;202;0;
7786;2026.05.30 17:30;4;13.25;13.875;18.375;1682;202;0;
7787;2026.05.30 17:45;4;13.25;13.875;17.25;1681;202;0;
7788;2026.05.30 18:00;4;13.25;13.875;16;1681;202;0;
7789;2026.05.30 18:15;4;13.25;13.875;14.9375;1681;202;0;
7790;2026.05.30 18:30;4;13.25;13.875;14.625;1681;202;0;
7791;2026.05.30 18:45;4;13.25;13.875;13.5625;1681;202;0;
7792;2026.05.30 19:00;4;13.25;13.875;12.75;1681;202;0;
7793;2026.05.30 19:15;4;13.25;13.9375;12.125;1681;202;0;
7794;2026.05.30 19:30;4;13.25;13.9375;11.5625;1681;202;0;
7795;2026.05.30 19:45;4;13.25;13.9375;11.125;1681;202;0;
7796;2026.05.30 20:00;4;13.3125;14;10.75;1681;202;0;
7797;2026.05.30 20:15;4;13.3125;14;10.375;1681;202;0;
7798;2026.05.30 20:30;4;13.3125;14;10.1875;1681;202;0;
7799;2026.05.30 20:45;4;13.3125;14;10;1681;202;0;
7800;2026.05.30 21:00;4;13.3125;14;9.375;1680;202;0;
7801;2026.05.30 21:15;4;13.3125;14;9.1875;1680;202;0;
7802;2026.05.30 21:30;4;13.3125;14;9.125;1680;202;0;
7803;2026.05.30 21:45;4;13.3125;14;8.875;1680;202;0;
7804;2026.05.30 22:00;4;13.3125;14;8.625;1680;202;0;
7805;2026.05.30 22:15;4;13.375;14;7.9375;1680;202;0;
7806;2026.05.30 22:30;4;13.375;14;8.375;1680;202;0;
7807;2026.05.30 22:45;4;13.375;14;7.9375;1680;202;0;
7808;2026.05.30 23:00;4;13.375;14;8.5;1680;202;0;
7809;2026.05.30 23:15;4;13.375;14;8.3125;1680;202;0;
7810;2026.05.30 23:30;4;13.375;14;7.8125;1680;202;0;
7811;2026.05.30 23:45;4;13.375;14;7.375;1680;202;0;
7812;2026.05.31 00:00;4;13.375;14;7.25;1680;202;0;
7813;2026.05.31 00:15;4;13.375;14;7;1680;202;0;
7814;2026.05.31 00:30;4;13.375;14;7.375;1680;202;0;
7815;2026.05.31 00:45;4;13.375;14;7.375;1680;202;0;
7816;2026.05.31 01:00;4;13.375;14;6.625;1680;202;0;
7817;2026.05.31 01:15;4;13.375;14;6.5;1679;202;0;
7818;2026.05.31 01:30;4;13.375;14;7.25;1679;202;0;
7819;2026.05.31 01:45;4;13.375;14;7.375;1679;202;0;
7820;2026.05.31 02:00;4;13.375;14;6.9375;1679;202;0;
7821;2026.05.31 02:15;4;13.375;14;6.625;1679;202;0;
7822;2026.05.31 02:30;4;13.375;14;7.25;1679;202;0;
7823;2026.05.31 02:45;4;13.375;14;7;1679;202;0;
7824;2026.05.31 03:00;4;13.375;14;6.875;1679;202;0;
7825;2026.05.31 03:15;4;13.375;14;6.375;1679;202;0;
7826;2026.05.31 03:30;4;13.375;14;7;1679;202;0;
7827;2026.05.31 03:45;4;13.375;14;7.8125;1679;202;0;
7828;2026.05.31 04:00;4;13.375;14;8;1679;202;0;
7829;2026.05.31 04:15;4;13.375;14;8.3125;1679;202;0;
7830;2026.05.31 04:30;4;13.375;14;9.625;1678;202;0;
7831;2026.05.31 04:45;4;13.375;14;11.25;1678;202;0;
7832;2026.05.31 05:00;4;13.375;14;12.25;1678;202;0;
7833;2026.05.31 05:15;4;13.375;14;12.75;1678;202;0;
7834;2026.05.31 05:30;4;13.375;14;13;1678;202;0;
7835;2026.05.31 05:45;4;13.375;14;13.875;1678;202;0;
7836;2026.05.31 06:00;4;13.375;13.9375;15.625;1678;202;0;
7837;2026.05.31 06:15;4;13.375;13.875;17.875;1678;202;0;
7838;2026.05.31 06:30;4;13.375;13.9375;19.75;1678;202;0;
7839;2026.05.31 06:45;4;13.375;13.9375;21.0625;1678;202;0;
7840;2026.05.31 07:00;4;13.375;13.875;21.8125;1678;202;0;
7841;2026.05.31 07:15;4;13.375;13.875;22.875;1678;202;0;
7842;2026.05.31 07:30;4;13.375;13.875;23.6875;1678;202;0;
7843;2026.05.31 07:45;4;13.375;13.875;24;1677;202;0;
7844;2026.05.31 08:00;4;13.375;13.875;23.5;1677;202;0;
7845;2026.05.31 08:15;4;13.375;13.875;24.25;1677;202;0;
7846;2026.05.31 08:30;4;13.375;13.875;25.6875;1677;202;0;
7847;2026.05.31 08:45;4;13.375;13.8125;26.3125;1677;202;0;
7848;2026.05.31 09:00;4;13.375;13.8125;27;1677;202;0;
7849;2026.05.31 09:15;4;13.375;13.8125;27.75;1677;202;0;
7850;2026.05.31 09:30;4;13.375;13.8125;28;1677;202;0;
7851;2026.05.31 09:45;4;13.375;13.8125;28.4375;1677;202;0;
7852;2026.05.31 10:00;4;13.375;13.8125;29.5625;1677;202;0;
7853;2026.05.31 10:15;4;13.375;13.75;30.125;1677;202;0;
7854;2026.05.31 10:30;4;13.375;13.75;29.3125;1677;202;0;
7855;2026.05.31 10:45;4;13.3125;13.75;29.25;1677;202;0;
7856;2026.05.31 11:00;4;13.3125;13.75;28.25;1676;202;0;
7857;2026.05.31 11:15;4;13.3125;13.75;26.625;1676;202;0;
7858;2026.05.31 11:30;4;13.3125;13.75;21.9375;1676;202;0;
7859;2026.05.31 11:45;4;13.3125;13.75;20.625;1676;202;0;
7860;2026.05.31 12:00;4;13.3125;13.8125;22.75;2038;202;0;
7861;2026.05.31 12:15;4;13.3125;13.75;21.875;1907;202;0;
7862;2026.05.31 12:30;4;13.3125;13.75;20.25;1839;202;0;
7863;2026.05.31 12:45;4;13.3125;13.75;18.375;1805;202;0;
7864;2026.05.31 13:00;4;13.25;13.75;17.5625;1786;202;0;
7865;2026.05.31 13:15;4;13.25;13.75;16.5;1775;202;0;
7866;2026.05.31 13:30;4;13.25;13.75;15.75;1766;202;0;
7867;2026.05.31 13:45;4;13.25;13.75;15.5625;1760;202;0;
7868;2026.05.31 14:00;4;13.25;13.75;15.625;1755;202;0;
7869;2026.05.31 14:15;4;13.25;13.75;15.875;1750;202;0;
7870;2026.05.31 14:30;4;13.25;13.75;16.25;1747;202;0;
7871;2026.05.31 14:45;4;13.25;13.75;17.125;1744;202;0;
7872;2026.05.31 15:00;4;13.25;13.8125;17.375;1741;202;0;
7873;2026.05.31 15:15;4;13.25;13.75;17.75;1739;202;0;
7874;2026.05.31 15:30;4;13.25;13.8125;18.375;1737;202;0;
7875;2026.05.31 15:45;4;13.25;13.75;18.375;1736;202;0;
7876;2026.05.31 16:00;4;13.25;13.8125;18.375;1734;202;0;
7877;2026.05.31 16:15;4;13.25;13.875;18.25;1733;202;0;
7878;2026.05.31 16:30;4;13.25;13.875;17.875;1732;202;0;
7879;2026.05.31 16:45;4;13.25;13.875;17.8125;1730;202;0;
7880;2026.05.31 17:00;4;13.25;13.875;17.375;1729;202;0;
7881;2026.05.31 17:15;4;13.25;13.875;17.3125;1729;202;0;
7882;2026.05.31 17:30;4;13.25;13.875;17.25;1728;202;0;
7883;2026.05.31 17:45;4;13.25;13.875;17.125;1727;202;0;
7884;2026.05.31 18:00;4;13.3125;13.875;16.75;1726;202;0;
7885;2026.05.31 18:15;4;13.3125;13.875;16.0625;1726;202;0;
7886;2026.05.31 18:30;4;13.3125;13.875;15.5;1725;202;0;
7887;2026.05.31 18:45;4;13.3125;13.875;15.0625;1725;202;0;
7888;2026.05.31 19:00;4;13.3125;13.875;14.5;1724;202;0;
7889;2026.05.31 19:15;4;13.3125;13.9375;14.0625;1724;202;0;
7890;2026.05.31 19:30;4;13.3125;13.9375;14.25;1723;202;0;
7891;2026.05.31 19:45;4;13.3125;13.9375;14.3125;1723;202;0;
7892;2026.05.31 20:00;4;13.3125;14;14.375;1722;202;0;
7893;2026.05.31 20:15;4;13.3125;14;14.375;1722;202;0;
7894;2026.05.31 20:30;4;13.3125;14;14.625;1721;202;0;
7895;2026.05.31 20:45;4;13.375;14;15;1721;202;0;
7896;2026.05.31 21:00;4;13.375;14;15.1875;1721;202;0;
7897;2026.05.31 21:15;4;13.375;14;15.0625;1720;202;0;
7898;2026.05.31 21:30;4;13.375;14;14.75;1720;202;0;
7899;2026.05.31 21:45;4;13.375;14;14.375;1720;202;0;
7900;2026.05.31 22:00;4;13.375;14;13.75;1719;202;0;
7901;2026.05.31 22:15;4;13.375;14;13.5;1719;202;0;
7902;2026.05.31 22:30;4;13.375;14;13.3125;1719;202;0;
7903;2026.05.31 22:45;4;13.375;14;13.25;1719;202;0;
7904;2026.05.31 23:00;4;13.375;14;13.25;1718;202;0;
7905;2026.05.31 23:15;4;13.375;14;13.25;1718;202;0;
7906;2026.05.31 23:30;4;13.375;14;13.125;1718;202;0;
7907;2026.05.31 23:45;4;13.375;14;12.875;1718;202;0;
7908;2026.06.01 00:00;4;13.375;14;12.25;1717;202;0;
7909;2026.06.01 00:15;4;13.375;14;12.375;1717;202;0;
7910;2026.06.01 00:30;4;13.375;14;12.875;1717;202;0;
7911;2026.06.01 00:45;4;13.375;14.0625;13;1717;202;0;
7912;2026.06.01 01:00;4;13.375;14.0625;12.625;1716;202;0;
7913;2026.06.01 01:15;4;13.375;14.0625;12;1716;202;0;
7914;2026.06.01 01:30;4;13.375;14.0625;11.875;1716;202;0;
7915;2026.06.01 01:45;4;13.375;14.0625;11.5;1716;202;0;
7916;2026.06.01 02:00;4;13.375;14.0625;11.25;1716;202;0;
7917;2026.06.01 02:15;4;13.375;14.0625;11.375;1716;202;0;
7918;2026.06.01 02:30;4;13.375;14.0625;12;1715;202;0;
7919;2026.06.01 02:45;4;13.375;14.0625;12.3125;1715;202;0;
7920;2026.06.01 03:00;4;13.375;14.0625;12.625;1715;202;0;
7921;2026.06.01 03:15;4;13.375;14.0625;12.75;1715;202;0;
7922;2026.06.01 03:30;4;13.375;14.0625;12.875;1715;202;0;
7923;2026.06.01 03:45;4;13.4375;14.0625;12.875;1715;202;0;
7924;2026.06.01 04:00;4;13.375;14.0625;13.125;1714;202;0;
7925;2026.06.01 04:15;4;13.4375;14.0625;13.25;1714;202;0;
7926;2026.06.01 04:30;4;13.4375;14.0625;13.8125;1714;202;0;
7927;2026.06.01 04:45;4;13.4375;14.0625;14;1714;202;0;
7928;2026.06.01 05:00;4;13.4375;14.0625;13.75;1714;202;0;
7929;2026.06.01 05:15;4;13.4375;14.0625;13.875;1714;202;0;
7930;2026.06.01 05:30;4;13.4375;14.0625;13.6875;1713;202;0;
7931;2026.06.01 05:45;4;13.4375;14.0625;13.5;1713;202;0;
7932;2026.06.01 06:00;4;13.4375;14.0625;13.625;1713;202;0;
7933;2026.06.01 06:15;4;13.4375;14.0625;13.625;1713;202;0;
7934;2026.06.01 06:30;4;13.4375;14;13.625;1713;202;0;
7935;2026.06.01 06:45;4;13.4375;14.0625;13.6875;1712;202;0;
7936;2026.06.01 07:00;4;13.4375;14.0625;13.75;2110;202;0;
7937;2026.06.01 07:15;4;13.4375;14.125;13.625;2234;202;0;
7938;2026.06.01 07:30;4;13.4375;14.125;13.4375;2330;202;0;
7939;2026.06.01 07:45;4;13.5;14.125;13.375;2577;202;0;
7940;2026.06.01 08:00;4;14;14.375;12.5;3030;202;0;
7941;2026.06.01 08:15;4;14.125;14.375;12.75;3001;202;0;
7942;2026.06.01 08:30;4;13.875;14.375;14.25;2900;202;0;
7943;2026.06.01 08:45;4;13.8125;14.3125;15;2877;202;0;
7944;2026.06.01 09:00;4;13.75;14.25;15.625;2870;202;0;
7945;2026.06.01 09:15;4;13.625;14.25;16.375;2860;202;0;
7946;2026.06.01 09:30;4;13.625;14.1875;16.375;2841;202;0;
7947;2026.06.01 09:45;4;13.5625;14.125;16.375;2812;202;0;
7948;2026.06.01 10:00;4;13.5625;14.125;17.375;2786;202;0;
7949;2026.06.01 10:15;4;13.5;14.125;17.1875;2766;202;0;
7950;2026.06.01 10:30;4;13.5;14.125;18.0625;2742;202;0;
7951;2026.06.01 10:45;4;13.5;14.125;19.4375;2724;202;0;
7952;2026.06.01 11:00;4;13.5;14.125;18.125;2710;202;0;
7953;2026.06.01 11:15;4;13.5;14.0625;18.25;2696;202;0;
7954;2026.06.01 11:30;4;13.5;14.0625;17.125;2680;202;0;
7955;2026.06.01 11:45;4;13.5;14.0625;16.375;2669;202;0;
7956;2026.06.01 12:00;4;13.5;14;16.625;2656;202;0;
7957;2026.06.01 12:15;4;13.5;14;16.5;2643;202;0;
7958;2026.06.01 12:30;4;13.5;14;17;2633;202;0;
7959;2026.06.01 12:45;4;13.5;14;16.625;2623;202;0;
7960;2026.06.01 13:00;4;13.5;14;15.6875;2617;202;0;
7961;2026.06.01 13:15;4;13.5;14;15.875;2608;202;0;
7962;2026.06.01 13:30;4;13.5;14;17.375;2602;202;0;
7963;2026.06.01 13:45;4;13.5;14;19.75;2601;202;0;
7964;2026.06.01 14:00;4;13.5;14;21.75;2602;202;0;
7965;2026.06.01 14:15;4;13.5;14;20.75;2602;202;0;
7966;2026.06.01 14:30;4;13.4375;14;22.25;2600;202;0;
7967;2026.06.01 14:45;4;13.5;14;19.875;2597;202;0;
7968;2026.06.01 15:00;4;13.4375;14;21.3125;2595;202;0;
7969;2026.06.01 15:15;4;13.4375;14;20.25;2571;202;0;
7970;2026.06.01 15:30;4;13.4375;14;19.625;2568;202;0;
7971;2026.06.01 15:45;4;13.4375;14;19.375;2565;202;0;
7972;2026.06.01 16:00;4;13.4375;14;18.875;2560;202;0;
7973;2026.06.01 16:15;4;13.4375;14;18.625;2558;202;0;
7974;2026.06.01 16:30;4;13.4375;14;17.875;2555;202;0;
7975;2026.06.01 16:45;4;13.4375;14;17;2553;202;0;
7976;2026.06.01 17:00;4;13.4375;14;16.75;2549;202;0;
7977;2026.06.01 17:15;4;13.4375;14;16.875;2547;202;0;
7978;2026.06.01 17:30;4;13.4375;14;16.375;2545;202;0;
7979;2026.06.01 17:45;4;13.4375;14;16;2542;202;0;
7980;2026.06.01 18:00;4;13.4375;14;15.875;2539;202;0;
7981;2026.06.01 18:15;4;13.4375;14;15.125;2537;202;0;
7982;2026.06.01 18:30;4;13.4375;14;14;2534;202;0;
7983;2026.06.01 18:45;4;13.4375;14;13.25;2531;202;0;
7984;2026.06.01 19:00;4;13.4375;14;12.625;2529;202;0;
7985;2026.06.01 19:15;4;13.4375;14;12.125;2527;202;0;
7986;2026.06.01 19:30;4;13.4375;14;11.6875;2524;202;0;
7987;2026.06.01 19:45;4;13.4375;14;11.375;2521;202;0;
7988;2026.06.01 20:00;4;13.4375;14;11.375;2518;202;0;
7989;2026.06.01 20:15;4;13.4375;14;11;2516;202;0;
7990;2026.06.01 20:30;4;13.4375;14;10.8125;2514;202;0;
7991;2026.06.01 20:45;4;13.4375;14;10.6875;2512;202;0;
7992;2026.06.01 21:00;4;13.4375;14;10.375;2509;202;0;
7993;2026.06.01 21:15;4;13.4375;14;10.5;2507;202;0;
7994;2026.06.01 21:30;4;13.5;14.0625;10.4375;2505;202;0;
7995;2026.06.01 21:45;4;13.4375;14.0625;10.625;2496;202;0;
7996;2026.06.01 22:00;4;13.4375;14.0625;10.625;2494;202;0;
7997;2026.06.01 22:15;4;13.5;14.0625;10.1875;2492;202;0;
7998;2026.06.01 22:30;4;13.4375;14.0625;10.25;2489;202;0;
7999;2026.06.01 22:45;4;13.5;14.0625;10.125;2487;202;0;
8000;2026.06.01 23:00;4;13.5;14.0625;10.125;2484;202;0;
8001;2026.06.01 23:15;4;13.5;14.0625;10.875;2483;202;0;
8002;2026.06.01 23:30;4;13.5;14.0625;10.75;2479;202;0;
8003;2026.06.01 23:45;4;13.5;14.0625;10.625;2476;202;0;
8004;2026.06.02 00:00;4;13.5;14.0625;9.25;2473;202;0;
8005;2026.06.02 00:15;4;13.5;14.0625;8.5;2470;202;0;
8006;2026.06.02 00:30;4;13.5;14.0625;7.8125;2467;202;0;
8007;2026.06.02 00:45;4;13.5;14.0625;7.625;2465;202;0;
8008;2026.06.02 01:00;4;13.5;14.0625;7.625;2463;202;0;
8009;2026.06.02 01:15;4;13.5;14.0625;7.6875;2461;202;0;
8010;2026.06.02 01:30;4;13.5;14.0625;7.5;2459;202;0;
8011;2026.06.02 01:45;4;13.5;14.0625;7.3125;2456;202;0;
8012;2026.06.02 02:00;4;13.5;14.0625;7.0625;2454;202;0;
8013;2026.06.02 02:15;4;13.5;14.0625;6.875;2453;202;0;
8014;2026.06.02 02:30;4;13.5;14.0625;6.125;2437;202;0;
8015;2026.06.02 02:45;4;13.5;14.0625;5.75;2435;202;0;
8016;2026.06.02 03:00;4;13.5;14.0625;5.375;2433;202;0;
8017;2026.06.02 03:15;4;13.5;14.0625;5.25;2386;202;0;
8018;2026.06.02 03:30;4;13.5;14.0625;5.5;2383;202;0;
8019;2026.06.02 03:45;4;13.5;14.0625;5.75;2380;202;0;
8020;2026.06.02 04:00;4;13.5;14;6.375;2377;202;0;
8021;2026.06.02 04:15;4;13.5;14;7;2375;202;0;
8022;2026.06.02 04:30;4;13.5;14;8.125;2371;202;0;
8023;2026.06.02 04:45;4;13.5;14;10.375;2369;202;0;
8024;2026.06.02 05:00;4;13.5;14;11.5;2366;202;0;
8025;2026.06.02 05:15;4;13.5;14;12.4375;2364;202;0;
8026;2026.06.02 05:30;4;13.5;14;13.1875;2362;202;0;
8027;2026.06.02 05:45;4;13.5;14;13.9375;2360;202;0;
8028;2026.06.02 06:00;4;13.5;14;14.375;2357;202;0;
8029;2026.06.02 06:15;4;13.5;14;15.125;2355;202;0;
8030;2026.06.02 06:30;4;13.5;14;16.25;2353;202;0;
8031;2026.06.02 06:45;4;13.5;14;16.875;2351;202;0;
8032;2026.06.02 07:00;4;13.5;14;18;2349;202;0;
8033;2026.06.02 07:15;4;13.5;14;19.75;2347;202;0;
8034;2026.06.02 07:30;4;13.5;14;21.25;2345;202;0;
8035;2026.06.02 07:45;4;13.5;13.9375;22.5;2343;202;0;
8036;2026.06.02 08:00;4;13.5;13.9375;22;2341;202;0;
8037;2026.06.02 08:15;4;13.4375;13.9375;23.0625;2339;202;0;
8038;2026.06.02 08:30;4;13.5;13.875;24.8125;2337;202;0;
8039;2026.06.02 08:45;4;13.4375;13.875;25.5;2335;202;0;
8040;2026.06.02 09:00;4;13.4375;13.875;26.75;2333;202;0;
8041;2026.06.02 09:15;4;13.4375;13.875;27.75;2331;202;0;
8042;2026.06.02 09:30;4;13.4375;13.875;28;2330;202;0;
8043;2026.06.02 09:45;4;13.4375;13.875;28;2328;202;0;
8044;2026.06.02 10:00;4;13.4375;13.875;28.125;2326;202;0;
8045;2026.06.02 10:15;4;13.4375;13.875;28.375;2324;202;0;
8046;2026.06.02 10:30;4;13.375;13.875;27.25;2323;202;0;
8047;2026.06.02 10:45;4;13.4375;13.875;27.5;2321;202;0;
8048;2026.06.02 11:00;4;13.375;13.875;27.75;2319;202;0;
8049;2026.06.02 11:15;4;13.375;13.875;29.125;2317;202;0;
8050;2026.06.02 11:30;4;13.375;13.875;30.125;2316;202;0;
8051;2026.06.02 11:45;4;13.375;13.875;29.625;2314;202;0;
8052;2026.06.02 12:00;4;13.375;13.875;29.6875;2313;202;0;
8053;2026.06.02 12:15;4;13.375;13.875;30.6875;2311;202;0;
8054;2026.06.02 12:30;4;13.375;13.8125;30.875;2310;202;0;
8055;2026.06.02 12:45;4;13.375;13.8125;30.125;2309;202;0;
8056;2026.06.02 13:00;4;13.375;13.875;30.625;2307;202;0;
8057;2026.06.02 13:15;4;13.375;13.875;31;2306;202;0;
8058;2026.06.02 13:30;4;13.375;13.875;29.9375;2305;202;0;
8059;2026.06.02 13:45;4;13.375;13.875;27.5;2303;202;0;
8060;2026.06.02 14:00;4;13.375;13.875;29;2302;202;0;
8061;2026.06.02 14:15;4;13.375;13.875;29.75;2300;202;0;
8062;2026.06.02 14:30;4;13.375;13.875;28.75;2299;202;0;
8063;2026.06.02 14:45;4;13.375;13.875;28.5;2298;202;0;
8064;2026.06.02 15:00;4;13.375;13.875;27.8125;2296;202;0;
8065;2026.06.02 15:15;4;13.375;13.875;25.75;2295;202;0;
8066;2026.06.02 15:30;4;13.375;13.875;24.25;2294;202;0;
8067;2026.06.02 15:45;4;13.375;13.875;23.5;2293;202;0;
8068;2026.06.02 16:00;4;13.375;13.875;22.75;2291;202;0;
8069;2026.06.02 16:15;4;13.375;13.875;22;2290;202;0;
8070;2026.06.02 16:30;4;13.375;13.875;22;2289;202;0;
8071;2026.06.02 16:45;4;13.375;13.875;23;2288;202;0;
8072;2026.06.02 17:00;4;13.375;13.9375;21.375;2287;202;0;
8073;2026.06.02 17:15;4;13.375;13.9375;20.5;2285;202;0;
8074;2026.06.02 17:30;4;13.375;14;19.875;2284;202;0;
8075;2026.06.02 17:45;4;13.375;14;19.5625;2283;202;0;
8076;2026.06.02 18:00;4;13.375;14;19;2282;202;0;
8077;2026.06.02 18:15;4;13.375;14;18.25;2281;202;0;
8078;2026.06.02 18:30;4;13.375;14;17.375;2280;202;0;
8079;2026.06.02 18:45;4;13.375;14;16.875;2279;202;0;
8080;2026.06.02 19:00;4;13.375;14;16.4375;2277;202;0;
8081;2026.06.02 19:15;4;13.375;14.0625;16.25;2276;202;0;
8082;2026.06.02 19:30;4;13.375;14.0625;15.875;2275;202;0;
8083;2026.06.02 19:45;4;13.4375;14.125;15.5625;2273;202;0;
8084;2026.06.02 20:00;4;13.4375;14.125;15.75;2272;202;0;
8085;2026.06.02 20:15;4;13.4375;14.125;15.9375;2272;202;0;
8086;2026.06.02 20:30;4;13.4375;14.125;15.875;2271;202;0;
8087;2026.06.02 20:45;4;13.4375;14.125;15.375;2270;202;0;
8088;2026.06.02 21:00;4;13.4375;14.125;14.875;2269;202;0;
8089;2026.06.02 21:15;4;13.5;14.125;14.625;2267;202;0;
8090;2026.06.02 21:30;4;13.5;14.125;15.1875;2266;202;0;
8091;2026.06.02 21:45;4;13.5;14.1875;15.5;2265;202;0;
8092;2026.06.02 22:00;4;13.5;14.1875;15.625;2264;202;0;
8093;2026.06.02 22:15;4;13.5;14.25;15.125;2263;202;0;
8094;2026.06.02 22:30;4;13.5;14.25;14.875;2262;202;0;
8095;2026.06.02 22:45;4;13.5;14.25;14.75;2261;202;0;
8096;2026.06.02 23:00;4;13.5;14.25;14.625;2261;202;0;
8097;2026.06.02 23:15;4;13.5;14.25;14.5;2260;202;0;
8098;2026.06.02 23:30;4;13.5;14.25;14.3125;2259;202;0;
8099;2026.06.02 23:45;4;13.5;14.25;14.125;2258;202;0;
8100;2026.06.03 00:00;4;13.5;14.25;14;2257;202;0;
8101;2026.06.03 00:15;4;13.5;14.25;14;2256;202;0;
8102;2026.06.03 00:30;4;13.5625;14.25;13.875;2255;202;0;
8103;2026.06.03 00:45;4;13.5625;14.25;13.875;2254;202;0;
8104;2026.06.03 01:00;4;13.5625;14.25;13.875;2254;202;0;
8105;2026.06.03 01:15;4;13.5625;14.25;13.8125;2253;202;0;
8106;2026.06.03 01:30;4;13.5625;14.3125;13.75;2252;202;0;
8107;2026.06.03 01:45;4;13.5625;14.3125;13.625;2253;202;0;
8108;2026.06.03 02:00;4;13.625;14.375;13.625;2529;202;0;
8109;2026.06.03 02:15;4;13.625;14.375;13.4375;2557;202;0;
8110;2026.06.03 02:30;4;13.625;14.375;13.3125;2561;202;0;
8111;2026.06.03 02:45;4;13.625;14.375;13.125;2563;202;0;
8112;2026.06.03 03:00;4;13.625;14.375;13;2559;202;0;
8113;2026.06.03 03:15;4;13.625;14.375;13;2550;202;0;
8114;2026.06.03 03:30;4;13.625;14.375;13;2544;202;0;
8115;2026.06.03 03:45;4;13.625;14.375;13;2538;202;0;
8116;2026.06.03 04:00;4;13.625;14.375;13.0625;2531;202;0;
8117;2026.06.03 04:15;4;13.625;14.375;13.125;2526;202;0;
8118;2026.06.03 04:30;4;13.625;14.375;13.125;2521;202;0;
8119;2026.06.03 04:45;4;13.625;14.375;13.125;2514;202;0;
8120;2026.06.03 05:00;4;13.625;14.375;13.1875;2506;202;0;
8121;2026.06.03 05:15;4;13.625;14.375;13.25;2499;202;0;
8122;2026.06.03 05:30;4;13.625;14.375;13.5;2495;202;0;
8123;2026.06.03 05:45;4;13.625;14.375;13.625;2491;202;0;
8124;2026.06.03 06:00;4;13.625;14.375;13.5625;2487;202;0;
8125;2026.06.03 06:15;4;13.625;14.375;13.75;2482;202;0;
8126;2026.06.03 06:30;4;13.625;14.375;13.9375;2478;202;0;
8127;2026.06.03 06:45;4;13.625;14.375;14.625;2476;202;0;
8128;2026.06.03 07:00;4;13.625;14.375;14.5625;2473;202;0;
8129;2026.06.03 07:15;4;13.625;14.375;14.375;2470;202;0;
8130;2026.06.03 07:30;4;13.625;14.375;14.5625;2467;202;0;
8131;2026.06.03 07:45;4;13.625;14.375;14.375;2465;202;0;
8132;2026.06.03 08:00;4;13.625;14.375;15;2464;202;0;
8133;2026.06.03 08:15;4;13.625;14.375;15.1875;2462;202;0;
8134;2026.06.03 08:30;4;13.6875;14.375;15.875;2461;202;0;
8135;2026.06.03 08:45;4;13.625;14.375;16.375;2460;202;0;
8136;2026.06.03 09:00;4;13.6875;14.375;15.75;2459;202;0;
8137;2026.06.03 09:15;4;13.6875;14.375;16;2458;202;0;
8138;2026.06.03 09:30;4;13.6875;14.375;16.5;2457;202;0;
8139;2026.06.03 09:45;4;13.6875;14.3125;16.5625;2456;202;0;
8140;2026.06.03 10:00;4;13.6875;14.3125;16.375;2455;202;0;
8141;2026.06.03 10:15;4;13.6875;14.3125;16.1875;2454;202;0;
8142;2026.06.03 10:30;4;13.6875;14.3125;16.5;2453;202;0;
8143;2026.06.03 10:45;4;13.6875;14.3125;17.875;2451;202;0;
8144;2026.06.03 11:00;4;13.6875;14.3125;17.9375;2450;202;0;
8145;2026.06.03 11:15;4;13.6875;14.3125;17.625;2448;202;0;
8146;2026.06.03 11:30;4;13.6875;14.3125;17.625;2447;202;0;
8147;2026.06.03 11:45;4;13.6875;14.3125;18.125;2446;202;0;
8148;2026.06.03 12:00;4;13.6875;14.3125;19.25;2444;202;0;
8149;2026.06.03 12:15;4;13.6875;14.25;20.625;2443;202;0;
8150;2026.06.03 12:30;4;13.6875;14.3125;21.125;2441;202;0;
8151;2026.06.03 12:45;4;13.6875;14.25;20.4375;2440;202;0;
8152;2026.06.03 13:00;4;13.6875;14.25;21;2438;202;0;
8153;2026.06.03 13:15;4;13.6875;14.25;21.4375;2436;202;0;
8154;2026.06.03 13:30;4;13.6875;14.25;21.5;2435;202;0;
8155;2026.06.03 13:45;4;13.6875;14.25;23.1875;2433;202;0;
8156;2026.06.03 14:00;4;13.6875;14.25;21.3125;2431;202;0;
8157;2026.06.03 14:15;4;13.6875;14.25;21.1875;2430;202;0;
8158;2026.06.03 14:30;4;13.6875;14.25;21.5;2428;202;0;
8159;2026.06.03 14:45;4;13.6875;14.25;21.25;2426;202;0;
8160;2026.06.03 15:00;4;13.6875;14.25;22.125;2425;202;0;
8161;2026.06.03 15:15;4;13.6875;14.25;20.5;2423;202;0;
8162;2026.06.03 15:30;4;13.6875;14.25;20.375;2421;202;0;
8163;2026.06.03 15:45;4;13.6875;14.25;20.625;2419;202;0;
8164;2026.06.03 16:00;4;13.6875;14.25;20.875;2418;202;0;
8165;2026.06.03 16:15;4;13.6875;14.25;21;2416;202;0;
8166;2026.06.03 16:30;4;13.6875;14.25;21.375;2414;202;0;
8167;2026.06.03 16:45;4;13.6875;14.25;20;2413;202;0;
8168;2026.06.03 17:00;4;13.6875;14.25;19.625;2411;202;0;
8169;2026.06.03 17:15;4;13.6875;14.25;17.9375;2409;202;0;
8170;2026.06.03 17:30;4;13.6875;14.25;16.875;2407;202;0;
8171;2026.06.03 17:45;4;13.6875;14.25;16.125;2406;202;0;
8172;2026.06.03 18:00;4;13.6875;14.25;15.625;2404;202;0;
8173;2026.06.03 18:15;4;13.6875;14.25;15.125;2402;202;0;
8174;2026.06.03 18:30;4;13.6875;14.3125;14.5;2400;202;0;
8175;2026.06.03 18:45;4;13.6875;14.3125;13.1875;2399;202;0;
8176;2026.06.03 19:00;4;13.6875;14.3125;12.125;2397;202;0;
8177;2026.06.03 19:15;4;13.6875;14.3125;11.375;2395;202;0;
8178;2026.06.03 19:30;4;13.6875;14.3125;10.75;2394;202;0;
8179;2026.06.03 19:45;4;13.6875;14.3125;10.375;2392;202;0;
8180;2026.06.03 20:00;4;13.6875;14.3125;10.125;2391;202;0;
8181;2026.06.03 20:15;4;13.6875;14.3125;9.875;2389;202;0;
8182;2026.06.03 20:30;4;13.6875;14.3125;9.75;2387;202;0;
8183;2026.06.03 20:45;4;13.6875;14.3125;9.375;2386;202;0;
8184;2026.06.03 21:00;4;13.6875;14.375;9;2384;202;0;
8185;2026.06.03 21:15;4;13.6875;14.375;8.875;2383;202;0;
8186;2026.06.03 21:30;4;13.6875;14.375;8.375;2381;202;0;
8187;2026.06.03 21:45;4;13.6875;14.375;8.5;2380;202;0;
8188;2026.06.03 22:00;4;13.6875;14.375;8.625;2378;202;0;
8189;2026.06.03 22:15;4;13.6875;14.375;8.125;2377;202;0;
8190;2026.06.03 22:30;4;13.75;14.375;7.875;2376;202;0;
8191;2026.06.03 22:45;4;13.6875;14.375;7.625;2374;202;0;
8192;2026.06.03 23:00;4;13.75;14.375;7.4375;2373;202;0;
8193;2026.06.03 23:15;4;13.75;14.375;7.375;2372;202;0;
8194;2026.06.03 23:30;4;13.75;14.375;7.375;2370;202;0;
8195;2026.06.03 23:45;4;13.75;14.375;7.125;2369;202;0;
8196;2026.06.04 00:00;4;13.75;14.375;6.75;2368;202;0;
8197;2026.06.04 00:15;4;13.75;14.375;6.875;2366;202;0;
8198;2026.06.04 00:30;4;13.75;14.375;6.375;2365;202;0;
8199;2026.06.04 00:45;4;13.75;14.375;5.9375;2364;202;0;
8200;2026.06.04 01:00;4;13.75;14.375;6.25;2363;202;0;
8201;2026.06.04 01:15;4;13.75;14.375;6;2361;202;0;
8202;2026.06.04 01:30;4;13.75;14.375;6.3125;2360;202;0;
8203;2026.06.04 01:45;4;13.75;14.375;6.125;2359;202;0;
8204;2026.06.04 02:00;4;13.75;14.375;5.75;2358;202;0;
8205;2026.06.04 02:15;4;13.75;14.375;5.125;2357;202;0;
8206;2026.06.04 02:30;4;13.75;14.375;5.625;2356;202;0;
8207;2026.06.04 02:45;4;13.75;14.375;5.5;2355;202;0;
8208;2026.06.04 03:00;4;13.75;14.375;5.375;2353;202;0;
8209;2026.06.04 03:15;4;13.75;14.375;6;2352;202;0;
8210;2026.06.04 03:30;4;13.75;14.3125;6.25;2351;202;0;
8211;2026.06.04 03:45;4;13.75;14.3125;6.75;2350;202;0;
8212;2026.06.04 04:00;4;13.75;14.3125;7.375;2349;202;0;
8213;2026.06.04 04:15;4;13.75;14.3125;7.5;2348;202;0;
8214;2026.06.04 04:30;4;13.75;14.25;7.875;2347;202;0;
8215;2026.06.04 04:45;4;13.75;14.25;9.125;2345;202;0;
8216;2026.06.04 05:00;4;13.75;14.25;9;2344;202;0;
8217;2026.06.04 05:15;4;13.75;14.25;9.5;2343;202;0;
8218;2026.06.04 05:30;4;13.75;14.25;10.75;2342;202;0;
8219;2026.06.04 05:45;4;13.75;14.25;13.8125;2341;202;0;
8220;2026.06.04 06:00;4;13.75;14.25;15.25;2340;202;0;
8221;2026.06.04 06:15;4;13.75;14.25;18.125;2339;202;0;
8222;2026.06.04 06:30;4;13.75;14.25;19.875;2338;202;0;
8223;2026.06.04 06:45;4;13.75;14.25;21.1875;2337;202;0;
8224;2026.06.04 07:00;4;13.75;14.25;22.25;2336;202;0;
8225;2026.06.04 07:15;4;13.75;14.25;23.25;2335;202;0;
8226;2026.06.04 07:30;4;13.6875;14.1875;24;2334;202;0;
8227;2026.06.04 07:45;4;13.6875;14.1875;24.6875;2333;202;0;
8228;2026.06.04 08:00;4;13.6875;14.125;24.5;2332;202;0;
8229;2026.06.04 08:15;4;13.6875;14.125;25.25;2331;202;0;
8230;2026.06.04 08:30;4;13.6875;14.125;26.25;2330;202;0;
8231;2026.06.04 08:45;4;13.6875;14.125;26;2329;202;0;
8232;2026.06.04 09:00;4;13.6875;14.125;26.1875;2328;202;0;
8233;2026.06.04 09:15;4;13.625;14.125;27.625;2327;202;0;
8234;2026.06.04 09:30;4;13.625;14.125;28.375;2326;202;0;
8235;2026.06.04 09:45;4;13.625;14.125;28.625;2325;202;0;
8236;2026.06.04 10:00;4;13.625;14.125;29.8125;2324;202;0;
8237;2026.06.04 10:15;4;13.625;14.125;28.25;2323;202;0;
8238;2026.06.04 10:30;4;13.625;14.125;28.5;2322;202;0;
8239;2026.06.04 10:45;4;13.625;14.0625;30.375;2321;202;0;
8240;2026.06.04 11:00;4;13.625;14.0625;30.625;2320;202;0;
8241;2026.06.04 11:15;4;13.625;14.0625;29.9375;2319;202;0;
8242;2026.06.04 11:30;4;13.625;14.0625;29.375;2318;202;0;
8243;2026.06.04 11:45;4;13.625;14;28.625;2317;202;0;
8244;2026.06.04 12:00;4;13.625;14;28.25;2317;202;0;
8245;2026.06.04 12:15;4;13.625;14;28.125;2316;202;0;
8246;2026.06.04 12:30;4;13.625;14;28.75;2315;202;0;
8247;2026.06.04 12:45;4;13.625;14;27.8125;2314;202;0;
8248;2026.06.04 13:00;4;13.625;14;27.625;2313;202;0;
8249;2026.06.04 13:15;4;13.625;14;26.6875;2312;202;0;
8250;2026.06.04 13:30;4;13.625;14;25.875;2311;202;0;
8251;2026.06.04 13:45;4;13.625;14;25.25;2310;202;0;
8252;2026.06.04 14:00;4;13.625;14;26;2309;202;0;
8253;2026.06.04 14:15;4;13.625;14;26.75;2309;202;0;
8254;2026.06.04 14:30;4;13.625;14;26.375;2308;202;0;
8255;2026.06.04 14:45;4;13.625;14;26.5;2307;202;0;
8256;2026.06.04 15:00;4;13.625;14;25.875;2306;202;0;
8257;2026.06.04 15:15;4;13.5625;14.0625;25.0625;2305;202;0;
8258;2026.06.04 15:30;4;13.625;14.0625;24.25;2305;202;0;
8259;2026.06.04 15:45;4;13.625;14.0625;23.875;2304;202;0;
8260;2026.06.04 16:00;4;13.625;14.0625;23.5625;2303;202;0;
8261;2026.06.04 16:15;4;13.5625;14.125;23.375;2302;202;0;
8262;2026.06.04 16:30;4;13.625;14.125;22.625;2301;202;0;
8263;2026.06.04 16:45;4;13.5625;14.125;22;2301;202;0;
8264;2026.06.04 17:00;4;13.5625;14.125;21.75;2300;202;0;
8265;2026.06.04 17:15;4;13.625;14.125;21.375;2299;202;0;
8266;2026.06.04 17:30;4;13.625;14.125;20.6875;2298;202;0;
8267;2026.06.04 17:45;4;13.625;14.125;19.875;2298;202;0;
8268;2026.06.04 18:00;4;13.625;14.125;19.25;2297;202;0;
8269;2026.06.04 18:15;4;13.625;14.125;18.5;2296;202;0;
8270;2026.06.04 18:30;4;13.625;14.1875;17.875;2295;202;0;
8271;2026.06.04 18:45;4;13.625;14.1875;17.25;2295;202;0;
8272;2026.06.04 19:00;4;13.625;14.25;16.875;2294;202;0;
8273;2026.06.04 19:15;4;13.625;14.25;16.5;2293;202;0;
8274;2026.06.04 19:30;4;13.625;14.25;16.125;2292;202;0;
8275;2026.06.04 19:45;4;13.625;14.25;15.75;2292;202;0;
8276;2026.06.04 20:00;4;13.625;14.25;15.625;2290;202;0;
8277;2026.06.04 20:15;4;13.625;14.25;15.375;2290;202;0;
8278;2026.06.04 20:30;4;13.625;14.25;15.25;2289;202;0;
8279;2026.06.04 20:45;4;13.625;14.25;15.3125;2288;202;0;
8280;2026.06.04 21:00;4;13.625;14.3125;15.25;2287;202;0;
8281;2026.06.04 21:15;4;13.625;14.3125;15.875;2287;202;0;
8282;2026.06.04 21:30;4;13.625;14.3125;16.3125;2286;202;0;
8283;2026.06.04 21:45;4;13.625;14.375;16;2285;202;0;
8284;2026.06.04 22:00;4;13.625;14.375;15.5;2285;202;0;
8285;2026.06.04 22:15;4;13.6875;14.375;15.125;2284;202;0;
8286;2026.06.04 22:30;4;13.6875;14.375;14.75;2283;202;0;
8287;2026.06.04 22:45;4;13.6875;14.375;14.4375;2282;202;0;
8288;2026.06.04 23:00;4;13.6875;14.375;14.1875;2282;202;0;
8289;2026.06.04 23:15;4;13.6875;14.375;13.75;2281;202;0;
8290;2026.06.04 23:30;4;13.75;14.375;13.125;2280;202;0;
8291;2026.06.04 23:45;4;13.75;14.375;12.625;2280;202;0;
8292;2026.06.05 00:00;4;13.75;14.4375;12.375;2279;202;0;
8293;2026.06.05 00:15;4;13.75;14.4375;12.125;2278;202;0;
8294;2026.06.05 00:30;4;13.75;14.4375;11.9375;2277;202;0;
8295;2026.06.05 00:45;4;13.75;14.4375;11.75;2277;202;0;
8296;2026.06.05 01:00;4;13.75;14.4375;11.625;2276;202;0;
8297;2026.06.05 01:15;4;13.75;14.5;11.5;2275;202;0;
8298;2026.06.05 01:30;4;13.75;14.5;11.5;2275;202;0;
8299;2026.06.05 01:45;4;13.75;14.5;11.5;2274;202;0;
8300;2026.06.05 02:00;4;13.75;14.5;11.4375;2273;202;0;
8301;2026.06.05 02:15;4;13.75;14.5;11.5;2273;202;0;
8302;2026.06.05 02:30;4;13.75;14.5;11.4375;2272;202;0;
8303;2026.06.05 02:45;4;13.75;14.5;11.375;2271;202;0;
8304;2026.06.05 03:00;4;13.75;14.5;11.3125;2271;202;0;
8305;2026.06.05 03:15;4;13.75;14.5;11.1875;2270;202;0;
8306;2026.06.05 03:30;4;13.75;14.5;11;2269;202;0;
8307;2026.06.05 03:45;4;13.75;14.5;11;2268;202;0;
8308;2026.06.05 04:00;4;13.75;14.5;11.125;2267;202;0;
8309;2026.06.05 04:15;4;13.8125;14.5;11.1875;2267;202;0;
8310;2026.06.05 04:30;4;13.8125;14.5;11.25;2266;202;0;
8311;2026.06.05 04:45;4;13.8125;14.5;11.25;2266;202;0;
8312;2026.06.05 05:00;4;13.8125;14.5;11.25;2265;202;0;
8313;2026.06.05 05:15;4;13.8125;14.5;11.5;2265;202;0;
8314;2026.06.05 05:30;4;13.8125;14.5;11.625;2264;202;0;
8315;2026.06.05 05:45;4;13.8125;14.5;11.75;2264;202;0;
8316;2026.06.05 06:00;4;13.8125;14.5;12;2263;202;0;
8317;2026.06.05 06:15;4;13.8125;14.5;12.0625;2263;202;0;
8318;2026.06.05 06:30;4;13.875;14.5;12.5;2263;202;0;
8319;2026.06.05 06:45;4;13.875;14.5;12.75;2263;202;0;
8320;2026.06.05 07:00;4;13.875;14.5;12.9375;2262;202;0;
8321;2026.06.05 07:15;4;13.875;14.5;12.9375;2262;202;0;
8322;2026.06.05 07:30;4;13.875;14.5;12.875;2263;202;0;
8323;2026.06.05 07:45;4;13.875;14.5;13;2263;202;0;
8324;2026.06.05 08:00;4;13.875;14.5;13.1875;2263;202;0;
8325;2026.06.05 08:15;4;13.875;14.5;13.5;2263;202;0;
8326;2026.06.05 08:30;4;13.875;14.5;13.75;2264;202;0;
8327;2026.06.05 08:45;4;13.875;14.5;14.25;2264;202;0;
8328;2026.06.05 09:00;4;13.875;14.5;14.6875;2265;202;0;
8329;2026.06.05 09:15;4;13.875;14.5;15.0625;2265;202;0;
8330;2026.06.05 09:30;4;13.875;14.5;15.0625;2266;202;0;
8331;2026.06.05 09:45;4;13.875;14.5;14.5625;2267;202;0;
8332;2026.06.05 10:00;4;13.875;14.4375;15;2268;202;0;
8333;2026.06.05 10:15;4;13.875;14.4375;15.6875;2269;202;0;
8334;2026.06.05 10:30;4;13.875;14.4375;17.1875;2270;202;0;
8335;2026.06.05 10:45;4;13.875;14.4375;17.8125;2272;202;0;
8336;2026.06.05 11:00;4;13.875;14.4375;17.375;2273;202;0;
8337;2026.06.05 11:15;4;13.875;14.4375;16.75;2275;202;0;
8338;2026.06.05 11:30;4;13.875;14.375;16.9375;2277;202;0;
8339;2026.06.05 11:45;4;13.875;14.4375;18.5;2279;202;0;
8340;2026.06.05 12:00;4;13.875;14.375;19.5625;2281;202;0;
8341;2026.06.05 12:15;4;13.875;14.375;21.75;2283;202;0;
8342;2026.06.05 12:30;4;13.875;14.375;20.375;2285;202;0;
8343;2026.06.05 12:45;4;13.875;14.375;19.875;2288;202;0;
8344;2026.06.05 13:00;4;13.875;14.375;21;2290;202;0;
8345;2026.06.05 13:15;4;13.875;14.375;21.3125;2293;202;0;
8346;2026.06.05 13:30;4;13.8125;14.375;20;2295;202;0;
8347;2026.06.05 13:45;4;13.8125;14.375;19.8125;2298;202;0;
8348;2026.06.05 14:00;4;13.8125;14.375;20.625;2301;202;0;
8349;2026.06.05 14:15;4;13.8125;14.375;21.75;2303;202;0;
8350;2026.06.05 14:30;4;13.8125;14.375;23.625;2306;202;0;
8351;2026.06.05 14:45;4;13.8125;14.375;23.0625;2308;202;0;
8352;2026.06.05 15:00;4;13.8125;14.375;23.75;2310;202;0;
8353;2026.06.05 15:15;4;13.8125;14.375;20.75;2312;202;0;
8354;2026.06.05 15:30;4;13.8125;14.375;19.25;2314;202;0;
8355;2026.06.05 15:45;4;13.8125;14.375;19;2316;202;0;
8356;2026.06.05 16:00;4;13.8125;14.375;17.125;2318;202;0;
8357;2026.06.05 16:15;4;13.8125;14.375;15.6875;2320;202;0;
8358;2026.06.05 16:30;4;13.8125;14.375;14.9375;2321;202;0;
8359;2026.06.05 16:45;4;13.8125;14.375;14.5;2323;202;0;
8360;2026.06.05 17:00;4;13.8125;14.375;14.5;2324;202;0;
8361;2026.06.05 17:15;4;13.8125;14.375;14.4375;2325;202;0;
8362;2026.06.05 17:30;4;13.8125;14.375;14.5625;2326;202;0;
8363;2026.06.05 17:45;4;13.8125;14.375;14.5;2328;202;0;
8364;2026.06.05 18:00;4;13.8125;14.375;14.25;2329;202;0;
8365;2026.06.05 18:15;4;13.8125;14.375;13.625;2329;202;0;
8366;2026.06.05 18:30;4;13.8125;14.375;13.125;2330;202;0;
8367;2026.06.05 18:45;4;13.8125;14.375;12.5;2331;202;0;
8368;2026.06.05 19:00;4;13.8125;14.375;11.875;2331;202;0;
8369;2026.06.05 19:15;4;13.8125;14.375;11.25;2332;202;0;
8370;2026.06.05 19:30;4;13.8125;14.375;10.125;2332;202;0;
8371;2026.06.05 19:45;4;13.8125;14.375;9.375;2333;202;0;
8372;2026.06.05 20:00;4;13.8125;14.375;8.8125;2333;202;0;
8373;2026.06.05 20:15;4;13.8125;14.4375;8.25;2333;202;0;
8374;2026.06.05 20:30;4;13.8125;14.375;8;2334;202;0;
8375;2026.06.05 20:45;4;13.8125;14.4375;7.125;2334;202;0;
8376;2026.06.05 21:00;4;13.8125;14.4375;7;2334;202;0;
8377;2026.06.05 21:15;4;13.8125;14.4375;7;2334;202;0;
8378;2026.06.05 21:30;4;13.875;14.4375;6.875;2334;202;0;
8379;2026.06.05 21:45;4;13.875;14.4375;6.3125;2334;202;0;
8380;2026.06.05 22:00;4;13.875;14.4375;6.4375;2334;202;0;
8381;2026.06.05 22:15;4;13.875;14.5;6.125;2334;202;0;
8382;2026.06.05 22:30;4;13.875;14.5;5.875;2334;202;0;
8383;2026.06.05 22:45;4;13.875;14.5;5.875;2334;202;0;
8384;2026.06.05 23:00;4;13.875;14.5;6.375;2334;202;0;
8385;2026.06.05 23:15;4;13.875;14.5;6.1875;2334;202;0;
8386;2026.06.05 23:30;4;13.875;14.5;5.875;2334;202;0;
8387;2026.06.05 23:45;4;13.875;14.5;5.8125;2334;202;0;
8388;2026.06.06 00:00;4;13.875;14.5;5.6875;2334;202;0;
8389;2026.06.06 00:15;4;13.875;14.5;5.625;2334;202;0;
8390;2026.06.06 00:30;4;13.875;14.5;4.875;2333;202;0;
8391;2026.06.06 00:45;4;13.875;14.5;4.5;2333;202;0;
8392;2026.06.06 01:00;4;13.875;14.5;4;2333;202;0;
8393;2026.06.06 01:15;4;13.875;14.5;3.6875;2333;202;0;
8394;2026.06.06 01:30;4;13.875;14.5;4.375;2333;202;0;
8395;2026.06.06 01:45;4;13.875;14.5;4.1875;2332;202;0;
8396;2026.06.06 02:00;4;13.875;14.4375;4.5;2332;202;0;
8397;2026.06.06 02:15;4;13.875;14.4375;3.625;2332;202;0;
8398;2026.06.06 02:30;4;13.875;14.4375;3.5;2332;202;0;
8399;2026.06.06 02:45;4;13.875;14.4375;3.25;2331;202;0;
8400;2026.06.06 03:00;4;13.875;14.4375;3.125;2331;202;0;
8401;2026.06.06 03:15;4;13.875;14.4375;4.875;2331;202;0;
8402;2026.06.06 03:30;4;13.875;14.375;6.125;2330;202;0;
8403;2026.06.06 03:45;4;13.875;14.375;6.75;2330;202;0;
8404;2026.06.06 04:00;4;13.875;14.375;7;2330;202;0;
8405;2026.06.06 04:15;4;13.875;14.375;7.125;2329;202;0;
8406;2026.06.06 04:30;4;13.875;14.375;7.1875;2329;202;0;
8407;2026.06.06 04:45;4;13.875;14.375;7.875;2329;202;0;
8408;2026.06.06 05:00;4;13.875;14.375;8.125;2328;202;0;
8409;2026.06.06 05:15;4;13.875;14.375;8.8125;2328;202;0;
8410;2026.06.06 05:30;4;13.875;14.375;9.75;2328;202;0;
8411;2026.06.06 05:45;4;13.875;14.375;11.625;2327;202;0;
8412;2026.06.06 06:00;4;13.875;14.375;13.75;2327;202;0;
8413;2026.06.06 06:15;4;13.875;14.375;14;2326;202;0;
8414;2026.06.06 06:30;4;13.875;14.3125;15.3125;2326;202;0;
8415;2026.06.06 06:45;4;13.875;14.3125;17;2326;202;0;
8416;2026.06.06 07:00;4;13.875;14.3125;18.25;2325;202;0;
8417;2026.06.06 07:15;4;13.875;14.25;19.25;2325;202;0;
8418;2026.06.06 07:30;4;13.875;14.25;20.375;2324;202;0;
8419;2026.06.06 07:45;4;13.8125;14.25;21.5;2324;202;0;
8420;2026.06.06 08:00;4;13.8125;14.25;21.75;2323;202;0;
8421;2026.06.06 08:15;4;13.8125;14.25;22.5;2323;202;0;
8422;2026.06.06 08:30;4;13.8125;14.25;23.6875;2322;202;0;
8423;2026.06.06 08:45;4;13.8125;14.25;25.25;2322;202;0;
8424;2026.06.06 09:00;4;13.8125;14.25;26.125;2322;202;0;
8425;2026.06.06 09:15;4;13.8125;14.25;26;2321;202;0;
8426;2026.06.06 09:30;4;13.75;14.1875;26.9375;2321;202;0;
8427;2026.06.06 09:45;4;13.75;14.1875;27.5;2320;202;0;
8428;2026.06.06 10:00;4;13.75;14.1875;27.6875;2320;202;0;
8429;2026.06.06 10:15;4;13.75;14.125;28;2319;202;0;
8430;2026.06.06 10:30;4;13.75;14.125;28.75;2319;202;0;
8431;2026.06.06 10:45;4;13.75;14.125;29.5;2318;202;0;
8432;2026.06.06 11:00;4;13.75;14.125;29.375;2318;202;0;
8433;2026.06.06 11:15;4;13.75;14.125;29.5;2317;202;0;
8434;2026.06.06 11:30;4;13.75;14.125;28.75;2317;202;0;
8435;2026.06.06 11:45;4;13.75;14.125;28.5625;2316;202;0;
8436;2026.06.06 12:00;4;13.75;14.125;26;2316;202;0;
8437;2026.06.06 12:15;4;13.75;14.125;25.75;2315;202;0;
8438;2026.06.06 12:30;4;13.75;14.125;26.25;2315;202;0;
8439;2026.06.06 12:45;4;13.75;14.125;25.75;2314;202;0;
8440;2026.06.06 13:00;4;13.75;14.125;27.3125;2314;202;0;
8441;2026.06.06 13:15;4;13.75;14.125;26.25;2313;202;0;
8442;2026.06.06 13:30;4;13.75;14.125;25.75;2313;202;0;
8443;2026.06.06 13:45;4;13.75;14.125;26.5;2312;202;0;
8444;2026.06.06 14:00;4;13.75;14.125;27;2312;202;0;
8445;2026.06.06 14:15;4;13.75;14.125;26.625;2311;202;0;
8446;2026.06.06 14:30;4;13.75;14.125;25.5;2311;202;0;
8447;2026.06.06 14:45;4;13.6875;14.125;25.75;2310;202;0;
8448;2026.06.06 15:00;4;13.6875;14.125;25.25;2310;202;0;
8449;2026.06.06 15:15;4;13.6875;14.125;24.375;2309;202;0;
8450;2026.06.06 15:30;4;13.6875;14.125;23.75;2309;202;0;
8451;2026.06.06 15:45;4;13.6875;14.125;23.3125;2308;202;0;
8452;2026.06.06 16:00;4;13.6875;14.125;23.0625;2308;202;0;
8453;2026.06.06 16:15;4;13.6875;14.125;22.5625;2307;202;0;
8454;2026.06.06 16:30;4;13.6875;14.125;22.25;2307;202;0;
8455;2026.06.06 16:45;4;13.6875;14.125;22.5;2306;202;0;
8456;2026.06.06 17:00;4;13.6875;14.1875;21.1875;2306;202;0;
8457;2026.06.06 17:15;4;13.6875;14.1875;21.125;2306;202;0;
8458;2026.06.06 17:30;4;13.6875;14.1875;20.875;2305;202;0;
8459;2026.06.06 17:45;4;13.6875;14.25;19.625;2304;202;0;
8460;2026.06.06 18:00;4;13.6875;14.25;18.75;2304;202;0;
8461;2026.06.06 18:15;4;13.6875;14.25;18.25;2303;202;0;
8462;2026.06.06 18:30;4;13.75;14.25;17.0625;2303;202;0;
8463;2026.06.06 18:45;4;13.75;14.25;16.25;2303;202;0;
8464;2026.06.06 19:00;4;13.75;14.25;15.25;2302;202;0;
8465;2026.06.06 19:15;4;13.75;14.25;14.375;2302;202;0;
8466;2026.06.06 19:30;4;13.75;14.3125;14.25;2301;202;0;
8467;2026.06.06 19:45;4;13.75;14.3125;14.375;2301;202;0;
8468;2026.06.06 20:00;4;13.75;14.3125;14.3125;2300;202;0;
8469;2026.06.06 20:15;4;13.75;14.375;14.125;2300;202;0;
8470;2026.06.06 20:30;4;13.75;14.375;13.5;2299;202;0;
8471;2026.06.06 20:45;4;13.75;14.375;13.25;2299;202;0;
8472;2026.06.06 21:00;4;13.75;14.375;13.25;2298;202;0;
8473;2026.06.06 21:15;4;13.75;14.375;13.375;2298;202;0;
8474;2026.06.06 21:30;4;13.75;14.375;13.375;2297;202;0;
8475;2026.06.06 21:45;4;13.75;14.375;13.4375;2297;202;0;
8476;2026.06.06 22:00;4;13.75;14.375;13.625;2296;202;0;
8477;2026.06.06 22:15;4;13.75;14.375;13.75;2296;202;0;
8478;2026.06.06 22:30;4;13.75;14.4375;13.75;2296;202;0;
8479;2026.06.06 22:45;4;13.75;14.4375;13.6875;2295;202;0;
8480;2026.06.06 23:00;4;13.8125;14.5;13.375;2295;202;0;
8481;2026.06.06 23:15;4;13.8125;14.5;12.625;2294;202;0;
8482;2026.06.06 23:30;4;13.8125;14.5;12.0625;2294;202;0;
8483;2026.06.06 23:45;4;13.8125;14.5;12.1875;2293;202;0;
8484;2026.06.07 00:00;4;13.8125;14.5;11.375;2293;202;0;
8485;2026.06.07 00:15;4;13.8125;14.5;11.125;2293;202;0;
8486;2026.06.07 00:30;4;13.875;14.5;11.625;2292;202;0;
8487;2026.06.07 00:45;4;13.875;14.5;11.375;2292;202;0;
8488;2026.06.07 01:00;4;13.875;14.5;10.75;2292;202;0;
8489;2026.06.07 01:15;4;13.875;14.5;10.75;2291;202;0;
8490;2026.06.07 01:30;4;13.875;14.5;11.375;2291;202;0;
8491;2026.06.07 01:45;4;13.875;14.5;11.1875;2291;202;0;
8492;2026.06.07 02:00;4;13.875;14.5625;10.375;2291;202;0;
8493;2026.06.07 02:15;4;13.875;14.5625;9.5;2290;202;0;
8494;2026.06.07 02:30;4;13.875;14.5625;9.125;2290;202;0;
8495;2026.06.07 02:45;4;13.875;14.5625;9.25;2290;202;0;
8496;2026.06.07 03:00;4;13.875;14.5625;9.125;2290;202;0;
8497;2026.06.07 03:15;4;13.875;14.5625;9.875;2289;202;0;
8498;2026.06.07 03:30;4;13.875;14.5625;10.625;2289;202;0;
8499;2026.06.07 03:45;4;13.875;14.5625;10.875;2289;202;0;
8500;2026.06.07 04:00;4;13.875;14.5625;10.625;2289;202;0;
8501;2026.06.07 04:15;4;13.875;14.5625;11.3125;2288;202;0;
8502;2026.06.07 04:30;4;13.875;14.5625;11.625;2288;202;0;
8503;2026.06.07 04:45;4;13.875;14.5625;11.375;2287;202;0;
8504;2026.06.07 05:00;4;13.9375;14.5625;12.1875;2287;202;0;
8505;2026.06.07 05:15;4;13.875;14.5625;13.3125;2287;202;0;
8506;2026.06.07 05:30;4;13.9375;14.5625;13.75;2286;202;0;
8507;2026.06.07 05:45;4;13.9375;14.5625;16.25;2286;202;0;
8508;2026.06.07 06:00;4;13.9375;14.5625;17.25;2286;202;0;
8509;2026.06.07 06:15;4;13.9375;14.5625;17.875;2286;202;0;
8510;2026.06.07 06:30;4;13.9375;14.5625;18.6875;2285;202;0;
8511;2026.06.07 06:45;4;13.9375;14.5625;17.8125;2285;202;0;
8512;2026.06.07 07:00;4;13.9375;14.5625;17.9375;2285;202;0;
8513;2026.06.07 07:15;4;13.9375;14.5625;20.1875;2284;202;0;
8514;2026.06.07 07:30;4;13.9375;14.5625;21.75;2284;202;0;
8515;2026.06.07 07:45;4;13.9375;14.5625;22.625;2284;202;0;
8516;2026.06.07 08:00;4;13.9375;14.5625;23.8125;2283;202;0;
8517;2026.06.07 08:15;4;13.9375;14.5;24.4375;2283;202;0;
8518;2026.06.07 08:30;4;13.9375;14.5;23.625;2282;202;0;
8519;2026.06.07 08:45;4;13.9375;14.5;24.125;2282;202;0;
8520;2026.06.07 09:00;4;13.9375;14.5;22.125;2282;202;0;
8521;2026.06.07 09:15;4;13.9375;14.5;22.5;2282;202;0;
8522;2026.06.07 09:30;4;13.9375;14.5;26.125;2281;202;0;
8523;2026.06.07 09:45;4;13.9375;14.5;23.25;2281;202;0;
8524;2026.06.07 10:00;4;13.9375;14.5;23;2281;202;0;
8525;2026.06.07 10:15;4;13.9375;14.5;26.625;2280;202;0;
8526;2026.06.07 10:30;4;13.9375;14.5;26.8125;2280;202;0;
8527;2026.06.07 10:45;4;13.9375;14.5;26.25;2279;202;0;
8528;2026.06.07 11:00;4;13.9375;14.5;27.5;2279;202;0;
8529;2026.06.07 11:15;4;13.9375;14.5;28.5;2279;202;0;
8530;2026.06.07 11:30;4;13.9375;14.5;28.625;2278;202;0;
8531;2026.06.07 11:45;4;13.9375;14.5;29;2278;202;0;
8532;2026.06.07 12:00;4;13.9375;14.5;29.125;2278;202;0;
8533;2026.06.07 12:15;4;13.9375;14.5;30;2277;202;0;
8534;2026.06.07 12:30;4;13.9375;14.5;28.625;2277;202;0;
8535;2026.06.07 12:45;4;13.9375;14.5;30;2277;202;0;
8536;2026.06.07 13:00;4;13.9375;14.5;30.1875;2276;202;0;
8537;2026.06.07 13:15;4;13.9375;14.5;29.75;2276;202;0;
8538;2026.06.07 13:30;4;13.9375;14.5;29.875;2275;202;0;
8539;2026.06.07 13:45;4;13.9375;14.5;30.375;2275;202;0;
8540;2026.06.07 14:00;4;13.9375;14.5;30.3125;2275;202;0;
8541;2026.06.07 14:15;4;13.9375;14.5;29.5;2274;202;0;
8542;2026.06.07 14:30;4;13.9375;14.5;29.125;2274;202;0;
8543;2026.06.07 14:45;4;13.9375;14.5;29.5;2274;202;0;
8544;2026.06.07 15:00;4;13.9375;14.5;28.6875;2273;202;0;
8545;2026.06.07 15:15;4;13.9375;14.5;24.5;2273;202;0;
8546;2026.06.07 15:30;4;13.9375;14.5;23.1875;2273;202;0;
8547;2026.06.07 15:45;4;13.9375;14.5;21.875;2272;202;0;
8548;2026.06.07 16:00;4;13.9375;14.5625;21.375;2272;202;0;
8549;2026.06.07 16:15;4;13.9375;14.5625;21.25;2272;202;0;
8550;2026.06.07 16:30;4;13.9375;14.5625;21.625;2271;202;0;
8551;2026.06.07 16:45;4;13.9375;14.625;23.75;2271;202;0;
8552;2026.06.07 17:00;4;14;14.625;21.125;2271;202;0;
8553;2026.06.07 17:15;4;13.9375;14.625;19.25;2270;202;0;
8554;2026.06.07 17:30;4;14;14.625;17.75;2270;202;0;
8555;2026.06.07 17:45;4;14;14.625;16.5;2270;202;0;
8556;2026.06.07 18:00;4;14;14.625;16;2269;202;0;
8557;2026.06.07 18:15;4;14;14.625;14.875;2269;202;0;
8558;2026.06.07 18:30;4;14;14.625;13.8125;2269;202;0;
8559;2026.06.07 18:45;4;14;14.6875;12.9375;2268;202;0;
8560;2026.06.07 19:00;4;14;14.6875;12.125;2268;202;0;
8561;2026.06.07 19:15;4;14;14.6875;11.625;2268;202;0;
8562;2026.06.07 19:30;4;14;14.75;11.3125;2267;202;0;
8563;2026.06.07 19:45;4;14;14.75;10.6875;2267;202;0;
8564;2026.06.07 20:00;4;14;14.75;10.125;2267;202;0;
8565;2026.06.07 20:15;4;14;14.75;9.875;2266;202;0;
8566;2026.06.07 20:30;4;14;14.75;9.625;2266;202;0;
8567;2026.06.07 20:45;4;14;14.75;9.4375;2266;202;0;
8568;2026.06.07 21:00;4;14;14.75;9.25;2265;202;0;
8569;2026.06.07 21:15;4;14;14.75;9.1875;2265;202;0;
8570;2026.06.07 21:30;4;14.0625;14.8125;9.25;2265;202;0;
8571;2026.06.07 21:45;4;14.0625;14.8125;9.3125;2264;202;0;
8572;2026.06.07 22:00;4;14.0625;14.8125;8.625;2264;202;0;
8573;2026.06.07 22:15;4;14.0625;14.875;7.75;2263;202;0;
8574;2026.06.07 22:30;4;14.0625;14.875;7.375;2263;202;0;
8575;2026.06.07 22:45;4;14.125;14.875;7.5;2263;202;0;
8576;2026.06.07 23:00;4;14.125;14.875;7.625;2262;202;0;
8577;2026.06.07 23:15;4;14.125;14.875;7.375;2262;202;0;
8578;2026.06.07 23:30;4;14.125;14.875;7.375;2262;202;0;
8579;2026.06.07 23:45;4;14.125;14.875;7.5;2261;202;0;
8580;2026.06.08 00:00;4;14.125;14.875;7.0625;2261;202;0;
8581;2026.06.08 00:15;4;14.125;14.875;7;2261;202;0;
8582;2026.06.08 00:30;4;14.125;14.875;6.875;2260;202;0;
8583;2026.06.08 00:45;4;14.125;14.875;7.125;2260;202;0;
8584;2026.06.08 01:00;4;14.125;14.875;6.875;2259;202;0;
8585;2026.06.08 01:15;4;14.125;14.875;6.5;2259;202;0;
8586;2026.06.08 01:30;4;14.125;14.875;6.5;2259;202;0;
8587;2026.06.08 01:45;4;14.125;14.875;6;2258;202;0;
8588;2026.06.08 02:00;4;14.125;14.875;5.75;2258;202;0;
8589;2026.06.08 02:15;4;14.125;14.875;5.9375;2258;202;0;
8590;2026.06.08 02:30;4;14.125;14.875;5.5;2257;202;0;
8591;2026.06.08 02:45;4;14.125;14.875;5.5;2257;202;0;
8592;2026.06.08 03:00;4;14.125;14.875;5.3125;2257;202;0;
8593;2026.06.08 03:15;4;14.125;14.875;5.25;2256;202;0;
8594;2026.06.08 03:30;4;14.1875;14.875;5.625;2256;202;0;
8595;2026.06.08 03:45;4;14.1875;14.875;5.875;2256;202;0;
8596;2026.06.08 04:00;4;14.1875;14.875;5.875;2255;202;0;
8597;2026.06.08 04:15;4;14.1875;14.875;6.25;2255;202;0;
8598;2026.06.08 04:30;4;14.1875;14.875;6.9375;2254;202;0;
8599;2026.06.08 04:45;4;14.1875;14.875;8.375;2254;202;0;
8600;2026.06.08 05:00;4;14.1875;14.875;9;2254;202;0;
8601;2026.06.08 05:15;4;14.1875;14.875;10.125;2253;202;0;
8602;2026.06.08 05:30;4;14.1875;14.875;10.75;2253;202;0;
8603;2026.06.08 05:45;4;14.1875;14.875;13.6875;2253;202;0;
8604;2026.06.08 06:00;4;14.1875;14.875;15.875;2252;202;0;
8605;2026.06.08 06:15;4;14.1875;14.8125;18.75;2252;202;0;
8606;2026.06.08 06:30;4;14.1875;14.8125;20.625;2251;202;0;
8607;2026.06.08 06:45;4;14.1875;14.8125;21.5625;2251;202;0;
8608;2026.06.08 07:00;4;14.1875;14.8125;22.625;2251;202;0;
8609;2026.06.08 07:15;4;14.1875;14.75;23.75;2250;202;0;
8610;2026.06.08 07:30;4;14.1875;14.75;24.875;2250;202;0;
8611;2026.06.08 07:45;4;14.1875;14.75;25.375;2250;202;0;
8612;2026.06.08 08:00;4;14.1875;14.75;25.875;2249;202;0;
8613;2026.06.08 08:15;4;14.1875;14.75;26.375;2249;202;0;
8614;2026.06.08 08:30;4;14.1875;14.75;27.75;2248;202;0;
8615;2026.06.08 08:45;4;14.1875;14.75;29;2248;202;0;
8616;2026.06.08 09:00;4;14.125;14.75;29.8125;2248;202;0;
8617;2026.06.08 09:15;4;14.125;14.75;30.375;2247;202;0;
8618;2026.06.08 09:30;4;14.125;14.75;30.375;2247;202;0;
8619;2026.06.08 09:45;4;14.125;14.6875;31.25;2246;202;0;
8620;2026.06.08 10:00;4;14.125;14.6875;31.625;2246;202;0;
8621;2026.06.08 10:15;4;14.125;14.625;32.1875;2245;202;0;
8622;2026.06.08 10:30;4;14.125;14.625;32.6875;2245;202;0;
8623;2026.06.08 10:45;4;14.125;14.625;32.375;2245;202;0;
8624;2026.06.08 11:00;4;14.125;14.625;33.25;2244;202;0;
8625;2026.06.08 11:15;4;14.125;14.625;33.25;2244;202;0;
8626;2026.06.08 11:30;4;14.125;14.625;33.25;2244;202;0;
8627;2026.06.08 11:45;4;14.125;14.625;33;2243;202;0;
8628;2026.06.08 12:00;4;14.125;14.625;33.375;2243;202;0;
8629;2026.06.08 12:15;4;14.125;14.625;32.25;2243;202;0;
8630;2026.06.08 12:30;4;14.125;14.625;33.75;2242;202;0;
8631;2026.06.08 12:45;4;14.125;14.625;34.125;2242;202;0;
8632;2026.06.08 13:00;4;14.125;14.625;34;2241;202;0;
8633;2026.06.08 13:15;4;14.125;14.625;33.375;2241;202;0;
8634;2026.06.08 13:30;4;14.125;14.625;33.25;2241;202;0;
8635;2026.06.08 13:45;4;14.125;14.625;33.1875;2240;202;0;
8636;2026.06.08 14:00;4;14.125;14.625;33.625;2240;202;0;
8637;2026.06.08 14:15;4;14.125;14.625;33.875;2240;202;0;
8638;2026.06.08 14:30;4;14.125;14.625;31.625;2239;202;0;
8639;2026.06.08 14:45;4;14.125;14.625;32.25;2239;202;0;
8640;2026.06.08 15:00;4;14.125;14.625;31.9375;2239;202;0;
8641;2026.06.08 15:15;4;14.125;14.625;28.875;2238;202;0;
8642;2026.06.08 15:30;4;14.125;14.625;27.5;2238;202;0;
8643;2026.06.08 15:45;4;14.125;14.6875;25.875;2238;202;0;
8644;2026.06.08 16:00;4;14.125;14.6875;25.125;2237;202;0;
8645;2026.06.08 16:15;4;14.125;14.6875;24.875;2237;202;0;
8646;2026.06.08 16:30;4;14.125;14.75;24.625;2237;202;0;
8647;2026.06.08 16:45;4;14.125;14.75;24.375;2236;202;0;
8648;2026.06.08 17:00;4;14.125;14.75;23.5625;2236;202;0;
8649;2026.06.08 17:15;4;14.125;14.75;23.3125;2235;202;0;
8650;2026.06.08 17:30;4;14.125;14.75;22.8125;2235;202;0;
8651;2026.06.08 17:45;4;14.125;14.75;22.125;2235;202;0;
8652;2026.06.08 18:00;4;14.125;14.8125;21.125;2234;202;0;
8653;2026.06.08 18:15;4;14.125;14.8125;20.1875;2234;202;0;
8654;2026.06.08 18:30;4;14.125;14.8125;19.5;2234;202;0;
8655;2026.06.08 18:45;4;14.125;14.875;19.125;2233;202;0;
8656;2026.06.08 19:00;4;14.125;14.875;18.5625;2233;202;0;
8657;2026.06.08 19:15;4;14.125;14.875;18.25;2233;202;0;
8658;2026.06.08 19:30;4;14.125;14.875;17.8125;2232;202;0;
8659;2026.06.08 19:45;4;14.125;14.875;17.0625;2232;202;0;
8660;2026.06.08 20:00;4;14.1875;14.9375;16.4375;2232;202;0;
8661;2026.06.08 20:15;4;14.1875;14.9375;15.5;2231;202;0;
8662;2026.06.08 20:30;4;14.1875;15;15.6875;2231;202;0;
8663;2026.06.08 20:45;4;14.25;15;15.375;2231;202;0;
8664;2026.06.08 21:00;4;14.25;15;14.875;2230;202;0;
8665;2026.06.08 21:15;4;14.25;15;14.875;2230;202;0;
8666;2026.06.08 21:30;4;14.25;15;15;2230;202;0;
8667;2026.06.08 21:45;4;14.25;15.0625;14.8125;2229;202;0;
8668;2026.06.08 22:00;4;14.25;15.0625;14.6875;2229;202;0;
8669;2026.06.08 22:15;4;14.25;15.0625;14.8125;2229;202;0;
8670;2026.06.08 22:30;4;14.25;15.125;15;2228;202;0;
8671;2026.06.08 22:45;4;14.25;15.125;15.125;2228;202;0;
8672;2026.06.08 23:00;4;14.25;15.125;15.125;2228;202;0;
8673;2026.06.08 23:15;4;14.25;15.125;15.1875;2228;202;0;
8674;2026.06.08 23:30;4;14.3125;15.125;15.625;2227;202;0;
8675;2026.06.08 23:45;4;14.3125;15.125;15.75;2227;202;0;
8676;2026.06.09 00:00;4;14.375;15.125;15.6875;2227;202;0;
8677;2026.06.09 00:15;4;14.3125;15.125;15.4375;2226;202;0;
8678;2026.06.09 00:30;4;14.3125;15.125;15.4375;2226;202;0;
8679;2026.06.09 00:45;4;14.375;15.1875;15.625;2226;202;0;
8680;2026.06.09 01:00;4;14.375;15.1875;15.6875;2225;202;0;
8681;2026.06.09 01:15;4;14.375;15.1875;15.6875;2225;202;0;
8682;2026.06.09 01:30;4;14.375;15.25;15.625;2225;202;0;
8683;2026.06.09 01:45;4;14.375;15.25;15.5;2225;202;0;
8684;2026.06.09 02:00;4;14.375;15.25;15.4375;2224;202;0;
8685;2026.06.09 02:15;4;14.375;15.25;15.375;2224;202;0;
8686;2026.06.09 02:30;4;14.375;15.25;15.375;2224;202;0;
8687;2026.06.09 02:45;4;14.375;15.25;15.5;2224;202;0;
8688;2026.06.09 03:00;4;14.375;15.25;15.5;2223;202;0;
8689;2026.06.09 03:15;4;14.375;15.25;15.1875;2223;202;0;
8690;2026.06.09 03:30;4;14.375;15.25;14.5;2223;202;0;
8691;2026.06.09 03:45;4;14.375;15.25;14.375;2222;202;0;
8692;2026.06.09 04:00;4;14.375;15.25;15;2222;202;0;
8693;2026.06.09 04:15;4;14.4375;15.25;15.6875;2222;202;0;
8694;2026.06.09 04:30;4;14.4375;15.25;16.25;2221;202;0;
8695;2026.06.09 04:45;4;14.4375;15.25;17;2221;202;0;
8696;2026.06.09 05:00;4;14.4375;15.25;17.875;2221;202;0;
8697;2026.06.09 05:15;4;14.5;15.25;18.875;2221;202;0;
8698;2026.06.09 05:30;4;14.4375;15.25;19.5;2220;202;0;
8699;2026.06.09 05:45;4;14.5;15.25;19.375;2220;202;0;
8700;2026.06.09 06:00;4;14.5;15.25;21.0625;2220;202;0;
8701;2026.06.09 06:15;4;14.5;15.25;21;2219;202;0;
8702;2026.06.09 06:30;4;14.5;15.25;21.875;2219;202;0;
8703;2026.06.09 06:45;4;14.5;15.25;22.9375;2219;202;0;
8704;2026.06.09 07:00;4;14.5;15.25;22.4375;2218;202;0;
8705;2026.06.09 07:15;4;14.5;15.25;21.9375;2218;202;0;
8706;2026.06.09 07:30;4;14.5;15.25;21.875;2218;202;0;
8707;2026.06.09 07:45;4;14.5;15.25;22.8125;2217;202;0;
8708;2026.06.09 08:00;4;14.5;15.25;22.375;2217;202;0;
8709;2026.06.09 08:15;4;14.5;15.25;21.75;2217;202;0;
8710;2026.06.09 08:30;4;14.5;15.25;20.75;2216;202;0;
8711;2026.06.09 08:45;4;14.5;15.25;20.125;2216;202;0;
8712;2026.06.09 09:00;4;14.5;15.25;18.6875;2216;202;0;
8713;2026.06.09 09:15;4;14.5;15.25;17.375;2215;202;0;
8714;2026.06.09 09:30;4;14.5;15.25;17.0625;2215;202;0;
8715;2026.06.09 09:45;4;14.5;15.25;17.6875;2215;202;0;
8716;2026.06.09 10:00;4;14.5;15.25;17.6875;2214;202;0;
8717;2026.06.09 10:15;4;14.5;15.25;17.1875;2214;202;0;
8718;2026.06.09 10:30;4;14.5;15.25;16.5625;2213;202;0;
8719;2026.06.09 10:45;4;14.5;15.25;16.125;2213;202;0;
8720;2026.06.09 11:00;4;14.5;15.25;15.4375;2213;202;0;
8721;2026.06.09 11:15;4;14.5;15.25;15.125;2212;202;0;
8722;2026.06.09 11:30;4;14.5;15.25;15.5;2212;202;0;
8723;2026.06.09 11:45;4;14.5;15.25;15.625;2212;202;0;
8724;2026.06.09 12:00;4;14.5;15.25;15.5625;2211;202;0;
8725;2026.06.09 12:15;4;14.5;15.25;15.5;2211;202;0;
8726;2026.06.09 12:30;4;14.5;15.25;15;2211;202;0;
8727;2026.06.09 12:45;4;14.5;15.25;14.1875;2211;202;0;
8728;2026.06.09 13:00;4;14.5;15.25;13.375;2210;202;0;
8729;2026.06.09 13:15;4;14.5;15.25;12.875;2210;202;0;
8730;2026.06.09 13:30;4;14.5;15.25;13.125;2210;202;0;
8731;2026.06.09 13:45;4;14.5;15.25;13.5;2209;202;0;
8732;2026.06.09 14:00;4;14.5;15.25;13.25;2209;202;0;
8733;2026.06.09 14:15;4;14.5;15.25;13.125;2209;202;0;
8734;2026.06.09 14:30;4;14.5;15.25;13.5;2208;202;0;
8735;2026.06.09 14:45;4;14.5;15.25;13.5;2208;202;0;
8736;2026.06.09 15:00;4;14.5;15.25;13.4375;2208;202;0;
8737;2026.06.09 15:15;4;14.5;15.25;13.625;2207;202;0;
8738;2026.06.09 15:30;4;14.5;15.25;13.75;2207;202;0;
8739;2026.06.09 15:45;4;14.5;15.25;13.625;2207;202;0;
8740;2026.06.09 16:00;4;14.5;15.25;13.875;2207;202;0;
8741;2026.06.09 16:15;4;14.5;15.25;13.75;2207;202;0;
8742;2026.06.09 16:30;4;14.5;15.25;13.875;2207;202;0;
8743;2026.06.09 16:45;4;14.5;15.25;13.875;2206;202;0;
8744;2026.06.09 17:00;4;14.5;15.25;13.75;2206;202;0;
8745;2026.06.09 17:15;4;14.5;15.25;13.8125;2206;202;0;
8746;2026.06.09 17:30;4;14.5;15.25;13.75;2206;202;0;
8747;2026.06.09 17:45;4;14.5625;15.25;13.6875;2206;202;0;
8748;2026.06.09 18:00;4;14.5625;15.25;13.4375;2206;202;0;
8749;2026.06.09 18:15;4;14.5625;15.25;13.3125;2206;202;0;
8750;2026.06.09 18:30;4;14.5;15.25;13.125;2206;202;0;
8751;2026.06.09 18:45;4;14.5625;15.25;12.9375;2206;202;0;
8752;2026.06.09 19:00;4;14.5625;15.25;12.625;2205;202;0;
8753;2026.06.09 19:15;4;14.5625;15.25;12.4375;2205;202;0;
8754;2026.06.09 19:30;4;14.5625;15.25;12.375;2205;202;0;
8755;2026.06.09 19:45;4;14.5625;15.25;12.25;2205;202;0;
8756;2026.06.09 20:00;4;14.5625;15.25;12.1875;2205;202;0;
8757;2026.06.09 20:15;4;14.5625;15.25;12.1875;2205;202;0;
8758;2026.06.09 20:30;4;14.5625;15.25;12.1875;2205;202;0;
8759;2026.06.09 20:45;4;14.5625;15.25;12.125;2205;202;0;
8760;2026.06.09 21:00;4;14.5625;15.25;11.875;2205;202;0;
8761;2026.06.09 21:15;4;14.5625;15.25;11.75;2205;202;0;
8762;2026.06.09 21:30;4;14.5625;15.25;11.75;2205;202;0;
8763;2026.06.09 21:45;4;14.5625;15.25;11.75;2205;202;0;
8764;2026.06.09 22:00;4;14.5625;15.25;11.75;2205;202;0;
8765;2026.06.09 22:15;4;14.5625;15.25;11.6875;2205;202;0;
8766;2026.06.09 22:30;4;14.5625;15.25;11.625;2204;202;0;
8767;2026.06.09 22:45;4;14.5625;15.25;11.5625;2204;202;0;
8768;2026.06.09 23:00;4;14.5625;15.25;11.5625;2204;202;0;
8769;2026.06.09 23:15;4;14.5625;15.25;11.375;2204;202;0;
8770;2026.06.09 23:30;4;14.5625;15.25;11.375;2204;202;0;
8771;2026.06.09 23:45;4;14.5625;15.25;11.25;2204;202;0;
8772;2026.06.10 00:00;4;14.5625;15.25;10.875;2204;202;0;
8773;2026.06.10 00:15;4;14.5625;15.25;10.5625;2204;202;0;
8774;2026.06.10 00:30;4;14.5;15.1875;10.5;2204;202;0;
8775;2026.06.10 00:45;4;14.5625;15.25;10.5;2204;202;0;
8776;2026.06.10 01:00;4;14.5625;15.1875;10.375;2204;202;0;
8777;2026.06.10 01:15;4;14.5625;15.1875;10.4375;2204;202;0;
8778;2026.06.10 01:30;4;14.5;15.1875;10.625;2204;202;0;
8779;2026.06.10 01:45;4;14.5625;15.1875;10.75;2204;202;0;
8780;2026.06.10 02:00;4;14.5625;15.1875;10.625;2204;202;0;
8781;2026.06.10 02:15;4;14.5;15.125;10.6875;2204;202;0;
8782;2026.06.10 02:30;4;14.5;15.125;10.625;2204;202;0;
8783;2026.06.10 02:45;4;14.5;15.125;10.5625;2204;202;0;
8784;2026.06.10 03:00;4;14.5;15.125;10.5;2203;202;0;
8785;2026.06.10 03:15;4;14.5;15.125;10.5625;2203;202;0;
8786;2026.06.10 03:30;4;14.5;15.125;10.625;2203;202;0;
8787;2026.06.10 03:45;4;14.5;15.125;10.625;2203;202;0;
8788;2026.06.10 04:00;4;14.5;15.125;10.75;2203;202;0;
8789;2026.06.10 04:15;4;14.5;15.125;10.9375;2203;202;0;
8790;2026.06.10 04:30;4;14.5;15.125;11.0625;2203;202;0;
8791;2026.06.10 04:45;4;14.5;15.125;11.375;2203;202;0;
8792;2026.06.10 05:00;4;14.5;15.125;11.5;2203;202;0;
8793;2026.06.10 05:15;4;14.5;15.125;11.75;2203;202;0;
8794;2026.06.10 05:30;4;14.5;15.125;12.125;2203;202;0;
8795;2026.06.10 05:45;4;14.5;15.125;12.125;2203;202;0;
8796;2026.06.10 06:00;4;14.5;15.0625;11.875;2203;202;0;
8797;2026.06.10 06:15;4;14.5;15.0625;11.9375;2203;202;0;
8798;2026.06.10 06:30;4;14.5;15.0625;12.125;2203;202;0;
8799;2026.06.10 06:45;4;14.5;15.0625;11.9375;2203;202;0;
8800;2026.06.10 07:00;4;14.5;15;11.75;2202;202;0;
8801;2026.06.10 07:15;4;14.5;15;11.6875;2202;202;0;
8802;2026.06.10 07:30;4;14.5;15;11.625;2202;202;0;
8803;2026.06.10 07:45;4;14.5;15;12.125;2202;202;0;
8804;2026.06.10 08:00;4;14.5;15;12.9375;2202;202;0;
8805;2026.06.10 08:15;4;14.5;15;13;2202;202;0;
8806;2026.06.10 08:30;4;14.5;15;12.625;2202;202;0;
8807;2026.06.10 08:45;4;14.5;15;12.625;2202;202;0;
8808;2026.06.10 09:00;4;14.5;15;12.75;2202;202;0;
8809;2026.06.10 09:15;4;14.5;15;12.75;2202;202;0;
8810;2026.06.10 09:30;4;14.5;15;13.375;2202;202;0;
8811;2026.06.10 09:45;4;14.5;15;13.75;2202;202;0;
8812;2026.06.10 10:00;4;14.4375;14.9375;14.3125;2202;202;0;
8813;2026.06.10 10:15;4;14.4375;14.9375;14.9375;2202;202;0;
8814;2026.06.10 10:30;4;14.4375;14.9375;15.5;2201;202;0;
8815;2026.06.10 10:45;4;14.4375;14.9375;15.5;2201;202;0;
8816;2026.06.10 11:00;4;14.4375;14.875;16.125;2201;202;0;
8817;2026.06.10 11:15;4;14.4375;14.875;16.625;2201;202;0;
8818;2026.06.10 11:30;4;14.4375;14.875;16.625;2201;202;0;
8819;2026.06.10 11:45;4;14.4375;14.875;16;2201;202;0;
8820;2026.06.10 12:00;4;14.375;14.875;15.875;2201;202;0;
8821;2026.06.10 12:15;4;14.375;14.875;16.25;2201;202;0;
8822;2026.06.10 12:30;4;14.375;14.875;16;2201;202;0;
8823;2026.06.10 12:45;4;14.375;14.875;15.25;2201;202;0;
8824;2026.06.10 13:00;4;14.375;14.875;14.5625;2201;202;0;
8825;2026.06.10 13:15;4;14.375;14.875;14;2201;202;0;
8826;2026.06.10 13:30;4;14.375;14.875;13.5;2201;202;0;
8827;2026.06.10 13:45;4;14.375;14.875;13.5;2201;202;0;
8828;2026.06.10 14:00;4;14.375;14.8125;13.25;2201;202;0;
8829;2026.06.10 14:15;4;14.375;14.8125;13.0625;2201;202;0;
8830;2026.06.10 14:30;4;14.375;14.8125;13.5;2201;202;0;
8831;2026.06.10 14:45;4;14.375;14.8125;13.375;2201;202;0;
8832;2026.06.10 15:00;4;14.375;14.8125;13;2201;202;0;
8833;2026.06.10 15:15;4;14.375;14.8125;12.875;2201;202;0;
8834;2026.06.10 15:30;4;14.375;14.8125;12.75;2201;202;0;
8835;2026.06.10 15:45;4;14.375;14.75;12.6875;2200;202;0;
8836;2026.06.10 16:00;4;14.375;14.75;12.625;2201;202;0;
8837;2026.06.10 16:15;4;14.375;14.75;12.625;2200;202;0;
8838;2026.06.10 16:30;4;14.375;14.75;12.5;2200;202;0;
8839;2026.06.10 16:45;4;14.375;14.75;12.375;2201;202;0;
8840;2026.06.10 17:00;4;14.375;14.75;12.25;2200;202;0;
8841;2026.06.10 17:15;4;14.375;14.75;11.9375;2200;202;0;
8842;2026.06.10 17:30;4;14.375;14.75;11.875;2200;202;0;
8843;2026.06.10 17:45;4;14.3125;14.75;11.75;2200;202;0;
8844;2026.06.10 18:00;4;14.3125;14.75;11.625;2200;202;0;
8845;2026.06.10 18:15;4;14.3125;14.75;11.5625;2200;202;0;
8846;2026.06.10 18:30;4;14.3125;14.75;11.4375;2200;202;0;
8847;2026.06.10 18:45;4;14.3125;14.75;11.125;2200;202;0;
8848;2026.06.10 19:00;4;14.3125;14.75;11;2200;202;0;
8849;2026.06.10 19:15;4;14.3125;14.75;10.75;2200;202;0;
8850;2026.06.10 19:30;4;14.3125;14.75;10.5;2200;202;0;
8851;2026.06.10 19:45;4;14.3125;14.75;10.375;2200;202;0;
8852;2026.06.10 20:00;4;14.3125;14.75;10.25;2200;202;0;
8853;2026.06.10 20:15;4;14.25;14.75;10.1875;2200;202;0;
8854;2026.06.10 20:30;4;14.3125;14.75;10.0625;2200;202;0;
8855;2026.06.10 20:45;4;14.3125;14.75;10;2200;202;0;
8856;2026.06.10 21:00;4;14.25;14.75;9.875;2200;202;0;
8857;2026.06.10 21:15;4;14.25;14.75;9.875;2200;202;0;
8858;2026.06.10 21:30;4;14.25;14.75;9.8125;2200;202;0;
8859;2026.06.10 21:45;4;14.25;14.75;9.8125;2200;202;0;
8860;2026.06.10 22:00;4;14.25;14.75;9.75;2200;202;0;
8861;2026.06.10 22:15;4;14.25;14.75;9.75;2200;202;0;
8862;2026.06.10 22:30;4;14.25;14.75;9.625;2200;202;0;
8863;2026.06.10 22:45;4;14.25;14.75;9.625;2201;202;0;
8864;2026.06.10 23:00;4;14.25;14.75;9.625;2201;202;0;
8865;2026.06.10 23:15;4;14.25;14.75;9.5;2201;202;0;
8866;2026.06.10 23:30;4;14.25;14.75;9.375;2201;202;0;
8867;2026.06.10 23:45;4;14.25;14.75;9.25;2201;202;0;
8868;2026.06.11 00:00;4;14.25;14.75;9.0625;2201;202;0;
8869;2026.06.11 00:15;4;14.25;14.75;9;2201;202;0;
8870;2026.06.11 00:30;4;14.25;14.75;8.9375;2201;202;0;
8871;2026.06.11 00:45;4;14.25;14.75;8.9375;2201;202;0;
8872;2026.06.11 01:00;4;14.25;14.75;9;2202;202;0;
8873;2026.06.11 01:15;4;14.25;14.75;8.75;2202;202;0;
8874;2026.06.11 01:30;4;14.25;14.6875;8.75;2202;202;0;
8875;2026.06.11 01:45;4;14.25;14.6875;8.875;2202;202;0;
8876;2026.06.11 02:00;4;14.25;14.6875;8.9375;2202;202;0;
8877;2026.06.11 02:15;4;14.25;14.6875;8.9375;2202;202;0;
8878;2026.06.11 02:30;4;14.25;14.6875;8.875;2203;202;0;
8879;2026.06.11 02:45;4;14.25;14.6875;8.75;2203;202;0;
8880;2026.06.11 03:00;4;14.25;14.6875;8.75;2203;202;0;
8881;2026.06.11 03:15;4;14.25;14.625;8.6875;2204;202;0;
8882;2026.06.11 03:30;4;14.25;14.625;8.75;2204;202;0;
8883;2026.06.11 03:45;4;14.25;14.625;8.75;2204;202;0;
8884;2026.06.11 04:00;4;14.25;14.625;8.875;2204;202;0;
8885;2026.06.11 04:15;4;14.25;14.625;9.25;2205;202;0;
8886;2026.06.11 04:30;4;14.25;14.625;9.5625;2205;202;0;
8887;2026.06.11 04:45;4;14.25;14.625;9.5625;2206;202;0;
8888;2026.06.11 05:00;4;14.25;14.625;9.5;2206;202;0;
8889;2026.06.11 05:15;4;14.25;14.625;9.625;2206;202;0;
8890;2026.06.11 05:30;4;14.25;14.625;9.75;2207;202;0;
8891;2026.06.11 05:45;4;14.25;14.625;9.6875;2207;202;0;
8892;2026.06.11 06:00;4;14.25;14.625;9.875;2207;202;0;
8893;2026.06.11 06:15;4;14.25;14.5625;10.375;2208;202;0;
8894;2026.06.11 06:30;4;14.25;14.5625;11;2208;202;0;
8895;2026.06.11 06:45;4;14.1875;14.5625;11.375;2209;202;0;
8896;2026.06.11 07:00;4;14.1875;14.5625;12.625;2209;202;0;
8897;2026.06.11 07:15;4;14.1875;14.5625;12.75;2210;202;0;
8898;2026.06.11 07:30;4;14.1875;14.5;12.875;2210;202;0;
8899;2026.06.11 07:45;4;14.1875;14.5;14.25;2211;202;0;
8900;2026.06.11 08:00;4;14.1875;14.5;14.375;2211;202;0;
8901;2026.06.11 08:15;4;14.1875;14.5;14.75;2212;202;0;
8902;2026.06.11 08:30;4;14.125;14.5;16;2212;202;0;
8903;2026.06.11 08:45;4;14.125;14.5;17;2213;202;0;
8904;2026.06.11 09:00;4;14.125;14.5;17.875;2213;202;0;
8905;2026.06.11 09:15;4;14.125;14.5;16.75;2214;202;0;
8906;2026.06.11 09:30;4;14.125;14.5;16.5;2215;202;0;
8907;2026.06.11 09:45;4;14.125;14.5;16.75;2215;202;0;
8908;2026.06.11 10:00;4;14.125;14.5;18.9375;2216;202;0;
8909;2026.06.11 10:15;4;14.125;14.4375;18.8125;2216;202;0;
8910;2026.06.11 10:30;4;14.125;14.4375;21.375;2217;202;0;
8911;2026.06.11 10:45;4;14.125;14.4375;21.9375;2217;202;0;
8912;2026.06.11 11:00;4;14.125;14.375;20.125;2218;202;0;
8913;2026.06.11 11:15;4;14.125;14.375;21.8125;2218;202;0;
8914;2026.06.11 11:30;4;14.125;14.375;22.875;2219;202;0;
8915;2026.06.11 11:45;4;14.125;14.375;19.4375;2219;202;0;
8916;2026.06.11 12:00;4;14.125;14.375;19.875;2220;202;0;
8917;2026.06.11 12:15;4;14.125;14.375;17.3125;2220;202;0;
8918;2026.06.11 12:30;4;14.125;14.375;16.75;2221;202;0;
8919;2026.06.11 12:45;4;14.125;14.375;15.625;2221;202;0;
8920;2026.06.11 13:00;4;14.0625;14.375;17;2222;202;0;
8921;2026.06.11 13:15;4;14.0625;14.375;19.5;2222;202;0;
8922;2026.06.11 13:30;4;14.0625;14.375;18.25;2223;202;0;
8923;2026.06.11 13:45;4;14.0625;14.375;16.875;2223;202;0;
8924;2026.06.11 14:00;4;14.0625;14.375;19;2224;202;0;
8925;2026.06.11 14:15;4;14.0625;14.375;19.25;2224;202;0;
8926;2026.06.11 14:30;4;14.0625;14.375;19.125;2225;202;0;
8927;2026.06.11 14:45;4;14.0625;14.375;15.6875;2225;202;0;
8928;2026.06.11 15:00;4;14;14.375;14.625;2226;202;0;
8929;2026.06.11 15:15;4;14;14.375;15.5;2227;202;0;
8930;2026.06.11 15:30;4;14;14.375;16.25;2228;202;0;
8931;2026.06.11 15:45;4;14;14.375;14.875;2228;202;0;
8932;2026.06.11 16:00;4;14;14.375;14;2228;202;0;
8933;2026.06.11 16:15;4;14;14.375;13.375;2229;202;0;
8934;2026.06.11 16:30;4;14;14.375;13.875;2229;202;0;
8935;2026.06.11 16:45;4;14;14.375;15.0625;2230;202;0;
8936;2026.06.11 17:00;4;14;14.375;13.5;2230;202;0;
8937;2026.06.11 17:15;4;14;14.375;12.1875;2230;202;0;
8938;2026.06.11 17:30;4;14;14.375;11.5;2231;202;0;
8939;2026.06.11 17:45;4;14;14.375;11.125;2232;202;0;
8940;2026.06.11 18:00;4;14;14.375;10.5;2232;202;0;
8941;2026.06.11 18:15;4;14;14.375;10.25;2232;202;0;
8942;2026.06.11 18:30;4;14;14.375;9.375;2233;202;0;
8943;2026.06.11 18:45;4;14;14.375;8.25;2233;202;0;
8944;2026.06.11 19:00;4;14;14.375;7.625;2233;202;0;
8945;2026.06.11 19:15;4;14;14.375;7.5625;2234;202;0;
8946;2026.06.11 19:30;4;14;14.375;7.5;2234;202;0;
8947;2026.06.11 19:45;4;14;14.375;7.125;2234;202;0;
8948;2026.06.11 20:00;4;14;14.375;6.5;2234;202;0;
8949;2026.06.11 20:15;4;14;14.375;6;2235;202;0;
8950;2026.06.11 20:30;4;14;14.375;5.5625;2235;202;0;
8951;2026.06.11 20:45;4;14;14.4375;5.3125;2235;202;0;
8952;2026.06.11 21:00;4;14;14.4375;5.25;2235;202;0;
8953;2026.06.11 21:15;4;14;14.4375;5;2236;202;0;
8954;2026.06.11 21:30;4;14;14.4375;4.75;2236;202;0;
8955;2026.06.11 21:45;4;14;14.4375;4.6875;2236;202;0;
8956;2026.06.11 22:00;4;14;14.4375;4.9375;2236;202;0;
8957;2026.06.11 22:15;4;14;14.4375;5.3125;2236;202;0;
8958;2026.06.11 22:30;4;14;14.4375;4.75;2237;202;0;
8959;2026.06.11 22:45;4;14;14.4375;4.5;2237;202;0;
8960;2026.06.11 23:00;4;14;14.4375;4.3125;2237;202;0;
8961;2026.06.11 23:15;4;14;14.4375;4.3125;2237;202;0;
8962;2026.06.11 23:30;4;14;14.4375;4.75;2238;202;0;
8963;2026.06.11 23:45;4;14;14.4375;5.375;2238;202;0;
8964;2026.06.12 00:00;4;14;14.4375;6.25;2238;202;0;
8965;2026.06.12 00:15;4;14;14.4375;6.5;2238;202;0;
8966;2026.06.12 00:30;4;14;14.4375;6.8125;2238;202;0;
8967;2026.06.12 00:45;4;14;14.4375;7.125;2238;202;0;
8968;2026.06.12 01:00;4;14;14.4375;6.125;2238;202;0;
8969;2026.06.12 01:15;4;14;14.4375;5.0625;2239;202;0;
8970;2026.06.12 01:30;4;14;14.4375;4.875;2239;202;0;
8971;2026.06.12 01:45;4;14;14.375;4.8125;2239;202;0;
8972;2026.06.12 02:00;4;14;14.4375;4.75;2239;202;0;
8973;2026.06.12 02:15;4;14;14.375;5.125;2239;202;0;
8974;2026.06.12 02:30;4;14;14.375;5.375;2239;202;0;
8975;2026.06.12 02:45;4;14;14.375;5.125;2239;202;0;
8976;2026.06.12 03:00;4;14;14.375;5.125;2239;202;0;
8977;2026.06.12 03:15;4;14;14.375;5.625;2239;202;0;
8978;2026.06.12 03:30;4;14;14.375;6;2239;202;0;
8979;2026.06.12 03:45;4;14;14.375;6.125;2239;202;0;
8980;2026.06.12 04:00;4;14;14.375;7;2239;202;0;
8981;2026.06.12 04:15;4;14;14.375;7.75;2239;202;0;
8982;2026.06.12 04:30;4;14;14.375;9;2239;202;0;
8983;2026.06.12 04:45;4;14;14.375;9.625;2239;202;0;
8984;2026.06.12 05:00;4;14;14.375;9.9375;2239;202;0;
8985;2026.06.12 05:15;4;14;14.3125;10.3125;2239;202;0;
8986;2026.06.12 05:30;4;14;14.3125;10.8125;2239;202;0;
8987;2026.06.12 05:45;4;14;14.3125;10.875;2239;202;0;
8988;2026.06.12 06:00;4;14;14.25;11.0625;2239;202;0;
8989;2026.06.12 06:15;4;14;14.25;11.125;2239;202;0;
8990;2026.06.12 06:30;4;14;14.25;11.5;2239;202;0;
8991;2026.06.12 06:45;4;14;14.25;11.875;2239;202;0;
8992;2026.06.12 07:00;4;14;14.25;12.5;2239;202;0;
8993;2026.06.12 07:15;4;14;14.25;13.25;2239;202;0;
8994;2026.06.12 07:30;4;14;14.25;14.25;2239;202;0;
8995;2026.06.12 07:45;4;14;14.25;15.125;2239;202;0;
8996;2026.06.12 08:00;4;14;14.25;15.25;2239;202;0;
8997;2026.06.12 08:15;4;13.9375;14.1875;15.875;2239;202;0;
8998;2026.06.12 08:30;4;13.9375;14.1875;17.1875;2239;202;0;
8999;2026.06.12 08:45;4;13.9375;14.125;18;2239;202;0;
9000;2026.06.12 09:00;4;13.9375;14.125;17.75;2239;202;0;
9001;2026.06.12 09:15;4;13.9375;14.125;16.375;2239;202;0;
9002;2026.06.12 09:30;4;13.9375;14.125;15.25;2239;202;0;
9003;2026.06.12 09:45;4;13.875;14.125;14.625;2239;202;0;
9004;2026.06.12 10:00;4;13.875;14.125;14.25;2239;202;0;
9005;2026.06.12 10:15;4;13.875;14.125;14.25;2239;202;0;
9006;2026.06.12 10:30;4;13.875;14.125;14.125;2239;202;0;
9007;2026.06.12 10:45;4;13.875;14.125;14.125;2239;202;0;
9008;2026.06.12 11:00;4;13.875;14.125;13.875;2238;202;0;
9009;2026.06.12 11:15;4;13.875;14.125;14.125;2238;202;0;
9010;2026.06.12 11:30;4;13.875;14.0625;14;2238;202;0;
9011;2026.06.12 11:45;4;13.875;14.0625;14.3125;2238;202;0;
9012;2026.06.12 12:00;4;13.875;14.0625;14.375;2239;202;0;
9013;2026.06.12 12:15;4;13.875;14.0625;14.625;2239;202;0;
9014;2026.06.12 12:30;4;13.875;14;15;2238;202;0;
9015;2026.06.12 12:45;4;13.875;14;15.25;2238;202;0;
9016;2026.06.12 13:00;4;13.875;14;15.375;2238;202;0;
9017;2026.06.12 13:15;4;13.875;14;15;2238;202;0;
9018;2026.06.12 13:30;4;13.8125;14;15.0625;2238;202;0;
9019;2026.06.12 13:45;4;13.8125;14;14.75;2238;202;0;
9020;2026.06.12 14:00;4;13.8125;14;14.875;2238;202;0;
9021;2026.06.12 14:15;4;13.8125;14;15.1875;2239;202;0;
9022;2026.06.12 14:30;4;13.8125;14;14.875;2238;202;0;
9023;2026.06.12 14:45;4;13.8125;14;14.375;2238;202;0;
9024;2026.06.12 15:00;4;13.8125;14;13.9375;2238;202;0;
9025;2026.06.12 15:15;4;13.8125;14;13.75;2238;202;0;
9026;2026.06.12 15:30;4;13.75;14;13.875;2238;202;0;
9027;2026.06.12 15:45;4;13.75;14;13.875;2238;202;0;
9028;2026.06.12 16:00;4;13.75;14;13.625;2238;202;0;
9029;2026.06.12 16:15;4;13.75;14;13.5625;2238;202;0;
9030;2026.06.12 16:30;4;13.75;14;13.5;2238;202;0;
9031;2026.06.12 16:45;4;13.75;14;13.5;2238;202;0;
9032;2026.06.12 17:00;4;13.75;14;13.625;2238;202;0;
9033;2026.06.12 17:15;4;13.75;14;13.625;2238;202;0;
9034;2026.06.12 17:30;4;13.75;14;13.625;2238;202;0;
9035;2026.06.12 17:45;4;13.75;14;13.5625;2238;202;0;
9036;2026.06.12 18:00;4;13.75;14;13.5;2238;202;0;
9037;2026.06.12 18:15;4;13.75;14;13.5;2238;202;0;
9038;2026.06.12 18:30;4;13.75;14;13.4375;2238;202;0;
9039;2026.06.12 18:45;4;13.75;14;13.375;2238;202;0;
9040;2026.06.12 19:00;4;13.75;14;13.375;2238;202;0;
9041;2026.06.12 19:15;4;13.75;14;13.3125;2239;202;0;
9042;2026.06.12 19:30;4;13.75;14;13.3125;2239;202;0;
9043;2026.06.12 19:45;4;13.75;14;13.3125;2239;202;0;
9044;2026.06.12 20:00;4;13.75;14;13.25;2239;202;0;
9045;2026.06.12 20:15;4;13.75;14;13.25;2239;202;0;
9046;2026.06.12 20:30;4;13.75;14;13.1875;2239;202;0;
9047;2026.06.12 20:45;4;13.75;14;13.125;2239;202;0;
9048;2026.06.12 21:00;4;13.75;14;13.125;2239;202;0;
9049;2026.06.12 21:15;4;13.75;14;13.1875;2239;202;0;
9050;2026.06.12 21:30;4;13.75;14;13.25;2239;202;0;
9051;2026.06.12 21:45;4;13.75;14;13.25;2239;202;0;
9052;2026.06.12 22:00;4;13.75;14;13.3125;2240;202;0;
9053;2026.06.12 22:15;4;13.75;14;13.375;2240;202;0;
9054;2026.06.12 22:30;4;13.75;14;13.375;2240;202;0;
9055;2026.06.12 22:45;4;13.75;14;13.5;2240;202;0;
9056;2026.06.12 23:00;4;13.75;14;13.4375;2240;202;0;
9057;2026.06.12 23:15;4;13.75;14;13.375;2240;202;0;
9058;2026.06.12 23:30;4;13.75;14;13.375;2240;202;0;
9059;2026.06.12 23:45;4;13.75;14;13.5;2240;202;0;
9060;2026.06.13 00:00;4;13.75;14;13.5625;2240;202;0;
9061;2026.06.13 00:15;4;13.75;14;13.5625;2241;202;0;
9062;2026.06.13 00:30;4;13.75;14;13.625;2241;202;0;
9063;2026.06.13 00:45;4;13.75;14;13.625;2241;202;0;
9064;2026.06.13 01:00;4;13.75;14;13.5625;2242;202;0;
9065;2026.06.13 01:15;4;13.75;14;13.5;2242;202;0;
9066;2026.06.13 01:30;4;13.75;14;13.375;2242;202;0;
9067;2026.06.13 01:45;4;13.75;14;13.1875;2243;202;0;
9068;2026.06.13 02:00;4;13.75;14;12.9375;2243;202;0;
9069;2026.06.13 02:15;4;13.75;14;12.75;2244;202;0;
9070;2026.06.13 02:30;4;13.75;14;12.8125;2244;202;0;
9071;2026.06.13 02:45;4;13.75;14;12.9375;2245;202;0;
9072;2026.06.13 03:00;4;13.75;14;13;2245;202;0;
9073;2026.06.13 03:15;4;13.75;14;13;2246;202;0;
9074;2026.06.13 03:30;4;13.75;14;13;2246;202;0;
9075;2026.06.13 03:45;4;13.75;14;13;2246;202;0;
9076;2026.06.13 04:00;4;13.75;14;13;2247;202;0;
9077;2026.06.13 04:15;4;13.75;14;13.1875;2248;202;0;
9078;2026.06.13 04:30;4;13.75;14;13.0625;2248;202;0;
9079;2026.06.13 04:45;4;13.75;14;13.25;2249;202;0;
9080;2026.06.13 05:00;4;13.75;14;13.375;2467;202;0;
9081;2026.06.13 05:15;4;13.75;14;13.5;2579;202;0;
9082;2026.06.13 05:30;4;13.75;14.0625;13.75;2631;202;0;
9083;2026.06.13 05:45;4;13.75;14.0625;14;2734;202;0;
9084;2026.06.13 06:00;4;13.75;14.0625;14.375;2755;202;0;
9085;2026.06.13 06:15;4;13.75;14.0625;14.375;2748;202;0;
9086;2026.06.13 06:30;4;13.75;14;14.5;2740;202;0;
9087;2026.06.13 06:45;4;13.75;14;15.375;2754;202;0;
9088;2026.06.13 07:00;4;13.75;14;17.125;2759;202;0;
9089;2026.06.13 07:15;4;13.75;14;17.625;2758;202;0;
9090;2026.06.13 07:30;4;13.75;14;18.3125;2754;202;0;
9091;2026.06.13 07:45;4;13.75;14;18;2748;202;0;
9092;2026.06.13 08:00;4;13.75;14;18.5;2741;202;0;
9093;2026.06.13 08:15;4;13.75;14;19.375;2733;202;0;
9094;2026.06.13 08:30;4;13.75;14;20.5;2726;202;0;
9095;2026.06.13 08:45;4;13.75;14;21.25;2718;202;0;
9096;2026.06.13 09:00;4;13.75;14;22.875;2708;202;0;
9097;2026.06.13 09:15;4;13.75;14;23.625;2701;202;0;
9098;2026.06.13 09:30;4;13.75;14;24.875;2695;202;0;
9099;2026.06.13 09:45;4;13.75;14;25;2690;202;0;
9100;2026.06.13 10:00;4;13.75;14;24.5;2683;202;0;
9101;2026.06.13 10:15;4;13.75;14;23.5;2677;202;0;
9102;2026.06.13 10:30;4;13.75;14;24.625;2670;202;0;
9103;2026.06.13 10:45;4;13.75;14;26.75;2665;202;0;
9104;2026.06.13 11:00;4;13.75;14;27;2656;202;0;
9105;2026.06.13 11:15;4;13.75;14;26.625;2651;202;0;
9106;2026.06.13 11:30;4;13.75;14;26.375;2646;202;0;
9107;2026.06.13 11:45;4;13.75;14;25.3125;2643;202;0;
9108;2026.06.13 12:00;4;13.75;14;26;2637;202;0;
9109;2026.06.13 12:15;4;13.75;14;26.25;2633;202;0;
9110;2026.06.13 12:30;4;13.75;14;26.4375;2629;202;0;
9111;2026.06.13 12:45;4;13.75;14;25.1875;2625;202;0;
9112;2026.06.13 13:00;4;13.75;14;27.875;2622;202;0;
9113;2026.06.13 13:15;4;13.75;14;29.125;2619;202;0;
9114;2026.06.13 13:30;4;13.75;14.0625;29.5625;2616;202;0;
9115;2026.06.13 13:45;4;13.75;14.0625;28.75;2613;202;0;
9116;2026.06.13 14:00;4;13.75;14.0625;29.1875;2610;202;0;
9117;2026.06.13 14:15;4;13.75;14.0625;26.8125;2607;202;0;
9118;2026.06.13 14:30;4;13.75;14.125;28.25;2602;202;0;
9119;2026.06.13 14:45;4;13.75;14.125;27;2600;202;0;
9120;2026.06.13 15:00;4;13.75;14.125;26.125;2597;202;0;
9121;2026.06.13 15:15;4;13.75;14.125;24.5;2595;202;0;
9122;2026.06.13 15:30;4;13.75;14.125;24.125;2593;202;0;
9123;2026.06.13 15:45;4;13.75;14.125;23.625;2591;202;0;
9124;2026.06.13 16:00;4;13.75;14.125;23.25;2589;202;0;
9125;2026.06.13 16:15;4;13.75;14.125;22.25;2582;202;0;
9126;2026.06.13 16:30;4;13.75;14.125;22.5625;2580;202;0;
9127;2026.06.13 16:45;4;13.75;14.1875;23;2578;202;0;
9128;2026.06.13 17:00;4;13.75;14.1875;21.25;2568;202;0;
9129;2026.06.13 17:15;4;13.75;14.25;20.125;2566;202;0;
9130;2026.06.13 17:30;4;13.75;14.25;19.625;2564;202;0;
9131;2026.06.13 17:45;4;13.75;14.25;19.125;2562;202;0;
9132;2026.06.13 18:00;4;13.75;14.25;18.125;2560;202;0;
9133;2026.06.13 18:15;4;13.75;14.25;17.5;2559;202;0;
9134;2026.06.13 18:30;4;13.75;14.25;16.75;2555;202;0;
9135;2026.06.13 18:45;4;13.75;14.3125;16.0625;2552;202;0;
9136;2026.06.13 19:00;4;13.75;14.3125;15;2551;202;0;
9137;2026.06.13 19:15;4;13.8125;14.375;14.5;2545;202;0;
9138;2026.06.13 19:30;4;13.8125;14.375;13.75;2544;202;0;
9139;2026.06.13 19:45;4;13.8125;14.375;13.125;2542;202;0;
9140;2026.06.13 20:00;4;13.8125;14.375;12.625;2541;202;0;
9141;2026.06.13 20:15;4;13.8125;14.375;12.375;2539;202;0;
9142;2026.06.13 20:30;4;13.875;14.375;11.75;2538;202;0;
9143;2026.06.13 20:45;4;13.875;14.4375;11.125;2536;202;0;
9144;2026.06.13 21:00;4;13.875;14.4375;10.6875;2534;202;0;
9145;2026.06.13 21:15;4;13.875;14.5;10.375;2532;202;0;
9146;2026.06.13 21:30;4;13.875;14.5;10.1875;2531;202;0;
9147;2026.06.13 21:45;4;13.875;14.5;10;2529;202;0;
9148;2026.06.13 22:00;4;13.875;14.5;9.875;2528;202;0;
9149;2026.06.13 22:15;4;13.875;14.5;9.6875;2526;202;0;
9150;2026.06.13 22:30;4;13.875;14.5;9.375;2525;202;0;
9151;2026.06.13 22:45;4;13.875;14.5625;9.125;2524;202;0;
9152;2026.06.13 23:00;4;13.875;14.5625;9.25;2522;202;0;
9153;2026.06.13 23:15;4;13.9375;14.5625;9.125;2519;202;0;
9154;2026.06.13 23:30;4;13.9375;14.5625;8.75;2517;202;0;
9155;2026.06.13 23:45;4;13.9375;14.625;9.125;2516;202;0;
9156;2026.06.14 00:00;4;14;14.625;9.25;2514;202;0;
9157;2026.06.14 00:15;4;14;14.625;8.75;2513;202;0;
9158;2026.06.14 00:30;4;14;14.625;8.9375;2511;202;0;
9159;2026.06.14 00:45;4;14;14.625;8.625;2510;202;0;
9160;2026.06.14 01:00;4;14;14.625;8.375;2508;202;0;
9161;2026.06.14 01:15;4;14;14.625;8.6875;2507;202;0;
9162;2026.06.14 01:30;4;14;14.625;9.125;2506;202;0;
9163;2026.06.14 01:45;4;14;14.625;9;2504;202;0;
9164;2026.06.14 02:00;4;14;14.625;8.875;2503;202;0;
9165;2026.06.14 02:15;4;14;14.625;9;2501;202;0;
9166;2026.06.14 02:30;4;14;14.625;8.75;2499;202;0;
9167;2026.06.14 02:45;4;14;14.625;8.375;2498;202;0;
9168;2026.06.14 03:00;4;14;14.625;8.5;2497;202;0;
9169;2026.06.14 03:15;4;14.0625;14.625;8.625;2495;202;0;
9170;2026.06.14 03:30;4;14.0625;14.625;9;2492;202;0;
9171;2026.06.14 03:45;4;14.0625;14.6875;9.125;2490;202;0;
9172;2026.06.14 04:00;4;14.0625;14.6875;9.6875;2489;202;0;
9173;2026.06.14 04:15;4;14.0625;14.625;10.625;2487;202;0;
9174;2026.06.14 04:30;4;14.0625;14.6875;11.125;2486;202;0;
9175;2026.06.14 04:45;4;14.0625;14.625;12.1875;2485;202;0;
9176;2026.06.14 05:00;4;14.0625;14.625;12.375;2483;202;0;
9177;2026.06.14 05:15;4;14.0625;14.625;13.125;2482;202;0;
9178;2026.06.14 05:30;4;14.125;14.625;14;2480;202;0;
9179;2026.06.14 05:45;4;14.125;14.625;15.1875;2479;202;0;
9180;2026.06.14 06:00;4;14.125;14.625;15.875;2478;202;0;
9181;2026.06.14 06:15;4;14.125;14.625;16;2476;202;0;
9182;2026.06.14 06:30;4;14.125;14.625;16;2475;202;0;
9183;2026.06.14 06:45;4;14.125;14.625;16.3125;2473;202;0;
9184;2026.06.14 07:00;4;14.125;14.625;16.0625;2472;202;0;
9185;2026.06.14 07:15;4;14.125;14.625;15.6875;2470;202;0;
9186;2026.06.14 07:30;4;14.125;14.625;17.125;2469;202;0;
9187;2026.06.14 07:45;4;14.125;14.625;18.0625;2468;202;0;
9188;2026.06.14 08:00;4;14.125;14.625;17.75;2467;202;0;
9189;2026.06.14 08:15;4;14.125;14.625;20.375;2465;202;0;
9190;2026.06.14 08:30;4;14.125;14.625;18.625;2464;202;0;
9191;2026.06.14 08:45;4;14.125;14.625;19.5;2462;202;0;
9192;2026.06.14 09:00;4;14.125;14.625;20.0625;2461;202;0;
9193;2026.06.14 09:15;4;14.125;14.625;19.9375;2460;202;0;
9194;2026.06.14 09:30;4;14.125;14.625;18.5;2458;202;0;
9195;2026.06.14 09:45;4;14.125;14.625;20.375;2457;202;0;
9196;2026.06.14 10:00;4;14.125;14.5625;19.25;2456;202;0;
9197;2026.06.14 10:15;4;14.125;14.5625;20;2455;202;0;
9198;2026.06.14 10:30;4;14.125;14.5625;18.625;2453;202;0;
9199;2026.06.14 10:45;4;14.125;14.5625;20.25;2452;202;0;
9200;2026.06.14 11:00;4;14.125;14.5625;18;2451;202;0;
9201;2026.06.14 11:15;4;14.125;14.5625;18.375;2449;202;0;
9202;2026.06.14 11:30;4;14.125;14.5625;18.6875;2448;202;0;
9203;2026.06.14 11:45;4;14.125;14.5625;21.375;2447;202;0;
9204;2026.06.14 12:00;4;14.125;14.5;18.75;2446;202;0;
9205;2026.06.14 12:15;4;14.125;14.5;21.75;2445;202;0;
9206;2026.06.14 12:30;4;14.125;14.5;20.3125;2444;202;0;
9207;2026.06.14 12:45;4;14.0625;14.5;19.875;2443;202;0;
9208;2026.06.14 13:00;4;14.125;14.5;21.875;2442;202;0;
9209;2026.06.14 13:15;4;14.0625;14.5;19.375;2440;202;0;
9210;2026.06.14 13:30;4;14.0625;14.5;18.875;2439;202;0;
9211;2026.06.14 13:45;4;14.0625;14.5;18.6875;2438;202;0;
9212;2026.06.14 14:00;4;14.0625;14.5;17.75;2437;202;0;
9213;2026.06.14 14:15;4;14.0625;14.5;17.5;2436;202;0;
9214;2026.06.14 14:30;4;14.0625;14.5;18;2435;202;0;
9215;2026.06.14 14:45;4;14.0625;14.5;18.5;2396;202;0;
9216;2026.06.14 15:00;4;14.0625;14.5;17.5;2380;202;0;
9217;2026.06.14 15:15;4;14.0625;14.5;16.875;2378;202;0;
9218;2026.06.14 15:30;4;14.0625;14.5;18.125;2376;202;0;
9219;2026.06.14 15:45;4;14.0625;14.5;17.25;2375;202;0;
9220;2026.06.14 16:00;4;14.0625;14.5;16.625;2374;202;0;
9221;2026.06.14 16:15;4;14.0625;14.5;17.25;2373;202;0;
9222;2026.06.14 16:30;4;14.0625;14.5;18;2371;202;0;
9223;2026.06.14 16:45;4;14.0625;14.5;17.625;2370;202;0;
9224;2026.06.14 17:00;4;14.0625;14.5;17.125;2369;202;0;
9225;2026.06.14 17:15;4;14.0625;14.5;16.4375;2368;202;0;
9226;2026.06.14 17:30;4;14.0625;14.5;16;2367;202;0;
9227;2026.06.14 17:45;4;14.0625;14.5;15.625;2366;202;0;
9228;2026.06.14 18:00;4;14.0625;14.5;15.5;2365;202;0;
9229;2026.06.14 18:15;4;14.0625;14.5;14.25;2364;202;0;
9230;2026.06.14 18:30;4;14.0625;14.5;13.25;2361;202;0;
9231;2026.06.14 18:45;4;14.0625;14.5;12.375;2360;202;0;
9232;2026.06.14 19:00;4;14.0625;14.5;11.5625;2359;202;0;
9233;2026.06.14 19:15;4;14.0625;14.5;10.25;2357;202;0;
9234;2026.06.14 19:30;4;14.0625;14.5625;9.75;2356;202;0;
9235;2026.06.14 19:45;4;14.0625;14.5625;9.125;2355;202;0;
9236;2026.06.14 20:00;4;14.0625;14.5625;8.25;2354;202;0;
9237;2026.06.14 20:15;4;14.0625;14.5625;8;2353;202;0;
9238;2026.06.14 20:30;4;14.0625;14.5625;7.875;2352;202;0;
9239;2026.06.14 20:45;4;14.0625;14.5625;7.25;2351;202;0;
9240;2026.06.14 21:00;4;14.0625;14.5625;6.75;2349;202;0;
9241;2026.06.14 21:15;4;14.0625;14.5625;6.25;2348;202;0;
9242;2026.06.14 21:30;4;14.125;14.5625;6.25;2347;202;0;
9243;2026.06.14 21:45;4;14.0625;14.5625;6;2346;202;0;
9244;2026.06.14 22:00;4;14.0625;14.5625;5.5;2345;202;0;
9245;2026.06.14 22:15;4;14.125;14.625;5.75;2344;202;0;
9246;2026.06.14 22:30;4;14.125;14.5625;6.125;2343;202;0;
9247;2026.06.14 22:45;4;14.125;14.625;6.4375;2342;202;0;
9248;2026.06.14 23:00;4;14.125;14.625;6.75;2341;202;0;
9249;2026.06.14 23:15;4;14.125;14.625;7.1875;2340;202;0;
9250;2026.06.14 23:30;4;14.125;14.5625;7.625;2338;202;0;
9251;2026.06.14 23:45;4;14.125;14.625;8;2337;202;0;
9252;2026.06.15 00:00;4;14.125;14.625;8.25;2336;202;0;
9253;2026.06.15 00:15;4;14.125;14.5625;8.1875;2335;202;0;
9254;2026.06.15 00:30;4;14.125;14.5625;8.125;2334;202;0;
9255;2026.06.15 00:45;4;14.125;14.5625;7.875;2333;202;0;
9256;2026.06.15 01:00;4;14.125;14.5625;7.8125;2332;202;0;
9257;2026.06.15 01:15;4;14.125;14.5625;7.9375;2331;202;0;
9258;2026.06.15 01:30;4;14.125;14.5625;8;2330;202;0;
9259;2026.06.15 01:45;4;14.125;14.5625;7.875;2329;202;0;
9260;2026.06.15 02:00;4;14.125;14.5625;7.875;2328;202;0;
9261;2026.06.15 02:15;4;14.125;14.5625;7.875;2327;202;0;
9262;2026.06.15 02:30;4;14.125;14.5625;7.875;2326;202;0;
9263;2026.06.15 02:45;4;14.125;14.5625;7.75;2325;202;0;
9264;2026.06.15 03:00;4;14.125;14.5;7.875;2324;202;0;
9265;2026.06.15 03:15;4;14.125;14.5;8.125;2323;202;0;
9266;2026.06.15 03:30;4;14.125;14.5;8.5;2323;202;0;
9267;2026.06.15 03:45;4;14.125;14.5;9;2322;202;0;
9268;2026.06.15 04:00;4;14.125;14.5;9.375;2321;202;0;
9269;2026.06.15 04:15;4;14.125;14.5;9.75;2320;202;0;
9270;2026.06.15 04:30;4;14.125;14.5;10.125;2320;202;0;
9271;2026.06.15 04:45;4;14.125;14.5;10.625;2319;202;0;
9272;2026.06.15 05:00;4;14.125;14.5;11.3125;2318;202;0;
9273;2026.06.15 05:15;4;14.125;14.5;12;2317;202;0;
9274;2026.06.15 05:30;4;14.0625;14.5;12.75;2317;202;0;
9275;2026.06.15 05:45;4;14.0625;14.5;13.25;2316;202;0;
9276;2026.06.15 06:00;4;14.0625;14.5;13.8125;2315;202;0;
9277;2026.06.15 06:15;4;14.0625;14.4375;15.8125;2314;202;0;
9278;2026.06.15 06:30;4;14.0625;14.4375;17.875;2313;202;0;
9279;2026.06.15 06:45;4;14.0625;14.4375;19.5;2312;202;0;
9280;2026.06.15 07:00;4;14.0625;14.4375;18.25;2311;202;0;
9281;2026.06.15 07:15;4;14.0625;14.375;16.125;2310;202;0;
9282;2026.06.15 07:30;4;14.0625;14.375;17.75;2310;202;0;
9283;2026.06.15 07:45;4;14.0625;14.375;17.125;2309;202;0;
9284;2026.06.15 08:00;4;14.0625;14.375;16.125;2308;202;0;
9285;2026.06.15 08:15;4;14;14.375;16.125;2307;202;0;
9286;2026.06.15 08:30;4;14;14.375;17.125;2307;202;0;
9287;2026.06.15 08:45;4;14;14.375;18.875;2306;202;0;
9288;2026.06.15 09:00;4;14;14.375;21.625;2305;202;0;
9289;2026.06.15 09:15;4;14;14.375;23.625;2304;202;0;
9290;2026.06.15 09:30;4;14;14.375;21.6875;2304;202;0;
9291;2026.06.15 09:45;4;14;14.375;21.4375;2303;202;0;
9292;2026.06.15 10:00;4;14;14.3125;21.3125;2302;202;0;
9293;2026.06.15 10:15;4;14;14.3125;20.125;2301;202;0;
9294;2026.06.15 10:30;4;14;14.3125;20.5;2301;202;0;
9295;2026.06.15 10:45;4;14;14.3125;21.125;2300;202;0;
9296;2026.06.15 11:00;4;14;14.3125;22.75;2299;202;0;
9297;2026.06.15 11:15;4;14;14.25;24.0625;2298;202;0;
9298;2026.06.15 11:30;4;14;14.25;23.625;2298;202;0;
9299;2026.06.15 11:45;4;14;14.25;24.625;2297;202;0;
9300;2026.06.15 12:00;4;14;14.25;24.5;2296;202;0;
9301;2026.06.15 12:15;4;14;14.25;22.25;2295;202;0;
9302;2026.06.15 12:30;4;14;14.25;20.3125;2295;202;0;
9303;2026.06.15 12:45;4;14;14.25;22;2294;202;0;
9304;2026.06.15 13:00;4;14;14.25;22.75;2294;202;0;
9305;2026.06.15 13:15;4;14;14.25;25.3125;2293;202;0;
9306;2026.06.15 13:30;4;14;14.25;22.9375;2293;202;0;
9307;2026.06.15 13:45;4;14;14.25;24.375;2291;202;0;
9308;2026.06.15 14:00;4;13.9375;14.25;21.875;2290;202;0;
9309;2026.06.15 14:15;4;13.9375;14.25;21.375;2290;202;0;
9310;2026.06.15 14:30;4;13.9375;14.25;21.5;2289;202;0;
9311;2026.06.15 14:45;4;13.9375;14.25;24.875;2289;202;0;
9312;2026.06.15 15:00;4;13.9375;14.25;24.25;2288;202;0;
9313;2026.06.15 15:15;4;13.9375;14.25;20.75;2287;202;0;
9314;2026.06.15 15:30;4;13.9375;14.25;20.625;2287;202;0;
9315;2026.06.15 15:45;4;13.9375;14.25;19.25;2286;202;0;
9316;2026.06.15 16:00;4;13.9375;14.25;18.3125;2286;202;0;
9317;2026.06.15 16:15;4;13.9375;14.25;17.875;2285;202;0;
9318;2026.06.15 16:30;4;13.9375;14.25;18.875;2285;202;0;
9319;2026.06.15 16:45;4;13.9375;14.25;20.6875;2284;202;0;
9320;2026.06.15 17:00;4;13.9375;14.25;18.5;2284;202;0;
9321;2026.06.15 17:15;4;13.9375;14.25;16.875;2283;202;0;
9322;2026.06.15 17:30;4;13.9375;14.25;15.9375;2282;202;0;
9323;2026.06.15 17:45;4;13.9375;14.3125;15.5;2282;202;0;
9324;2026.06.15 18:00;4;13.9375;14.3125;14.125;2281;202;0;
9325;2026.06.15 18:15;4;13.9375;14.3125;13.0625;2281;202;0;
9326;2026.06.15 18:30;4;13.9375;14.3125;12.25;2280;202;0;
9327;2026.06.15 18:45;4;13.9375;14.375;11.5;2280;202;0;
9328;2026.06.15 19:00;4;13.9375;14.375;10.375;2279;202;0;
9329;2026.06.15 19:15;4;13.9375;14.375;9.5;2279;202;0;
9330;2026.06.15 19:30;4;13.9375;14.375;8.75;2278;202;0;
9331;2026.06.15 19:45;4;13.9375;14.375;8.25;2278;202;0;
9332;2026.06.15 20:00;4;13.9375;14.375;8;2277;202;0;
9333;2026.06.15 20:15;4;13.9375;14.375;7.75;2277;202;0;
9334;2026.06.15 20:30;4;13.9375;14.375;7.375;2276;202;0;
9335;2026.06.15 20:45;4;13.9375;14.375;7.1875;2276;202;0;
9336;2026.06.15 21:00;4;13.9375;14.375;7.0625;2276;202;0;
9337;2026.06.15 21:15;4;13.9375;14.375;6.8125;2275;202;0;
9338;2026.06.15 21:30;4;14;14.375;6.375;2275;202;0;
9339;2026.06.15 21:45;4;14;14.375;6.0625;2274;202;0;
9340;2026.06.15 22:00;4;14;14.4375;5.625;2274;202;0;
9341;2026.06.15 22:15;4;14;14.4375;5.25;2273;202;0;
9342;2026.06.15 22:30;4;14;14.4375;5.125;2273;202;0;
9343;2026.06.15 22:45;4;14;14.4375;4.875;2272;202;0;
9344;2026.06.15 23:00;4;14;14.4375;5.0625;2272;202;0;
9345;2026.06.15 23:15;4;14;14.4375;5.0625;2271;202;0;
9346;2026.06.15 23:30;4;14;14.4375;4.5;2271;202;0;
9347;2026.06.15 23:45;4;14;14.5;4.5;2270;202;0;
9348;2026.06.16 00:00;4;14;14.4375;4.5;2270;202;0;
9349;2026.06.16 00:15;4;14;14.4375;4.25;2270;202;0;
9350;2026.06.16 00:30;4;14;14.5;4.125;2269;202;0;
9351;2026.06.16 00:45;4;14;14.5;3.75;2269;202;0;
9352;2026.06.16 01:00;4;14;14.5;3.25;2268;202;0;
9353;2026.06.16 01:15;4;14;14.5;3.375;2268;202;0;
9354;2026.06.16 01:30;4;14;14.5;3.25;2268;202;0;
9355;2026.06.16 01:45;4;14;14.5;3;2267;202;0;
9356;2026.06.16 02:00;4;14;14.5;3;2267;202;0;
9357;2026.06.16 02:15;4;14;14.4375;2.5;2266;202;0;
9358;2026.06.16 02:30;4;14;14.5;2.375;2266;202;0;
9359;2026.06.16 02:45;4;14;14.4375;3;2265;202;0;
9360;2026.06.16 03:00;4;14;14.4375;3.375;2265;202;0;
9361;2026.06.16 03:15;4;14;14.4375;3.4375;2264;202;0;
9362;2026.06.16 03:30;4;14;14.4375;4;2264;202;0;
9363;2026.06.16 03:45;4;14;14.4375;4.3125;2264;202;0;
9364;2026.06.16 04:00;4;14;14.375;4.625;2263;202;0;
9365;2026.06.16 04:15;4;14;14.375;4.375;2263;202;0;
9366;2026.06.16 04:30;4;14;14.375;5.1875;2262;202;0;
9367;2026.06.16 04:45;4;14;14.375;8;2262;202;0;
9368;2026.06.16 05:00;4;14;14.375;8.625;2261;202;0;
9369;2026.06.16 05:15;4;14;14.375;9.75;2261;202;0;
9370;2026.06.16 05:30;4;14;14.375;9.375;2260;202;0;
9371;2026.06.16 05:45;4;14;14.375;12.5;2260;202;0;
9372;2026.06.16 06:00;4;14;14.375;15;2260;202;0;
9373;2026.06.16 06:15;4;14;14.375;18;2259;202;0;
9374;2026.06.16 06:30;4;14;14.375;19.6875;2258;202;0;
9375;2026.06.16 06:45;4;14;14.375;20.5;2258;202;0;
9376;2026.06.16 07:00;4;14;14.3125;21.125;2257;202;0;
9377;2026.06.16 07:15;4;14;14.3125;22.125;2257;202;0;
9378;2026.06.16 07:30;4;14;14.3125;21.625;2257;202;0;
9379;2026.06.16 07:45;4;14;14.25;23;2256;202;0;
9380;2026.06.16 08:00;4;14;14.25;23.625;2256;202;0;
9381;2026.06.16 08:15;4;14;14.25;25.125;2255;202;0;
9382;2026.06.16 08:30;4;14;14.25;26.875;2255;202;0;
9383;2026.06.16 08:45;4;14;14.25;28;2255;202;0;
9384;2026.06.16 09:00;4;14;14.25;28.125;2254;202;0;
9385;2026.06.16 09:15;4;14;14.25;27.375;2254;202;0;
9386;2026.06.16 09:30;4;13.9375;14.25;28.125;2253;202;0;
9387;2026.06.16 09:45;4;13.9375;14.1875;25.625;2253;202;0;
9388;2026.06.16 10:00;4;13.9375;14.1875;24.3125;2253;202;0;
9389;2026.06.16 10:15;4;13.9375;14.1875;26.375;2252;202;0;
9390;2026.06.16 10:30;4;13.9375;14.125;25.0625;2252;202;0;
9391;2026.06.16 10:45;4;13.875;14.125;25.125;2251;202;0;
9392;2026.06.16 11:00;4;13.875;14.125;25.75;2251;202;0;
9393;2026.06.16 11:15;4;13.875;14.125;27.25;2251;202;0;
9394;2026.06.16 11:30;4;13.875;14.125;25.625;2250;202;0;
9395;2026.06.16 11:45;4;13.875;14.125;25.125;2250;202;0;
9396;2026.06.16 12:00;4;13.875;14.125;25.5;2250;202;0;
9397;2026.06.16 12:15;4;13.875;14.125;26.625;2249;202;0;
9398;2026.06.16 12:30;4;13.875;14.125;29.5;2249;202;0;
9399;2026.06.16 12:45;4;13.875;14.125;27.75;2248;202;0;
9400;2026.06.16 13:00;4;13.875;14.125;26.8125;2248;202;0;
9401;2026.06.16 13:15;4;13.875;14.125;26.0625;2248;202;0;
9402;2026.06.16 13:30;4;13.875;14.125;26.625;2247;202;0;
9403;2026.06.16 13:45;4;13.875;14.125;25.375;2247;202;0;
9404;2026.06.16 14:00;4;13.875;14.125;24.4375;2247;202;0;
9405;2026.06.16 14:15;4;13.875;14.125;23.25;2247;202;0;
9406;2026.06.16 14:30;4;13.875;14.125;21.875;2246;202;0;
9407;2026.06.16 14:45;4;13.875;14.125;21.75;2246;202;0;
9408;2026.06.16 15:00;4;13.875;14.125;21.4375;2246;202;0;
9409;2026.06.16 15:15;4;13.875;14.125;20.8125;2245;202;0;
9410;2026.06.16 15:30;4;13.875;14.125;20.9375;2245;202;0;
9411;2026.06.16 15:45;4;13.875;14.125;20.8125;2244;202;0;
9412;2026.06.16 16:00;4;13.875;14.125;21;2244;202;0;
9413;2026.06.16 16:15;4;13.875;14.1875;21.5;2244;202;0;
9414;2026.06.16 16:30;4;13.875;14.1875;21.8125;2244;202;0;
9415;2026.06.16 16:45;4;13.875;14.1875;20.9375;2243;202;0;
9416;2026.06.16 17:00;4;13.875;14.1875;20.625;2243;202;0;
9417;2026.06.16 17:15;4;13.875;14.25;20.3125;2243;202;0;
9418;2026.06.16 17:30;4;13.875;14.25;20.25;2242;202;0;
9419;2026.06.16 17:45;4;13.875;14.25;19.625;2242;202;0;
9420;2026.06.16 18:00;4;13.875;14.25;18.75;2242;202;0;
9421;2026.06.16 18:15;4;13.875;14.25;17;2241;202;0;
9422;2026.06.16 18:30;4;13.875;14.25;16.125;2241;202;0;
9423;2026.06.16 18:45;4;13.875;14.25;15.625;2241;202;0;
9424;2026.06.16 19:00;4;13.875;14.25;15.25;2240;202;0;
9425;2026.06.16 19:15;4;13.875;14.25;14.875;2240;202;0;
9426;2026.06.16 19:30;4;13.875;14.25;14.5625;2240;202;0;
9427;2026.06.16 19:45;4;13.875;14.3125;14.375;2239;202;0;
9428;2026.06.16 20:00;4;13.875;14.3125;14.25;2239;202;0;
9429;2026.06.16 20:15;4;13.875;14.375;14.1875;2239;202;0;
9430;2026.06.16 20:30;4;13.875;14.375;14.125;2239;202;0;
9431;2026.06.16 20:45;4;13.875;14.375;14.125;2238;202;0;
9432;2026.06.16 21:00;4;13.875;14.375;14;2237;202;0;
9433;2026.06.16 21:15;4;13.875;14.375;14;2237;202;0;
9434;2026.06.16 21:30;4;13.875;14.375;13.875;2236;202;0;
9435;2026.06.16 21:45;4;13.875;14.375;13.75;2236;202;0;
9436;2026.06.16 22:00;4;13.875;14.375;13.75;2236;202;0;
9437;2026.06.16 22:15;4;13.9375;14.375;13.6875;2235;202;0;
9438;2026.06.16 22:30;4;13.9375;14.4375;13.75;2235;202;0;
9439;2026.06.16 22:45;4;13.9375;14.4375;13.75;2235;202;0;
9440;2026.06.16 23:00;4;13.9375;14.4375;13.5625;2233;202;0;
9441;2026.06.16 23:15;4;13.9375;14.5;13.5625;2233;202;0;
9442;2026.06.16 23:30;4;13.9375;14.5;13.625;2233;202;0;
9443;2026.06.16 23:45;4;13.9375;14.5;13.625;2232;202;0;
9444;2026.06.17 00:00;4;14;14.5;13.625;2232;202;0;
9445;2026.06.17 00:15;4;14;14.5;13.625;2232;202;0;
9446;2026.06.17 00:30;4;14;14.5;13.625;2231;202;0;
9447;2026.06.17 00:45;4;14;14.5;13.375;2231;202;0;
9448;2026.06.17 01:00;4;14;14.5;12.875;2231;202;0;
9449;2026.06.17 01:15;4;14;14.5;12.6875;2231;202;0;
9450;2026.06.17 01:30;4;14;14.5;12.875;2230;202;0;
9451;2026.06.17 01:45;4;14;14.5;13;2230;202;0;
9452;2026.06.17 02:00;4;14;14.5;12.375;2230;202;0;
9453;2026.06.17 02:15;4;14;14.5;12.25;2230;202;0;
9454;2026.06.17 02:30;4;14;14.5625;12;2230;202;0;
9455;2026.06.17 02:45;4;14;14.5;11.9375;2229;202;0;
9456;2026.06.17 03:00;4;14;14.5625;11.375;2228;202;0;
9457;2026.06.17 03:15;4;14;14.5625;11.375;2228;202;0;
9458;2026.06.17 03:30;4;14;14.5625;11.5625;2228;202;0;
9459;2026.06.17 03:45;4;14;14.5625;12;2227;202;0;
9460;2026.06.17 04:00;4;14;14.5625;12.125;2227;202;0;
9461;2026.06.17 04:15;4;14;14.5625;12.125;2227;202;0;
9462;2026.06.17 04:30;4;14;14.5625;12.8125;2227;202;0;
9463;2026.06.17 04:45;4;14;14.5625;14.25;2226;202;0;
9464;2026.06.17 05:00;4;14;14.5625;14.625;2226;202;0;
9465;2026.06.17 05:15;4;14;14.5625;15.25;2226;202;0;
9466;2026.06.17 05:30;4;14.0625;14.5625;15.375;2226;202;0;
9467;2026.06.17 05:45;4;14.0625;14.5625;17.125;2225;202;0;
9468;2026.06.17 06:00;4;14.0625;14.5625;18;2225;202;0;
9469;2026.06.17 06:15;4;14.0625;14.5625;18.75;2225;202;0;
9470;2026.06.17 06:30;4;14.0625;14.5625;20.125;2225;202;0;
9471;2026.06.17 06:45;4;14.0625;14.5625;21.25;2224;202;0;
9472;2026.06.17 07:00;4;14.0625;14.5625;22.3125;2224;202;0;
9473;2026.06.17 07:15;4;14.0625;14.5625;23.625;2224;202;0;
9474;2026.06.17 07:30;4;14.0625;14.5625;24.625;2224;202;0;
9475;2026.06.17 07:45;4;14.0625;14.5625;25.25;2223;202;0;
9476;2026.06.17 08:00;4;14.0625;14.5625;26.125;2223;202;0;
9477;2026.06.17 08:15;4;14.0625;14.5625;25.875;2223;202;0;
9478;2026.06.17 08:30;4;14.0625;14.5625;26.625;2223;202;0;
9479;2026.06.17 08:45;4;14.0625;14.5625;27.1875;2223;202;0;
9480;2026.06.17 09:00;4;14.0625;14.5625;28.375;2222;202;0;
9481;2026.06.17 09:15;4;14.0625;14.5625;29.25;2222;202;0;
9482;2026.06.17 09:30;4;14.0625;14.5625;27.75;2222;202;0;
9483;2026.06.17 09:45;4;14.125;14.5625;27.5;2222;202;0;
9484;2026.06.17 10:00;4;14.0625;14.5625;28.625;2221;202;0;
9485;2026.06.17 10:15;4;14.0625;14.5625;29.5;2221;202;0;
9486;2026.06.17 10:30;4;14.125;14.5625;30.375;2221;202;0;
9487;2026.06.17 10:45;4;14.125;14.5625;29.5;2220;202;0;
9488;2026.06.17 11:00;4;14.0625;14.5625;29.3125;2220;202;0;
9489;2026.06.17 11:15;4;14.125;14.5625;30.625;2220;202;0;
9490;2026.06.17 11:30;4;14.0625;14.5625;29.875;2220;202;0;
9491;2026.06.17 11:45;4;14.125;14.5625;30.625;2219;202;0;
9492;2026.06.17 12:00;4;14.125;14.5625;33.125;2219;202;0;
9493;2026.06.17 12:15;4;14.125;14.5625;33.5;2219;202;0;
9494;2026.06.17 12:30;4;14.125;14.5625;31.1875;2219;202;0;
9495;2026.06.17 12:45;4;14.125;14.625;30.5;2218;202;0;
9496;2026.06.17 13:00;4;14.125;14.625;31.25;2218;202;0;
9497;2026.06.17 13:15;4;14.125;14.625;28.5;2218;202;0;
9498;2026.06.17 13:30;4;14.125;14.625;27.9375;2218;202;0;
9499;2026.06.17 13:45;4;14.125;14.625;29.125;2218;202;0;
9500;2026.06.17 14:00;4;14.125;14.625;29.875;2217;202;0;
9501;2026.06.17 14:15;4;14.125;14.625;29.625;2217;202;0;
9502;2026.06.17 14:30;4;14.125;14.625;29.75;2217;202;0;
9503;2026.06.17 14:45;4;14.125;14.625;30.125;2217;202;0;
9504;2026.06.17 15:00;4;14.125;14.625;27.8125;2217;202;0;
9505;2026.06.17 15:15;4;14.125;14.6875;26.1875;2216;202;0;
9506;2026.06.17 15:30;4;14.125;14.6875;24.875;2216;202;0;
9507;2026.06.17 15:45;4;14.125;14.6875;24.375;2216;202;0;
9508;2026.06.17 16:00;4;14.125;14.75;23.75;2216;202;0;
9509;2026.06.17 16:15;4;14.125;14.75;23.375;2216;202;0;
9510;2026.06.17 16:30;4;14.125;14.75;23.75;2215;202;0;
9511;2026.06.17 16:45;4;14.125;14.75;23.625;2215;202;0;
9512;2026.06.17 17:00;4;14.125;14.75;23.375;2215;202;0;
9513;2026.06.17 17:15;4;14.125;14.75;23.25;2215;202;0;
9514;2026.06.17 17:30;4;14.125;14.8125;23.125;2215;202;0;
9515;2026.06.17 17:45;4;14.1875;14.8125;22.625;2215;202;0;
9516;2026.06.17 18:00;4;14.125;14.875;21.25;2215;202;0;
9517;2026.06.17 18:15;4;14.125;14.875;19.875;2214;202;0;
9518;2026.06.17 18:30;4;14.1875;14.875;18.625;2214;202;0;
9519;2026.06.17 18:45;4;14.1875;14.875;17.5;2214;202;0;
9520;2026.06.17 19:00;4;14.1875;14.875;16.875;2214;202;0;
9521;2026.06.17 19:15;4;14.25;14.875;17;2214;202;0;
9522;2026.06.17 19:30;4;14.25;14.9375;16.875;2214;202;0;
9523;2026.06.17 19:45;4;14.25;15;16.75;2214;202;0;
9524;2026.06.17 20:00;4;14.25;15;16.375;2213;202;0;
9525;2026.06.17 20:15;4;14.25;15;15.75;2213;202;0;
9526;2026.06.17 20:30;4;14.25;15;15.375;2213;202;0;
9527;2026.06.17 20:45;4;14.25;15;15.1875;2213;202;0;
9528;2026.06.17 21:00;4;14.25;15;15;2213;202;0;
9529;2026.06.17 21:15;4;14.25;15.0625;14.9375;2213;202;0;
9530;2026.06.17 21:30;4;14.25;15.125;15;2212;202;0;
9531;2026.06.17 21:45;4;14.3125;15.125;15.125;2212;202;0;
9532;2026.06.17 22:00;4;14.375;15.125;15.125;2212;202;0;
9533;2026.06.17 22:15;4;14.375;15.125;15.125;2212;202;0;
9534;2026.06.17 22:30;4;14.375;15.125;14.875;2212;202;0;
9535;2026.06.17 22:45;4;14.375;15.125;14.125;2212;202;0;
9536;2026.06.17 23:00;4;14.375;15.125;13.75;2211;202;0;
9537;2026.06.17 23:15;4;14.375;15.1875;13.9375;2211;202;0;
9538;2026.06.17 23:30;4;14.375;15.1875;13.75;2211;202;0;
9539;2026.06.17 23:45;4;14.375;15.25;13.875;2211;202;0;
9540;2026.06.18 00:00;4;14.375;15.25;14;2211;202;0;
9541;2026.06.18 00:15;4;14.4375;15.25;13.625;2211;202;0;
9542;2026.06.18 00:30;4;14.375;15.25;13.5625;2211;202;0;
9543;2026.06.18 00:45;4;14.375;15.25;13.5;2210;202;0;
9544;2026.06.18 01:00;4;14.375;15.25;13.5;2210;202;0;
9545;2026.06.18 01:15;4;14.4375;15.25;13;2210;202;0;
9546;2026.06.18 01:30;4;14.4375;15.25;12.625;2210;202;0;
9547;2026.06.18 01:45;4;14.4375;15.25;12.25;2210;202;0;
9548;2026.06.18 02:00;4;14.5;15.25;12;2210;202;0;
9549;2026.06.18 02:15;4;14.5;15.25;11.625;2210;202;0;
9550;2026.06.18 02:30;4;14.5;15.25;11.375;2209;202;0;
9551;2026.06.18 02:45;4;14.5;15.3125;10.875;2209;202;0;
9552;2026.06.18 03:00;4;14.5;15.25;10.8125;2209;202;0;
9553;2026.06.18 03:15;4;14.5;15.3125;11.375;2209;202;0;
9554;2026.06.18 03:30;4;14.5;15.3125;11.5;2209;202;0;
9555;2026.06.18 03:45;4;14.5;15.3125;11.625;2209;202;0;
9556;2026.06.18 04:00;4;14.5;15.3125;13.125;2208;202;0;
9557;2026.06.18 04:15;4;14.5625;15.3125;13.6875;2208;202;0;
9558;2026.06.18 04:30;4;14.5;15.3125;14.75;2208;202;0;
9559;2026.06.18 04:45;4;14.5;15.3125;15.5;2208;202;0;
9560;2026.06.18 05:00;4;14.5;15.3125;16;2208;202;0;
9561;2026.06.18 05:15;4;14.5;15.3125;16.9375;2208;202;0;
9562;2026.06.18 05:30;4;14.5;15.3125;18.25;2207;202;0;
9563;2026.06.18 05:45;4;14.5625;15.3125;19.6875;2207;202;0;
9564;2026.06.18 06:00;4;14.5625;15.3125;22.125;2206;202;0;
9565;2026.06.18 06:15;4;14.5625;15.3125;24.25;2205;202;0;
9566;2026.06.18 06:30;4;14.5625;15.3125;25.375;2205;202;0;
9567;2026.06.18 06:45;4;14.5625;15.3125;26.625;2205;202;0;
9568;2026.06.18 07:00;4;14.5625;15.3125;27.625;2205;202;0;
9569;2026.06.18 07:15;4;14.625;15.3125;28.25;2205;202;0;
9570;2026.06.18 07:30;4;14.5625;15.3125;28.625;2204;202;0;
9571;2026.06.18 07:45;4;14.5625;15.3125;29.125;2203;202;0;
9572;2026.06.18 08:00;4;14.625;15.3125;30;2202;202;0;
9573;2026.06.18 08:15;4;14.625;15.3125;30.375;2202;202;0;
9574;2026.06.18 08:30;4;14.625;15.3125;30.5;2202;202;0;
9575;2026.06.18 08:45;4;14.625;15.3125;31.625;2202;202;0;
9576;2026.06.18 09:00;4;14.625;15.3125;32.375;2202;202;0;
9577;2026.06.18 09:15;4;14.625;15.25;33.0625;2202;202;0;
9578;2026.06.18 09:30;4;14.625;15.25;32.5;2201;202;0;
9579;2026.06.18 09:45;4;14.625;15.25;33.1875;2201;202;0;
9580;2026.06.18 10:00;4;14.625;15.25;34.375;2201;202;0;
9581;2026.06.18 10:15;4;14.625;15.25;34.875;2201;202;0;
9582;2026.06.18 10:30;4;14.625;15.25;35.25;2201;202;0;
9583;2026.06.18 10:45;4;14.625;15.25;35.125;2201;202;0;
9584;2026.06.18 11:00;4;14.625;15.25;33.75;2201;202;0;
9585;2026.06.18 11:15;4;14.625;15.25;35.375;2201;202;0;
9586;2026.06.18 11:30;4;14.625;15.25;36.25;2200;202;0;
9587;2026.06.18 11:45;4;14.625;15.25;36.5625;2200;202;0;
9588;2026.06.18 12:00;4;14.625;15.25;35.5;2200;202;0;
9589;2026.06.18 12:15;4;14.625;15.25;36.25;2200;202;0;
9590;2026.06.18 12:30;4;14.625;15.3125;35.4375;2200;202;0;
9591;2026.06.18 12:45;4;14.625;15.3125;36.875;2200;202;0;
9592;2026.06.18 13:00;4;14.625;15.3125;37.125;2200;202;0;
9593;2026.06.18 13:15;4;14.625;15.3125;35.375;2200;202;0;
9594;2026.06.18 13:30;4;14.625;15.375;37;2199;202;0;
9595;2026.06.18 13:45;4;14.625;15.375;36.75;2199;202;0;
9596;2026.06.18 14:00;4;14.625;15.375;37.5;2199;202;0;
9597;2026.06.18 14:15;4;14.625;15.375;36.4375;2199;202;0;
9598;2026.06.18 14:30;4;14.625;15.375;35.25;2199;202;0;
9599;2026.06.18 14:45;4;14.625;15.375;35.875;2199;202;0;
9600;2026.06.18 15:00;4;14.625;15.375;36.625;2199;202;0;
9601;2026.06.18 15:15;4;14.625;15.375;32.75;2198;202;0;
9602;2026.06.18 15:30;4;14.625;15.4375;31.125;2198;202;0;
9603;2026.06.18 15:45;4;14.625;15.4375;29.75;2198;202;0;
9604;2026.06.18 16:00;4;14.625;15.5;28.4375;2198;202;0;
9605;2026.06.18 16:15;4;14.625;15.5;27.125;2198;202;0;
9606;2026.06.18 16:30;4;14.6875;15.5;27.625;2198;202;0;
9607;2026.06.18 16:45;4;14.6875;15.5;29.5;2198;202;0;
9608;2026.06.18 17:00;4;14.75;15.5;28.125;2198;202;0;
9609;2026.06.18 17:15;4;14.75;15.5625;25.5625;2198;202;0;
9610;2026.06.18 17:30;4;14.75;15.625;24.625;2198;202;0;
9611;2026.06.18 17:45;4;14.75;15.625;24;2198;202;0;
9612;2026.06.18 18:00;4;14.75;15.625;24.625;2197;202;0;
9613;2026.06.18 18:15;4;14.75;15.625;24.625;2197;202;0;
9614;2026.06.18 18:30;4;14.75;15.625;22.875;2197;202;0;
9615;2026.06.18 18:45;4;14.75;15.6875;21.5625;2197;202;0;
9616;2026.06.18 19:00;4;14.75;15.75;20.5;2197;202;0;
9617;2026.06.18 19:15;4;14.75;15.75;19.5;2197;202;0;
9618;2026.06.18 19:30;4;14.75;15.75;18.75;2197;202;0;
9619;2026.06.18 19:45;4;14.875;15.75;18;2197;202;0;
9620;2026.06.18 20:00;4;14.8125;15.8125;17.75;2197;202;0;
9621;2026.06.18 20:15;4;14.875;15.8125;17.375;2197;202;0;
9622;2026.06.18 20:30;4;14.875;15.875;17;2197;202;0;
9623;2026.06.18 20:45;4;14.875;15.875;16.875;2197;202;0;
9624;2026.06.18 21:00;4;14.875;15.875;16.6875;2196;202;0;
9625;2026.06.18 21:15;4;14.875;15.875;16.6875;2196;202;0;
9626;2026.06.18 21:30;4;14.875;15.9375;16.5;2196;202;0;
9627;2026.06.18 21:45;4;14.875;16;16.5;2196;202;0;
9628;2026.06.18 22:00;4;14.9375;16;16.1875;2196;202;0;
9629;2026.06.18 22:15;4;14.9375;16;16;2196;202;0;
9630;2026.06.18 22:30;4;14.9375;16;15.75;2196;202;0;
9631;2026.06.18 22:45;4;15;16;15.875;2196;202;0;
9632;2026.06.18 23:00;4;15;16;15.4375;2196;202;0;
9633;2026.06.18 23:15;4;15;16.0625;15.25;2196;202;0;
9634;2026.06.18 23:30;4;15;16.0625;15.1875;2195;202;0;
9635;2026.06.18 23:45;4;15;16.125;15;2195;202;0;
9636;2026.06.19 00:00;4;15;16.125;14.75;2195;202;0;
9637;2026.06.19 00:15;4;15.0625;16.125;14.5;2195;202;0;
9638;2026.06.19 00:30;4;15.0625;16.125;14.5625;2195;202;0;
9639;2026.06.19 00:45;4;15.0625;16.125;14.6875;2195;202;0;
9640;2026.06.19 01:00;4;15.0625;16.125;14.4375;2195;202;0;
9641;2026.06.19 01:15;4;15.125;16.125;14.25;2195;202;0;
9642;2026.06.19 01:30;4;15.125;16.125;14.125;2195;202;0;
9643;2026.06.19 01:45;4;15.125;16.1875;14.3125;2195;202;0;
9644;2026.06.19 02:00;4;15.125;16.1875;14;2194;202;0;
9645;2026.06.19 02:15;4;15.125;16.1875;14;2194;202;0;
9646;2026.06.19 02:30;4;15.125;16.1875;13.625;2194;202;0;
9647;2026.06.19 02:45;4;15.125;16.25;13.3125;2194;202;0;
9648;2026.06.19 03:00;4;15.125;16.25;13.375;2194;202;0;
9649;2026.06.19 03:15;4;15.1875;16.25;13.25;2194;202;0;
9650;2026.06.19 03:30;4;15.1875;16.25;12.875;2194;202;0;
9651;2026.06.19 03:45;4;15.1875;16.25;13.0625;2194;202;0;
9652;2026.06.19 04:00;4;15.25;16.25;13.625;2194;202;0;
9653;2026.06.19 04:15;4;15.1875;16.25;14.125;2194;202;0;
9654;2026.06.19 04:30;4;15.25;16.25;15;2193;202;0;
9655;2026.06.19 04:45;4;15.25;16.25;16.5;2193;202;0;
9656;2026.06.19 05:00;4;15.25;16.25;16.875;2193;202;0;
9657;2026.06.19 05:15;4;15.25;16.25;18.125;2193;202;0;
9658;2026.06.19 05:30;4;15.25;16.25;18.75;2193;202;0;
9659;2026.06.19 05:45;4;15.25;16.25;22.0625;2193;202;0;
9660;2026.06.19 06:00;4;15.25;16.25;25.25;2193;202;0;
9661;2026.06.19 06:15;4;15.25;16.25;27.25;2192;202;0;
9662;2026.06.19 06:30;4;15.25;16.25;28.6875;2192;202;0;
9663;2026.06.19 06:45;4;15.25;16.1875;30.25;2192;202;0;
9664;2026.06.19 07:00;4;15.25;16.25;31.25;2192;202;0;
9665;2026.06.19 07:15;4;15.25;16.25;32.3125;2192;202;0;
9666;2026.06.19 07:30;4;15.25;16.25;33.125;2192;202;0;
9667;2026.06.19 07:45;4;15.25;16.1875;33;2192;202;0;
9668;2026.06.19 08:00;4;15.3125;16.25;33.125;2192;202;0;
9669;2026.06.19 08:15;4;15.25;16.25;32.5625;2192;202;0;
9670;2026.06.19 08:30;4;15.25;16.1875;34.375;2191;202;0;
9671;2026.06.19 08:45;4;15.25;16.1875;36.375;2191;202;0;
9672;2026.06.19 09:00;4;15.25;16.1875;36.375;2191;202;0;
9673;2026.06.19 09:15;4;15.25;16.1875;36.9375;2191;202;0;
9674;2026.06.19 09:30;4;15.25;16.125;37.375;2191;202;0;
9675;2026.06.19 09:45;4;15.25;16.1875;38.125;2191;202;0;
9676;2026.06.19 10:00;4;15.25;16.125;37.875;2191;202;0;
9677;2026.06.19 10:15;4;15.25;16.125;38.6875;2191;202;0;
9678;2026.06.19 10:30;4;15.3125;16.1875;38.8125;2190;202;0;
9679;2026.06.19 10:45;4;15.25;16.125;39.25;2190;202;0;
9680;2026.06.19 11:00;4;15.25;16.125;40.125;2190;202;0;
9681;2026.06.19 11:15;4;15.3125;16.125;40.875;2190;202;0;
9682;2026.06.19 11:30;4;15.25;16.125;40.8125;2190;202;0;
9683;2026.06.19 11:45;4;15.375;16.1875;40.125;2190;202;0;
9684;2026.06.19 12:00;4;15.375;16.1875;40.375;2190;202;0;
9685;2026.06.19 12:15;4;15.375;16.1875;41.5;2190;202;0;
9686;2026.06.19 12:30;4;15.3125;16.1875;40.5;2190;202;0;
9687;2026.06.19 12:45;4;15.3125;16.1875;41;2190;202;0;
9688;2026.06.19 13:00;4;15.3125;16.25;40.9375;2190;202;0;
9689;2026.06.19 13:15;4;15.375;16.25;41.125;2190;202;0;
9690;2026.06.19 13:30;4;15.3125;16.25;40.875;2190;202;0;
9691;2026.06.19 13:45;4;15.3125;16.25;41;2189;202;0;
9692;2026.06.19 14:00;4;15.3125;16.25;40.625;2189;202;0;
9693;2026.06.19 14:15;4;15.375;16.25;40.25;2189;202;0;
9694;2026.06.19 14:30;4;15.375;16.25;40.5;2189;202;0;
9695;2026.06.19 14:45;4;15.375;16.25;40.25;2189;202;0;
9696;2026.06.19 15:00;4;15.375;16.25;39.625;2189;202;0;
9697;2026.06.19 15:15;4;15.375;16.3125;35.25;2189;202;0;
9698;2026.06.19 15:30;4;15.375;16.375;34.375;2188;202;0;
9699;2026.06.19 15:45;4;15.375;16.375;32.3125;2188;202;0;
9700;2026.06.19 16:00;4;15.375;16.375;30.6875;2188;202;0;
9701;2026.06.19 16:15;4;15.375;16.375;30.125;2188;202;0;
9702;2026.06.19 16:30;4;15.375;16.375;30.4375;2188;202;0;
9703;2026.06.19 16:45;4;15.375;16.4375;33.5;2188;202;0;
9704;2026.06.19 17:00;4;15.4375;16.5;31.5;2188;202;0;
9705;2026.06.19 17:15;4;15.375;16.5;29;2188;202;0;
9706;2026.06.19 17:30;4;15.4375;16.5;27.125;2188;202;0;
9707;2026.06.19 17:45;4;15.4375;16.5;25.75;2188;202;0;
9708;2026.06.19 18:00;4;15.5;16.5;24.625;2188;202;0;
9709;2026.06.19 18:15;4;15.4375;16.5625;24;2188;202;0;
9710;2026.06.19 18:30;4;15.5;16.625;22.75;2188;202;0;
9711;2026.06.19 18:45;4;15.5;16.625;21.625;2188;202;0;
9712;2026.06.19 19:00;4;15.5;16.625;20.9375;2187;202;0;
9713;2026.06.19 19:15;4;15.5;16.625;20.3125;2187;202;0;
9714;2026.06.19 19:30;4;15.5;16.6875;20.25;2187;202;0;
9715;2026.06.19 19:45;4;15.5;16.75;19.8125;2187;202;0;
9716;2026.06.19 20:00;4;15.5625;16.75;19.75;2187;202;0;
9717;2026.06.19 20:15;4;15.5625;16.75;19.5;2187;202;0;
9718;2026.06.19 20:30;4;15.5625;16.75;19.4375;2187;202;0;
9719;2026.06.19 20:45;4;15.625;16.75;19.375;2187;202;0;
9720;2026.06.19 21:00;4;15.625;16.8125;19.3125;2187;202;0;
9721;2026.06.19 21:15;4;15.625;16.875;19;2187;202;0;
9722;2026.06.19 21:30;4;15.625;16.875;18.8125;2187;202;0;
9723;2026.06.19 21:45;4;15.625;16.875;18.625;2187;202;0;
9724;2026.06.19 22:00;4;15.625;16.875;18.75;2187;202;0;
9725;2026.06.19 22:15;4;15.625;16.875;18;2187;202;0;
9726;2026.06.19 22:30;4;15.6875;16.875;17.5;2186;202;0;
9727;2026.06.19 22:45;4;15.75;16.9375;17.125;2186;202;0;
9728;2026.06.19 23:00;4;15.6875;16.9375;17;2186;202;0;
9729;2026.06.19 23:15;4;15.75;16.9375;16.9375;2186;202;0;
9730;2026.06.19 23:30;4;15.75;17;17.125;2186;202;0;
9731;2026.06.19 23:45;4;15.75;17;17.75;2186;202;0;
9732;2026.06.20 00:00;4;15.75;17;17.5;2186;202;0;
9733;2026.06.20 00:15;4;15.75;17;16.5;2186;202;0;
9734;2026.06.20 00:30;4;15.8125;17;16.3125;2186;202;0;
9735;2026.06.20 00:45;4;15.75;17;16.125;2186;202;0;
9736;2026.06.20 01:00;4;15.8125;17;16.5;2186;202;0;
9737;2026.06.20 01:15;4;15.8125;17;16.25;2186;202;0;
9738;2026.06.20 01:30;4;15.8125;17.0625;15.75;2186;202;0;
9739;2026.06.20 01:45;4;15.875;17.0625;15.375;2186;202;0;
9740;2026.06.20 02:00;4;15.875;17.0625;15.375;2185;202;0;
9741;2026.06.20 02:15;4;15.8125;17.0625;15.25;2186;202;0;
9742;2026.06.20 02:30;4;15.875;17.0625;15.375;2186;202;0;
9743;2026.06.20 02:45;4;15.875;17.125;15.375;2185;202;0;
9744;2026.06.20 03:00;4;15.875;17.0625;15.25;2185;202;0;
9745;2026.06.20 03:15;4;15.875;17.125;15;2185;202;0;
9746;2026.06.20 03:30;4;15.875;17.125;15.125;2185;202;0;
9747;2026.06.20 03:45;4;15.875;17.125;15.125;2185;202;0;
9748;2026.06.20 04:00;4;15.875;17.125;15.375;2185;202;0;
9749;2026.06.20 04:15;4;15.875;17.125;16.375;2185;202;0;
9750;2026.06.20 04:30;4;15.9375;17.125;17.625;2185;202;0;
9751;2026.06.20 04:45;4;15.9375;17.125;19.625;2185;202;0;
9752;2026.06.20 05:00;4;15.9375;17.125;20.5;2184;202;0;
9753;2026.06.20 05:15;4;15.9375;17.125;21.125;2184;202;0;
9754;2026.06.20 05:30;4;16;17.125;21.625;2184;202;0;
9755;2026.06.20 05:45;4;15.9375;17.125;24.375;2184;202;0;
9756;2026.06.20 06:00;4;15.9375;17.125;27.5;2184;202;0;
9757;2026.06.20 06:15;4;16;17.125;27.8125;2184;202;0;
9758;2026.06.20 06:30;4;16;17.125;29.125;2184;202;0;
9759;2026.06.20 06:45;4;16;17.0625;30.5;2184;202;0;
9760;2026.06.20 07:00;4;16;17.0625;31.875;2184;202;0;
9761;2026.06.20 07:15;4;16;17.0625;33.0625;2184;202;0;
9762;2026.06.20 07:30;4;16;17.0625;33.1875;2184;202;0;
9763;2026.06.20 07:45;4;16;17.0625;34.8125;2183;202;0;
9764;2026.06.20 08:00;4;16;17.0625;35.25;2183;202;0;
9765;2026.06.20 08:15;4;16;17.0625;35.125;2183;202;0;
9766;2026.06.20 08:30;4;16;17;36.125;2183;202;0;
9767;2026.06.20 08:45;4;16;17;37;2183;202;0;
9768;2026.06.20 09:00;4;16;17;37.625;2183;202;0;
9769;2026.06.20 09:15;4;16;17;39;2183;202;0;
9770;2026.06.20 09:30;4;16;17;39.625;2183;202;0;
9771;2026.06.20 09:45;4;16;17;40.25;2183;202;0;
9772;2026.06.20 10:00;4;16;17;39.9375;2182;202;0;
9773;2026.06.20 10:15;4;16;17;40.5;2182;202;0;
9774;2026.06.20 10:30;4;16;17;40.125;2182;202;0;
9775;2026.06.20 10:45;4;16;17;41.125;2182;202;0;
9776;2026.06.20 11:00;4;16;17;40.25;2182;202;0;
9777;2026.06.20 11:15;4;16;17;41.1875;2182;202;0;
9778;2026.06.20 11:30;4;16;17;40.25;2182;202;0;
9779;2026.06.20 11:45;4;16;17;36.375;2182;202;0;
9780;2026.06.20 12:00;4;16;17;31.375;2182;202;0;
9781;2026.06.20 12:15;4;16;17;23.25;2182;202;0;
9782;2026.06.20 12:30;4;16;17;21.875;2181;202;0;
9783;2026.06.20 12:45;4;16;17;22.25;2181;202;0;
9784;2026.06.20 13:00;4;16;17;23.25;2181;202;0;
9785;2026.06.20 13:15;4;16;17;23.4375;2181;202;0;
9786;2026.06.20 13:30;4;16;17;22.875;2181;202;0;
9787;2026.06.20 13:45;4;16.0625;17.0625;23.375;2181;202;0;
9788;2026.06.20 14:00;4;16;17.0625;28.75;2181;202;0;
9789;2026.06.20 14:15;4;16.0625;17.125;30.25;2181;202;0;
9790;2026.06.20 14:30;4;16;17.125;32.375;2181;202;0;
9791;2026.06.20 14:45;4;16.0625;17.125;33.9375;2181;202;0;
9792;2026.06.20 15:00;4;16;17.125;34.375;2180;202;0;
9793;2026.06.20 15:15;4;16.0625;17.125;31.125;2180;202;0;
9794;2026.06.20 15:30;4;16.0625;17.125;31.125;2180;202;0;
9795;2026.06.20 15:45;4;16.0625;17.125;30.0625;2180;202;0;
9796;2026.06.20 16:00;4;16.0625;17.125;30.125;2180;202;0;
9797;2026.06.20 16:15;4;16.125;17.1875;30.875;2180;202;0;
9798;2026.06.20 16:30;4;16.125;17.1875;29.875;2180;202;0;
9799;2026.06.20 16:45;4;16.0625;17.25;28.3125;2180;202;0;
9800;2026.06.20 17:00;4;16.125;17.25;26.75;2180;202;0;
9801;2026.06.20 17:15;4;16.125;17.25;25.625;2180;202;0;
9802;2026.06.20 17:30;4;16.125;17.25;23.375;2179;202;0;
9803;2026.06.20 17:45;4;16.125;17.25;22.125;2179;202;0;
9804;2026.06.20 18:00;4;16.125;17.25;21.75;2179;202;0;
9805;2026.06.20 18:15;4;16.125;17.25;21.8125;2179;202;0;
9806;2026.06.20 18:30;4;16.125;17.3125;22.0625;2179;202;0;
9807;2026.06.20 18:45;4;16.125;17.3125;22;2179;202;0;
9808;2026.06.20 19:00;4;16.125;17.375;21.625;2179;202;0;
9809;2026.06.20 19:15;4;16.125;17.375;21;2179;202;0;
9810;2026.06.20 19:30;4;16.1875;17.375;20.125;2179;202;0;
9811;2026.06.20 19:45;4;16.25;17.375;19.3125;2179;202;0;
9812;2026.06.20 20:00;4;16.125;17.375;18.875;2179;202;0;
9813;2026.06.20 20:15;4;16.25;17.375;18.4375;2178;202;0;
9814;2026.06.20 20:30;4;16.25;17.375;18.375;2178;202;0;
9815;2026.06.20 20:45;4;16.25;17.4375;17.875;2178;202;0;
9816;2026.06.20 21:00;4;16.25;17.4375;17.25;2178;202;0;
9817;2026.06.20 21:15;4;16.25;17.4375;17.125;2178;202;0;
9818;2026.06.20 21:30;4;16.25;17.5;16.375;2178;202;0;
9819;2026.06.20 21:45;4;16.25;17.5;15.875;2178;202;0;
9820;2026.06.20 22:00;4;16.25;17.5;15.6875;2178;202;0;
9821;2026.06.20 22:15;4;16.25;17.5;15.5;2178;202;0;
9822;2026.06.20 22:30;4;16.25;17.5;15.1875;2178;202;0;
9823;2026.06.20 22:45;4;16.25;17.5;15.125;2178;202;0;
9824;2026.06.20 23:00;4;16.25;17.5;14.6875;2177;202;0;
9825;2026.06.20 23:15;4;16.25;17.5;14.625;2177;202;0;
9826;2026.06.20 23:30;4;16.375;17.5;14.375;2177;202;0;
9827;2026.06.20 23:45;4;16.3125;17.5;15.3125;2177;202;0;
9828;2026.06.21 00:00;4;16.3125;17.5625;15.75;2177;202;0;
9829;2026.06.21 00:15;4;16.375;17.5625;15.4375;2177;202;0;
9830;2026.06.21 00:30;4;16.375;17.5625;15.0625;2177;202;0;
9831;2026.06.21 00:45;4;16.375;17.5625;14.5;2177;202;0;
9832;2026.06.21 01:00;4;16.375;17.5625;15.1875;2177;202;0;
9833;2026.06.21 01:15;4;16.375;17.5625;15.25;2177;202;0;
9834;2026.06.21 01:30;4;16.375;17.625;14.125;2177;202;0;
9835;2026.06.21 01:45;4;16.375;17.625;14.25;2176;202;0;
9836;2026.06.21 02:00;4;16.375;17.625;13.5;2176;202;0;
9837;2026.06.21 02:15;4;16.375;17.625;12.875;2176;202;0;
9838;2026.06.21 02:30;4;16.375;17.625;12.5;2176;202;0;
9839;2026.06.21 02:45;4;16.375;17.625;12.125;2176;202;0;
9840;2026.06.21 03:00;4;16.375;17.625;12.875;2176;202;0;
9841;2026.06.21 03:15;4;16.375;17.625;13.875;2176;202;0;
9842;2026.06.21 03:30;4;16.4375;17.625;14.625;2176;202;0;
9843;2026.06.21 03:45;4;16.4375;17.625;15.25;2176;202;0;
9844;2026.06.21 04:00;4;16.5;17.625;14.5;2175;202;0;
9845;2026.06.21 04:15;4;16.4375;17.625;14.25;2175;202;0;
9846;2026.06.21 04:30;4;16.4375;17.625;14.625;2175;202;0;
9847;2026.06.21 04:45;4;16.4375;17.5625;16.4375;2175;202;0;
9848;2026.06.21 05:00;4;16.4375;17.5625;17;2175;202;0;
9849;2026.06.21 05:15;4;16.4375;17.5625;17.875;2175;202;0;
9850;2026.06.21 05:30;4;16.5;17.5625;18.0625;2175;202;0;
9851;2026.06.21 05:45;4;16.4375;17.5625;20.75;2175;202;0;
9852;2026.06.21 06:00;4;16.4375;17.5625;21.5;2174;202;0;
9853;2026.06.21 06:15;4;16.5;17.5625;22;2174;202;0;
9854;2026.06.21 06:30;4;16.4375;17.5;23.875;2174;202;0;
9855;2026.06.21 06:45;4;16.5;17.5;25.875;2174;202;0;
9856;2026.06.21 07:00;4;16.5;17.5;27.3125;2174;202;0;
9857;2026.06.21 07:15;4;16.5;17.5;29;2174;202;0;
9858;2026.06.21 07:30;4;16.5;17.5;30.5;2173;202;0;
9859;2026.06.21 07:45;4;16.5;17.5;30.875;2173;202;0;
9860;2026.06.21 08:00;4;16.5;17.5;31.625;2173;202;0;
9861;2026.06.21 08:15;4;16.5;17.5;32;2173;202;0;
9862;2026.06.21 08:30;4;16.5;17.5;33.0625;2173;202;0;
9863;2026.06.21 08:45;4;16.5;17.5;34;2173;202;0;
9864;2026.06.21 09:00;4;16.5;17.5;35.25;2173;202;0;
9865;2026.06.21 09:15;4;16.5;17.5;36.1875;2173;202;0;
9866;2026.06.21 09:30;4;16.5;17.5;35.625;2172;202;0;
9867;2026.06.21 09:45;4;16.5;17.5;37;2172;202;0;
9868;2026.06.21 10:00;4;16.5;17.4375;37.4375;2172;202;0;
9869;2026.06.21 10:15;4;16.5;17.4375;37.9375;2172;202;0;
9870;2026.06.21 10:30;4;16.5;17.4375;38.6875;2173;202;0;
9871;2026.06.21 10:45;4;16.5;17.4375;38.5625;2172;202;0;
9872;2026.06.21 11:00;4;16.4375;17.4375;38.5625;2172;202;0;
9873;2026.06.21 11:15;4;16.5;17.375;39.25;2172;202;0;
9874;2026.06.21 11:30;4;16.5;17.375;39.8125;2172;202;0;
9875;2026.06.21 11:45;4;16.4375;17.375;38.25;2172;202;0;
9876;2026.06.21 12:00;4;16.4375;17.375;39.5;2171;202;0;
9877;2026.06.21 12:15;4;16.4375;17.375;39.5;2171;202;0;
9878;2026.06.21 12:30;4;16.4375;17.375;40.75;2171;202;0;
9879;2026.06.21 12:45;4;16.5;17.375;41.25;2171;202;0;
9880;2026.06.21 13:00;4;16.5;17.4375;40.625;2171;202;0;
9881;2026.06.21 13:15;4;16.5;17.4375;41.25;2171;202;0;
9882;2026.06.21 13:30;4;16.5;17.4375;39.375;2171;202;0;
9883;2026.06.21 13:45;4;16.4375;17.4375;39.75;2171;202;0;
9884;2026.06.21 14:00;4;16.4375;17.4375;39.6875;2171;202;0;
9885;2026.06.21 14:15;4;16.5;17.4375;36.25;2171;202;0;
9886;2026.06.21 14:30;4;16.5;17.5;31.625;2170;202;0;
9887;2026.06.21 14:45;4;16.5;17.5;26.25;2170;202;0;
9888;2026.06.21 15:00;4;16.5;17.5;20.375;2170;202;0;
9889;2026.06.21 15:15;4;16.5;17.5;18.125;2170;202;0;
9890;2026.06.21 15:30;4;16.5;17.5;17.4375;2170;202;0;
9891;2026.06.21 15:45;4;16.5;17.5;17.5;2170;202;0;
9892;2026.06.21 16:00;4;16.5;17.5;17.8125;2170;202;0;
9893;2026.06.21 16:15;4;16.5;17.5;18.25;2170;202;0;
9894;2026.06.21 16:30;4;16.5;17.5625;18.5;2170;202;0;
9895;2026.06.21 16:45;4;16.5;17.5625;18.6875;2170;202;0;
9896;2026.06.21 17:00;4;16.5;17.625;18.8125;2170;202;0;
9897;2026.06.21 17:15;4;16.5;17.625;18.75;2170;202;0;
9898;2026.06.21 17:30;4;16.5;17.625;18.8125;2170;202;0;
9899;2026.06.21 17:45;4;16.5;17.625;18.6875;2170;202;0;
9900;2026.06.21 18:00;4;16.5;17.625;18.625;2170;202;0;
9901;2026.06.21 18:15;4;16.5625;17.6875;18.5;2170;202;0;
9902;2026.06.21 18:30;4;16.5;17.6875;18.3125;2170;202;0;
9903;2026.06.21 18:45;4;16.5625;17.75;18.125;2170;202;0;
9904;2026.06.21 19:00;4;16.5625;17.75;18;2170;202;0;
9905;2026.06.21 19:15;4;16.5625;17.75;17.875;2170;202;0;
9906;2026.06.21 19:30;4;16.5625;17.75;17.375;2170;202;0;
9907;2026.06.21 19:45;4;16.5625;17.75;16.625;2170;202;0;
9908;2026.06.21 20:00;4;16.625;17.75;16.375;2169;202;0;
9909;2026.06.21 20:15;4;16.625;17.75;16.125;2170;202;0;
9910;2026.06.21 20:30;4;16.625;17.8125;15.875;2169;202;0;
9911;2026.06.21 20:45;4;16.625;17.8125;15.25;2169;202;0;
9912;2026.06.21 21:00;4;16.625;17.875;14.75;2170;202;0;
9913;2026.06.21 21:15;4;16.625;17.875;14.5;2169;202;0;
9914;2026.06.21 21:30;4;16.625;17.875;14.375;2170;202;0;
9915;2026.06.21 21:45;4;16.625;17.875;14.5;2169;202;0;
9916;2026.06.21 22:00;4;16.625;17.875;14.6875;2169;202;0;
9917;2026.06.21 22:15;4;16.6875;17.875;14.5;2169;202;0;
9918;2026.06.21 22:30;4;16.625;17.875;14.25;2169;202;0;
9919;2026.06.21 22:45;4;16.625;17.875;14.25;2169;202;0;
9920;2026.06.21 23:00;4;16.6875;17.875;14.1875;2169;202;0;
9921;2026.06.21 23:15;4;16.6875;17.875;14;2169;202;0;
9922;2026.06.21 23:30;4;16.75;17.875;13.6875;2169;202;0;
9923;2026.06.21 23:45;4;16.75;17.9375;13.375;2169;202;0;
9924;2026.06.22 00:00;4;16.6875;17.9375;13.25;2169;202;0;
9925;2026.06.22 00:15;4;16.75;17.9375;13.125;2169;202;0;
9926;2026.06.22 00:30;4;16.75;17.9375;13.1875;2169;202;0;
9927;2026.06.22 00:45;4;16.75;17.9375;13.625;2169;202;0;
9928;2026.06.22 01:00;4;16.75;17.9375;13.75;2169;202;0;
9929;2026.06.22 01:15;4;16.75;17.9375;14.25;2169;202;0;
9930;2026.06.22 01:30;4;16.75;17.9375;14.25;2169;202;0;
9931;2026.06.22 01:45;4;16.75;17.9375;14.5;2169;202;0;
9932;2026.06.22 02:00;4;16.75;17.9375;14.1875;2169;202;0;
9933;2026.06.22 02:15;4;16.75;17.9375;14.25;2168;202;0;
9934;2026.06.22 02:30;4;16.75;17.9375;13.625;2169;202;0;
9935;2026.06.22 02:45;4;16.75;17.9375;13.25;2169;202;0;
9936;2026.06.22 03:00;4;16.75;17.9375;13.375;2168;202;0;
9937;2026.06.22 03:15;4;16.75;17.9375;13.25;2169;202;0;
9938;2026.06.22 03:30;4;16.8125;17.9375;13.375;2168;202;0;
9939;2026.06.22 03:45;4;16.8125;17.9375;13.5;2168;202;0;
9940;2026.06.22 04:00;4;16.8125;17.875;14;2168;202;0;
9941;2026.06.22 04:15;4;16.875;17.875;14.8125;2168;202;0;
9942;2026.06.22 04:30;4;16.875;17.875;15.625;2168;202;0;
9943;2026.06.22 04:45;4;16.8125;17.875;16.8125;2168;202;0;
9944;2026.06.22 05:00;4;16.8125;17.875;17.375;2168;202;0;
9945;2026.06.22 05:15;4;16.8125;17.875;17.875;2168;202;0;
9946;2026.06.22 05:30;4;16.8125;17.875;18;2168;202;0;
9947;2026.06.22 05:45;4;16.875;17.875;19.6875;2167;202;0;
9948;2026.06.22 06:00;4;16.8125;17.875;20.1875;2167;202;0;
9949;2026.06.22 06:15;4;16.8125;17.875;21.6875;2167;202;0;
9950;2026.06.22 06:30;4;16.875;17.875;23.125;2167;202;0;
9951;2026.06.22 06:45;4;16.8125;17.875;24.1875;2167;202;0;
9952;2026.06.22 07:00;4;16.875;17.875;25.125;2167;202;0;
9953;2026.06.22 07:15;4;16.8125;17.8125;26.125;2167;202;0;
9954;2026.06.22 07:30;4;16.8125;17.8125;27.25;2167;202;0;
9955;2026.06.22 07:45;4;16.8125;17.8125;27.875;2167;202;0;
9956;2026.06.22 08:00;4;16.8125;17.8125;28.5625;2167;202;0;
9957;2026.06.22 08:15;4;16.8125;17.75;30;2166;202;0;
9958;2026.06.22 08:30;4;16.875;17.75;31.25;2166;202;0;
9959;2026.06.22 08:45;4;16.875;17.75;31.875;2166;202;0;
9960;2026.06.22 09:00;4;16.8125;17.75;31.375;2166;202;0;
9961;2026.06.22 09:15;4;16.8125;17.75;31.75;2166;202;0;
9962;2026.06.22 09:30;4;16.8125;17.75;33.375;2166;202;0;
9963;2026.06.22 09:45;4;16.8125;17.75;34.0625;2166;202;0;
9964;2026.06.22 10:00;4;16.8125;17.75;34;2166;202;0;
9965;2026.06.22 10:15;4;16.75;17.75;34.25;2166;202;0;
9966;2026.06.22 10:30;4;16.8125;17.75;35.125;2166;202;0;
9967;2026.06.22 10:45;4;16.75;17.75;34.875;2166;202;0;
9968;2026.06.22 11:00;4;16.8125;17.6875;35.25;2166;202;0;
9969;2026.06.22 11:15;4;16.8125;17.6875;35.875;2166;202;0;
9970;2026.06.22 11:30;4;16.75;17.6875;35.625;2166;202;0;
9971;2026.06.22 11:45;4;16.8125;17.6875;36.25;2165;202;0;
9972;2026.06.22 12:00;4;16.75;17.6875;36.375;2165;202;0;
9973;2026.06.22 12:15;4;16.8125;17.6875;34.75;2165;202;0;
9974;2026.06.22 12:30;4;16.75;17.6875;33.875;2165;202;0;
9975;2026.06.22 12:45;4;16.75;17.6875;33.25;2165;202;0;
9976;2026.06.22 13:00;4;16.75;17.6875;32.875;2165;202;0;
9977;2026.06.22 13:15;4;16.75;17.6875;31.4375;2165;202;0;
9978;2026.06.22 13:30;4;16.75;17.625;30.3125;2165;202;0;
9979;2026.06.22 13:45;4;16.75;17.625;29.5;2165;202;0;
9980;2026.06.22 14:00;4;16.75;17.6875;28.75;2164;202;0;
9981;2026.06.22 14:15;4;16.75;17.6875;28.25;2164;202;0;
9982;2026.06.22 14:30;4;16.75;17.75;28.25;2164;202;0;
9983;2026.06.22 14:45;4;16.75;17.75;29.625;2164;202;0;
9984;2026.06.22 15:00;4;16.75;17.6875;30.9375;2164;202;0;
9985;2026.06.22 15:15;4;16.75;17.75;30.1875;2164;202;0;
9986;2026.06.22 15:30;4;16.75;17.75;30.8125;2164;202;0;
9987;2026.06.22 15:45;4;16.75;17.75;29.75;2164;202;0;
9988;2026.06.22 16:00;4;16.75;17.75;28.375;2164;202;0;
9989;2026.06.22 16:15;4;16.75;17.75;27.875;2164;202;0;
9990;2026.06.22 16:30;4;16.75;17.75;28.3125;2164;202;0;
9991;2026.06.22 16:45;4;16.75;17.75;29.875;2164;202;0;
9992;2026.06.22 17:00;4;16.8125;17.8125;28.5625;2164;202;0;
9993;2026.06.22 17:15;4;16.8125;17.8125;26.5;2164;202;0;
9994;2026.06.22 17:30;4;16.75;17.8125;25.0625;2164;202;0;
9995;2026.06.22 17:45;4;16.8125;17.875;23.875;2164;202;0;
9996;2026.06.22 18:00;4;16.8125;17.875;23.125;2164;202;0;
9997;2026.06.22 18:15;4;16.875;17.875;22.4375;2164;202;0;
9998;2026.06.22 18:30;4;16.875;17.875;21.875;2164;202;0;
9999;2026.06.22 18:45;4;16.8125;17.875;21.75;2164;202;0;
10000;2026.06.22 19:00;4;16.875;17.875;21.25;2164;202;0;
10001;2026.06.22 19:15;4;16.875;17.875;20.875;2164;202;0;
10002;2026.06.22 19:30;4;16.875;17.9375;20.9375;2163;202;0;
10003;2026.06.22 19:45;4;16.875;17.9375;21.5;2163;202;0;
10004;2026.06.22 20:00;4;16.875;17.9375;21.4375;2163;202;0;
10005;2026.06.22 20:15;4;16.875;18;21.4375;2164;202;0;
10006;2026.06.22 20:30;4;16.875;18;21.375;2163;202;0;
10007;2026.06.22 20:45;4;16.875;18;20.75;2163;202;0;
10008;2026.06.22 21:00;4;16.875;18;20;2163;202;0;
10009;2026.06.22 21:15;4;16.875;18;19.4375;2163;202;0;
10010;2026.06.22 21:30;4;16.9375;18;19.4375;2163;202;0;
10011;2026.06.22 21:45;4;16.9375;18;18.375;2163;202;0;
10012;2026.06.22 22:00;4;16.875;18;17.25;2163;202;0;
10013;2026.06.22 22:15;4;16.9375;18;16.625;2163;202;0;
10014;2026.06.22 22:30;4;16.9375;18.0625;16.125;2163;202;0;
10015;2026.06.22 22:45;4;17;18.0625;15.875;2163;202;0;
10016;2026.06.22 23:00;4;17;18.0625;15.75;2163;202;0;
10017;2026.06.22 23:15;4;16.9375;18.125;15.625;2163;202;0;
10018;2026.06.22 23:30;4;17;18.125;15.5;2163;202;0;
10019;2026.06.22 23:45;4;17;18.125;15.375;2163;202;0;
10020;2026.06.23 00:00;4;17;18.125;15.125;2163;202;0;
10021;2026.06.23 00:15;4;17;18.125;15;2162;202;0;
10022;2026.06.23 00:30;4;17;18.125;15;2162;202;0;
10023;2026.06.23 00:45;4;17;18.125;14.75;2163;202;0;
10024;2026.06.23 01:00;4;17;18.125;14.5;2162;202;0;
10025;2026.06.23 01:15;4;17;18.125;14.5;2162;202;0;
10026;2026.06.23 01:30;4;17;18.125;14.375;2162;202;0;
10027;2026.06.23 01:45;4;17;18.125;14.25;2162;202;0;
10028;2026.06.23 02:00;4;17;18.125;14.125;2162;202;0;
10029;2026.06.23 02:15;4;17;18.125;13.6875;2162;202;0;
10030;2026.06.23 02:30;4;17;18.125;13.75;2162;202;0;
10031;2026.06.23 02:45;4;17.0625;18.125;13.75;2162;202;0;
10032;2026.06.23 03:00;4;17;18.125;13.5;2162;202;0;
10033;2026.06.23 03:15;4;17.0625;18.125;13.4375;2162;202;0;
10034;2026.06.23 03:30;4;17.0625;18.125;13.3125;2162;202;0;
10035;2026.06.23 03:45;4;17.0625;18.125;13.9375;2162;202;0;
10036;2026.06.23 04:00;4;17.0625;18.125;14.125;2162;202;0;
10037;2026.06.23 04:15;4;17;18.125;14.125;2161;202;0;
10038;2026.06.23 04:30;4;17.0625;18.125;14.875;2161;202;0;
10039;2026.06.23 04:45;4;17.0625;18.125;16.5;2161;202;0;
10040;2026.06.23 05:00;4;17.0625;18.125;17.125;2161;202;0;
10041;2026.06.23 05:15;4;17.0625;18.125;18.125;2161;202;0;
10042;2026.06.23 05:30;4;17.0625;18.125;18.4375;2161;202;0;
10043;2026.06.23 05:45;4;17.125;18.125;20.1875;2161;202;0;
10044;2026.06.23 06:00;4;17.125;18.125;22.125;2161;202;0;
10045;2026.06.23 06:15;4;17.125;18.125;25.6875;2161;202;0;
10046;2026.06.23 06:30;4;17.125;18.0625;26.75;2161;202;0;
10047;2026.06.23 06:45;4;17.0625;18.0625;27.5625;2161;202;0;
10048;2026.06.23 07:00;4;17.0625;18.0625;27.3125;2160;202;0;
10049;2026.06.23 07:15;4;17.0625;18.0625;28.9375;2160;202;0;
10050;2026.06.23 07:30;4;17.125;18;29.75;2161;202;0;
10051;2026.06.23 07:45;4;17.0625;18;31.5;2160;202;0;
10052;2026.06.23 08:00;4;17.125;18;31.6875;2160;202;0;
10053;2026.06.23 08:15;4;17.0625;18;30.875;2160;202;0;
10054;2026.06.23 08:30;4;17.0625;18;29.8125;2160;202;0;
10055;2026.06.23 08:45;4;17.0625;18;32.25;2160;202;0;
10056;2026.06.23 09:00;4;17.0625;18;33.5625;2160;202;0;
10057;2026.06.23 09:15;4;17.0625;18;30.375;2160;202;0;
10058;2026.06.23 09:30;4;17.0625;18;31.25;2160;202;0;
10059;2026.06.23 09:45;4;17;18;32.375;2160;202;0;
10060;2026.06.23 10:00;4;17;17.9375;30.625;2159;202;0;
10061;2026.06.23 10:15;4;17;17.9375;30.875;2159;202;0;
10062;2026.06.23 10:30;4;17.0625;17.9375;30.6875;2159;202;0;
10063;2026.06.23 10:45;4;17;17.9375;31.75;2159;202;0;
10064;2026.06.23 11:00;4;17;17.9375;31.875;2159;202;0;
10065;2026.06.23 11:15;4;17;17.9375;32.375;2159;202;0;
10066;2026.06.23 11:30;4;17;17.9375;31.875;2159;202;0;
10067;2026.06.23 11:45;4;17;17.9375;32.5625;2159;202;0;
10068;2026.06.23 12:00;4;17;17.9375;32.75;2159;202;0;
10069;2026.06.23 12:15;4;17;17.875;32.5;2159;202;0;
10070;2026.06.23 12:30;4;17;17.875;33.25;2159;202;0;
10071;2026.06.23 12:45;4;17;17.875;35.125;2159;202;0;
10072;2026.06.23 13:00;4;17;17.875;35.5625;2158;202;0;
10073;2026.06.23 13:15;4;17;17.9375;36.375;2158;202;0;
10074;2026.06.23 13:30;4;17;17.875;34.875;2158;202;0;
10075;2026.06.23 13:45;4;17;17.9375;33.625;2158;202;0;
10076;2026.06.23 14:00;4;17;17.9375;35.25;2158;202;0;
10077;2026.06.23 14:15;4;17;17.9375;36.75;2158;202;0;
10078;2026.06.23 14:30;4;17;17.875;36.75;2158;202;0;
10079;2026.06.23 14:45;4;17;17.9375;35.625;2158;202;0;
10080;2026.06.23 15:00;4;17;17.9375;34.75;2158;202;0;
10081;2026.06.23 15:15;4;17;18;30.4375;2158;202;0;
10082;2026.06.23 15:30;4;17;18;29.5625;2158;202;0;
10083;2026.06.23 15:45;4;17;18;28.625;2158;202;0;
10084;2026.06.23 16:00;4;17;18;27.4375;2158;202;0;
10085;2026.06.23 16:15;4;17;18;27;2158;202;0;
10086;2026.06.23 16:30;4;17;18;27.375;2158;202;0;
10087;2026.06.23 16:45;4;17;18;28.625;2158;202;0;
10088;2026.06.23 17:00;4;17.0625;18;27.25;2158;202;0;
10089;2026.06.23 17:15;4;17.0625;18;25.9375;2158;202;0;
10090;2026.06.23 17:30;4;17;18;24.75;2158;202;0;
10091;2026.06.23 17:45;4;17.0625;18;23.75;2158;202;0;
10092;2026.06.23 18:00;4;17.0625;18;23.25;2158;202;0;
10093;2026.06.23 18:15;4;17;18.0625;22.75;2157;202;0;
10094;2026.06.23 18:30;4;17.0625;18.0625;21.375;2157;202;0;
10095;2026.06.23 18:45;4;17.0625;18.0625;20.375;2157;202;0;
10096;2026.06.23 19:00;4;17.125;18.125;19.875;2157;202;0;
10097;2026.06.23 19:15;4;17.125;18.125;19.25;2158;202;0;
10098;2026.06.23 19:30;4;17.0625;18.125;18.75;2158;202;0;
10099;2026.06.23 19:45;4;17.0625;18.125;18.8125;2157;202;0;
10100;2026.06.23 20:00;4;17.125;18.125;18.25;2157;202;0;
10101;2026.06.23 20:15;4;17.125;18.125;18;2157;202;0;
10102;2026.06.23 20:30;4;17.125;18.125;17.5;2157;202;0;
10103;2026.06.23 20:45;4;17.125;18.125;17.25;2157;202;0;
10104;2026.06.23 21:00;4;17.125;18.1875;16.875;2156;202;0;
10105;2026.06.23 21:15;4;17.125;18.1875;16.9375;2156;202;0;
10106;2026.06.23 21:30;4;17.125;18.1875;16.75;2156;202;0;
10107;2026.06.23 21:45;4;17.125;18.25;16.75;2156;202;0;
10108;2026.06.23 22:00;4;17.125;18.25;16.5;2157;202;0;
10109;2026.06.23 22:15;4;17.125;18.25;15.625;2156;202;0;
10110;2026.06.23 22:30;4;17.125;18.25;15.375;2156;202;0;
10111;2026.06.23 22:45;4;17.125;18.25;14.75;2157;202;0;
10112;2026.06.23 23:00;4;17.125;18.25;14.5625;2157;202;0;
10113;2026.06.23 23:15;4;17.125;18.25;14.9375;2156;202;0;
10114;2026.06.23 23:30;4;17.1875;18.25;15.125;2156;202;0;
10115;2026.06.23 23:45;4;17.125;18.25;14.75;2156;202;0;
10116;2026.06.24 00:00;4;17.1875;18.25;14.25;2156;202;0;
10117;2026.06.24 00:15;4;17.1875;18.25;14.25;2156;202;0;
10118;2026.06.24 00:30;4;17.1875;18.25;14.125;2156;202;0;
10119;2026.06.24 00:45;4;17.25;18.25;13.8125;2156;202;0;
10120;2026.06.24 01:00;4;17.1875;18.25;13.4375;2156;202;0;
10121;2026.06.24 01:15;4;17.1875;18.25;13;2156;202;0;
10122;2026.06.24 01:30;4;17.1875;18.25;13;2155;202;0;
10123;2026.06.24 01:45;4;17.25;18.25;12.9375;2156;202;0;
10124;2026.06.24 02:00;4;17.25;18.25;12.8125;2155;202;0;
10125;2026.06.24 02:15;4;17.25;18.25;12.75;2155;202;0;
10126;2026.06.24 02:30;4;17.25;18.25;12.5;2155;202;0;
10127;2026.06.24 02:45;4;17.25;18.25;12.375;2155;202;0;
10128;2026.06.24 03:00;4;17.25;18.25;12.25;2155;202;0;
10129;2026.06.24 03:15;4;17.25;18.25;12.5;2155;202;0;
10130;2026.06.24 03:30;4;17.25;18.25;12.5;2155;202;0;
10131;2026.06.24 03:45;4;17.25;18.25;12.875;2155;202;0;
10132;2026.06.24 04:00;4;17.25;18.25;13.375;2155;202;0;
10133;2026.06.24 04:15;4;17.25;18.25;13.875;2155;202;0;
10134;2026.06.24 04:30;4;17.25;18.25;14.375;2154;202;0;
10135;2026.06.24 04:45;4;17.25;18.25;15.875;2154;202;0;
10136;2026.06.24 05:00;4;17.25;18.25;16.5;2154;202;0;
10137;2026.06.24 05:15;4;17.25;18.25;17.625;2154;202;0;
10138;2026.06.24 05:30;4;17.25;18.25;18;2154;202;0;
10139;2026.06.24 05:45;4;17.25;18.25;21.4375;2154;202;0;
10140;2026.06.24 06:00;4;17.25;18.1875;24.8125;2154;202;0;
10141;2026.06.24 06:15;4;17.25;18.1875;27.1875;2154;202;0;
10142;2026.06.24 06:30;4;17.25;18.1875;27.875;2154;202;0;
10143;2026.06.24 06:45;4;17.25;18.125;29;2154;202;0;
10144;2026.06.24 07:00;4;17.25;18.125;29.875;2154;202;0;
10145;2026.06.24 07:15;4;17.25;18.125;30.75;2154;202;0;
10146;2026.06.24 07:30;4;17.25;18.125;32.125;2154;202;0;
10147;2026.06.24 07:45;4;17.25;18.125;33.0625;2153;202;0;
10148;2026.06.24 08:00;4;17.25;18.125;33.75;2153;202;0;
10149;2026.06.24 08:15;4;17.25;18.125;33.25;2153;202;0;
10150;2026.06.24 08:30;4;17.25;18.125;34.375;2153;202;0;
10151;2026.06.24 08:45;4;17.25;18.125;34.75;2153;202;0;
10152;2026.06.24 09:00;4;17.25;18.125;35.5;2153;202;0;
10153;2026.06.24 09:15;4;17.25;18.125;36;2153;202;0;
10154;2026.06.24 09:30;4;17.1875;18;35.75;2153;202;0;
10155;2026.06.24 09:45;4;17.1875;18.0625;36.125;2153;202;0;
10156;2026.06.24 10:00;4;17.1875;18.0625;36.75;2153;202;0;
10157;2026.06.24 10:15;4;17.1875;18.0625;37.125;2152;202;0;
10158;2026.06.24 10:30;4;17.1875;18;37.0625;2152;202;0;
10159;2026.06.24 10:45;4;17.25;18;38.375;2152;202;0;
10160;2026.06.24 11:00;4;17.1875;18;37.875;2152;202;0;
10161;2026.06.24 11:15;4;17.1875;18;38.375;2152;202;0;
10162;2026.06.24 11:30;4;17.1875;18;38.9375;2152;202;0;
10163;2026.06.24 11:45;4;17.1875;18;38.875;2152;202;0;
10164;2026.06.24 12:00;4;17.1875;18;38.5;2152;202;0;
10165;2026.06.24 12:15;4;17.1875;18;38.625;2152;202;0;
10166;2026.06.24 12:30;4;17.125;18;38.5625;2152;202;0;
10167;2026.06.24 12:45;4;17.125;18;38.625;2152;202;0;
10168;2026.06.24 13:00;4;17.125;18;38.25;2152;202;0;
10169;2026.06.24 13:15;4;17.125;18;38.625;2151;202;0;
10170;2026.06.24 13:30;4;17.125;18;37.75;2151;202;0;
10171;2026.06.24 13:45;4;17.1875;18;38.5;2151;202;0;
10172;2026.06.24 14:00;4;17.125;18;37.75;2151;202;0;
10173;2026.06.24 14:15;4;17.125;18;38.875;2151;202;0;
10174;2026.06.24 14:30;4;17.125;18;37.75;2151;202;0;
10175;2026.06.24 14:45;4;17.125;18;37.3125;2151;202;0;
10176;2026.06.24 15:00;4;17.125;18.0625;36.25;2151;202;0;
10177;2026.06.24 15:15;4;17.125;18.0625;32.25;2151;202;0;
10178;2026.06.24 15:30;4;17.125;18.0625;31.75;2151;202;0;
10179;2026.06.24 15:45;4;17.1875;18.125;30.5;2151;202;0;
10180;2026.06.24 16:00;4;17.125;18.125;29.25;2151;202;0;
10181;2026.06.24 16:15;4;17.1875;18.125;28.875;2151;202;0;
10182;2026.06.24 16:30;4;17.125;18.125;29.25;2151;202;0;
10183;2026.06.24 16:45;4;17.1875;18.125;31.375;2150;202;0;
10184;2026.06.24 17:00;4;17.1875;18.125;30.125;2150;202;0;
10185;2026.06.24 17:15;4;17.1875;18.125;27.8125;2150;202;0;
10186;2026.06.24 17:30;4;17.1875;18.1875;26.125;2151;202;0;
10187;2026.06.24 17:45;4;17.1875;18.1875;25.1875;2150;202;0;
10188;2026.06.24 18:00;4;17.1875;18.25;23.875;2150;202;0;
10189;2026.06.24 18:15;4;17.1875;18.25;22.6875;2150;202;0;
10190;2026.06.24 18:30;4;17.1875;18.25;21.75;2150;202;0;
10191;2026.06.24 18:45;4;17.25;18.25;21.125;2150;202;0;
10192;2026.06.24 19:00;4;17.25;18.25;20.375;2150;202;0;
10193;2026.06.24 19:15;4;17.25;18.25;19.75;2150;202;0;
10194;2026.06.24 19:30;4;17.25;18.3125;19;2150;202;0;
10195;2026.06.24 19:45;4;17.25;18.3125;18.5;2150;202;0;
10196;2026.06.24 20:00;4;17.25;18.375;17.9375;2150;202;0;
10197;2026.06.24 20:15;4;17.25;18.375;17.4375;2150;202;0;
10198;2026.06.24 20:30;4;17.3125;18.375;17.25;2150;202;0;
10199;2026.06.24 20:45;4;17.3125;18.375;16.875;2150;202;0;
10200;2026.06.24 21:00;4;17.3125;18.375;16.5;2150;202;0;
10201;2026.06.24 21:15;4;17.25;18.375;16.25;2150;202;0;
10202;2026.06.24 21:30;4;17.25;18.375;16;2150;202;0;
10203;2026.06.24 21:45;4;17.3125;18.4375;15.75;2150;202;0;
10204;2026.06.24 22:00;4;17.3125;18.4375;15.75;2150;202;0;
10205;2026.06.24 22:15;4;17.375;18.4375;15.5;2150;202;0;
10206;2026.06.24 22:30;4;17.375;18.5;15.375;2150;202;0;
10207;2026.06.24 22:45;4;17.375;18.5;15.375;2149;202;0;
10208;2026.06.24 23:00;4;17.375;18.5;15.25;2149;202;0;
10209;2026.06.24 23:15;4;17.375;18.5;14.6875;2150;202;0;
10210;2026.06.24 23:30;4;17.375;18.5;14.8125;2149;202;0;
10211;2026.06.24 23:45;4;17.375;18.5;14.75;2149;202;0;
10212;2026.06.25 00:00;4;17.375;18.5;14.6875;2149;202;0;
10213;2026.06.25 00:15;4;17.375;18.5;14.75;2149;202;0;
10214;2026.06.25 00:30;4;17.375;18.5;14.5625;2149;202;0;
10215;2026.06.25 00:45;4;17.4375;18.5;14.25;2149;202;0;
10216;2026.06.25 01:00;4;17.375;18.5;14;2149;202;0;
10217;2026.06.25 01:15;4;17.4375;18.5;13.5;2149;202;0;
10218;2026.06.25 01:30;4;17.375;18.5;13.375;2149;202;0;
10219;2026.06.25 01:45;4;17.375;18.5;13.1875;2148;202;0;
10220;2026.06.25 02:00;4;17.375;18.5;13.125;2149;202;0;
10221;2026.06.25 02:15;4;17.4375;18.5;12.75;2148;202;0;
10222;2026.06.25 02:30;4;17.5;18.5;12.625;2148;202;0;
10223;2026.06.25 02:45;4;17.4375;18.5;12.4375;2148;202;0;
10224;2026.06.25 03:00;4;17.5;18.5;12.3125;2148;202;0;
10225;2026.06.25 03:15;4;17.4375;18.5;12.4375;2148;202;0;
10226;2026.06.25 03:30;4;17.4375;18.5;12.5;2148;202;0;
10227;2026.06.25 03:45;4;17.5;18.5;12.8125;2148;202;0;
10228;2026.06.25 04:00;4;17.5;18.5;13.25;2148;202;0;
10229;2026.06.25 04:15;4;17.5;18.5;13.875;2148;202;0;
10230;2026.06.25 04:30;4;17.5;18.5;14.5625;2148;202;0;
10231;2026.06.25 04:45;4;17.5;18.5;16.0625;2148;202;0;
10232;2026.06.25 05:00;4;17.5;18.5;17.375;2148;202;0;
10233;2026.06.25 05:15;4;17.5;18.5;18.625;2148;202;0;
10234;2026.06.25 05:30;4;17.5;18.5;19.1875;2147;202;0;
10235;2026.06.25 05:45;4;17.5;18.5;22.5;2147;202;0;
10236;2026.06.25 06:00;4;17.5;18.5;25.875;2147;202;0;
10237;2026.06.25 06:15;4;17.5;18.5;28.375;2147;202;0;
10238;2026.06.25 06:30;4;17.5;18.4375;29.375;2147;202;0;
10239;2026.06.25 06:45;4;17.5;18.4375;30.8125;2147;202;0;
10240;2026.06.25 07:00;4;17.5;18.4375;31.75;2147;202;0;
10241;2026.06.25 07:15;4;17.5;18.4375;33;2147;202;0;
10242;2026.06.25 07:30;4;17.5;18.375;33.5;2147;202;0;
10243;2026.06.25 07:45;4;17.5;18.375;34.0625;2147;202;0;
10244;2026.06.25 08:00;4;17.5;18.375;35;2147;202;0;
10245;2026.06.25 08:15;4;17.5;18.375;36.4375;2147;202;0;
10246;2026.06.25 08:30;4;17.5;18.375;36.75;2147;202;0;
10247;2026.06.25 08:45;4;17.5;18.375;37.6875;2146;202;0;
10248;2026.06.25 09:00;4;17.5;18.375;38;2146;202;0;
10249;2026.06.25 09:15;4;17.4375;18.375;39.125;2146;202;0;
10250;2026.06.25 09:30;4;17.5;18.375;39.25;2146;202;0;
10251;2026.06.25 09:45;4;17.5;18.375;39.9375;2146;202;0;
10252;2026.06.25 10:00;4;17.4375;18.3125;39.375;2146;202;0;
10253;2026.06.25 10:15;4;17.4375;18.3125;38.625;2146;202;0;
10254;2026.06.25 10:30;4;17.4375;18.3125;40.75;2146;202;0;
10255;2026.06.25 10:45;4;17.4375;18.3125;37.4375;2145;202;0;
10256;2026.06.25 11:00;4;17.4375;18.3125;38.375;2146;202;0;
10257;2026.06.25 11:15;4;17.4375;18.3125;38.9375;2145;202;0;
10258;2026.06.25 11:30;4;17.4375;18.3125;41.625;2145;202;0;
10259;2026.06.25 11:45;4;17.375;18.25;42.4375;2145;202;0;
10260;2026.06.25 12:00;4;17.375;18.25;37.4375;2145;202;0;
10261;2026.06.25 12:15;4;17.375;18.25;34.5;2145;202;0;
10262;2026.06.25 12:30;4;17.375;18.25;39.875;2145;202;0;
10263;2026.06.25 12:45;4;17.375;18.25;39.125;2145;202;0;
10264;2026.06.25 13:00;4;17.375;18.25;36.875;2145;202;0;
10265;2026.06.25 13:15;4;17.375;18.3125;41.6875;2145;202;0;
10266;2026.06.25 13:30;4;17.4375;18.3125;42.625;2144;202;0;
10267;2026.06.25 13:45;4;17.4375;18.3125;37.125;2144;202;0;
10268;2026.06.25 14:00;4;17.375;18.3125;40.3125;2144;202;0;
10269;2026.06.25 14:15;4;17.4375;18.3125;40.25;2145;202;0;
10270;2026.06.25 14:30;4;17.4375;18.3125;38.75;2144;202;0;
10271;2026.06.25 14:45;4;17.4375;18.3125;36.625;2143;202;0;
10272;2026.06.25 15:00;4;17.375;18.375;37.875;2143;202;0;
10273;2026.06.25 15:15;4;17.375;18.375;34.375;2143;202;0;
10274;2026.06.25 15:30;4;17.4375;18.375;34.625;2143;202;0;
10275;2026.06.25 15:45;4;17.375;18.375;33.0625;2142;202;0;
10276;2026.06.25 16:00;4;17.375;18.375;31.625;2142;202;0;
10277;2026.06.25 16:15;4;17.375;18.375;30.75;2142;202;0;
10278;2026.06.25 16:30;4;17.4375;18.375;30.625;2142;202;0;
10279;2026.06.25 16:45;4;17.4375;18.375;33.5;2142;202;0;
10280;2026.06.25 17:00;4;17.5;18.4375;31.875;2142;202;0;
10281;2026.06.25 17:15;4;17.4375;18.4375;29.25;2142;202;0;
10282;2026.06.25 17:30;4;17.4375;18.5;27.375;2142;202;0;
10283;2026.06.25 17:45;4;17.4375;18.5;26.25;2142;202;0;
10284;2026.06.25 18:00;4;17.4375;18.5;25.375;2142;202;0;
10285;2026.06.25 18:15;4;17.5;18.5;24.625;2142;202;0;
10286;2026.06.25 18:30;4;17.5;18.5;23.8125;2142;202;0;
10287;2026.06.25 18:45;4;17.5;18.5;23;2142;202;0;
10288;2026.06.25 19:00;4;17.5;18.5;22.25;2141;202;0;
10289;2026.06.25 19:15;4;17.5;18.5625;21.625;2142;202;0;
10290;2026.06.25 19:30;4;17.5;18.5625;21.125;2141;202;0;
10291;2026.06.25 19:45;4;17.5;18.625;20.625;2141;202;0;
10292;2026.06.25 20:00;4;17.5;18.625;20.25;2141;202;0;
10293;2026.06.25 20:15;4;17.5;18.625;19.375;2141;202;0;
10294;2026.06.25 20:30;4;17.5;18.625;19.25;2141;202;0;
10295;2026.06.25 20:45;4;17.5;18.625;19.0625;2141;202;0;
10296;2026.06.25 21:00;4;17.5;18.625;18.125;2141;202;0;
10297;2026.06.25 21:15;4;17.5;18.625;17.9375;2141;202;0;
10298;2026.06.25 21:30;4;17.5;18.6875;18.1875;2141;202;0;
10299;2026.06.25 21:45;4;17.5625;18.6875;17.5;2140;202;0;
10300;2026.06.25 22:00;4;17.625;18.6875;17;2141;202;0;
10301;2026.06.25 22:15;4;17.5625;18.75;16.6875;2142;202;0;
10302;2026.06.25 22:30;4;17.5625;18.75;16.5625;2141;202;0;
10303;2026.06.25 22:45;4;17.625;18.75;16.75;2141;202;0;
10304;2026.06.25 23:00;4;17.625;18.75;16.625;2140;202;0;
10305;2026.06.25 23:15;4;17.625;18.75;16.4375;2140;202;0;
10306;2026.06.25 23:30;4;17.625;18.75;16.125;2140;202;0;
10307;2026.06.25 23:45;4;17.625;18.75;15.75;2140;202;0;
10308;2026.06.26 00:00;4;17.625;18.75;15.25;2140;202;0;
10309;2026.06.26 00:15;4;17.625;18.75;15.5;2140;202;0;
10310;2026.06.26 00:30;4;17.625;18.75;15.375;2140;202;0;
10311;2026.06.26 00:45;4;17.6875;18.75;15.375;2140;202;0;
10312;2026.06.26 01:00;4;17.625;18.75;15.25;2140;202;0;
10313;2026.06.26 01:15;4;17.625;18.75;15;2140;202;0;
10314;2026.06.26 01:30;4;17.625;18.75;15;2139;202;0;
10315;2026.06.26 01:45;4;17.625;18.75;15.1875;2139;202;0;
10316;2026.06.26 02:00;4;17.6875;18.75;14.8125;2139;202;0;
10317;2026.06.26 02:15;4;17.6875;18.75;14.25;2139;202;0;
10318;2026.06.26 02:30;4;17.6875;18.75;13.8125;2139;202;0;
10319;2026.06.26 02:45;4;17.625;18.75;13.5;2139;202;0;
10320;2026.06.26 03:00;4;17.6875;18.75;13.375;2140;202;0;
10321;2026.06.26 03:15;4;17.6875;18.75;13.625;2139;202;0;
10322;2026.06.26 03:30;4;17.6875;18.75;14;2139;202;0;
10323;2026.06.26 03:45;4;17.75;18.75;14.25;2139;202;0;
10324;2026.06.26 04:00;4;17.6875;18.75;14.75;2139;202;0;
10325;2026.06.26 04:15;4;17.6875;18.75;15.375;2139;202;0;
10326;2026.06.26 04:30;4;17.6875;18.75;16;2139;202;0;
10327;2026.06.26 04:45;4;17.75;18.75;17.375;2139;202;0;
10328;2026.06.26 05:00;4;17.75;18.75;18.625;2139;202;0;
10329;2026.06.26 05:15;4;17.75;18.75;19.9375;2138;202;0;
10330;2026.06.26 05:30;4;17.75;18.75;20.125;2139;202;0;
10331;2026.06.26 05:45;4;17.75;18.75;23.5;2138;202;0;
10332;2026.06.26 06:00;4;17.75;18.75;27.5;2138;202;0;
10333;2026.06.26 06:15;4;17.75;18.75;29.75;2138;202;0;
10334;2026.06.26 06:30;4;17.75;18.75;31.5;2138;202;0;
10335;2026.06.26 06:45;4;17.75;18.75;32.375;2138;202;0;
10336;2026.06.26 07:00;4;17.75;18.6875;32.625;2138;202;0;
10337;2026.06.26 07:15;4;17.75;18.6875;33.625;2138;202;0;
10338;2026.06.26 07:30;4;17.75;18.6875;34.875;2137;202;0;
10339;2026.06.26 07:45;4;17.75;18.625;36.125;2138;202;0;
10340;2026.06.26 08:00;4;17.6875;18.625;36.9375;2137;202;0;
10341;2026.06.26 08:15;4;17.6875;18.625;38;2137;202;0;
10342;2026.06.26 08:30;4;17.6875;18.625;38.5;2137;202;0;
10343;2026.06.26 08:45;4;17.6875;18.625;38.75;2137;202;0;
10344;2026.06.26 09:00;4;17.75;18.625;39.9375;2137;202;0;
10345;2026.06.26 09:15;4;17.6875;18.625;41.375;2137;202;0;
