0;2026.03.10 09:15;23.62;24.12;24.38;212;-1.0;0
1;2026.03.10 09:30;22.62;23.31;23.25;209;-1.0;0
2;2026.03.10 09:45;24.25;24.88;24.88;216;-1.0;0
3;2026.03.10 10:00;23.75;24.38;24.25;354;-1.0;0
4;2026.03.10 10:15;23.25;24;23.12;352;-1.0;0
5;2026.03.10 10:30;23.12;23.75;22.88;351;-1.0;0
6;2026.03.10 10:45;23;23.62;22.69;350;-1.0;0
7;2026.03.10 11:00;23;23.5;22.5;350;-1.0;0
8;2026.03.10 11:15;22.88;23.31;22.38;350;-1.0;0
9;2026.03.10 11:30;23;23.25;22.56;353;-1.0;0
10;2026.03.10 11:45;23.12;23.31;22.62;360;-1.0;0
11;2026.03.10 12:00;23.5;23.62;23.56;363;-1.0;0
12;2026.03.10 12:15;23.31;23.62;23.38;362;-1.0;0
13;2026.03.10 12:30;23.25;23.56;23.25;362;-1.0;0
14;2026.03.10 12:45;23.25;23.56;23.25;362;-1.0;0
15;2026.03.10 13:00;23.25;23.56;23.25;360;-1.0;0
16;2026.03.10 13:15;23.25;23.56;23.25;360;-1.0;0
17;2026.03.10 13:30;23.19;23.56;23.19;359;-1.0;0
18;2026.03.10 13:45;23.25;23.62;23.25;359;-1.0;0
19;2026.03.10 14:00;23.25;23.62;23.31;359;-1.0;0
20;2026.03.10 14:15;23.19;23.62;23.25;359;-1.0;0
21;2026.03.10 14:30;23.19;23.62;23.25;359;-1.0;0
22;2026.03.10 14:45;23.25;23.62;23.31;359;-1.0;0
23;2026.03.10 15:00;23.25;23.62;23.38;359;-1.0;0
24;2026.03.10 15:15;23.25;23.62;23.31;359;-1.0;0
25;2026.03.10 15:30;23.25;23.62;23.38;359;-1.0;0
26;2026.03.10 15:45;23.25;23.62;23.38;359;-1.0;0
27;2026.03.10 16:00;23.25;23.62;23.38;359;-1.0;0
28;2026.03.10 16:15;23.31;23.62;23.38;359;-1.0;0
29;2026.03.10 16:30;23.31;23.62;23.38;359;-1.0;0
30;2026.03.10 16:45;23.31;23.62;23.38;359;-1.0;0
31;2026.03.10 17:00;23.31;23.62;23.38;359;-1.0;0
32;2026.03.10 17:15;23.31;23.62;23.38;359;-1.0;0
33;2026.03.10 17:30;23.25;23.62;23.38;359;-1.0;0
34;2026.03.10 17:45;23.25;23.62;23.38;359;-1.0;0
35;2026.03.10 18:00;23.25;23.62;23.38;359;-1.0;0
36;2026.03.10 18:15;23.25;23.62;23.38;359;-1.0;0
37;2026.03.10 18:30;23.25;23.62;23.38;359;-1.0;0
38;2026.03.10 18:45;23.25;23.62;23.38;358;-1.0;0
39;2026.03.10 19:00;23.19;23.62;23.31;358;-1.0;0
40;2026.03.10 19:15;23.12;23.56;23.31;358;-1.0;0
41;2026.03.10 19:30;23.12;23.56;23.25;358;-1.0;0
42;2026.03.10 19:45;23.12;23.5;23.25;358;-1.0;0
43;2026.03.10 20:00;23.12;23.5;23.25;358;-1.0;0
44;2026.03.10 20:15;23.12;23.5;23.25;358;-1.0;0
45;2026.03.10 20:30;23.06;23.5;23.25;358;-1.0;0
46;2026.03.10 20:45;23.06;23.5;23.19;358;-1.0;0
47;2026.03.10 21:00;23;23.44;23.19;358;-1.0;0
48;2026.03.10 21:15;23;23.44;23.12;358;-1.0;0
49;2026.03.10 21:30;23;23.38;23.12;358;-1.0;0
50;2026.03.10 21:45;23;23.38;23.12;358;-1.0;0
51;2026.03.10 22:00;23;23.38;23.12;358;-1.0;0
52;2026.03.10 22:15;23;23.38;23.12;358;-1.0;0
53;2026.03.10 22:30;22.94;23.38;23.12;358;-1.0;0
54;2026.03.10 22:45;22.94;23.38;23.12;358;-1.0;0
55;2026.03.10 23:00;22.88;23.31;23.06;358;-1.0;0
56;2026.03.10 23:15;22.88;23.31;23.06;358;-1.0;0
57;2026.03.10 23:30;22.88;23.25;23;358;-1.0;0
58;2026.03.10 23:45;22.88;23.25;23;358;-1.0;0
59;2026.03.11 00:00;22.88;23.25;23;357;-1.0;0
60;2026.03.11 00:15;22.88;23.25;23;357;-1.0;0
61;2026.03.11 00:30;22.88;23.25;23;357;-1.0;0
62;2026.03.11 00:45;22.81;23.25;23;357;-1.0;0
63;2026.03.11 01:00;22.81;23.25;23;357;-1.0;0
64;2026.03.11 01:15;22.75;23.19;23;357;-1.0;0
65;2026.03.11 01:30;22.75;23.19;23;357;-1.0;0
66;2026.03.11 01:45;22.75;23.19;22.94;357;-1.0;0
67;2026.03.11 02:00;22.75;23.12;22.94;357;-1.0;0
68;2026.03.11 02:15;22.75;23.12;22.88;357;-1.0;0
69;2026.03.11 02:30;22.75;23.12;22.88;357;-1.0;0
70;2026.03.11 02:45;22.75;23.12;22.88;357;-1.0;0
71;2026.03.11 03:00;22.75;23.12;22.88;357;-1.0;0
72;2026.03.11 03:15;22.75;23.12;22.88;357;-1.0;0
73;2026.03.11 03:30;22.69;23.12;22.88;357;-1.0;0
74;2026.03.11 03:45;22.69;23.12;22.88;357;-1.0;0
75;2026.03.11 04:00;22.69;23.12;22.88;357;-1.0;0
76;2026.03.11 04:15;22.69;23.12;22.88;357;-1.0;0
77;2026.03.11 04:30;22.62;23.06;22.88;357;-1.0;0
78;2026.03.11 04:45;22.62;23.06;22.81;357;-1.0;0
79;2026.03.11 05:00;22.62;23.06;22.81;357;-1.0;0
80;2026.03.11 05:15;22.62;23;22.81;357;-1.0;0
81;2026.03.11 05:30;22.62;23;22.81;357;-1.0;0
82;2026.03.11 05:45;22.62;23;22.75;357;-1.0;0
83;2026.03.11 06:00;22.62;23;22.75;357;-1.0;0
84;2026.03.11 06:15;22.62;23;22.75;357;-1.0;0
85;2026.03.11 06:30;22.62;23;22.75;357;-1.0;0
86;2026.03.11 06:45;22.62;23;22.75;357;-1.0;0
87;2026.03.11 07:00;22.62;23;22.75;357;-1.0;0
88;2026.03.11 07:15;22.62;23;22.75;358;-1.0;0
89;2026.03.11 07:30;23.38;23.38;23.38;195;-1.0;0
90;2026.03.11 07:45;23.38;23.56;23.5;191;-1.0;0
91;2026.03.11 08:00;23.12;23.5;23.25;191;-1.0;0
92;2026.03.11 08:15;23;23.5;23.19;190;-1.0;0
93;2026.03.11 08:30;23;23.44;23.19;190;-1.0;0
94;2026.03.11 08:45;23;23.44;23.19;190;-1.0;0
95;2026.03.11 09:00;23.12;23.44;23.25;190;-1.0;0
96;2026.03.11 09:15;23.12;23.5;23.31;191;-1.0;0
97;2026.03.11 09:30;23.25;23.56;23.38;191;-1.0;0
98;2026.03.11 09:45;23.38;23.62;23.38;191;-1.0;0
99;2026.03.11 10:00;22.81;23.38;22.75;187;-1.0;0
100;2026.03.11 10:15;22.75;23.12;22.44;186;-1.0;0
101;2026.03.11 10:30;22.62;22.94;22.31;185;-1.0;0
102;2026.03.11 10:45;22;22.62;22;184;-1.0;0
103;2026.03.11 11:00;21.25;22.12;21.5;181;-1.0;0
104;2026.03.11 11:15;20.5;21.62;21;179;-1.0;0
105;2026.03.11 11:30;19.75;21;20.38;177;-1.0;0
106;2026.03.11 11:45;19;20.38;19.81;174;-1.0;0
107;2026.03.11 12:00;18.25;19.62;19;170;-1.0;0
108;2026.03.11 12:15;17.88;19.12;18.75;169;-1.0;0
109;2026.03.11 12:30;17.94;18.88;18.62;170;-1.0;0
110;2026.03.11 12:45;18.12;18.88;18.75;170;-1.0;0
111;2026.03.11 13:00;17.75;18.75;18.38;169;-1.0;0
112;2026.03.11 13:15;18.38;18.75;20.12;170;-1.0;0
113;2026.03.11 13:30;17.75;18.75;18.38;169;-1.0;0
114;2026.03.11 13:45;17;18.38;17.38;167;-1.0;0
115;2026.03.11 14:00;16.69;18;16.94;166;-1.0;0
116;2026.03.11 14:15;16.38;17.56;16.81;164;-1.0;0
117;2026.03.11 14:30;17;17.62;19.25;166;-1.0;0
118;2026.03.11 14:45;17.62;18.25;20.38;168;-1.0;0
119;2026.03.11 15:00;18;18.88;21;170;-1.0;0
120;2026.03.11 15:15;17.38;18.75;18.56;168;-1.0;0
121;2026.03.11 15:30;17.12;18.44;17.88;167;-1.0;0
122;2026.03.11 15:45;16.69;18.12;17.25;166;-1.0;0
123;2026.03.11 16:00;16.25;17.62;16.62;164;-1.0;0
124;2026.03.11 16:15;15.88;17.25;16.12;163;-1.0;0
125;2026.03.11 16:30;15.44;16.88;15.62;161;-1.0;0
126;2026.03.11 16:45;14.88;16.38;15;160;-1.0;0
127;2026.03.11 17:00;14.38;15.88;14.38;158;-1.0;0
128;2026.03.11 17:15;13.75;15.31;13.75;155;-1.0;0
129;2026.03.11 17:30;13.12;14.75;13.06;153;-1.0;0
130;2026.03.11 17:45;12.56;14.12;12.5;151;-1.0;0
131;2026.03.11 18:00;12;13.62;12;149;-1.0;0
132;2026.03.11 18:15;11.62;13;11.56;148;-1.0;0
133;2026.03.11 18:30;11.5;12.69;11.38;147;-1.0;0
134;2026.03.11 18:45;11.38;12.38;11.25;146;-1.0;0
135;2026.03.11 19:00;11.62;12.31;11.69;147;-1.0;0
136;2026.03.11 19:15;11.62;12.25;11.62;146;-1.0;0
137;2026.03.11 19:30;11.5;12.12;11.62;146;-1.0;0
138;2026.03.11 19:45;11.38;12.06;11.25;146;-1.0;0
139;2026.03.11 20:00;10.94;11.88;10.81;145;-1.0;0
140;2026.03.11 20:15;10.5;11.62;10.38;144;-1.0;0
141;2026.03.11 20:30;10.12;11.31;10;142;-1.0;0
142;2026.03.11 20:45;9.75;11;9.62;141;-1.0;0
143;2026.03.11 21:00;9.5;10.62;9.5;140;-1.0;0
144;2026.03.11 21:15;9.31;10.38;9.25;139;-1.0;0
145;2026.03.11 21:30;9.06;10.12;9;139;-1.0;0
146;2026.03.11 21:45;8.75;9.88;8.75;138;-1.0;0
147;2026.03.11 22:00;8.5;9.56;8.44;137;-1.0;0
148;2026.03.11 22:15;8.25;9.31;8.38;136;-1.0;0
149;2026.03.11 22:30;8.31;9.12;8.38;136;-1.0;0
150;2026.03.11 22:45;8.25;9;8.31;136;-1.0;0
151;2026.03.11 23:00;8.12;8.88;8.12;135;-1.0;0
152;2026.03.11 23:15;8.06;8.81;8.06;135;-1.0;0
153;2026.03.11 23:30;8;8.69;8;135;-1.0;0
154;2026.03.11 23:45;7.81;8.62;7.88;134;-1.0;0
155;2026.03.12 00:00;7.75;8.5;7.81;134;-1.0;0
156;2026.03.12 00:15;7.62;8.38;7.69;134;-1.0;0
157;2026.03.12 00:30;7.5;8.25;7.5;133;-1.0;0
158;2026.03.12 00:45;7.5;8.12;7.56;133;-1.0;0
159;2026.03.12 01:00;7.5;8.12;7.62;133;-1.0;0
160;2026.03.12 01:15;7.5;8.06;7.62;133;-1.0;0
161;2026.03.12 01:30;7.44;8;7.56;133;-1.0;0
162;2026.03.12 01:45;7.38;8;7.5;133;-1.0;0
163;2026.03.12 02:00;7.38;8;7.5;133;-1.0;0
164;2026.03.12 02:15;7.5;8;7.75;134;-1.0;0
165;2026.03.12 02:30;7.62;8.06;7.81;134;-1.0;0
166;2026.03.12 02:45;7.62;8.12;7.94;134;-1.0;0
167;2026.03.12 03:00;7.75;8.19;8;135;-1.0;0
168;2026.03.12 03:15;7.88;8.25;8;135;-1.0;0
169;2026.03.12 03:30;7.94;8.31;8.12;136;-1.0;0
170;2026.03.12 03:45;8;8.38;8.06;136;-1.0;0
171;2026.03.12 04:00;7.94;8.38;8.06;136;-1.0;0
172;2026.03.12 04:15;7.88;8.38;8;136;-1.0;0
173;2026.03.12 04:30;7.94;8.38;8.06;136;-1.0;0
174;2026.03.12 04:45;8;8.44;8.12;137;-1.0;0
175;2026.03.12 05:00;8;8.44;8.12;137;-1.0;0
176;2026.03.12 05:15;8;8.38;8.06;137;-1.0;0
177;2026.03.12 05:30;8;8.44;8.12;137;-1.0;0
178;2026.03.12 05:45;8.06;8.5;8.12;137;-1.0;0
179;2026.03.12 06:00;8.12;8.5;8.25;138;-1.0;0
180;2026.03.12 06:15;8.25;8.62;8.38;138;-1.0;0
181;2026.03.12 06:30;8.38;8.69;8.5;139;-1.0;0
182;2026.03.12 06:45;8.56;8.88;8.75;140;-1.0;0
183;2026.03.12 07:00;8.81;9;9;141;-1.0;0
184;2026.03.12 07:15;8.94;9.19;9.12;142;-1.0;0
185;2026.03.12 07:30;9.06;9.38;9.25;143;-1.0;0
186;2026.03.12 07:45;9.12;9.5;9.38;143;-1.0;0
187;2026.03.12 08:00;9.25;9.62;9.62;144;-1.0;0
188;2026.03.12 08:15;9.44;9.75;9.81;145;-1.0;0
189;2026.03.12 08:30;9.5;9.88;9.88;145;-1.0;0
190;2026.03.12 08:45;9.5;10;9.88;146;-1.0;0
191;2026.03.12 09:00;9.62;10.06;9.94;146;-1.0;0
192;2026.03.12 09:15;9.69;10.12;10.06;147;-1.0;0
193;2026.03.12 09:30;9.75;10.25;10;147;-1.0;0
194;2026.03.12 09:45;9.69;10.25;10;147;-1.0;0
195;2026.03.12 10:00;9.62;10.25;10;148;-1.0;0
196;2026.03.12 10:15;9.62;10.19;9.94;148;-1.0;0
197;2026.03.12 10:30;9.56;10.19;9.88;148;-1.0;0
198;2026.03.12 10:45;9.5;10.12;9.88;147;-1.0;0
199;2026.03.12 11:00;9.44;10.12;9.88;148;-1.0;0
200;2026.03.12 11:15;9.56;10.12;10;148;-1.0;0
201;2026.03.12 11:30;9.5;10.12;10;148;-1.0;0
202;2026.03.12 11:45;9.5;10.12;10.19;148;-1.0;0
203;2026.03.12 12:00;9.62;10.19;10.44;149;-1.0;0
204;2026.03.12 12:15;9.75;10.31;10.75;149;-1.0;0
205;2026.03.12 12:30;9.75;10.38;10.56;149;-1.0;0
206;2026.03.12 12:45;9.75;10.38;10.88;150;-1.0;0
207;2026.03.12 13:00;10;10.5;11.38;150;-1.0;0
208;2026.03.12 13:15;10.31;10.81;12.06;151;-1.0;0
209;2026.03.12 13:30;10.5;11.12;12.25;152;-1.0;0
210;2026.03.12 13:45;10.5;11.25;11.56;152;-1.0;0
211;2026.03.12 14:00;11.12;11.44;13.31;154;-1.0;0
212;2026.03.12 14:15;13.12;12.75;13.12;164;-1.0;0
213;2026.03.12 14:30;14.75;14.31;14.88;168;-1.0;0
214;2026.03.12 14:45;16.06;16.06;17.38;173;-1.0;0
215;2026.03.12 15:00;15.5;16.44;15.38;172;-1.0;0
216;2026.03.12 15:15;13.94;15.75;14.12;168;-1.0;0
217;2026.03.12 15:30;13.25;14.75;13.38;165;-1.0;0
218;2026.03.12 15:45;12.5;13.94;12.69;162;-1.0;0
219;2026.03.12 16:00;11.94;13.12;12.12;159;-1.0;0
220;2026.03.12 16:15;11.38;12.5;11.56;157;-1.0;0
221;2026.03.12 16:30;10.75;11.88;11;154;-1.0;0
222;2026.03.12 16:45;10.12;11.25;10.62;152;-1.0;0
223;2026.03.12 17:00;9.56;10.62;10;150;-1.0;0
224;2026.03.12 17:15;9;10.06;9.44;148;-1.0;0
225;2026.03.12 17:30;8.5;9.5;8.88;146;-1.0;0
226;2026.03.12 17:45;8.12;9.12;8.5;145;-1.0;0
227;2026.03.12 18:00;7.81;8.75;8.19;144;-1.0;0
228;2026.03.12 18:15;7.5;8.38;7.81;142;-1.0;0
229;2026.03.12 18:30;7.19;8;7.5;142;-1.0;0
230;2026.03.12 18:45;7;7.75;7.31;141;-1.0;0
231;2026.03.12 19:00;6.75;7.5;7.06;140;-1.0;0
232;2026.03.12 19:15;6.5;7.25;6.75;139;-1.0;0
233;2026.03.12 19:30;6.19;7;6.5;138;-1.0;0
234;2026.03.12 19:45;6;6.75;6.25;138;-1.0;0
235;2026.03.12 20:00;5.75;6.5;6;137;-1.0;0
236;2026.03.12 20:15;5.5;6.25;5.88;136;-1.0;0
237;2026.03.12 20:30;5.38;6.06;5.62;135;-1.0;0
238;2026.03.12 20:45;5.19;5.88;5.5;135;-1.0;0
239;2026.03.12 21:00;5.06;5.75;5.31;134;-1.0;0
240;2026.03.12 21:15;4.88;5.5;5.12;134;-1.0;0
241;2026.03.12 21:30;4.69;5.38;5;133;-1.0;0
242;2026.03.12 21:45;4.62;5.25;4.88;133;-1.0;0
243;2026.03.12 22:00;4.44;5.12;4.69;132;-1.0;0
244;2026.03.12 22:15;4.38;4.94;4.56;132;-1.0;0
245;2026.03.12 22:30;4.25;4.88;4.5;131;-1.0;0
246;2026.03.12 22:45;4;4.69;4.31;131;-1.0;0
247;2026.03.12 23:00;3.88;4.5;4.12;130;-1.0;0
248;2026.03.12 23:15;3.69;4.38;4;130;-1.0;0
249;2026.03.12 23:30;3.56;4.19;3.88;129;-1.0;0
250;2026.03.12 23:45;3.5;4.12;3.75;129;-1.0;0
251;2026.03.13 00:00;3.38;4;3.62;128;-1.0;0
252;2026.03.13 00:15;3.25;3.88;3.5;128;-1.0;0
253;2026.03.13 00:30;3.25;3.81;3.5;128;-1.0;0
254;2026.03.13 00:45;3;3.62;3.31;127;-1.0;0
255;2026.03.13 01:00;2.88;3.5;3.12;127;-1.0;0
256;2026.03.13 01:15;2.88;3.44;3.12;127;-1.0;0
257;2026.03.13 01:30;2.75;3.31;3;126;-1.0;0
258;2026.03.13 01:45;2.75;3.25;3;126;-1.0;0
259;2026.03.13 02:00;2.69;3.25;2.88;126;-1.0;0
260;2026.03.13 02:15;2.62;3.12;2.88;126;-1.0;0
261;2026.03.13 02:30;2.5;3.12;2.75;125;-1.0;0
262;2026.03.13 02:45;2.44;3;2.69;125;-1.0;0
263;2026.03.13 03:00;2.31;2.88;2.56;125;-1.0;0
264;2026.03.13 03:15;2.12;2.75;2.44;124;-1.0;0
265;2026.03.13 03:30;2.06;2.62;2.31;124;-1.0;0
266;2026.03.13 03:45;2;2.62;2.25;124;-1.0;0
267;2026.03.13 04:00;2;2.5;2.25;124;-1.0;0
268;2026.03.13 04:15;1.75;2.44;2.12;123;-1.0;0
269;2026.03.13 04:30;1.62;2.25;1.94;122;-1.0;0
270;2026.03.13 04:45;1.5;2.12;1.81;122;-1.0;0
271;2026.03.13 05:00;1.5;2.06;1.75;122;-1.0;0
272;2026.03.13 05:15;1.38;1.94;1.62;122;-1.0;0
273;2026.03.13 05:30;1.38;1.88;1.62;121;-1.0;0
274;2026.03.13 05:45;1.38;1.88;1.62;122;-1.0;0
275;2026.03.13 06:00;1.38;1.88;1.62;122;-1.0;0
276;2026.03.13 06:15;1.62;2;1.75;122;-1.0;0
277;2026.03.13 06:30;1.88;2.19;2;123;-1.0;0
278;2026.03.13 06:45;2.38;2.69;2.62;126;-1.0;0
279;2026.03.13 07:00;2.75;2.94;2.88;127;-1.0;0
280;2026.03.13 07:15;3.25;3.25;3.25;129;-1.0;0
281;2026.03.13 07:30;3.5;3.5;3.5;130;-1.0;0
282;2026.03.13 07:45;3.88;3.75;3.75;131;-1.0;0
283;2026.03.13 08:00;4.38;4.12;4.12;132;-1.0;0
284;2026.03.13 08:15;4.94;4.5;4.56;134;-1.0;0
285;2026.03.13 08:30;5.56;5;5.12;136;-1.0;0
286;2026.03.13 08:45;6.25;5.62;5.81;138;-1.0;0
287;2026.03.13 09:00;6.88;6.25;6.5;140;-1.0;0
288;2026.03.13 09:15;7.75;6.88;7.38;143;-1.0;0
289;2026.03.13 09:30;8.44;7.62;8.25;145;-1.0;0
290;2026.03.13 09:45;9.19;8.38;9.12;148;-1.0;0
291;2026.03.13 10:00;10;9.19;9.94;150;-1.0;0
292;2026.03.13 10:15;10.94;10.06;11;153;-1.0;0
293;2026.03.13 10:30;12.12;11.38;12.12;158;-1.0;0
294;2026.03.13 10:45;12.88;12.31;12.75;161;-1.0;0
295;2026.03.13 11:00;12.75;12.56;12.62;160;-1.0;0
296;2026.03.13 11:15;12.75;12.62;12.62;160;-1.0;0
297;2026.03.13 11:30;12.81;12.75;12.69;161;-1.0;0
298;2026.03.13 11:45;13.12;12.88;12.88;161;-1.0;0
299;2026.03.13 12:00;13.12;13;12.94;161;-1.0;0
300;2026.03.13 12:15;13.06;13;13;161;-1.0;0
301;2026.03.13 12:30;13.25;13.12;13.06;161;-1.0;0
302;2026.03.13 12:45;13.56;13.25;13.31;162;-1.0;0
303;2026.03.13 13:00;14;13.56;13.62;164;-1.0;0
304;2026.03.13 13:15;15.12;14.12;14.44;166;-1.0;0
305;2026.03.13 13:30;17;15.5;17.5;172;-1.0;0
306;2026.03.13 13:45;18.69;17.25;20.38;178;-1.0;0
307;2026.03.13 14:00;19.19;18.88;21.69;182;-1.0;0
308;2026.03.13 14:15;19.81;19.88;22.12;185;-1.0;0
309;2026.03.13 14:30;19.88;20.62;23.25;189;-1.0;0
310;2026.03.13 14:45;19;20.12;20.12;182;-1.0;0
311;2026.03.13 15:00;18.31;19.5;18.56;178;-1.0;0
312;2026.03.13 15:15;17.88;18.75;17.75;175;-1.0;0
313;2026.03.13 15:30;17.12;18.06;17.12;172;-1.0;0
314;2026.03.13 15:45;16.88;17.62;16.81;171;-1.0;0
315;2026.03.13 16:00;16.69;17.25;16.5;170;-1.0;0
316;2026.03.13 16:15;16.38;17;16.25;169;-1.0;0
317;2026.03.13 16:30;15.88;16.69;15.81;167;-1.0;0
318;2026.03.13 16:45;15.25;16.38;15.5;165;-1.0;0
319;2026.03.13 17:00;14.5;16;15.12;163;-1.0;0
320;2026.03.13 17:15;13.44;15.38;14.5;160;-1.0;0
321;2026.03.13 17:30;12.88;14.75;13.94;158;-1.0;0
322;2026.03.13 17:45;12.25;14.12;13.38;156;-1.0;0
323;2026.03.13 18:00;11.5;13.5;12.69;154;-1.0;0
324;2026.03.13 18:15;11;12.81;12.06;151;-1.0;0
325;2026.03.13 18:30;10.5;12.25;11.5;150;-1.0;0
326;2026.03.13 18:45;10;11.75;11;148;-1.0;0
327;2026.03.13 19:00;9.38;11.19;10.5;146;-1.0;0
328;2026.03.13 19:15;9;10.69;10;144;-1.0;0
329;2026.03.13 19:30;8.62;10.25;9.56;143;-1.0;0
330;2026.03.13 19:45;8.25;9.75;9.19;142;-1.0;0
331;2026.03.13 20:00;7.88;9.38;8.75;140;-1.0;0
332;2026.03.13 20:15;7.25;8.94;8.38;139;-1.0;0
333;2026.03.13 20:30;6.88;8.5;8;137;-1.0;0
334;2026.03.13 20:45;6.69;8.12;7.62;136;-1.0;0
335;2026.03.13 21:00;6.44;7.75;7.38;136;-1.0;0
336;2026.03.13 21:15;6.12;7.5;7;135;-1.0;0
337;2026.03.13 21:30;5.94;7.19;6.75;134;-1.0;0
338;2026.03.13 21:45;5.75;6.88;6.5;133;-1.0;0
339;2026.03.13 22:00;5.5;6.62;6.25;133;-1.0;0
340;2026.03.13 22:15;5.38;6.44;6.06;132;-1.0;0
341;2026.03.13 22:30;5.12;6.25;5.88;131;-1.0;0
342;2026.03.13 22:45;4.88;6;5.62;131;-1.0;0
343;2026.03.13 23:00;4.75;5.75;5.38;130;-1.0;0
344;2026.03.13 23:15;4.62;5.62;5.25;130;-1.0;0
345;2026.03.13 23:30;4.5;5.44;5.12;130;-1.0;0
346;2026.03.13 23:45;4.5;5.31;5;129;-1.0;0
347;2026.03.14 00:00;4.44;5.25;4.94;129;-1.0;0
348;2026.03.14 00:15;4.25;5.12;4.81;129;-1.0;0
349;2026.03.14 00:30;4.12;5;4.69;129;-1.0;0
350;2026.03.14 00:45;4;4.88;4.62;129;-1.0;0
351;2026.03.14 01:00;3.94;4.75;4.5;129;-1.0;0
352;2026.03.14 01:15;3.75;4.62;4.38;129;-1.0;0
353;2026.03.14 01:30;3.62;4.5;4.25;128;-1.0;0
354;2026.03.14 01:45;3.5;4.38;4.12;128;-1.0;0
355;2026.03.14 02:00;3.44;4.31;4;128;-1.0;0
356;2026.03.14 02:15;3.25;4.19;3.88;128;-1.0;0
357;2026.03.14 02:30;3.12;4;3.75;128;-1.0;0
358;2026.03.14 02:45;3.12;3.94;3.62;128;-1.0;0
359;2026.03.14 03:00;3;3.88;3.62;128;-1.0;0
360;2026.03.14 03:15;3;3.75;3.5;128;-1.0;0
361;2026.03.14 03:30;2.88;3.69;3.44;128;-1.0;0
362;2026.03.14 03:45;2.94;3.62;3.38;128;-1.0;0
363;2026.03.14 04:00;2.94;3.62;3.38;128;-1.0;0
364;2026.03.14 04:15;2.88;3.56;3.31;128;-1.0;0
365;2026.03.14 04:30;2.75;3.5;3.25;128;-1.0;0
366;2026.03.14 04:45;2.62;3.38;3.12;128;-1.0;0
367;2026.03.14 05:00;2.5;3.25;3;128;-1.0;0
368;2026.03.14 05:15;2.44;3.19;2.94;128;-1.0;0
369;2026.03.14 05:30;2.5;3.12;3;128;-1.0;0
370;2026.03.14 05:45;2.5;3.19;3;129;-1.0;0
371;2026.03.14 06:00;3.19;3.31;3.25;130;-1.0;0
372;2026.03.14 06:15;3.94;3.69;3.62;133;-1.0;0
373;2026.03.14 06:30;4.44;4.12;4.12;135;-1.0;0
374;2026.03.14 06:45;4.62;4.44;4.62;136;-1.0;0
375;2026.03.14 07:00;5.5;4.94;5.19;139;-1.0;0
376;2026.03.14 07:15;5.88;5.44;5.75;141;-1.0;0
377;2026.03.14 07:30;6.25;5.88;6.25;143;-1.0;0
378;2026.03.14 07:45;6.56;6.31;6.56;145;-1.0;0
379;2026.03.14 08:00;6.88;6.62;6.88;146;-1.0;0
380;2026.03.14 08:15;7.25;7;7.25;147;-1.0;0
381;2026.03.14 08:30;7.75;7.38;7.75;149;-1.0;0
382;2026.03.14 08:45;8.25;7.75;8.25;151;-1.0;0
383;2026.03.14 09:00;8.81;8.25;9.12;153;-1.0;0
384;2026.03.14 09:15;9.5;9;10.81;155;-1.0;0
385;2026.03.14 09:30;10.75;10.25;12.88;159;-1.0;0
386;2026.03.14 09:45;11.19;11.19;14.19;160;-1.0;0
387;2026.03.14 10:00;11.38;11.81;15.12;161;-1.0;0
388;2026.03.14 10:15;11.81;12.38;14.19;161;-1.0;0
389;2026.03.14 10:30;12;12.62;14.62;162;-1.0;0
390;2026.03.14 10:45;12.69;13.25;16.25;164;-1.0;0
391;2026.03.14 11:00;14;14.25;16.94;167;-1.0;0
392;2026.03.14 11:15;15.12;15.12;17;170;-1.0;0
393;2026.03.14 11:30;15.88;15.88;17.62;172;-1.0;0
394;2026.03.14 11:45;15.94;16.25;17.19;172;-1.0;0
395;2026.03.14 12:00;15.38;16.19;16.81;170;-1.0;0
396;2026.03.14 12:15;16.38;16.5;17.19;172;-1.0;0
397;2026.03.14 12:30;15.88;16.38;16.38;170;-1.0;0
398;2026.03.14 12:45;16.38;16.56;16.75;172;-1.0;0
399;2026.03.14 13:00;17.75;17.38;18;175;-1.0;0
400;2026.03.14 13:15;16.5;17.12;16.88;172;-1.0;0
401;2026.03.14 13:30;18.25;17.94;18.38;176;-1.0;0
402;2026.03.14 13:45;18.88;18.88;19.38;179;-1.0;0
403;2026.03.14 14:00;18.25;18.94;18.62;178;-1.0;0
404;2026.03.14 14:15;17.62;18.5;17.94;176;-1.0;0
405;2026.03.14 14:30;17.38;18.12;17.62;174;-1.0;0
406;2026.03.14 14:45;17.25;18;17.62;174;-1.0;0
407;2026.03.14 15:00;17.12;17.75;17.25;173;-1.0;0
408;2026.03.14 15:15;16.81;17.5;16.88;172;-1.0;0
409;2026.03.14 15:30;16.62;17.25;16.62;171;-1.0;0
410;2026.03.14 15:45;16.38;17;16.38;170;-1.0;0
411;2026.03.14 16:00;16.25;16.81;16.25;169;-1.0;0
412;2026.03.14 16:15;15.94;16.62;16;168;-1.0;0
413;2026.03.14 16:30;15.31;16.38;15.75;167;-1.0;0
414;2026.03.14 16:45;14.5;15.88;15.25;164;-1.0;0
415;2026.03.14 17:00;13.75;15.38;14.62;162;-1.0;0
416;2026.03.14 17:15;13.06;14.75;14.12;160;-1.0;0
417;2026.03.14 17:30;12.5;14.25;13.5;158;-1.0;0
418;2026.03.14 17:45;11.75;13.62;13;156;-1.0;0
419;2026.03.14 18:00;11.12;13.06;12.44;154;-1.0;0
420;2026.03.14 18:15;11.25;12.75;12.12;153;-1.0;0
421;2026.03.14 18:30;11.5;12.5;11.94;153;-1.0;0
422;2026.03.14 18:45;11.62;12.44;11.94;154;-1.0;0
423;2026.03.14 19:00;11.56;12.38;11.88;153;-1.0;0
424;2026.03.14 19:15;11.44;12.25;11.75;153;-1.0;0
425;2026.03.14 19:30;11.12;12.12;11.62;153;-1.0;0
426;2026.03.14 19:45;10.75;11.81;11.31;152;-1.0;0
427;2026.03.14 20:00;10.38;11.5;11;151;-1.0;0
428;2026.03.14 20:15;10;11.25;10.62;150;-1.0;0
429;2026.03.14 20:30;9.88;10.88;10.19;149;-1.0;0
430;2026.03.14 20:45;9.5;10.5;9.75;148;-1.0;0
431;2026.03.14 21:00;9.12;10;9.25;147;-1.0;0
432;2026.03.14 21:15;8.75;9.62;8.88;146;-1.0;0
433;2026.03.14 21:30;8.38;9.25;8.5;144;-1.0;0
434;2026.03.14 21:45;8.25;8.94;8.38;144;-1.0;0
435;2026.03.14 22:00;8.12;8.75;8.25;143;-1.0;0
436;2026.03.14 22:15;8.06;8.62;8.19;143;-1.0;0
437;2026.03.14 22:30;8.06;8.62;8.19;143;-1.0;0
438;2026.03.14 22:45;7.94;8.5;8.12;143;-1.0;0
439;2026.03.14 23:00;7.81;8.38;8;143;-1.0;0
440;2026.03.14 23:15;7.75;8.31;7.94;142;-1.0;0
441;2026.03.14 23:30;7.62;8.25;7.88;142;-1.0;0
442;2026.03.14 23:45;7.62;8.12;7.75;142;-1.0;0
443;2026.03.15 00:00;7.62;8.06;7.75;142;-1.0;0
444;2026.03.15 00:15;7.5;8;7.69;142;-1.0;0
445;2026.03.15 00:30;7.44;7.94;7.62;142;-1.0;0
446;2026.03.15 00:45;7.31;7.88;7.5;142;-1.0;0
447;2026.03.15 01:00;7.25;7.75;7.5;141;-1.0;0
448;2026.03.15 01:15;7.12;7.75;7.38;141;-1.0;0
449;2026.03.15 01:30;7.06;7.62;7.25;141;-1.0;0
450;2026.03.15 01:45;7;7.56;7.25;141;-1.0;0
451;2026.03.15 02:00;6.94;7.5;7.12;140;-1.0;0
452;2026.03.15 02:15;6.88;7.38;7.12;140;-1.0;0
453;2026.03.15 02:30;6.81;7.38;7;140;-1.0;0
454;2026.03.15 02:45;6.75;7.25;7;140;-1.0;0
455;2026.03.15 03:00;6.75;7.25;6.94;140;-1.0;0
456;2026.03.15 03:15;6.69;7.19;6.88;140;-1.0;0
457;2026.03.15 03:30;6.62;7.12;6.88;140;-1.0;0
458;2026.03.15 03:45;6.62;7.12;6.88;140;-1.0;0
459;2026.03.15 04:00;6.62;7.12;6.81;140;-1.0;0
460;2026.03.15 04:15;6.56;7.06;6.81;140;-1.0;0
461;2026.03.15 04:30;6.56;7.06;6.75;140;-1.0;0
462;2026.03.15 04:45;6.5;7;6.75;140;-1.0;0
463;2026.03.15 05:00;6.5;7;6.75;140;-1.0;0
464;2026.03.15 05:15;6.5;7;6.75;140;-1.0;0
465;2026.03.15 05:30;6.44;7;6.69;140;-1.0;0
466;2026.03.15 05:45;6.44;6.94;6.69;140;-1.0;0
467;2026.03.15 06:00;6.44;6.94;6.69;140;-1.0;0
468;2026.03.15 06:15;6.5;6.94;6.75;140;-1.0;0
469;2026.03.15 06:30;6.5;6.94;6.75;140;-1.0;0
470;2026.03.15 06:45;6.5;7;6.75;140;-1.0;0
471;2026.03.15 07:00;6.62;7;6.88;141;-1.0;0
472;2026.03.15 07:15;6.69;7.06;6.88;141;-1.0;0
473;2026.03.15 07:30;6.81;7.12;7;141;-1.0;0
474;2026.03.15 07:45;6.94;7.25;7.19;142;-1.0;0
475;2026.03.15 08:00;7;7.38;7.31;142;-1.0;0
476;2026.03.15 08:15;7.19;7.5;7.5;143;-1.0;0
477;2026.03.15 08:30;7.25;7.62;7.62;143;-1.0;0
478;2026.03.15 08:45;7.38;7.69;7.62;143;-1.0;0
479;2026.03.15 09:00;7.5;7.81;7.75;144;-1.0;0
480;2026.03.15 09:15;7.69;7.94;7.94;144;-1.0;0
481;2026.03.15 09:30;7.75;8.06;8;145;-1.0;0
482;2026.03.15 09:45;7.81;8.12;8.12;145;-1.0;0
483;2026.03.15 10:00;7.88;8.25;8.19;145;-1.0;0
484;2026.03.15 10:15;7.94;8.31;8.25;145;-1.0;0
485;2026.03.15 10:30;8;8.38;8.31;146;-1.0;0
486;2026.03.15 10:45;8.06;8.44;8.38;146;-1.0;0
487;2026.03.15 11:00;8.25;8.5;8.5;146;-1.0;0
488;2026.03.15 11:15;8.25;8.62;8.62;146;-1.0;0
489;2026.03.15 11:30;8.38;8.69;8.69;147;-1.0;0
490;2026.03.15 11:45;8.5;8.81;8.88;147;-1.0;0
491;2026.03.15 12:00;8.5;8.88;8.88;147;-1.0;0
492;2026.03.15 12:15;8.62;9;8.94;147;-1.0;0
493;2026.03.15 12:30;8.5;9;8.88;147;-1.0;0
494;2026.03.15 12:45;8.5;8.94;8.88;147;-1.0;0
495;2026.03.15 13:00;8.56;9;8.94;147;-1.0;0
496;2026.03.15 13:15;8.5;9;8.88;147;-1.0;0
497;2026.03.15 13:30;8.5;9;8.88;147;-1.0;0
498;2026.03.15 13:45;8.62;9;8.94;147;-1.0;0
499;2026.03.15 14:00;8.5;9;8.88;147;-1.0;0
500;2026.03.15 14:15;8.5;9;8.81;147;-1.0;0
501;2026.03.15 14:30;8.38;8.94;8.69;147;-1.0;0
502;2026.03.15 14:45;8.38;8.88;8.69;147;-1.0;0
503;2026.03.15 15:00;8.25;8.88;8.62;147;-1.0;0
504;2026.03.15 15:15;8.12;8.75;8.56;146;-1.0;0
505;2026.03.15 15:30;8.12;8.75;8.5;146;-1.0;0
506;2026.03.15 15:45;8;8.62;8.38;146;-1.0;0
507;2026.03.15 16:00;8;8.62;8.38;146;-1.0;0
508;2026.03.15 16:15;7.88;8.5;8.25;145;-1.0;0
509;2026.03.15 16:30;7.88;8.5;8.19;145;-1.0;0
510;2026.03.15 16:45;7.81;8.38;8.12;145;-1.0;0
511;2026.03.15 17:00;7.75;8.38;8;145;-1.0;0
512;2026.03.15 17:15;9.12;8.94;9.62;149;-1.0;0
513;2026.03.15 17:30;14.69;11.56;12.75;152;-1.0;0
514;2026.03.15 17:45;17;15.38;16.88;176;-1.0;0
515;2026.03.15 18:00;17.38;16.5;17.25;176;-1.0;0
516;2026.03.15 18:15;15.31;16;15.69;171;-1.0;0
517;2026.03.15 18:30;15;15.69;15.38;170;-1.0;0
518;2026.03.15 18:45;14.88;15.5;15.25;170;-1.0;0
519;2026.03.15 19:00;15;15.5;15.25;170;-1.0;0
520;2026.03.15 19:15;14.94;15.44;15.25;170;-1.0;0
521;2026.03.15 19:30;16.62;16.12;16.19;174;-1.0;0
522;2026.03.15 19:45;17.5;16.88;17;178;-1.0;0
523;2026.03.15 20:00;17.62;17.25;17.25;179;-1.0;0
524;2026.03.15 20:15;17.69;17.5;17.38;180;-1.0;0
525;2026.03.15 20:30;17.75;17.62;17.5;180;-1.0;0
526;2026.03.15 20:45;17.75;17.75;17.5;181;-1.0;0
527;2026.03.15 21:00;17.75;17.81;17.5;181;-1.0;0
528;2026.03.15 21:15;17.75;17.88;17.56;181;-1.0;0
529;2026.03.15 21:30;16.94;17.5;17.12;179;-1.0;0
530;2026.03.15 21:45;16.5;17.25;16.75;177;-1.0;0
531;2026.03.15 22:00;16.25;17;16.5;176;-1.0;0
532;2026.03.15 22:15;16;16.75;16.31;175;-1.0;0
533;2026.03.15 22:30;15.88;16.5;16.12;175;-1.0;0
534;2026.03.15 22:45;15.75;16.38;16;174;-1.0;0
535;2026.03.15 23:00;15.62;16.25;15.88;173;-1.0;0
536;2026.03.15 23:15;15.5;16.12;15.81;173;-1.0;0
537;2026.03.15 23:30;15.5;16.06;15.75;172;-1.0;0
538;2026.03.15 23:45;15.38;16;15.75;172;-1.0;0
539;2026.03.16 00:00;15.38;15.94;15.62;172;-1.0;0
540;2026.03.16 00:15;15.38;15.88;15.62;172;-1.0;0
541;2026.03.16 00:30;15.38;15.88;15.62;171;-1.0;0
542;2026.03.16 00:45;15.31;15.88;15.62;171;-1.0;0
543;2026.03.16 01:00;15.31;15.81;15.56;171;-1.0;0
544;2026.03.16 01:15;15.25;15.81;15.5;171;-1.0;0
545;2026.03.16 01:30;15.25;15.75;15.5;171;-1.0;0
546;2026.03.16 01:45;15.25;15.75;15.5;171;-1.0;0
547;2026.03.16 02:00;15.25;15.75;15.5;170;-1.0;0
548;2026.03.16 02:15;15.25;15.75;15.5;170;-1.0;0
549;2026.03.16 02:30;15.25;15.75;15.5;170;-1.0;0
550;2026.03.16 02:45;15.25;15.75;15.5;170;-1.0;0
551;2026.03.16 03:00;15.25;15.75;15.5;170;-1.0;0
552;2026.03.16 03:15;15.25;15.75;15.5;170;-1.0;0
553;2026.03.16 03:30;15.25;15.69;15.44;170;-1.0;0
554;2026.03.16 03:45;15.25;15.69;15.44;170;-1.0;0
555;2026.03.16 04:00;15.19;15.69;15.38;170;-1.0;0
556;2026.03.16 04:15;15.19;15.62;15.38;170;-1.0;0
557;2026.03.16 04:30;15.12;15.62;15.25;169;-1.0;0
558;2026.03.16 04:45;14.12;15.19;15;166;-1.0;0
559;2026.03.16 05:00;9.62;12.75;11.5;154;-1.0;0
560;2026.03.16 05:15;8.19;11;9.88;149;-1.0;0
561;2026.03.16 05:30;7.5;9.81;8.88;145;-1.0;0
562;2026.03.16 05:45;7.25;9;8.25;143;-1.0;0
563;2026.03.16 06:00;8.62;9.25;9;145;-1.0;0
564;2026.03.16 06:15;8.25;9.06;8.75;144;-1.0;0
565;2026.03.16 06:30;7.94;8.81;8.38;143;-1.0;0
566;2026.03.16 06:45;7.75;8.62;8.12;143;-1.0;0
567;2026.03.16 07:00;8.75;8.81;8.75;145;-1.0;0
568;2026.03.16 07:15;10.44;10;10.38;154;-1.0;0
569;2026.03.16 07:30;11.62;11.12;11.44;156;-1.0;0
570;2026.03.16 07:45;12.88;12.19;12.5;161;-1.0;0
571;2026.03.16 08:00;13.69;13.06;13.38;164;-1.0;0
572;2026.03.16 08:15;13.88;13.5;13.5;170;-1.0;0
573;2026.03.16 08:30;14;13.75;13.5;171;-1.0;0
574;2026.03.16 08:45;15;14.38;14.12;174;-1.0;0
575;2026.03.16 09:00;15.38;14.88;14.62;178;-1.0;0
576;2026.03.16 09:15;13.31;14.12;16.06;690;-1.0;0
577;2026.03.16 09:30;7;10.25;10.12;711;-1.0;0
578;2026.03.16 09:45;6.31;9.12;9.5;716;-1.0;0
579;2026.03.16 10:00;6.12;8.62;9.94;720;-1.0;0
580;2026.03.16 10:15;6.12;8.25;9.25;724;-1.0;0
581;2026.03.16 10:30;6.12;8.12;12.56;727;-1.0;0
582;2026.03.16 10:45;6.12;8.12;14.62;730;-1.0;0
583;2026.03.16 11:00;6.12;8.19;14;733;-1.0;0
584;2026.03.16 11:15;6.12;8.12;11.62;736;-1.0;0
585;2026.03.16 11:30;6.12;8;9.75;738;-1.0;0
586;2026.03.16 11:45;6.19;7.81;8.25;740;-1.0;0
587;2026.03.16 12:00;6.19;7.62;7.44;742;-1.0;0
588;2026.03.16 12:15;6.25;7.5;6.75;744;-1.0;0
589;2026.03.16 12:30;6.25;7.38;6.62;745;-1.0;0
590;2026.03.16 12:45;6.25;7.38;7;747;-1.0;0
591;2026.03.16 13:00;6.25;7.31;7.44;748;-1.0;0
592;2026.03.16 13:15;6.25;7.25;8.12;750;-1.0;0
593;2026.03.16 13:30;6.31;7.25;9;751;-1.0;0
594;2026.03.16 13:45;6.31;7.31;9.44;752;-1.0;0
595;2026.03.16 14:00;6.31;7.38;9.25;753;-1.0;0
596;2026.03.16 14:15;6.38;7.31;8.56;754;-1.0;0
597;2026.03.16 14:30;6.38;7.31;8;755;-1.0;0
598;2026.03.16 14:45;6.38;7.25;7.88;756;-1.0;0
599;2026.03.16 15:00;6.38;7.25;7.44;757;-1.0;0
600;2026.03.16 15:15;6.38;7.12;3.75;758;-1.0;0
601;2026.03.16 15:30;6.38;7;4;759;-1.0;0
602;2026.03.16 15:45;6.38;7;4.12;759;-1.0;0
603;2026.03.16 16:00;6.38;6.94;3.5;760;-1.0;0
604;2026.03.16 16:15;6.38;6.88;3;761;-1.0;0
605;2026.03.16 16:30;6.38;6.75;2.31;762;-1.0;0
606;2026.03.16 16:45;6.38;6.75;1.81;763;-1.0;0
607;2026.03.16 17:00;6.44;6.62;1.12;763;-1.0;0
608;2026.03.16 17:15;6.44;6.5;0.62;764;-1.0;0
609;2026.03.16 17:30;6.44;6.5;0.38;765;-1.0;0
610;2026.03.16 17:45;6.38;6.38;0.38;766;-1.0;0
611;2026.03.16 18:00;6.38;6.38;0.62;766;-1.0;0
612;2026.03.16 18:15;6.38;6.31;1.19;767;-1.0;0
613;2026.03.16 18:30;6.38;6.25;1.38;768;-1.0;0
614;2026.03.16 18:45;6.38;6.25;1.38;768;-1.0;0
615;2026.03.16 19:00;6.38;6.25;1.12;769;-1.0;0
616;2026.03.16 19:15;6.38;6.19;1.12;770;-1.0;0
617;2026.03.16 19:30;6.38;6.12;1.31;770;-1.0;0
618;2026.03.16 19:45;6.38;6.12;1.19;771;-1.0;0
619;2026.03.16 20:00;6.31;6.12;0.62;772;-1.0;0
620;2026.03.16 20:15;6.31;6.06;0.12;772;-1.0;0
621;2026.03.16 20:30;6.25;6;-0.5;773;-1.0;0
622;2026.03.16 20:45;6.25;5.88;-1.12;773;-1.0;0
623;2026.03.16 21:00;6.25;5.88;-1.31;774;-1.0;0
624;2026.03.16 21:15;6.25;5.75;-1.44;774;-1.0;0
625;2026.03.16 21:30;6.25;5.75;-1.44;775;-1.0;0
626;2026.03.16 21:45;6.19;5.62;-1.75;775;-1.0;0
627;2026.03.16 22:00;6.19;5.62;-2;776;-1.0;0
628;2026.03.16 22:15;6.12;5.56;-1.75;777;-1.0;0
629;2026.03.16 22:30;6.12;5.5;-1.44;777;-1.0;0
630;2026.03.16 22:45;6.12;5.5;-1.75;778;-1.0;0
631;2026.03.16 23:00;6.06;5.44;-1.88;778;-1.0;0
632;2026.03.16 23:15;6.06;5.38;-2.25;779;-1.0;0
633;2026.03.16 23:30;6;5.31;-2.25;779;-1.0;0
634;2026.03.16 23:45;6;5.25;-2.38;780;-1.0;0
635;2026.03.17 00:00;6;5.25;-2.19;780;-1.0;0
636;2026.03.17 00:15;5.94;5.19;-2;781;-1.0;0
637;2026.03.17 00:30;5.88;5.12;-2;781;-1.0;0
638;2026.03.17 00:45;5.88;5.12;-1.75;782;-1.0;0
639;2026.03.17 01:00;5.88;5.12;-1.88;782;-1.0;0
640;2026.03.17 01:15;5.88;5.06;-2.38;783;-1.0;0
641;2026.03.17 01:30;5.81;5;-2.75;783;-1.0;0
642;2026.03.17 01:45;5.75;4.94;-3;784;-1.0;0
643;2026.03.17 02:00;5.75;4.88;-3.12;784;-1.0;0
644;2026.03.17 02:15;5.75;4.88;-3.38;784;-1.0;0
645;2026.03.17 02:30;5.69;4.75;-3.5;785;-1.0;0
646;2026.03.17 02:45;5.62;4.75;-3.62;785;-1.0;0
647;2026.03.17 03:00;5.62;4.69;-3.88;786;-1.0;0
648;2026.03.17 03:15;5.62;4.62;-3.88;786;-1.0;0
649;2026.03.17 03:30;5.56;4.62;-4;787;-1.0;0
650;2026.03.17 03:45;5.5;4.5;-4.12;787;-1.0;0
651;2026.03.17 04:00;5.5;4.5;-4.31;788;-1.0;0
652;2026.03.17 04:15;5.5;4.44;-4.5;788;-1.0;0
653;2026.03.17 04:30;5.44;4.38;-4.38;789;-1.0;0
654;2026.03.17 04:45;5.38;4.38;-4.5;789;-1.0;0
655;2026.03.17 05:00;5.38;4.31;-4.5;789;-1.0;0
656;2026.03.17 05:15;5.38;4.25;-4.56;790;-1.0;0
657;2026.03.17 05:30;5.38;4.25;-4.5;790;-1.0;0
658;2026.03.17 05:45;5.25;4.25;-4.25;791;-1.0;0
659;2026.03.17 06:00;5.25;4.19;-3.94;791;-1.0;0
660;2026.03.17 06:15;5.25;4.12;-3.25;792;-1.0;0
661;2026.03.17 06:30;5.19;4.12;-1.94;792;-1.0;0
662;2026.03.17 06:45;5.19;4.19;-1.31;793;-1.0;0
663;2026.03.17 07:00;5.12;4.19;-0.75;793;-1.0;0
664;2026.03.17 07:15;5.12;4.19;0;793;-1.0;0
665;2026.03.17 07:30;5.12;4.19;0.5;794;-1.0;0
666;2026.03.17 07:45;5.06;4.25;1.5;794;-1.0;0
667;2026.03.17 08:00;5;4.25;1.5;795;-1.0;0
668;2026.03.17 08:15;5;4.31;3;795;-1.0;0
669;2026.03.17 08:30;5;4.38;4;795;-1.0;0
670;2026.03.17 08:45;4.94;4.5;5.75;796;-1.0;0
671;2026.03.17 09:00;4.94;4.62;6;796;-1.0;0
672;2026.03.17 09:15;4.88;4.75;7.88;797;-1.0;0
673;2026.03.17 09:30;4.88;4.88;8.12;797;-1.0;0
674;2026.03.17 09:45;4.88;5;6.88;797;-1.0;0
675;2026.03.17 10:00;4.88;5;8.25;798;-1.0;0
676;2026.03.17 10:15;4.81;5.12;8.5;798;-1.0;0
677;2026.03.17 10:30;4.81;5.25;10.38;798;-1.0;0
678;2026.03.17 10:45;4.81;5.31;7.75;799;-1.0;0
679;2026.03.17 11:00;4.75;5.38;12.38;799;-1.0;0
680;2026.03.17 11:15;4.75;5.56;10.06;799;-1.0;0
681;2026.03.17 11:30;4.81;5.56;9.5;800;-1.0;0
682;2026.03.17 11:45;4.81;5.62;11.12;800;-1.0;0
683;2026.03.17 12:00;4.81;5.62;9.31;800;-1.0;0
684;2026.03.17 12:15;4.81;5.75;13.38;800;-1.0;0
685;2026.03.17 12:30;4.88;5.88;13.38;801;-1.0;0
686;2026.03.17 12:45;4.88;5.94;9.38;801;-1.0;0
687;2026.03.17 13:00;4.88;5.88;10.75;801;-1.0;0
688;2026.03.17 13:15;4.88;6;11.06;801;-1.0;0
689;2026.03.17 13:30;4.88;6;10.75;801;-1.0;0
690;2026.03.17 13:45;4.94;6;9.75;801;-1.0;0
691;2026.03.17 14:00;4.94;6;8;802;-1.0;0
692;2026.03.17 14:15;5;5.88;6.62;802;-1.0;0
693;2026.03.17 14:30;5;5.88;7;802;-1.0;0
694;2026.03.17 14:45;5;5.81;7.88;802;-1.0;0
695;2026.03.17 15:00;5.06;5.81;6.88;802;-1.0;0
696;2026.03.17 15:15;5.06;5.75;5.88;802;-1.0;0
697;2026.03.17 15:30;5.12;5.75;5.62;803;-1.0;0
698;2026.03.17 15:45;5.12;5.75;6.94;803;-1.0;0
699;2026.03.17 16:00;5.12;5.75;6.56;803;-1.0;0
700;2026.03.17 16:15;5.12;5.69;5.38;803;-1.0;0
701;2026.03.17 16:30;5.12;5.62;4.5;803;-1.0;0
702;2026.03.17 16:45;5.19;5.62;4.25;804;-1.0;0
703;2026.03.17 17:00;5.19;5.56;3.25;804;-1.0;0
704;2026.03.17 17:15;5.25;5.5;1.88;804;-1.0;0
705;2026.03.17 17:30;5.25;5.38;0.88;804;-1.0;0
706;2026.03.17 17:45;5.25;5.31;-0.12;804;-1.0;0
707;2026.03.17 18:00;5.25;5.25;0;805;-1.0;0
708;2026.03.17 18:15;5.25;5.12;0.62;805;-1.0;0
709;2026.03.17 18:30;5.25;5.12;0.5;805;-1.0;0
710;2026.03.17 18:45;5.25;5.12;1.38;805;-1.0;0
711;2026.03.17 19:00;5.25;5.12;1.75;806;-1.0;0
712;2026.03.17 19:15;5.25;5.06;1;806;-1.0;0
713;2026.03.17 19:30;5.25;5;-0.06;806;-1.0;0
714;2026.03.17 19:45;5.25;5;-1;807;-1.0;0
715;2026.03.17 20:00;5.25;4.88;-1.38;807;-1.0;0
716;2026.03.17 20:15;5.25;4.88;-1.62;807;-1.0;0
717;2026.03.17 20:30;5.25;4.75;-1.62;807;-1.0;0
718;2026.03.17 20:45;5.25;4.75;-1.5;808;-1.0;0
719;2026.03.17 21:00;5.25;4.69;-1.62;808;-1.0;0
720;2026.03.17 21:15;5.25;4.62;-1.12;808;-1.0;0
721;2026.03.17 21:30;5.25;4.62;-1.19;809;-1.0;0
722;2026.03.17 21:45;5.19;4.62;-1.38;809;-1.0;0
723;2026.03.17 22:00;5.19;4.62;-1.56;809;-1.0;0
724;2026.03.17 22:15;5.19;4.56;-2;809;-1.0;0
725;2026.03.17 22:30;5.12;4.5;-2;810;-1.0;0
726;2026.03.17 22:45;5.12;4.5;-1.75;810;-1.0;0
727;2026.03.17 23:00;5.12;4.44;-2.06;810;-1.0;0
728;2026.03.17 23:15;5.12;4.38;-2.38;811;-1.0;0
729;2026.03.17 23:30;5.12;4.38;-2.5;811;-1.0;0
730;2026.03.17 23:45;5.06;4.38;-2.56;811;-1.0;0
731;2026.03.18 00:00;5;4.31;-2.62;811;-1.0;0
732;2026.03.18 00:15;5;4.25;-2.5;812;-1.0;0
733;2026.03.18 00:30;5;4.25;-1.94;812;-1.0;0
734;2026.03.18 00:45;5;4.25;-1.5;812;-1.0;0
735;2026.03.18 01:00;5;4.25;-1.25;812;-1.0;0
736;2026.03.18 01:15;4.94;4.25;-1.12;813;-1.0;0
737;2026.03.18 01:30;4.94;4.25;-1;813;-1.0;0
738;2026.03.18 01:45;4.88;4.25;-0.75;813;-1.0;0
739;2026.03.18 02:00;4.88;4.25;-0.81;813;-1.0;0
740;2026.03.18 02:15;4.88;4.25;-0.88;814;-1.0;0
741;2026.03.18 02:30;4.88;4.19;-0.69;814;-1.0;0
742;2026.03.18 02:45;4.81;4.19;-0.38;814;-1.0;0
743;2026.03.18 03:00;4.81;4.19;-0.12;815;-1.0;0
744;2026.03.18 03:15;4.75;4.19;0.12;815;-1.0;0
745;2026.03.18 03:30;4.75;4.19;0.19;815;-1.0;0
746;2026.03.18 03:45;4.75;4.19;1.31;815;-1.0;0
747;2026.03.18 04:00;4.75;4.25;1.38;816;-1.0;0
748;2026.03.18 04:15;4.75;4.25;0.75;816;-1.0;0
749;2026.03.18 04:30;4.69;4.19;-0.5;816;-1.0;0
750;2026.03.18 04:45;4.69;4.12;-1.38;816;-1.0;0
751;2026.03.18 05:00;4.62;4.12;-1.56;816;-1.0;0
752;2026.03.18 05:15;4.62;4.06;-2;817;-1.0;0
753;2026.03.18 05:30;4.62;4;-2.25;817;-1.0;0
754;2026.03.18 05:45;4.62;4;-2.12;817;-1.0;0
755;2026.03.18 06:00;4.62;3.94;-1.88;817;-1.0;0
756;2026.03.18 06:15;4.62;3.94;-1.5;817;-1.0;0
757;2026.03.18 06:30;4.56;3.88;-0.75;818;-1.0;0
758;2026.03.18 06:45;4.56;3.94;-0.12;818;-1.0;0
759;2026.03.18 07:00;4.5;4;0.5;818;-1.0;0
760;2026.03.18 07:15;4.5;4;1.38;818;-1.0;0
761;2026.03.18 07:30;4.5;4;2.38;818;-1.0;0
762;2026.03.18 07:45;4.5;4.06;3.38;819;-1.0;0
763;2026.03.18 08:00;4.5;4.12;3.88;819;-1.0;0
764;2026.03.18 08:15;4.44;4.25;5.94;819;-1.0;0
765;2026.03.18 08:30;4.44;4.38;8.38;819;-1.0;0
766;2026.03.18 08:45;4.38;4.56;10.88;820;-1.0;0
767;2026.03.18 09:00;4.38;4.75;10.44;820;-1.0;0
768;2026.03.18 09:15;4.38;4.88;11.75;820;-1.0;0
769;2026.03.18 09:30;4.38;5;11.88;821;-1.0;0
770;2026.03.18 09:45;4.38;5.19;13.06;821;-1.0;0
771;2026.03.18 10:00;4.38;5.38;15.56;821;-1.0;0
772;2026.03.18 10:15;4.38;5.69;16.88;821;-1.0;0
773;2026.03.18 10:30;4.38;5.88;15.5;822;-1.0;0
774;2026.03.18 10:45;4.38;5.88;14;822;-1.0;0
775;2026.03.18 11:00;4.38;6;17.38;822;-1.0;0
776;2026.03.18 11:15;4.44;6.12;15.88;822;-1.0;0
777;2026.03.18 11:30;4.5;6.25;15.25;822;-1.0;0
778;2026.03.18 11:45;4.5;6.25;15.12;822;-1.0;0
779;2026.03.18 12:00;4.5;6.38;17;822;-1.0;0
780;2026.03.18 12:15;4.56;6.56;18.62;822;-1.0;0
781;2026.03.18 12:30;4.62;6.69;15.38;822;-1.0;0
782;2026.03.18 12:45;4.62;6.62;13.25;822;-1.0;0
783;2026.03.18 13:00;4.62;6.62;15.06;822;-1.0;0
784;2026.03.18 13:15;4.75;6.75;16.38;822;-1.0;0
785;2026.03.18 13:30;4.75;6.81;16.88;822;-1.0;0
786;2026.03.18 13:45;4.75;6.88;15.5;822;-1.0;0
787;2026.03.18 14:00;4.81;6.88;14.75;822;-1.0;0
788;2026.03.18 14:15;4.88;6.88;14.12;822;-1.0;0
789;2026.03.18 14:30;4.88;6.88;12.88;822;-1.0;0
790;2026.03.18 14:45;5;6.81;13.06;822;-1.0;0
791;2026.03.18 15:00;5;6.75;12.25;822;-1.0;0
792;2026.03.18 15:15;5.06;6.75;12.12;822;-1.0;0
793;2026.03.18 15:30;5.12;6.75;11.62;822;-1.0;0
794;2026.03.18 15:45;5.12;6.75;10.69;822;-1.0;0
795;2026.03.18 16:00;5.19;6.62;10.31;822;-1.0;0
796;2026.03.18 16:15;5.25;6.62;9.5;822;-1.0;0
797;2026.03.18 16:30;5.25;6.62;9.06;822;-1.0;0
798;2026.03.18 16:45;5.25;6.5;8.69;822;-1.0;0
799;2026.03.18 17:00;5.31;6.5;8.31;822;-1.0;0
800;2026.03.18 17:15;5.38;6.44;7.38;822;-1.0;0
801;2026.03.18 17:30;5.38;6.38;6.5;822;-1.0;0
802;2026.03.18 17:45;5.38;6.31;5.38;822;-1.0;0
803;2026.03.18 18:00;5.44;6.25;5.81;823;-1.0;0
804;2026.03.18 18:15;5.5;6.25;6.5;823;-1.0;0
805;2026.03.18 18:30;5.5;6.19;6.19;823;-1.0;0
806;2026.03.18 18:45;5.5;6.19;6.19;823;-1.0;0
807;2026.03.18 19:00;5.5;6.12;5.62;823;-1.0;0
808;2026.03.18 19:15;5.5;6.12;4.62;823;-1.0;0
809;2026.03.18 19:30;5.5;6.06;3.5;823;-1.0;0
810;2026.03.18 19:45;5.5;6;2;823;-1.0;0
811;2026.03.18 20:00;5.56;5.88;1.62;824;-1.0;0
812;2026.03.18 20:15;5.56;5.81;2.75;824;-1.0;0
813;2026.03.18 20:30;5.56;5.75;2.75;824;-1.0;0
814;2026.03.18 20:45;5.56;5.75;3.44;824;-1.0;0
815;2026.03.18 21:00;5.56;5.75;3.38;824;-1.0;0
816;2026.03.18 21:15;5.56;5.75;2.62;824;-1.0;0
817;2026.03.18 21:30;5.56;5.69;2;825;-1.0;0
818;2026.03.18 21:45;5.56;5.62;1.25;825;-1.0;0
819;2026.03.18 22:00;5.56;5.56;0.31;825;-1.0;0
820;2026.03.18 22:15;5.56;5.5;-0.31;825;-1.0;0
821;2026.03.18 22:30;5.5;5.38;-0.75;825;-1.0;0
822;2026.03.18 22:45;5.5;5.38;-1;826;-1.0;0
823;2026.03.18 23:00;5.5;5.25;-1.25;826;-1.0;0
824;2026.03.18 23:15;5.5;5.19;-1.38;826;-1.0;0
825;2026.03.18 23:30;5.5;5.12;-1.38;826;-1.0;0
826;2026.03.18 23:45;5.5;5.12;-1.5;826;-1.0;0
827;2026.03.19 00:00;5.5;5;-1.38;827;-1.0;0
828;2026.03.19 00:15;5.44;5;-1.88;827;-1.0;0
829;2026.03.19 00:30;5.44;4.94;-2;827;-1.0;0
830;2026.03.19 00:45;5.38;4.88;-2.06;827;-1.0;0
831;2026.03.19 01:00;5.38;4.88;-2.12;827;-1.0;0
832;2026.03.19 01:15;5.38;4.75;-2.12;828;-1.0;0
833;2026.03.19 01:30;5.38;4.75;-2.06;828;-1.0;0
834;2026.03.19 01:45;5.31;4.75;-2.25;828;-1.0;0
835;2026.03.19 02:00;5.31;4.62;-2.25;828;-1.0;0
836;2026.03.19 02:15;5.25;4.62;-2.44;828;-1.0;0
837;2026.03.19 02:30;5.25;4.62;-2.5;829;-1.0;0
838;2026.03.19 02:45;5.25;4.5;-2.94;829;-1.0;0
839;2026.03.19 03:00;5.25;4.5;-3.06;829;-1.0;0
840;2026.03.19 03:15;5.19;4.44;-3.12;829;-1.0;0
841;2026.03.19 03:30;5.12;4.38;-3;830;-1.0;0
842;2026.03.19 03:45;5.12;4.38;-3;830;-1.0;0
843;2026.03.19 04:00;5.12;4.31;-3;830;-1.0;0
844;2026.03.19 04:15;5.12;4.25;-3.31;830;-1.0;0
845;2026.03.19 04:30;5.06;4.25;-3.38;830;-1.0;0
846;2026.03.19 04:45;5;4.19;-3.12;831;-1.0;0
847;2026.03.19 05:00;5;4.12;-3.19;831;-1.0;0
848;2026.03.19 05:15;5;4.12;-3.12;831;-1.0;0
849;2026.03.19 05:30;5;4.12;-2.69;831;-1.0;0
850;2026.03.19 05:45;4.94;4.06;-2.5;832;-1.0;0
851;2026.03.19 06:00;4.88;4.06;-2.44;832;-1.0;0
852;2026.03.19 06:15;4.88;4;-1.81;832;-1.0;0
853;2026.03.19 06:30;4.88;4.06;-0.38;832;-1.0;0
854;2026.03.19 06:45;4.81;4.12;0.12;833;-1.0;0
855;2026.03.19 07:00;4.81;4.12;0.38;833;-1.0;0
856;2026.03.19 07:15;4.75;4.12;1;833;-1.0;0
857;2026.03.19 07:30;4.75;4.19;2.25;833;-1.0;0
858;2026.03.19 07:45;4.75;4.25;3.81;834;-1.0;0
859;2026.03.19 08:00;4.75;4.38;5.5;834;-1.0;0
860;2026.03.19 08:15;4.69;4.5;9.25;834;-1.0;0
861;2026.03.19 08:30;4.69;4.75;11.12;834;-1.0;0
862;2026.03.19 08:45;4.62;5;13.25;835;-1.0;0
863;2026.03.19 09:00;4.62;5.25;14.62;835;-1.0;0
864;2026.03.19 09:15;4.62;5.5;15;835;-1.0;0
865;2026.03.19 09:30;4.62;5.75;15.88;835;-1.0;0
866;2026.03.19 09:45;4.62;6;16.25;836;-1.0;0
867;2026.03.19 10:00;4.62;6.19;17.31;836;-1.0;0
868;2026.03.19 10:15;4.62;6.38;17.94;836;-1.0;0
869;2026.03.19 10:30;4.62;6.5;17.88;836;-1.0;0
870;2026.03.19 10:45;4.62;6.62;18.75;836;-1.0;0
871;2026.03.19 11:00;4.62;6.75;18.56;836;-1.0;0
872;2026.03.19 11:15;4.62;6.88;18.88;836;-1.0;0
873;2026.03.19 11:30;4.62;7;18.81;836;-1.0;0
874;2026.03.19 11:45;4.69;7.12;19.06;836;-1.0;0
875;2026.03.19 12:00;4.75;7.19;19.38;836;-1.0;0
876;2026.03.19 12:15;4.75;7.25;19.12;836;-1.0;0
877;2026.03.19 12:30;4.75;7.38;18.38;836;-1.0;0
878;2026.03.19 12:45;4.88;7.38;18.75;836;-1.0;0
879;2026.03.19 13:00;4.88;7.5;18.25;835;-1.0;0
880;2026.03.19 13:15;4.94;7.5;19;835;-1.0;0
881;2026.03.19 13:30;5;7.56;17.62;835;-1.0;0
882;2026.03.19 13:45;5;7.5;15.88;835;-1.0;0
883;2026.03.19 14:00;5.06;7.5;14.88;835;-1.0;0
884;2026.03.19 14:15;5.12;7.38;12.88;835;-1.0;0
885;2026.03.19 14:30;5.19;7.25;12.06;834;-1.0;0
886;2026.03.19 14:45;5.25;7.12;11;834;-1.0;0
887;2026.03.19 15:00;5.25;7.06;10.25;834;-1.0;0
888;2026.03.19 15:15;5.31;7;9.62;834;-1.0;0
889;2026.03.19 15:30;5.38;6.88;9.44;834;-1.0;0
890;2026.03.19 15:45;5.38;6.88;9.31;834;-1.0;0
891;2026.03.19 16:00;5.44;6.75;8.25;834;-1.0;0
892;2026.03.19 16:15;5.5;6.75;7.25;834;-1.0;0
893;2026.03.19 16:30;5.5;6.62;5.94;834;-1.0;0
894;2026.03.19 16:45;5.5;6.56;4.5;834;-1.0;0
895;2026.03.19 17:00;5.56;6.44;3.38;834;-1.0;0
896;2026.03.19 17:15;5.62;6.31;2.75;834;-1.0;0
897;2026.03.19 17:30;5.62;6.25;2.19;835;-1.0;0
898;2026.03.19 17:45;5.62;6.12;1.62;835;-1.0;0
899;2026.03.19 18:00;5.62;6;1;835;-1.0;0
900;2026.03.19 18:15;5.62;6;0.69;835;-1.0;0
901;2026.03.19 18:30;5.62;5.88;0.5;836;-1.0;0
902;2026.03.19 18:45;5.69;5.81;0.56;836;-1.0;0
903;2026.03.19 19:00;5.69;5.75;0.62;836;-1.0;0
904;2026.03.19 19:15;5.69;5.69;0.25;836;-1.0;0
905;2026.03.19 19:30;5.69;5.62;-0.19;837;-1.0;0
906;2026.03.19 19:45;5.69;5.56;-0.38;837;-1.0;0
907;2026.03.19 20:00;5.69;5.5;-0.5;837;-1.0;0
908;2026.03.19 20:15;5.69;5.5;-0.88;838;-1.0;0
909;2026.03.19 20:30;5.62;5.38;-1.62;838;-1.0;0
910;2026.03.19 20:45;5.62;5.31;-1.75;838;-1.0;0
911;2026.03.19 21:00;5.62;5.25;-1.94;838;-1.0;0
912;2026.03.19 21:15;5.62;5.19;-1.62;839;-1.0;0
913;2026.03.19 21:30;5.62;5.12;-1.25;839;-1.0;0
914;2026.03.19 21:45;5.62;5.12;-1.06;839;-1.0;0
915;2026.03.19 22:00;5.62;5.12;-1;840;-1.0;0
916;2026.03.19 22:15;5.56;5.06;-1.88;840;-1.0;0
917;2026.03.19 22:30;5.56;5;-2.25;840;-1.0;0
918;2026.03.19 22:45;5.5;5;-2.19;840;-1.0;0
919;2026.03.19 23:00;5.5;4.88;-2.44;841;-1.0;0
920;2026.03.19 23:15;5.5;4.88;-2.62;841;-1.0;0
921;2026.03.19 23:30;5.5;4.81;-2.5;841;-1.0;0
922;2026.03.19 23:45;5.44;4.75;-2.62;841;-1.0;0
923;2026.03.20 00:00;5.44;4.75;-2.88;842;-1.0;0
924;2026.03.20 00:15;5.38;4.62;-2.88;842;-1.0;0
925;2026.03.20 00:30;5.38;4.62;-2.88;842;-1.0;0
926;2026.03.20 00:45;5.38;4.62;-3.12;843;-1.0;0
927;2026.03.20 01:00;5.38;4.5;-3.12;843;-1.0;0
928;2026.03.20 01:15;5.31;4.5;-3.06;843;-1.0;0
929;2026.03.20 01:30;5.25;4.5;-2.94;843;-1.0;0
930;2026.03.20 01:45;5.25;4.44;-2.94;844;-1.0;0
931;2026.03.20 02:00;5.25;4.38;-3.12;844;-1.0;0
932;2026.03.20 02:15;5.25;4.38;-3.12;844;-1.0;0
933;2026.03.20 02:30;5.19;4.38;-3.06;844;-1.0;0
934;2026.03.20 02:45;5.12;4.25;-3.38;845;-1.0;0
935;2026.03.20 03:00;5.12;4.25;-3.56;845;-1.0;0
936;2026.03.20 03:15;5.12;4.25;-3.5;845;-1.0;0
937;2026.03.20 03:30;5.12;4.19;-3.5;845;-1.0;0
938;2026.03.20 03:45;5.06;4.12;-3.69;846;-1.0;0
939;2026.03.20 04:00;5;4.12;-3.75;846;-1.0;0
940;2026.03.20 04:15;5;4.06;-4;846;-1.0;0
941;2026.03.20 04:30;5;4;-4.12;846;-1.0;0
942;2026.03.20 04:45;5;4;-4.31;847;-1.0;0
943;2026.03.20 05:00;4.94;3.94;-4.25;847;-1.0;0
944;2026.03.20 05:15;4.88;3.88;-4.12;847;-1.0;0
945;2026.03.20 05:30;4.88;3.88;-3.81;848;-1.0;0
946;2026.03.20 05:45;4.88;3.88;-3.62;848;-1.0;0
947;2026.03.20 06:00;4.81;3.88;-3.38;848;-1.0;0
948;2026.03.20 06:15;4.81;3.88;-2.62;849;-1.0;0
949;2026.03.20 06:30;4.75;3.88;-1.44;849;-1.0;0
950;2026.03.20 06:45;4.75;3.88;-0.62;849;-1.0;0
951;2026.03.20 07:00;4.75;3.88;0.06;849;-1.0;0
952;2026.03.20 07:15;4.69;3.94;0.94;850;-1.0;0
953;2026.03.20 07:30;4.69;4;2.62;850;-1.0;0
954;2026.03.20 07:45;4.62;4.12;4.12;850;-1.0;0
955;2026.03.20 08:00;4.62;4.25;6.44;851;-1.0;0
956;2026.03.20 08:15;4.62;4.38;7.75;851;-1.0;0
957;2026.03.20 08:30;4.62;4.5;8.5;851;-1.0;0
958;2026.03.20 08:45;4.56;4.69;11.38;851;-1.0;0
959;2026.03.20 09:00;4.56;4.94;14;852;-1.0;0
960;2026.03.20 09:15;4.5;5.19;14.38;852;-1.0;0
961;2026.03.20 09:30;4.5;5.5;15.75;852;-1.0;0
962;2026.03.20 09:45;4.5;5.75;15;852;-1.0;0
963;2026.03.20 10:00;4.5;5.75;13;853;-1.0;0
964;2026.03.20 10:15;4.5;5.81;14.88;853;-1.0;0
965;2026.03.20 10:30;4.5;5.88;13.06;853;-1.0;0
966;2026.03.20 10:45;4.56;5.88;11.94;853;-1.0;0
967;2026.03.20 11:00;4.56;5.88;12.44;853;-1.0;0
968;2026.03.20 11:15;4.56;5.88;13;853;-1.0;0
969;2026.03.20 11:30;4.62;6;14.69;853;-1.0;0
970;2026.03.20 11:45;4.62;6.12;17.69;853;-1.0;0
971;2026.03.20 12:00;4.62;6.38;17.44;853;-1.0;0
972;2026.03.20 12:15;4.62;6.5;17.62;853;-1.0;0
973;2026.03.20 12:30;4.69;6.56;14.62;853;-1.0;0
974;2026.03.20 12:45;4.75;6.5;12.75;853;-1.0;0
975;2026.03.20 13:00;4.75;6.5;13.06;853;-1.0;0
976;2026.03.20 13:15;4.75;6.5;12.88;853;-1.0;0
977;2026.03.20 13:30;4.81;6.5;12;853;-1.0;0
978;2026.03.20 13:45;4.88;6.5;11.88;853;-1.0;0
979;2026.03.20 14:00;4.88;6.5;12.44;853;-1.0;0
980;2026.03.20 14:15;4.94;6.5;13.06;853;-1.0;0
981;2026.03.20 14:30;5;6.5;12.69;853;-1.0;0
982;2026.03.20 14:45;5;6.5;11.75;853;-1.0;0
983;2026.03.20 15:00;5;6.5;11.75;853;-1.0;0
984;2026.03.20 15:15;5.06;6.56;11.5;853;-1.0;0
985;2026.03.20 15:30;5.12;6.56;11.25;853;-1.0;0
986;2026.03.20 15:45;5.12;6.56;10.88;853;-1.0;0
987;2026.03.20 16:00;5.12;6.5;10.12;853;-1.0;0
988;2026.03.20 16:15;5.19;6.5;9.62;853;-1.0;0
989;2026.03.20 16:30;5.25;6.5;9.25;853;-1.0;0
990;2026.03.20 16:45;5.25;6.5;8.75;853;-1.0;0
991;2026.03.20 17:00;5.25;6.44;8;853;-1.0;0
992;2026.03.20 17:15;5.31;6.38;7.25;853;-1.0;0
993;2026.03.20 17:30;5.38;6.38;6.5;853;-1.0;0
994;2026.03.20 17:45;5.38;6.31;5.5;853;-1.0;0
995;2026.03.20 18:00;5.38;6.25;4.62;854;-1.0;0
996;2026.03.20 18:15;5.38;6.19;3.88;854;-1.0;0
997;2026.03.20 18:30;5.44;6.12;3.38;854;-1.0;0
998;2026.03.20 18:45;5.5;6.06;3.38;854;-1.0;0
999;2026.03.20 19:00;5.5;6;3.69;854;-1.0;0
1000;2026.03.20 19:15;5.5;6;3.62;854;-1.0;0
1001;2026.03.20 19:30;5.5;5.94;3.19;854;-1.0;0
1002;2026.03.20 19:45;5.5;5.88;2.5;854;-1.0;0
1003;2026.03.20 20:00;5.5;5.81;1.5;854;-1.0;0
1004;2026.03.20 20:15;5.5;5.75;1;855;-1.0;0
1005;2026.03.20 20:30;5.5;5.69;1.25;855;-1.0;0
1006;2026.03.20 20:45;5.5;5.62;1;855;-1.0;0
1007;2026.03.20 21:00;5.5;5.62;0.94;855;-1.0;0
1008;2026.03.20 21:15;5.5;5.56;0.94;855;-1.0;0
1009;2026.03.20 21:30;5.5;5.5;1.12;855;-1.0;0
1010;2026.03.20 21:45;5.5;5.5;1.56;856;-1.0;0
1011;2026.03.20 22:00;5.5;5.5;1.81;856;-1.0;0
1012;2026.03.20 22:15;5.5;5.5;1.44;856;-1.0;0
1013;2026.03.20 22:30;5.5;5.44;1.25;856;-1.0;0
1014;2026.03.20 22:45;5.5;5.38;1.5;856;-1.0;0
1015;2026.03.20 23:00;5.5;5.38;1.75;856;-1.0;0
1016;2026.03.20 23:15;5.5;5.38;2;856;-1.0;0
1017;2026.03.20 23:30;5.5;5.38;2.31;857;-1.0;0
1018;2026.03.20 23:45;5.5;5.38;2.62;857;-1.0;0
1019;2026.03.21 00:00;5.5;5.38;2.88;857;-1.0;0
1020;2026.03.21 00:15;5.44;5.38;3;857;-1.0;0
1021;2026.03.21 00:30;5.44;5.38;3;857;-1.0;0
1022;2026.03.21 00:45;5.38;5.38;3.12;858;-1.0;0
1023;2026.03.21 01:00;5.38;5.44;3.19;858;-1.0;0
1024;2026.03.21 01:15;5.38;5.38;3.31;858;-1.0;0
1025;2026.03.21 01:30;5.38;5.44;3.38;858;-1.0;0
1026;2026.03.21 01:45;5.38;5.38;3.44;858;-1.0;0
1027;2026.03.21 02:00;5.38;5.38;3.38;858;-1.0;0
1028;2026.03.21 02:15;5.38;5.38;3.38;858;-1.0;0
1029;2026.03.21 02:30;5.38;5.38;3.25;858;-1.0;0
1030;2026.03.21 02:45;5.38;5.38;3.25;859;-1.0;0
1031;2026.03.21 03:00;5.31;5.38;3.19;859;-1.0;0
1032;2026.03.21 03:15;5.31;5.38;3.19;859;-1.0;0
1033;2026.03.21 03:30;5.31;5.38;3.25;859;-1.0;0
1034;2026.03.21 03:45;5.25;5.38;3.19;859;-1.0;0
1035;2026.03.21 04:00;5.25;5.38;3.12;859;-1.0;0
1036;2026.03.21 04:15;5.25;5.38;3;859;-1.0;0
1037;2026.03.21 04:30;5.25;5.38;3.06;859;-1.0;0
1038;2026.03.21 04:45;5.25;5.38;3.06;859;-1.0;0
1039;2026.03.21 05:00;5.25;5.31;3.12;860;-1.0;0
1040;2026.03.21 05:15;5.25;5.31;3.12;860;-1.0;0
1041;2026.03.21 05:30;5.25;5.31;3.25;860;-1.0;0
1042;2026.03.21 05:45;5.25;5.31;3.38;860;-1.0;0
1043;2026.03.21 06:00;5.25;5.31;3.5;860;-1.0;0
1044;2026.03.21 06:15;5.25;5.31;3.75;860;-1.0;0
1045;2026.03.21 06:30;5.25;5.38;4;860;-1.0;0
1046;2026.03.21 06:45;5.25;5.38;4.25;860;-1.0;0
1047;2026.03.21 07:00;5.19;5.38;4.5;860;-1.0;0
1048;2026.03.21 07:15;5.19;5.38;4.94;861;-1.0;0
1049;2026.03.21 07:30;5.19;5.38;5.12;861;-1.0;0
1050;2026.03.21 07:45;5.12;5.44;5.75;861;-1.0;0
1051;2026.03.21 08:00;5.12;5.5;6.12;861;-1.0;0
1052;2026.03.21 08:15;5.12;5.5;6.31;861;-1.0;0
1053;2026.03.21 08:30;5.12;5.56;6.25;861;-1.0;0
1054;2026.03.21 08:45;5.12;5.62;5.81;861;-1.0;0
1055;2026.03.21 09:00;5.12;5.62;5.5;862;-1.0;0
1056;2026.03.21 09:15;5.12;5.62;5.25;862;-1.0;0
1057;2026.03.21 09:30;5.12;5.62;5.06;862;-1.0;0
1058;2026.03.21 09:45;5.12;5.62;5.12;862;-1.0;0
1059;2026.03.21 10:00;5.12;5.62;5.56;862;-1.0;0
1060;2026.03.21 10:15;5.12;5.62;6.12;862;-1.0;0
1061;2026.03.21 10:30;5.12;5.62;6.06;863;-1.0;0
1062;2026.03.21 10:45;5.12;5.69;6.38;863;-1.0;0
1063;2026.03.21 11:00;5.12;5.75;6;863;-1.0;0
1064;2026.03.21 11:15;5.12;5.75;5.88;864;-1.0;0
1065;2026.03.21 11:30;5.12;5.75;6.19;864;-1.0;0
1066;2026.03.21 11:45;5.12;5.75;6.75;864;-1.0;0
1067;2026.03.21 12:00;5.12;5.81;6.69;865;-1.0;0
1068;2026.03.21 12:15;5.12;5.81;6.5;865;-1.0;0
1069;2026.03.21 12:30;5.19;5.88;6.19;865;-1.0;0
1070;2026.03.21 12:45;5.19;5.88;7.38;866;-1.0;0
1071;2026.03.21 13:00;5.19;5.88;6.75;866;-1.0;0
1072;2026.03.21 13:15;5.25;5.94;6.81;866;-1.0;0
1073;2026.03.21 13:30;5.25;5.94;6.5;867;-1.0;0
1074;2026.03.21 13:45;5.25;5.94;6.81;867;-1.0;0
1075;2026.03.21 14:00;5.25;6;7.19;867;-1.0;0
1076;2026.03.21 14:15;5.25;6;7.62;867;-1.0;0
1077;2026.03.21 14:30;5.25;6.06;7.56;868;-1.0;0
1078;2026.03.21 14:45;5.25;6.06;7.5;868;-1.0;0
1079;2026.03.21 15:00;5.25;6.12;7;868;-1.0;0
1080;2026.03.21 15:15;5.31;6.12;6.25;868;-1.0;0
1081;2026.03.21 15:30;5.31;6.06;6.12;869;-1.0;0
1082;2026.03.21 15:45;5.31;6;6.06;869;-1.0;0
1083;2026.03.21 16:00;5.38;6;5.88;869;-1.0;0
1084;2026.03.21 16:15;5.38;6;5.38;869;-1.0;0
1085;2026.03.21 16:30;5.38;6;5.19;869;-1.0;0
1086;2026.03.21 16:45;5.38;6;5;870;-1.0;0
1087;2026.03.21 17:00;5.38;5.94;4.88;870;-1.0;0
1088;2026.03.21 17:15;5.38;5.94;4.5;870;-1.0;0
1089;2026.03.21 17:30;5.44;5.88;4.19;870;-1.0;0
1090;2026.03.21 17:45;5.44;5.88;3.81;870;-1.0;0
1091;2026.03.21 18:00;5.44;5.88;3.44;871;-1.0;0
1092;2026.03.21 18:15;5.5;5.81;3.56;871;-1.0;0
1093;2026.03.21 18:30;5.5;5.75;3.88;871;-1.0;0
1094;2026.03.21 18:45;5.5;5.75;3.25;871;-1.0;0
1095;2026.03.21 19:00;5.5;5.75;3.25;872;-1.0;0
1096;2026.03.21 19:15;5.5;5.75;3.56;872;-1.0;0
1097;2026.03.21 19:30;5.5;5.75;3.75;872;-1.0;0
1098;2026.03.21 19:45;5.5;5.75;3.5;872;-1.0;0
1099;2026.03.21 20:00;5.5;5.69;2.12;873;-1.0;0
1100;2026.03.21 20:15;5.5;5.62;0.88;873;-1.0;0
1101;2026.03.21 20:30;5.5;5.56;0.62;873;-1.0;0
1102;2026.03.21 20:45;5.5;5.5;0.88;873;-1.0;0
1103;2026.03.21 21:00;5.5;5.5;1.12;873;-1.0;0
1104;2026.03.21 21:15;5.5;5.44;0.75;874;-1.0;0
1105;2026.03.21 21:30;5.5;5.38;0.62;874;-1.0;0
1106;2026.03.21 21:45;5.5;5.38;0.75;874;-1.0;0
1107;2026.03.21 22:00;5.5;5.38;1;874;-1.0;0
1108;2026.03.21 22:15;5.5;5.31;1.25;874;-1.0;0
1109;2026.03.21 22:30;5.5;5.31;1.25;875;-1.0;0
1110;2026.03.21 22:45;5.44;5.25;1.5;875;-1.0;0
1111;2026.03.21 23:00;5.44;5.25;1.56;875;-1.0;0
1112;2026.03.21 23:15;5.44;5.25;1.19;875;-1.0;0
1113;2026.03.21 23:30;5.38;5.25;1;875;-1.0;0
1114;2026.03.21 23:45;5.38;5.25;0.75;876;-1.0;0
1115;2026.03.22 00:00;5.38;5.19;0.69;876;-1.0;0
1116;2026.03.22 00:15;5.38;5.12;0.56;876;-1.0;0
1117;2026.03.22 00:30;5.38;5.12;0.38;876;-1.0;0
1118;2026.03.22 00:45;5.38;5.12;0.25;876;-1.0;0
1119;2026.03.22 01:00;5.38;5.06;-0.25;877;-1.0;0
1120;2026.03.22 01:15;5.31;5;-0.5;877;-1.0;0
1121;2026.03.22 01:30;5.31;5;-0.62;877;-1.0;0
1122;2026.03.22 01:45;5.25;4.94;0;878;-1.0;0
1123;2026.03.22 02:00;5.25;4.94;0.62;878;-1.0;0
1124;2026.03.22 02:15;5.25;4.88;0.31;878;-1.0;0
1125;2026.03.22 02:30;5.25;4.88;0;878;-1.0;0
1126;2026.03.22 02:45;5.25;4.88;-0.62;879;-1.0;0
1127;2026.03.22 03:00;5.25;4.81;-1;879;-1.0;0
1128;2026.03.22 03:15;5.19;4.75;-1;879;-1.0;0
1129;2026.03.22 03:30;5.19;4.75;-0.75;879;-1.0;0
1130;2026.03.22 03:45;5.12;4.75;-0.56;880;-1.0;0
1131;2026.03.22 04:00;5.12;4.69;-0.38;880;-1.0;0
1132;2026.03.22 04:15;5.12;4.69;-0.06;880;-1.0;0
1133;2026.03.22 04:30;5.12;4.62;-0.06;880;-1.0;0
1134;2026.03.22 04:45;5.12;4.62;-0.38;880;-1.0;0
1135;2026.03.22 05:00;5.06;4.62;-1;880;-1.0;0
1136;2026.03.22 05:15;5;4.56;-1.5;880;-1.0;0
1137;2026.03.22 05:30;5;4.5;-1.62;881;-1.0;0
1138;2026.03.22 05:45;5;4.5;-1.25;881;-1.0;0
1139;2026.03.22 06:00;5;4.5;-0.75;881;-1.0;0
1140;2026.03.22 06:15;5;4.5;-0.12;881;-1.0;0
1141;2026.03.22 06:30;4.94;4.5;0.25;881;-1.0;0
1142;2026.03.22 06:45;4.94;4.5;0.5;882;-1.0;0
1143;2026.03.22 07:00;4.88;4.5;0.88;882;-1.0;0
1144;2026.03.22 07:15;4.88;4.5;1.38;881;-1.0;0
1145;2026.03.22 07:30;4.88;4.5;2.19;882;-1.0;0
1146;2026.03.22 07:45;4.88;4.56;3.38;882;-1.0;0
1147;2026.03.22 08:00;4.81;4.62;6.12;882;-1.0;0
1148;2026.03.22 08:15;4.81;4.88;7.75;882;-1.0;0
1149;2026.03.22 08:30;4.75;5;8.12;882;-1.0;0
1150;2026.03.22 08:45;4.75;5.12;10.38;883;-1.0;0
1151;2026.03.22 09:00;4.75;5.38;11.75;883;-1.0;0
1152;2026.03.22 09:15;4.75;5.62;12.75;883;-1.0;0
1153;2026.03.22 09:30;4.75;5.75;13;883;-1.0;0
1154;2026.03.22 09:45;4.75;5.94;13.25;883;-1.0;0
1155;2026.03.22 10:00;4.75;6.12;14;884;-1.0;0
1156;2026.03.22 10:15;4.75;6.25;15;884;-1.0;0
1157;2026.03.22 10:30;4.75;6.38;16.38;884;-1.0;0
1158;2026.03.22 10:45;4.75;6.5;14.06;884;-1.0;0
1159;2026.03.22 11:00;4.75;6.5;12.12;884;-1.0;0
1160;2026.03.22 11:15;4.81;6.38;11.38;884;-1.0;0
1161;2026.03.22 11:30;4.81;6.38;11.75;884;-1.0;0
1162;2026.03.22 11:45;4.88;6.38;13.31;884;-1.0;0
1163;2026.03.22 12:00;4.88;6.5;12.44;884;-1.0;0
1164;2026.03.22 12:15;4.88;6.5;12;884;-1.0;0
1165;2026.03.22 12:30;4.94;6.5;11.62;884;-1.0;0
1166;2026.03.22 12:45;5;6.5;10.88;884;-1.0;0
1167;2026.03.22 13:00;5;6.5;10.5;883;-1.0;0
1168;2026.03.22 13:15;5;6.5;10.5;883;-1.0;0
1169;2026.03.22 13:30;5.06;6.5;11.19;883;-1.0;0
1170;2026.03.22 13:45;5.12;6.5;12.38;883;-1.0;0
1171;2026.03.22 14:00;5.12;6.62;10.44;882;-1.0;0
1172;2026.03.22 14:15;5.12;6.5;9.44;881;-1.0;0
1173;2026.03.22 14:30;5.19;6.5;11;881;-1.0;0
1174;2026.03.22 14:45;5.25;6.56;10.25;881;-1.0;0
1175;2026.03.22 15:00;5.25;6.5;10.12;880;-1.0;0
1176;2026.03.22 15:15;5.25;6.5;9.5;880;-1.0;0
1177;2026.03.22 15:30;5.31;6.5;9.5;880;-1.0;0
1178;2026.03.22 15:45;5.31;6.5;9.5;880;-1.0;0
1179;2026.03.22 16:00;5.38;6.5;9.31;880;-1.0;0
1180;2026.03.22 16:15;5.38;6.5;9;879;-1.0;0
1181;2026.03.22 16:30;5.38;6.5;8.5;879;-1.0;0
1182;2026.03.22 16:45;5.44;6.44;8.12;879;-1.0;0
1183;2026.03.22 17:00;5.5;6.38;7.75;879;-1.0;0
1184;2026.03.22 17:15;5.5;6.38;7.31;879;-1.0;0
1185;2026.03.22 17:30;5.5;6.38;7;879;-1.0;0
1186;2026.03.22 17:45;5.5;6.38;6.81;879;-1.0;0
1187;2026.03.22 18:00;5.5;6.31;6.5;879;-1.0;0
1188;2026.03.22 18:15;5.5;6.25;6;879;-1.0;0
1189;2026.03.22 18:30;5.56;6.25;4.56;879;-1.0;0
1190;2026.03.22 18:45;5.56;6.12;2.75;879;-1.0;0
1191;2026.03.22 19:00;5.62;6.06;2.25;879;-1.0;0
1192;2026.03.22 19:15;5.62;6;2.25;879;-1.0;0
1193;2026.03.22 19:30;5.62;5.94;1.25;879;-1.0;0
1194;2026.03.22 19:45;5.62;5.88;0.5;879;-1.0;0
1195;2026.03.22 20:00;5.62;5.75;0.69;879;-1.0;0
1196;2026.03.22 20:15;5.62;5.75;1.25;879;-1.0;0
1197;2026.03.22 20:30;5.62;5.69;1.25;879;-1.0;0
1198;2026.03.22 20:45;5.62;5.62;1.44;879;-1.0;0
1199;2026.03.22 21:00;5.62;5.62;1.5;879;-1.0;0
1200;2026.03.22 21:15;5.62;5.62;0.88;879;-1.0;0
1201;2026.03.22 21:30;5.62;5.5;0.25;879;-1.0;0
1202;2026.03.22 21:45;5.62;5.5;-0.5;880;-1.0;0
1203;2026.03.22 22:00;5.62;5.38;-1.19;880;-1.0;0
1204;2026.03.22 22:15;5.62;5.38;-1.38;880;-1.0;0
1205;2026.03.22 22:30;5.56;5.25;-1.38;880;-1.0;0
1206;2026.03.22 22:45;5.56;5.25;-1.38;880;-1.0;0
1207;2026.03.22 23:00;5.56;5.19;-1.25;880;-1.0;0
1208;2026.03.22 23:15;5.5;5.12;-1.56;880;-1.0;0
1209;2026.03.22 23:30;5.5;5.06;-1.88;880;-1.0;0
1210;2026.03.22 23:45;5.5;5;-2.12;880;-1.0;0
1211;2026.03.23 00:00;5.5;5;-2.12;880;-1.0;0
1212;2026.03.23 00:15;5.5;4.94;-2.38;880;-1.0;0
1213;2026.03.23 00:30;5.5;4.88;-2.5;880;-1.0;0
1214;2026.03.23 00:45;5.44;4.88;-2.69;880;-1.0;0
1215;2026.03.23 01:00;5.44;4.75;-2.75;880;-1.0;0
1216;2026.03.23 01:15;5.38;4.75;-2.75;881;-1.0;0
1217;2026.03.23 01:30;5.38;4.69;-3;881;-1.0;0
1218;2026.03.23 01:45;5.38;4.62;-3.12;881;-1.0;0
1219;2026.03.23 02:00;5.31;4.56;-3.06;881;-1.0;0
1220;2026.03.23 02:15;5.31;4.5;-3.38;881;-1.0;0
1221;2026.03.23 02:30;5.25;4.5;-3.5;881;-1.0;0
1222;2026.03.23 02:45;5.25;4.44;-3.5;881;-1.0;0
1223;2026.03.23 03:00;5.25;4.38;-3.56;881;-1.0;0
1224;2026.03.23 03:15;5.25;4.38;-3.75;881;-1.0;0
1225;2026.03.23 03:30;5.19;4.25;-3.88;881;-1.0;0
1226;2026.03.23 03:45;5.12;4.25;-3.88;881;-1.0;0
1227;2026.03.23 04:00;5.12;4.25;-3.81;881;-1.0;0
1228;2026.03.23 04:15;5.12;4.19;-3.75;882;-1.0;0
1229;2026.03.23 04:30;5.06;4.12;-3.75;882;-1.0;0
1230;2026.03.23 04:45;5;4.12;-4.12;882;-1.0;0
1231;2026.03.23 05:00;5;4.06;-3.81;881;-1.0;0
1232;2026.03.23 05:15;5;4;-3.56;880;-1.0;0
1233;2026.03.23 05:30;5;4;-3.5;880;-1.0;0
1234;2026.03.23 05:45;4.94;4;-3.31;880;-1.0;0
1235;2026.03.23 06:00;4.88;4;-3.06;880;-1.0;0
1236;2026.03.23 06:15;4.88;4;-2.25;880;-1.0;0
1237;2026.03.23 06:30;4.88;4;-1.31;880;-1.0;0
1238;2026.03.23 06:45;4.88;4;-0.38;880;-1.0;0
1239;2026.03.23 07:00;4.81;4.06;0.75;881;-1.0;0
1240;2026.03.23 07:15;4.75;4.12;2.44;881;-1.0;0
1241;2026.03.23 07:30;4.75;4.25;4.75;881;-1.0;0
1242;2026.03.23 07:45;4.75;4.38;5.38;881;-1.0;0
1243;2026.03.23 08:00;4.75;4.5;7.94;881;-1.0;0
1244;2026.03.23 08:15;4.69;4.62;9.88;882;-1.0;0
1245;2026.03.23 08:30;4.62;4.81;9.62;882;-1.0;0
1246;2026.03.23 08:45;4.62;5;11.75;882;-1.0;0
1247;2026.03.23 09:00;4.62;5.19;14.12;882;-1.0;0
1248;2026.03.23 09:15;4.62;5.44;15.25;882;-1.0;0
1249;2026.03.23 09:30;4.62;5.75;16.56;883;-1.0;0
1250;2026.03.23 09:45;4.62;5.94;16.5;883;-1.0;0
1251;2026.03.23 10:00;4.62;6.12;18;883;-1.0;0
1252;2026.03.23 10:15;4.62;6.38;17.25;883;-1.0;0
1253;2026.03.23 10:30;4.62;6.38;15.88;883;-1.0;0
1254;2026.03.23 10:45;4.62;6.5;18.62;883;-1.0;0
1255;2026.03.23 11:00;4.62;6.75;19.38;883;-1.0;0
1256;2026.03.23 11:15;4.62;6.88;19.12;883;-1.0;0
1257;2026.03.23 11:30;4.69;7;19.5;883;-1.0;0
1258;2026.03.23 11:45;4.75;7.12;19.31;883;-1.0;0
1259;2026.03.23 12:00;4.75;7.19;19;883;-1.0;0
1260;2026.03.23 12:15;4.81;7.25;19;883;-1.0;0
1261;2026.03.23 12:30;4.88;7.31;19.06;882;-1.0;0
1262;2026.03.23 12:45;4.88;7.38;19.81;882;-1.0;0
1263;2026.03.23 13:00;4.88;7.5;18.5;882;-1.0;0
1264;2026.03.23 13:15;5;7.5;18.62;882;-1.0;0
1265;2026.03.23 13:30;5;7.56;17;882;-1.0;0
1266;2026.03.23 13:45;5.06;7.56;16.75;881;-1.0;0
1267;2026.03.23 14:00;5.12;7.56;15.75;881;-1.0;0
1268;2026.03.23 14:15;5.19;7.5;14.75;881;-1.0;0
1269;2026.03.23 14:30;5.25;7.5;15;881;-1.0;0
1270;2026.03.23 14:45;5.25;7.44;13.38;881;-1.0;0
1271;2026.03.23 15:00;5.31;7.38;12;881;-1.0;0
1272;2026.03.23 15:15;5.38;7.25;10.62;880;-1.0;0
1273;2026.03.23 15:30;5.44;7.25;10.06;880;-1.0;0
1274;2026.03.23 15:45;5.5;7.12;9.5;880;-1.0;0
1275;2026.03.23 16:00;5.5;7.12;9.25;880;-1.0;0
1276;2026.03.23 16:15;5.56;7.06;9;880;-1.0;0
1277;2026.03.23 16:30;5.62;7;8.62;880;-1.0;0
1278;2026.03.23 16:45;5.62;7;8.38;880;-1.0;0
1279;2026.03.23 17:00;5.69;6.94;8;880;-1.0;0
1280;2026.03.23 17:15;5.75;6.88;7.62;880;-1.0;0
1281;2026.03.23 17:30;5.75;6.88;7.25;880;-1.0;0
1282;2026.03.23 17:45;5.75;6.88;6.88;880;-1.0;0
1283;2026.03.23 18:00;5.81;6.81;6.5;880;-1.0;0
1284;2026.03.23 18:15;5.88;6.75;6.19;880;-1.0;0
1285;2026.03.23 18:30;5.88;6.75;5.88;880;-1.0;0
1286;2026.03.23 18:45;5.88;6.75;5.62;880;-1.0;0
1287;2026.03.23 19:00;5.88;6.62;5.38;880;-1.0;0
1288;2026.03.23 19:15;5.88;6.62;5;880;-1.0;0
1289;2026.03.23 19:30;5.94;6.62;4.75;880;-1.0;0
1290;2026.03.23 19:45;5.94;6.56;4.31;881;-1.0;0
1291;2026.03.23 20:00;5.94;6.5;3.75;881;-1.0;0
1292;2026.03.23 20:15;6;6.5;2.94;881;-1.0;0
1293;2026.03.23 20:30;6;6.38;1.88;881;-1.0;0
1294;2026.03.23 20:45;6;6.31;1.5;881;-1.0;0
1295;2026.03.23 21:00;6;6.25;1.12;881;-1.0;0
1296;2026.03.23 21:15;6;6.12;1.12;881;-1.0;0
1297;2026.03.23 21:30;6;6.12;0.88;881;-1.0;0
1298;2026.03.23 21:45;6;6.06;0;881;-1.0;0
1299;2026.03.23 22:00;6;6;-0.56;881;-1.0;0
1300;2026.03.23 22:15;6;5.88;-0.75;882;-1.0;0
1301;2026.03.23 22:30;6;5.81;-0.75;882;-1.0;0
1302;2026.03.23 22:45;6;5.75;-0.75;882;-1.0;0
1303;2026.03.23 23:00;6;5.75;-0.38;882;-1.0;0
1304;2026.03.23 23:15;6;5.69;-0.25;882;-1.0;0
1305;2026.03.23 23:30;5.94;5.62;-0.25;883;-1.0;0
1306;2026.03.23 23:45;5.94;5.62;-0.25;883;-1.0;0
1307;2026.03.24 00:00;5.88;5.62;-0.31;883;-1.0;0
1308;2026.03.24 00:15;5.88;5.56;-0.25;883;-1.0;0
1309;2026.03.24 00:30;5.88;5.5;0.06;883;-1.0;0
1310;2026.03.24 00:45;5.88;5.5;0.69;883;-1.0;0
1311;2026.03.24 01:00;5.88;5.5;1.12;883;-1.0;0
1312;2026.03.24 01:15;5.88;5.5;1.12;884;-1.0;0
1313;2026.03.24 01:30;5.81;5.5;0.62;884;-1.0;0
1314;2026.03.24 01:45;5.75;5.5;-0.12;884;-1.0;0
1315;2026.03.24 02:00;5.75;5.38;-0.62;884;-1.0;0
1316;2026.03.24 02:15;5.75;5.38;-0.88;884;-1.0;0
1317;2026.03.24 02:30;5.75;5.31;-1.12;884;-1.0;0
1318;2026.03.24 02:45;5.75;5.25;-1.25;884;-1.0;0
1319;2026.03.24 03:00;5.69;5.25;-1.25;885;-1.0;0
1320;2026.03.24 03:15;5.69;5.19;-1.38;885;-1.0;0
1321;2026.03.24 03:30;5.62;5.12;-1.75;885;-1.0;0
1322;2026.03.24 03:45;5.62;5.06;-1.75;885;-1.0;0
1323;2026.03.24 04:00;5.62;5.06;-2;885;-1.0;0
1324;2026.03.24 04:15;5.62;5;-2.12;885;-1.0;0
1325;2026.03.24 04:30;5.56;5;-1.75;885;-1.0;0
1326;2026.03.24 04:45;5.5;4.94;-1.75;885;-1.0;0
1327;2026.03.24 05:00;5.5;4.88;-2;885;-1.0;0
1328;2026.03.24 05:15;5.5;4.88;-1.88;885;-1.0;0
1329;2026.03.24 05:30;5.5;4.81;-1.69;886;-1.0;0
1330;2026.03.24 05:45;5.44;4.75;-1.31;886;-1.0;0
1331;2026.03.24 06:00;5.44;4.75;-0.75;886;-1.0;0
1332;2026.03.24 06:15;5.38;4.75;-0.12;886;-1.0;0
1333;2026.03.24 06:30;5.38;4.81;0.44;886;-1.0;0
1334;2026.03.24 06:45;5.38;4.81;1.44;886;-1.0;0
1335;2026.03.24 07:00;5.31;4.88;2;886;-1.0;0
1336;2026.03.24 07:15;5.31;4.88;3.94;886;-1.0;0
1337;2026.03.24 07:30;5.25;5;5.5;887;-1.0;0
1338;2026.03.24 07:45;5.25;5.12;6.25;887;-1.0;0
1339;2026.03.24 08:00;5.25;5.25;8.25;887;-1.0;0
1340;2026.03.24 08:15;5.25;5.38;8.75;887;-1.0;0
1341;2026.03.24 08:30;5.19;5.5;9.62;887;-1.0;0
1342;2026.03.24 08:45;5.19;5.62;12.19;887;-1.0;0
1343;2026.03.24 09:00;5.12;5.75;14.12;887;-1.0;0
1344;2026.03.24 09:15;5.12;6;15.38;888;-1.0;0
1345;2026.03.24 09:30;5.12;6.19;15.25;888;-1.0;0
1346;2026.03.24 09:45;5.12;6.31;15.44;888;-1.0;0
1347;2026.03.24 10:00;5.12;6.44;16.5;888;-1.0;0
1348;2026.03.24 10:15;5.12;6.62;16.88;888;-1.0;0
1349;2026.03.24 10:30;5.12;6.75;18.62;888;-1.0;0
1350;2026.03.24 10:45;5.12;7;19.81;888;-1.0;0
1351;2026.03.24 11:00;5.19;7.12;19.5;888;-1.0;0
1352;2026.03.24 11:15;5.19;7.25;20.38;888;-1.0;0
1353;2026.03.24 11:30;5.25;7.38;22.12;887;-1.0;0
1354;2026.03.24 11:45;5.25;7.56;22.12;887;-1.0;0
1355;2026.03.24 12:00;5.25;7.69;22;887;-1.0;0
1356;2026.03.24 12:15;5.31;7.81;21.38;887;-1.0;0
1357;2026.03.24 12:30;5.38;7.88;20.44;887;-1.0;0
1358;2026.03.24 12:45;5.38;7.94;20.5;887;-1.0;0
1359;2026.03.24 13:00;5.44;8;19.81;887;-1.0;0
1360;2026.03.24 13:15;5.5;8;20.25;886;-1.0;0
1361;2026.03.24 13:30;5.5;8.12;19.12;886;-1.0;0
1362;2026.03.24 13:45;5.56;8.12;18.5;886;-1.0;0
1363;2026.03.24 14:00;5.62;8.12;17.5;886;-1.0;0
1364;2026.03.24 14:15;5.62;8.06;15.81;885;-1.0;0
1365;2026.03.24 14:30;5.75;8;14.88;885;-1.0;0
1366;2026.03.24 14:45;5.75;7.94;13.75;885;-1.0;0
1367;2026.03.24 15:00;5.81;7.88;12.88;885;-1.0;0
1368;2026.03.24 15:15;5.88;7.81;12.25;885;-1.0;0
1369;2026.03.24 15:30;5.88;7.75;11.88;885;-1.0;0
1370;2026.03.24 15:45;5.94;7.75;11.25;884;-1.0;0
1371;2026.03.24 16:00;6;7.62;10.62;884;-1.0;0
1372;2026.03.24 16:15;6;7.62;9.75;884;-1.0;0
1373;2026.03.24 16:30;6.06;7.5;8.62;884;-1.0;0
1374;2026.03.24 16:45;6.12;7.44;7.25;884;-1.0;0
1375;2026.03.24 17:00;6.12;7.38;6.19;884;-1.0;0
1376;2026.03.24 17:15;6.12;7.25;5.25;884;-1.0;0
1377;2026.03.24 17:30;6.19;7.12;4.38;884;-1.0;0
1378;2026.03.24 17:45;6.25;7.06;3.69;884;-1.0;0
1379;2026.03.24 18:00;6.25;7;3.12;884;-1.0;0
1380;2026.03.24 18:15;6.25;6.88;2.62;884;-1.0;0
1381;2026.03.24 18:30;6.25;6.81;2.5;885;-1.0;0
1382;2026.03.24 18:45;6.31;6.75;2.25;885;-1.0;0
1383;2026.03.24 19:00;6.31;6.69;1.81;885;-1.0;0
1384;2026.03.24 19:15;6.31;6.62;1.5;885;-1.0;0
1385;2026.03.24 19:30;6.31;6.5;1.06;885;-1.0;0
1386;2026.03.24 19:45;6.31;6.44;0.62;885;-1.0;0
1387;2026.03.24 20:00;6.31;6.38;0.06;885;-1.0;0
1388;2026.03.24 20:15;6.31;6.25;-0.12;885;-1.0;0
1389;2026.03.24 20:30;6.31;6.25;-0.25;886;-1.0;0
1390;2026.03.24 20:45;6.31;6.12;-0.25;886;-1.0;0
1391;2026.03.24 21:00;6.31;6.12;-0.25;886;-1.0;0
1392;2026.03.24 21:15;6.25;6.06;-0.38;886;-1.0;0
1393;2026.03.24 21:30;6.25;6;-0.44;886;-1.0;0
1394;2026.03.24 21:45;6.25;5.94;-0.38;886;-1.0;0
1395;2026.03.24 22:00;6.25;5.88;-0.31;886;-1.0;0
1396;2026.03.24 22:15;6.25;5.88;-0.12;887;-1.0;0
1397;2026.03.24 22:30;6.25;5.88;0.38;887;-1.0;0
1398;2026.03.24 22:45;6.25;5.88;1;887;-1.0;0
1399;2026.03.24 23:00;6.19;5.88;0.69;887;-1.0;0
1400;2026.03.24 23:15;6.12;5.81;-0.12;887;-1.0;0
1401;2026.03.24 23:30;6.12;5.75;-0.75;888;-1.0;0
1402;2026.03.24 23:45;6.12;5.69;-1.12;888;-1.0;0
1403;2026.03.25 00:00;6.12;5.62;-1.12;888;-1.0;0
1404;2026.03.25 00:15;6.12;5.62;-0.31;888;-1.0;0
1405;2026.03.25 00:30;6.06;5.56;0.44;888;-1.0;0
1406;2026.03.25 00:45;6;5.56;0.75;889;-1.0;0
1407;2026.03.25 01:00;6;5.56;0.88;889;-1.0;0
1408;2026.03.25 01:15;6;5.56;1;889;-1.0;0
1409;2026.03.25 01:30;6;5.56;1;889;-1.0;0
1410;2026.03.25 01:45;5.94;5.56;1;889;-1.0;0
1411;2026.03.25 02:00;5.94;5.5;1;889;-1.0;0
1412;2026.03.25 02:15;5.88;5.5;1;889;-1.0;0
1413;2026.03.25 02:30;5.88;5.5;0.88;890;-1.0;0
1414;2026.03.25 02:45;5.88;5.5;0.69;890;-1.0;0
1415;2026.03.25 03:00;5.88;5.44;0.69;890;-1.0;0
1416;2026.03.25 03:15;5.81;5.44;0.5;890;-1.0;0
1417;2026.03.25 03:30;5.81;5.38;0.19;890;-1.0;0
1418;2026.03.25 03:45;5.75;5.38;0.06;890;-1.0;0
1419;2026.03.25 04:00;5.75;5.31;0.25;890;-1.0;0
1420;2026.03.25 04:15;5.75;5.31;0.69;890;-1.0;0
1421;2026.03.25 04:30;5.75;5.31;1.31;891;-1.0;0
1422;2026.03.25 04:45;5.69;5.31;1.69;891;-1.0;0
1423;2026.03.25 05:00;5.69;5.31;1.81;891;-1.0;0
1424;2026.03.25 05:15;5.62;5.31;1.62;891;-1.0;0
1425;2026.03.25 05:30;5.62;5.31;1;891;-1.0;0
1426;2026.03.25 05:45;5.62;5.25;0.88;891;-1.0;0
1427;2026.03.25 06:00;5.62;5.25;0.88;891;-1.0;0
1428;2026.03.25 06:15;5.62;5.25;1.31;891;-1.0;0
1429;2026.03.25 06:30;5.56;5.25;3.44;892;-1.0;0
1430;2026.03.25 06:45;5.5;5.38;6.88;892;-1.0;0
1431;2026.03.25 07:00;5.5;5.5;7.75;892;-1.0;0
1432;2026.03.25 07:15;5.5;5.62;8.69;892;-1.0;0
1433;2026.03.25 07:30;5.5;5.75;11.75;892;-1.0;0
1434;2026.03.25 07:45;5.5;5.88;11.75;892;-1.0;0
1435;2026.03.25 08:00;5.5;6.06;14.69;893;-1.0;0
1436;2026.03.25 08:15;5.5;6.25;16.25;893;-1.0;0
1437;2026.03.25 08:30;5.44;6.44;15.38;893;-1.0;0
1438;2026.03.25 08:45;5.44;6.62;19;893;-1.0;0
1439;2026.03.25 09:00;5.44;6.88;18.62;893;-1.0;0
1440;2026.03.25 09:15;5.44;7;19.62;893;-1.0;0
1441;2026.03.25 09:30;5.44;7.25;20.62;893;-1.0;0
1442;2026.03.25 09:45;5.44;7.38;18.81;893;-1.0;0
1443;2026.03.25 10:00;5.5;7.38;17.62;893;-1.0;0
1444;2026.03.25 10:15;5.5;7.38;16.5;892;-1.0;0
1445;2026.03.25 10:30;5.5;7.38;16.75;892;-1.0;0
1446;2026.03.25 10:45;5.5;7.44;15.88;892;-1.0;0
1447;2026.03.25 11:00;5.56;7.44;15.25;892;-1.0;0
1448;2026.03.25 11:15;5.56;7.38;14.62;892;-1.0;0
1449;2026.03.25 11:30;5.62;7.38;14.19;892;-1.0;0
1450;2026.03.25 11:45;5.62;7.38;14.5;892;-1.0;0
1451;2026.03.25 12:00;5.62;7.44;14.38;891;-1.0;0
1452;2026.03.25 12:15;5.69;7.44;13.38;891;-1.0;0
1453;2026.03.25 12:30;5.75;7.44;13.69;891;-1.0;0
1454;2026.03.25 12:45;5.75;7.5;15.5;891;-1.0;0
1455;2026.03.25 13:00;5.75;7.56;14.88;891;-1.0;0
1456;2026.03.25 13:15;5.81;7.62;14.38;891;-1.0;0
1457;2026.03.25 13:30;5.88;7.62;13.38;891;-1.0;0
1458;2026.03.25 13:45;5.88;7.56;12.94;891;-1.0;0
1459;2026.03.25 14:00;5.88;7.56;12.69;891;-1.0;0
1460;2026.03.25 14:15;5.94;7.56;12.38;891;-1.0;0
1461;2026.03.25 14:30;6;7.56;12;890;-1.0;0
1462;2026.03.25 14:45;6;7.5;11.56;890;-1.0;0
1463;2026.03.25 15:00;6;7.5;12.25;890;-1.0;0
1464;2026.03.25 15:15;6.06;7.56;13;890;-1.0;0
1465;2026.03.25 15:30;6.12;7.62;12.12;890;-1.0;0
1466;2026.03.25 15:45;6.12;7.62;11.88;890;-1.0;0
1467;2026.03.25 16:00;6.12;7.56;11.06;890;-1.0;0
1468;2026.03.25 16:15;6.12;7.56;10.38;890;-1.0;0
1469;2026.03.25 16:30;6.19;7.5;9.38;890;-1.0;0
1470;2026.03.25 16:45;6.25;7.5;8.06;890;-1.0;0
1471;2026.03.25 17:00;6.25;7.38;7.25;890;-1.0;0
1472;2026.03.25 17:15;6.25;7.31;6.81;890;-1.0;0
1473;2026.03.25 17:30;6.25;7.25;6.56;890;-1.0;0
1474;2026.03.25 17:45;6.25;7.25;6.25;890;-1.0;0
1475;2026.03.25 18:00;6.31;7.19;5.75;890;-1.0;0
1476;2026.03.25 18:15;6.31;7.12;5.38;890;-1.0;0
1477;2026.03.25 18:30;6.38;7.06;5;890;-1.0;0
1478;2026.03.25 18:45;6.38;7;4.62;890;-1.0;0
1479;2026.03.25 19:00;6.38;7;4.56;890;-1.0;0
1480;2026.03.25 19:15;6.38;6.94;4.81;890;-1.0;0
1481;2026.03.25 19:30;6.38;6.88;4.88;890;-1.0;0
1482;2026.03.25 19:45;6.38;6.88;4.75;890;-1.0;0
1483;2026.03.25 20:00;6.38;6.88;4.69;890;-1.0;0
1484;2026.03.25 20:15;6.38;6.88;4.44;890;-1.0;0
1485;2026.03.25 20:30;6.38;6.81;4;890;-1.0;0
1486;2026.03.25 20:45;6.38;6.75;4;890;-1.0;0
1487;2026.03.25 21:00;6.38;6.75;3.88;890;-1.0;0
1488;2026.03.25 21:15;6.38;6.69;3.56;890;-1.0;0
1489;2026.03.25 21:30;6.38;6.62;3.38;890;-1.0;0
1490;2026.03.25 21:45;6.38;6.62;3.5;890;-1.0;0
1491;2026.03.25 22:00;6.38;6.62;3.88;890;-1.0;0
1492;2026.03.25 22:15;6.38;6.62;4.12;890;-1.0;0
1493;2026.03.25 22:30;6.38;6.56;4.25;890;-1.0;0
1494;2026.03.25 22:45;6.38;6.56;4;890;-1.0;0
1495;2026.03.25 23:00;6.38;6.5;3.5;890;-1.0;0
1496;2026.03.25 23:15;6.31;6.5;3.5;890;-1.0;0
1497;2026.03.25 23:30;6.31;6.5;3.5;890;-1.0;0
1498;2026.03.25 23:45;6.25;6.5;3.31;890;-1.0;0
1499;2026.03.26 00:00;6.25;6.44;3;890;-1.0;0
1500;2026.03.26 00:15;6.25;6.38;2.88;890;-1.0;0
1501;2026.03.26 00:30;6.25;6.38;2.81;891;-1.0;0
1502;2026.03.26 00:45;6.25;6.38;2.88;891;-1.0;0
1503;2026.03.26 01:00;6.25;6.31;3;891;-1.0;0
1504;2026.03.26 01:15;6.25;6.31;3;891;-1.0;0
1505;2026.03.26 01:30;6.25;6.25;3.12;891;-1.0;0
1506;2026.03.26 01:45;6.25;6.25;3.06;891;-1.0;0
1507;2026.03.26 02:00;6.19;6.25;3;891;-1.0;0
1508;2026.03.26 02:15;6.19;6.25;3;891;-1.0;0
1509;2026.03.26 02:30;6.12;6.25;2.75;891;-1.0;0
1510;2026.03.26 02:45;6.12;6.19;2.75;891;-1.0;0
1511;2026.03.26 03:00;6.12;6.12;2.62;891;-1.0;0
1512;2026.03.26 03:15;6.12;6.12;2.62;891;-1.0;0
1513;2026.03.26 03:30;6.12;6.12;2.62;891;-1.0;0
1514;2026.03.26 03:45;6.12;6.12;2.5;891;-1.0;0
1515;2026.03.26 04:00;6.12;6.06;2.44;891;-1.0;0
1516;2026.03.26 04:15;6.06;6.06;2.44;891;-1.0;0
1517;2026.03.26 04:30;6.06;6;2.38;891;-1.0;0
1518;2026.03.26 04:45;6.06;6;2.19;891;-1.0;0
1519;2026.03.26 05:00;6;6;2.06;892;-1.0;0
1520;2026.03.26 05:15;6;5.94;2;892;-1.0;0
1521;2026.03.26 05:30;6;5.94;2;892;-1.0;0
1522;2026.03.26 05:45;6;5.88;2.12;892;-1.0;0
1523;2026.03.26 06:00;6;5.88;2.31;892;-1.0;0
1524;2026.03.26 06:15;6;5.88;2.62;892;-1.0;0
1525;2026.03.26 06:30;5.94;5.88;2.88;892;-1.0;0
1526;2026.03.26 06:45;5.94;5.88;3.38;892;-1.0;0
1527;2026.03.26 07:00;5.94;5.88;3.56;892;-1.0;0
1528;2026.03.26 07:15;5.88;5.88;4;892;-1.0;0
1529;2026.03.26 07:30;5.88;5.94;4.38;892;-1.0;0
1530;2026.03.26 07:45;5.88;5.94;4.62;893;-1.0;0
1531;2026.03.26 08:00;5.88;6;4.5;893;-1.0;0
1532;2026.03.26 08:15;5.88;6;5;893;-1.0;0
1533;2026.03.26 08:30;5.88;6;5.62;893;-1.0;0
1534;2026.03.26 08:45;5.88;6.06;6.62;893;-1.0;0
1535;2026.03.26 09:00;5.81;6.12;7.62;893;-1.0;0
1536;2026.03.26 09:15;5.81;6.25;8.25;893;-1.0;0
1537;2026.03.26 09:30;5.81;6.25;8.25;893;-1.0;0
1538;2026.03.26 09:45;5.75;6.38;7.12;893;-1.0;0
1539;2026.03.26 10:00;5.75;6.38;7.44;893;-1.0;0
1540;2026.03.26 10:15;5.75;6.38;8.25;893;-1.0;0
1541;2026.03.26 10:30;5.75;6.38;9;893;-1.0;0
1542;2026.03.26 10:45;5.75;6.5;10.25;893;-1.0;0
1543;2026.03.26 11:00;5.75;6.56;10.88;893;-1.0;0
1544;2026.03.26 11:15;5.81;6.62;10.62;893;-1.0;0
1545;2026.03.26 11:30;5.81;6.69;10.5;893;-1.0;0
1546;2026.03.26 11:45;5.81;6.75;11.25;893;-1.0;0
1547;2026.03.26 12:00;5.81;6.75;10.88;893;-1.0;0
1548;2026.03.26 12:15;5.81;6.81;10.75;893;-1.0;0
1549;2026.03.26 12:30;5.88;6.88;10.38;893;-1.0;0
1550;2026.03.26 12:45;5.88;6.88;11.38;893;-1.0;0
1551;2026.03.26 13:00;5.88;6.94;11.88;893;-1.0;0
1552;2026.03.26 13:15;5.88;7;10.75;893;-1.0;0
1553;2026.03.26 13:30;5.88;7;9.62;893;-1.0;0
1554;2026.03.26 13:45;5.88;6.94;9;893;-1.0;0
1555;2026.03.26 14:00;5.94;6.88;9.25;893;-1.0;0
1556;2026.03.26 14:15;5.94;6.88;8.5;893;-1.0;0
1557;2026.03.26 14:30;6;6.88;7.75;893;-1.0;0
1558;2026.03.26 14:45;6;6.81;7.25;893;-1.0;0
1559;2026.03.26 15:00;6;6.81;7.62;893;-1.0;0
1560;2026.03.26 15:15;6;6.75;7.31;893;-1.0;0
1561;2026.03.26 15:30;6;6.75;6.94;893;-1.0;0
1562;2026.03.26 15:45;6;6.75;6.62;893;-1.0;0
1563;2026.03.26 16:00;6.06;6.75;6.06;893;-1.0;0
1564;2026.03.26 16:15;6.06;6.62;5.12;893;-1.0;0
1565;2026.03.26 16:30;6.12;6.62;4.62;893;-1.0;0
1566;2026.03.26 16:45;6.12;6.56;4.12;893;-1.0;0
1567;2026.03.26 17:00;6.12;6.5;3.62;893;-1.0;0
1568;2026.03.26 17:15;6.12;6.5;3.06;893;-1.0;0
1569;2026.03.26 17:30;6.12;6.38;2.19;893;-1.0;0
1570;2026.03.26 17:45;6.12;6.31;0.81;893;-1.0;0
1571;2026.03.26 18:00;6.12;6.19;-0.5;893;-1.0;0
1572;2026.03.26 18:15;6.12;6.12;-0.94;893;-1.0;0
1573;2026.03.26 18:30;6.12;6;-1.12;893;-1.0;0
1574;2026.03.26 18:45;6.12;5.94;-1.06;893;-1.0;0
1575;2026.03.26 19:00;6.12;5.88;-1.88;893;-1.0;0
1576;2026.03.26 19:15;6.12;5.75;-2.5;893;-1.0;0
1577;2026.03.26 19:30;6.12;5.75;-2.31;893;-1.0;0
1578;2026.03.26 19:45;6.12;5.62;-2;893;-1.0;0
1579;2026.03.26 20:00;6.12;5.62;-2.25;893;-1.0;0
1580;2026.03.26 20:15;6.12;5.56;-2.56;893;-1.0;0
1581;2026.03.26 20:30;6.12;5.5;-2.88;893;-1.0;0
1582;2026.03.26 20:45;6.12;5.44;-2.94;894;-1.0;0
1583;2026.03.26 21:00;6.06;5.38;-2.88;894;-1.0;0
1584;2026.03.26 21:15;6.06;5.31;-3.19;894;-1.0;0
1585;2026.03.26 21:30;6;5.25;-3.5;894;-1.0;0
1586;2026.03.26 21:45;6;5.25;-3.75;894;-1.0;0
1587;2026.03.26 22:00;6;5.12;-3.38;894;-1.0;0
1588;2026.03.26 22:15;6;5.12;-3.25;894;-1.0;0
1589;2026.03.26 22:30;6;5.06;-3.69;894;-1.0;0
1590;2026.03.26 22:45;5.94;5;-4;894;-1.0;0
1591;2026.03.26 23:00;5.88;4.94;-4.12;894;-1.0;0
1592;2026.03.26 23:15;5.88;4.88;-4.12;895;-1.0;0
1593;2026.03.26 23:30;5.88;4.88;-4.25;895;-1.0;0
1594;2026.03.26 23:45;5.88;4.75;-4.25;895;-1.0;0
1595;2026.03.27 00:00;5.81;4.75;-4;895;-1.0;0
1596;2026.03.27 00:15;5.75;4.75;-4.06;895;-1.0;0
1597;2026.03.27 00:30;5.75;4.69;-4.44;895;-1.0;0
1598;2026.03.27 00:45;5.75;4.62;-4.81;895;-1.0;0
1599;2026.03.27 01:00;5.69;4.56;-4.88;895;-1.0;0
1600;2026.03.27 01:15;5.62;4.5;-4.94;896;-1.0;0
1601;2026.03.27 01:30;5.62;4.5;-5.19;896;-1.0;0
1602;2026.03.27 01:45;5.62;4.38;-5.38;896;-1.0;0
1603;2026.03.27 02:00;5.56;4.38;-5.5;896;-1.0;0
1604;2026.03.27 02:15;5.5;4.31;-5.75;896;-1.0;0
1605;2026.03.27 02:30;5.5;4.25;-5.88;896;-1.0;0
1606;2026.03.27 02:45;5.5;4.19;-6;896;-1.0;0
1607;2026.03.27 03:00;5.44;4.12;-5.94;897;-1.0;0
1608;2026.03.27 03:15;5.38;4.12;-6.06;897;-1.0;0
1609;2026.03.27 03:30;5.38;4.06;-6.25;897;-1.0;0
1610;2026.03.27 03:45;5.38;4;-6.31;897;-1.0;0
1611;2026.03.27 04:00;5.31;3.94;-6.38;897;-1.0;0
1612;2026.03.27 04:15;5.25;3.88;-6.5;897;-1.0;0
1613;2026.03.27 04:30;5.25;3.88;-6.62;898;-1.0;0
1614;2026.03.27 04:45;5.25;3.81;-6.62;898;-1.0;0
1615;2026.03.27 05:00;5.19;3.75;-6.38;898;-1.0;0
1616;2026.03.27 05:15;5.12;3.75;-6.25;898;-1.0;0
1617;2026.03.27 05:30;5.12;3.75;-6.12;898;-1.0;0
1618;2026.03.27 05:45;5.12;3.69;-5.62;899;-1.0;0
1619;2026.03.27 06:00;5.06;3.69;-4.69;899;-1.0;0
1620;2026.03.27 06:15;5;3.75;-2.62;899;-1.0;0
1621;2026.03.27 06:30;5;3.75;-1.5;899;-1.0;0
1622;2026.03.27 06:45;5;3.81;-1;900;-1.0;0
1623;2026.03.27 07:00;4.94;3.88;-0.44;900;-1.0;0
1624;2026.03.27 07:15;4.88;4;2;900;-1.0;0
1625;2026.03.27 07:30;4.88;4.12;4.5;900;-1.0;0
1626;2026.03.27 07:45;4.88;4.25;4.38;901;-1.0;0
1627;2026.03.27 08:00;4.88;4.31;6.19;901;-1.0;0
1628;2026.03.27 08:15;4.81;4.44;7.5;901;-1.0;0
1629;2026.03.27 08:30;4.75;4.5;5.88;901;-1.0;0
1630;2026.03.27 08:45;4.75;4.62;7.75;901;-1.0;0
1631;2026.03.27 09:00;4.75;4.75;10.44;901;-1.0;0
1632;2026.03.27 09:15;4.75;5;12.12;902;-1.0;0
1633;2026.03.27 09:30;4.75;5.19;13.25;902;-1.0;0
1634;2026.03.27 09:45;4.75;5.38;13.31;902;-1.0;0
1635;2026.03.27 10:00;4.75;5.5;13;902;-1.0;0
1636;2026.03.27 10:15;4.75;5.62;13.81;902;-1.0;0
1637;2026.03.27 10:30;4.75;5.75;13.44;902;-1.0;0
1638;2026.03.27 10:45;4.75;5.81;13.56;902;-1.0;0
1639;2026.03.27 11:00;4.75;5.94;15.88;902;-1.0;0
1640;2026.03.27 11:15;4.75;6;15.12;902;-1.0;0
1641;2026.03.27 11:30;4.75;6.12;14.12;902;-1.0;0
1642;2026.03.27 11:45;4.75;6.12;14.25;902;-1.0;0
1643;2026.03.27 12:00;4.75;6.19;15.12;902;-1.0;0
1644;2026.03.27 12:15;4.81;6.25;13.38;902;-1.0;0
1645;2026.03.27 12:30;4.88;6.25;12.88;902;-1.0;0
1646;2026.03.27 12:45;4.88;6.31;15.88;902;-1.0;0
1647;2026.03.27 13:00;4.88;6.5;16.38;902;-1.0;0
1648;2026.03.27 13:15;4.94;6.62;14.88;902;-1.0;0
1649;2026.03.27 13:30;5;6.62;15.12;902;-1.0;0
1650;2026.03.27 13:45;5;6.75;14.88;902;-1.0;0
1651;2026.03.27 14:00;5;6.62;11.12;902;-1.0;0
1652;2026.03.27 14:15;5.12;6.5;8.5;901;-1.0;0
1653;2026.03.27 14:30;5.12;6.38;7.88;901;-1.0;0
1654;2026.03.27 14:45;5.12;6.31;7.12;901;-1.0;0
1655;2026.03.27 15:00;5.19;6.25;6.5;901;-1.0;0
1656;2026.03.27 15:15;5.25;6.12;5.69;901;-1.0;0
1657;2026.03.27 15:30;5.25;6.06;5.38;901;-1.0;0
1658;2026.03.27 15:45;5.31;6;4.94;901;-1.0;0
1659;2026.03.27 16:00;5.38;5.94;4.5;901;-1.0;0
1660;2026.03.27 16:15;5.38;5.88;4.06;901;-1.0;0
1661;2026.03.27 16:30;5.38;5.81;3.62;901;-1.0;0
1662;2026.03.27 16:45;5.38;5.75;3;901;-1.0;0
1663;2026.03.27 17:00;5.44;5.69;2.5;901;-1.0;0
1664;2026.03.27 17:15;5.44;5.62;1.5;901;-1.0;0
1665;2026.03.27 17:30;5.5;5.5;0.38;901;-1.0;0
1666;2026.03.27 17:45;5.5;5.5;0.12;901;-1.0;0
1667;2026.03.27 18:00;5.5;5.38;-0.12;901;-1.0;0
1668;2026.03.27 18:15;5.5;5.31;-0.62;901;-1.0;0
1669;2026.03.27 18:30;5.5;5.25;-1.12;901;-1.0;0
1670;2026.03.27 18:45;5.5;5.19;-1.62;901;-1.0;0
1671;2026.03.27 19:00;5.5;5.12;-2.44;901;-1.0;0
1672;2026.03.27 19:15;5.5;5;-2.62;902;-1.0;0
1673;2026.03.27 19:30;5.5;4.94;-3.12;902;-1.0;0
1674;2026.03.27 19:45;5.5;4.88;-3.44;902;-1.0;0
1675;2026.03.27 20:00;5.5;4.81;-3.88;902;-1.0;0
1676;2026.03.27 20:15;5.5;4.75;-3.62;902;-1.0;0
1677;2026.03.27 20:30;5.5;4.69;-3.5;903;-1.0;0
1678;2026.03.27 20:45;5.5;4.62;-3.88;903;-1.0;0
1679;2026.03.27 21:00;5.5;4.62;-4.19;903;-1.0;0
1680;2026.03.27 21:15;5.44;4.5;-4.38;903;-1.0;0
1681;2026.03.27 21:30;5.44;4.5;-4.75;903;-1.0;0
1682;2026.03.27 21:45;5.38;4.38;-5.12;903;-1.0;0
1683;2026.03.27 22:00;5.38;4.38;-5.25;904;-1.0;0
1684;2026.03.27 22:15;5.38;4.25;-5.25;904;-1.0;0
1685;2026.03.27 22:30;5.38;4.25;-5;904;-1.0;0
1686;2026.03.27 22:45;5.31;4.25;-4.88;904;-1.0;0
1687;2026.03.27 23:00;5.31;4.12;-5;904;-1.0;0
1688;2026.03.27 23:15;5.25;4.12;-5.38;905;-1.0;0
1689;2026.03.27 23:30;5.25;4.06;-5.44;905;-1.0;0
1690;2026.03.27 23:45;5.25;4;-5.69;905;-1.0;0
1691;2026.03.28 00:00;5.19;4;-5.81;905;-1.0;0
1692;2026.03.28 00:15;5.19;3.94;-6;905;-1.0;0
1693;2026.03.28 00:30;5.12;3.88;-6.25;905;-1.0;0
1694;2026.03.28 00:45;5.12;3.81;-6.38;905;-1.0;0
1695;2026.03.28 01:00;5.12;3.75;-6.38;906;-1.0;0
1696;2026.03.28 01:15;5.06;3.75;-6.38;906;-1.0;0
1697;2026.03.28 01:30;5;3.69;-6.44;906;-1.0;0
1698;2026.03.28 01:45;5;3.62;-6.38;906;-1.0;0
1699;2026.03.28 02:00;5;3.62;-6.5;906;-1.0;0
1700;2026.03.28 02:15;5;3.56;-6.62;907;-1.0;0
1701;2026.03.28 02:30;4.94;3.5;-6.62;907;-1.0;0
1702;2026.03.28 02:45;4.88;3.5;-6.69;907;-1.0;0
1703;2026.03.28 03:00;4.88;3.44;-6.75;907;-1.0;0
1704;2026.03.28 03:15;4.88;3.38;-6.75;908;-1.0;0
1705;2026.03.28 03:30;4.81;3.38;-6.75;908;-1.0;0
1706;2026.03.28 03:45;4.75;3.38;-6.75;908;-1.0;0
1707;2026.03.28 04:00;4.75;3.31;-6.56;908;-1.0;0
1708;2026.03.28 04:15;4.75;3.25;-6.5;908;-1.0;0
1709;2026.03.28 04:30;4.69;3.25;-6.56;908;-1.0;0
1710;2026.03.28 04:45;4.69;3.25;-6.5;909;-1.0;0
1711;2026.03.28 05:00;4.62;3.19;-6.5;909;-1.0;0
1712;2026.03.28 05:15;4.62;3.12;-6.25;909;-1.0;0
1713;2026.03.28 05:30;4.62;3.12;-6;909;-1.0;0
1714;2026.03.28 05:45;4.56;3.12;-5.69;909;-1.0;0
1715;2026.03.28 06:00;4.5;3.12;-5.06;909;-1.0;0
1716;2026.03.28 06:15;4.5;3.12;-3.5;910;-1.0;0
1717;2026.03.28 06:30;4.5;3.25;-2.25;910;-1.0;0
1718;2026.03.28 06:45;4.5;3.25;-1.62;910;-1.0;0
1719;2026.03.28 07:00;4.44;3.38;-1;910;-1.0;0
1720;2026.03.28 07:15;4.38;3.38;1.31;910;-1.0;0
1721;2026.03.28 07:30;4.38;3.5;4.12;911;-1.0;0
1722;2026.03.28 07:45;4.38;3.69;4.69;911;-1.0;0
1723;2026.03.28 08:00;4.38;3.81;6.88;911;-1.0;0
1724;2026.03.28 08:15;4.31;4;7.81;911;-1.0;0
1725;2026.03.28 08:30;4.31;4.12;7.25;912;-1.0;0
1726;2026.03.28 08:45;4.25;4.25;11;912;-1.0;0
1727;2026.03.28 09:00;4.25;4.44;12.56;912;-1.0;0
1728;2026.03.28 09:15;4.25;4.62;13.19;912;-1.0;0
1729;2026.03.28 09:30;4.25;4.88;12.38;912;-1.0;0
1730;2026.03.28 09:45;4.25;4.94;13.56;912;-1.0;0
1731;2026.03.28 10:00;4.25;5.12;15.88;912;-1.0;0
1732;2026.03.28 10:15;4.25;5.38;18.12;913;-1.0;0
1733;2026.03.28 10:30;4.25;5.56;16.31;913;-1.0;0
1734;2026.03.28 10:45;4.25;5.62;15.12;913;-1.0;0
1735;2026.03.28 11:00;4.25;5.69;14.88;912;-1.0;0
1736;2026.03.28 11:15;4.25;5.75;16.25;912;-1.0;0
1737;2026.03.28 11:30;4.31;5.88;17.25;912;-1.0;0
1738;2026.03.28 11:45;4.31;6;16.19;912;-1.0;0
1739;2026.03.28 12:00;4.38;6.12;17.62;912;-1.0;0
1740;2026.03.28 12:15;4.38;6.19;15.88;912;-1.0;0
1741;2026.03.28 12:30;4.38;6.25;17.56;912;-1.0;0
1742;2026.03.28 12:45;4.44;6.38;14.81;912;-1.0;0
1743;2026.03.28 13:00;4.5;6.31;13.12;912;-1.0;0
1744;2026.03.28 13:15;4.5;6.31;15.5;912;-1.0;0
1745;2026.03.28 13:30;4.56;6.44;16.5;912;-1.0;0
1746;2026.03.28 13:45;4.62;6.5;16.06;912;-1.0;0
1747;2026.03.28 14:00;4.62;6.5;13.31;912;-1.0;0
1748;2026.03.28 14:15;4.69;6.44;10.62;912;-1.0;0
1749;2026.03.28 14:30;4.75;6.31;10;911;-1.0;0
1750;2026.03.28 14:45;4.75;6.25;9.12;911;-1.0;0
1751;2026.03.28 15:00;4.81;6.12;8.38;911;-1.0;0
1752;2026.03.28 15:15;4.88;6.12;7.62;911;-1.0;0
1753;2026.03.28 15:30;4.88;6;7.25;911;-1.0;0
1754;2026.03.28 15:45;4.94;6;6.88;911;-1.0;0
1755;2026.03.28 16:00;5;5.88;6.25;911;-1.0;0
1756;2026.03.28 16:15;5;5.88;6;911;-1.0;0
1757;2026.03.28 16:30;5.06;5.81;5.75;911;-1.0;0
1758;2026.03.28 16:45;5.12;5.75;5.69;911;-1.0;0
1759;2026.03.28 17:00;5.12;5.75;5.25;910;-1.0;0
1760;2026.03.28 17:15;5.12;5.75;4.5;911;-1.0;0
1761;2026.03.28 17:30;5.12;5.62;3.44;911;-1.0;0
1762;2026.03.28 17:45;5.12;5.56;2.25;911;-1.0;0
1763;2026.03.28 18:00;5.19;5.5;1.12;911;-1.0;0
1764;2026.03.28 18:15;5.19;5.38;0.62;911;-1.0;0
1765;2026.03.28 18:30;5.25;5.31;0.88;911;-1.0;0
1766;2026.03.28 18:45;5.25;5.31;1.38;911;-1.0;0
1767;2026.03.28 19:00;5.25;5.25;1.75;911;-1.0;0
1768;2026.03.28 19:15;5.25;5.25;2;911;-1.0;0
1769;2026.03.28 19:30;5.25;5.25;2.19;911;-1.0;0
1770;2026.03.28 19:45;5.25;5.25;2.25;911;-1.0;0
1771;2026.03.28 20:00;5.25;5.25;2.31;911;-1.0;0
1772;2026.03.28 20:15;5.25;5.25;2.38;912;-1.0;0
1773;2026.03.28 20:30;5.25;5.25;2.38;912;-1.0;0
1774;2026.03.28 20:45;5.25;5.25;2.44;912;-1.0;0
1775;2026.03.28 21:00;5.25;5.25;2.44;912;-1.0;0
1776;2026.03.28 21:15;5.25;5.25;2.5;912;-1.0;0
1777;2026.03.28 21:30;5.25;5.19;2.38;912;-1.0;0
1778;2026.03.28 21:45;5.25;5.19;2.38;912;-1.0;0
1779;2026.03.28 22:00;5.25;5.19;2.38;912;-1.0;0
1780;2026.03.28 22:15;5.25;5.12;2.25;912;-1.0;0
1781;2026.03.28 22:30;5.25;5.12;2.12;912;-1.0;0
1782;2026.03.28 22:45;5.25;5.12;2;913;-1.0;0
1783;2026.03.28 23:00;5.25;5.12;1.88;913;-1.0;0
1784;2026.03.28 23:15;5.25;5.12;1.88;913;-1.0;0
1785;2026.03.28 23:30;5.25;5.12;1.88;913;-1.0;0
1786;2026.03.28 23:45;5.25;5.06;1.75;913;-1.0;0
1787;2026.03.29 00:00;5.25;5.06;1.62;913;-1.0;0
1788;2026.03.29 00:15;5.19;5.06;1.62;913;-1.0;0
1789;2026.03.29 00:30;5.19;5;1.62;913;-1.0;0
1790;2026.03.29 00:45;5.19;5;1.62;914;-1.0;0
1791;2026.03.29 01:00;5.19;5;1.62;914;-1.0;0
1792;2026.03.29 01:15;5.12;5;1.69;914;-1.0;0
1793;2026.03.29 01:30;5.12;5;1.75;914;-1.0;0
1794;2026.03.29 01:45;5.12;5;1.75;914;-1.0;0
1795;2026.03.29 02:00;5.12;5;1.5;914;-1.0;0
1796;2026.03.29 02:15;5.12;4.94;1.25;914;-1.0;0
1797;2026.03.29 02:30;5.12;4.88;1;914;-1.0;0
1798;2026.03.29 02:45;5.12;4.88;1.12;915;-1.0;0
1799;2026.03.29 03:00;5.12;4.88;1.5;915;-1.0;0
1800;2026.03.29 03:15;5.12;4.88;1.75;915;-1.0;0
1801;2026.03.29 03:30;5.12;4.88;2;915;-1.0;0
1802;2026.03.29 03:45;5.06;4.88;2.12;915;-1.0;0
1803;2026.03.29 04:00;5.06;4.88;2.25;915;-1.0;0
1804;2026.03.29 04:15;5.06;4.88;2.25;915;-1.0;0
1805;2026.03.29 04:30;5;4.88;2.19;915;-1.0;0
1806;2026.03.29 04:45;5;4.88;2.25;915;-1.0;0
1807;2026.03.29 05:00;5;4.88;2.25;915;-1.0;0
1808;2026.03.29 05:15;5;4.88;2.25;916;-1.0;0
1809;2026.03.29 05:30;5;4.88;2.44;916;-1.0;0
1810;2026.03.29 05:45;5;4.88;2.69;916;-1.0;0
1811;2026.03.29 06:00;5;4.88;2.88;916;-1.0;0
1812;2026.03.29 06:15;5;4.88;2.81;916;-1.0;0
1813;2026.03.29 06:30;5;4.88;3.06;916;-1.0;0
1814;2026.03.29 06:45;5;4.94;3.5;916;-1.0;0
1815;2026.03.29 07:00;5;4.94;3.56;916;-1.0;0
1816;2026.03.29 07:15;5;4.94;3.81;916;-1.0;0
1817;2026.03.29 07:30;4.94;5;3.75;916;-1.0;0
1818;2026.03.29 07:45;4.94;5;3.75;916;-1.0;0
1819;2026.03.29 08:00;4.94;5;4.31;916;-1.0;0
1820;2026.03.29 08:15;4.94;5.06;4.94;917;-1.0;0
1821;2026.03.29 08:30;4.94;5.12;5.38;917;-1.0;0
1822;2026.03.29 08:45;4.88;5.12;5.12;917;-1.0;0
1823;2026.03.29 09:00;4.88;5.12;5.12;917;-1.0;0
1824;2026.03.29 09:15;4.88;5.12;5.12;917;-1.0;0
1825;2026.03.29 09:30;4.88;5.19;4.81;917;-1.0;0
1826;2026.03.29 09:45;4.88;5.19;4.62;917;-1.0;0
1827;2026.03.29 10:00;4.88;5.25;4.75;917;-1.0;0
1828;2026.03.29 10:15;4.88;5.25;5.12;917;-1.0;0
1829;2026.03.29 10:30;4.88;5.25;5.12;917;-1.0;0
1830;2026.03.29 10:45;4.88;5.25;5.12;917;-1.0;0
1831;2026.03.29 11:00;4.88;5.25;5.5;917;-1.0;0
1832;2026.03.29 11:15;4.88;5.25;5.25;917;-1.0;0
1833;2026.03.29 11:30;4.88;5.31;5.5;917;-1.0;0
1834;2026.03.29 11:45;4.94;5.38;6.31;917;-1.0;0
1835;2026.03.29 12:00;4.94;5.38;7.06;917;-1.0;0
1836;2026.03.29 12:15;4.94;5.5;7.38;917;-1.0;0
1837;2026.03.29 12:30;4.94;5.5;6.5;917;-1.0;0
1838;2026.03.29 12:45;4.94;5.5;6.25;917;-1.0;0
1839;2026.03.29 13:00;4.94;5.5;5.5;918;-1.0;0
1840;2026.03.29 13:15;5;5.5;5;917;-1.0;0
1841;2026.03.29 13:30;5;5.5;4.88;918;-1.0;0
1842;2026.03.29 13:45;5;5.5;4.75;918;-1.0;0
1843;2026.03.29 14:00;5;5.5;5.12;918;-1.0;0
1844;2026.03.29 14:15;5;5.5;5.5;918;-1.0;0
1845;2026.03.29 14:30;5;5.5;5.62;918;-1.0;0
1846;2026.03.29 14:45;5;5.5;5.62;918;-1.0;0
1847;2026.03.29 15:00;5;5.5;5.75;918;-1.0;0
1848;2026.03.29 15:15;5;5.56;6.12;918;-1.0;0
1849;2026.03.29 15:30;5.06;5.62;6;918;-1.0;0
1850;2026.03.29 15:45;5.06;5.62;5.75;918;-1.0;0
1851;2026.03.29 16:00;5.06;5.62;5.5;918;-1.0;0
1852;2026.03.29 16:15;5.12;5.62;5.38;918;-1.0;0
1853;2026.03.29 16:30;5.12;5.62;5.12;918;-1.0;0
1854;2026.03.29 16:45;5.12;5.62;5.12;918;-1.0;0
1855;2026.03.29 17:00;5.12;5.62;4.88;918;-1.0;0
1856;2026.03.29 17:15;5.12;5.56;4.5;918;-1.0;0
1857;2026.03.29 17:30;5.12;5.56;4.12;918;-1.0;0
1858;2026.03.29 17:45;5.12;5.5;3.75;918;-1.0;0
1859;2026.03.29 18:00;5.12;5.5;3.38;918;-1.0;0
1860;2026.03.29 18:15;5.12;5.5;3.12;918;-1.0;0
1861;2026.03.29 18:30;5.12;5.44;2.88;918;-1.0;0
1862;2026.03.29 18:45;5.19;5.38;2.88;918;-1.0;0
1863;2026.03.29 19:00;5.19;5.38;2.81;918;-1.0;0
1864;2026.03.29 19:15;5.19;5.38;2.75;918;-1.0;0
1865;2026.03.29 19:30;5.19;5.38;2.75;918;-1.0;0
1866;2026.03.29 19:45;5.19;5.38;2.62;919;-1.0;0
1867;2026.03.29 20:00;5.19;5.38;2.5;918;-1.0;0
1868;2026.03.29 20:15;5.19;5.31;2.31;919;-1.0;0
1869;2026.03.29 20:30;5.19;5.31;2.12;919;-1.0;0
1870;2026.03.29 20:45;5.19;5.25;1.75;919;-1.0;0
1871;2026.03.29 21:00;5.19;5.25;0.69;919;-1.0;0
1872;2026.03.29 21:15;5.19;5.12;0.25;919;-1.0;0
1873;2026.03.29 21:30;5.19;5.12;-0.38;919;-1.0;0
1874;2026.03.29 21:45;5.19;5;-1;919;-1.0;0
1875;2026.03.29 22:00;5.19;5;-1.38;919;-1.0;0
1876;2026.03.29 22:15;5.19;4.88;-1.62;919;-1.0;0
1877;2026.03.29 22:30;5.19;4.88;-1.88;919;-1.0;0
1878;2026.03.29 22:45;5.19;4.75;-2.25;919;-1.0;0
1879;2026.03.29 23:00;5.12;4.75;-2.31;919;-1.0;0
1880;2026.03.29 23:15;5.12;4.62;-2.62;919;-1.0;0
1881;2026.03.29 23:30;5.12;4.62;-2.88;919;-1.0;0
1882;2026.03.29 23:45;5.12;4.5;-3.38;919;-1.0;0
1883;2026.03.30 00:00;5.12;4.5;-3.38;920;-1.0;0
1884;2026.03.30 00:15;5.12;4.44;-3.5;920;-1.0;0
1885;2026.03.30 00:30;5.12;4.38;-3.62;920;-1.0;0
1886;2026.03.30 00:45;5.06;4.31;-3.69;920;-1.0;0
1887;2026.03.30 01:00;5.06;4.25;-3.62;920;-1.0;0
1888;2026.03.30 01:15;5;4.25;-3.62;920;-1.0;0
1889;2026.03.30 01:30;5;4.19;-3.56;920;-1.0;0
1890;2026.03.30 01:45;5;4.12;-3.62;920;-1.0;0
1891;2026.03.30 02:00;5;4.12;-3.62;920;-1.0;0
1892;2026.03.30 02:15;5;4.12;-3.38;920;-1.0;0
1893;2026.03.30 02:30;4.94;4.06;-3.25;920;-1.0;0
1894;2026.03.30 02:45;4.94;4.06;-3.25;921;-1.0;0
1895;2026.03.30 03:00;4.88;4;-3;921;-1.0;0
1896;2026.03.30 03:15;4.88;4;-2.75;921;-1.0;0
1897;2026.03.30 03:30;4.88;4;-2.5;921;-1.0;0
1898;2026.03.30 03:45;4.81;4;-2.25;921;-1.0;0
1899;2026.03.30 04:00;4.81;4;-2.06;921;-1.0;0
1900;2026.03.30 04:15;4.75;4;-1.88;921;-1.0;0
1901;2026.03.30 04:30;4.75;4;-1.75;921;-1.0;0
1902;2026.03.30 04:45;4.75;4;-1.62;921;-1.0;0
1903;2026.03.30 05:00;4.75;4;-1.31;921;-1.0;0
1904;2026.03.30 05:15;4.69;4;-1;921;-1.0;0
1905;2026.03.30 05:30;4.69;4;-0.62;921;-1.0;0
1906;2026.03.30 05:45;4.62;4;-0.31;921;-1.0;0
1907;2026.03.30 06:00;4.62;4;0;921;-1.0;0
1908;2026.03.30 06:15;4.62;4;0.31;922;-1.0;0
1909;2026.03.30 06:30;4.62;4.06;0.62;922;-1.0;0
1910;2026.03.30 06:45;4.62;4.06;1.06;922;-1.0;0
1911;2026.03.30 07:00;4.56;4.12;1.88;923;-1.0;0
1912;2026.03.30 07:15;4.56;4.12;2.75;923;-1.0;0
1913;2026.03.30 07:30;4.5;4.25;3.38;923;-1.0;0
1914;2026.03.30 07:45;4.5;4.25;3.69;923;-1.0;0
1915;2026.03.30 08:00;4.5;4.31;3.62;923;-1.0;0
1916;2026.03.30 08:15;4.5;4.38;3.88;923;-1.0;0
1917;2026.03.30 08:30;4.5;4.38;3.94;923;-1.0;0
1918;2026.03.30 08:45;4.5;4.38;3.81;923;-1.0;0
1919;2026.03.30 09:00;4.44;4.38;3.62;923;-1.0;0
1920;2026.03.30 09:15;4.44;4.44;3.69;923;-1.0;0
1921;2026.03.30 09:30;4.44;4.44;3.75;923;-1.0;0
1922;2026.03.30 09:45;4.44;4.5;4.38;922;-1.0;0
1923;2026.03.30 10:00;4.44;4.5;4.62;922;-1.0;0
1924;2026.03.30 10:15;4.44;4.5;5.25;922;-1.0;0
1925;2026.03.30 10:30;4.38;4.56;5.5;922;-1.0;0
1926;2026.03.30 10:45;4.38;4.62;5.12;922;-1.0;0
1927;2026.03.30 11:00;4.38;4.62;4.81;922;-1.0;0
1928;2026.03.30 11:15;4.38;4.62;4.81;922;-1.0;0
1929;2026.03.30 11:30;4.38;4.62;4.88;922;-1.0;0
1930;2026.03.30 11:45;4.38;4.62;4.25;922;-1.0;0
1931;2026.03.30 12:00;4.38;4.62;4.44;922;-1.0;0
1932;2026.03.30 12:15;4.38;4.69;6.44;922;-1.0;0
1933;2026.03.30 12:30;4.38;4.75;7.25;922;-1.0;0
1934;2026.03.30 12:45;4.44;4.88;6.62;922;-1.0;0
1935;2026.03.30 13:00;4.38;4.88;6.62;922;-1.0;0
1936;2026.03.30 13:15;4.44;4.88;6.5;922;-1.0;0
1937;2026.03.30 13:30;4.44;4.94;6.06;922;-1.0;0
1938;2026.03.30 13:45;4.44;4.94;6.25;922;-1.0;0
1939;2026.03.30 14:00;4.44;5;7.25;922;-1.0;0
1940;2026.03.30 14:15;4.44;5.06;8.12;922;-1.0;0
1941;2026.03.30 14:30;4.5;5.12;7.12;922;-1.0;0
1942;2026.03.30 14:45;4.5;5.06;4.44;922;-1.0;0
1943;2026.03.30 15:00;4.5;5;4.44;922;-1.0;0
1944;2026.03.30 15:15;4.5;5;4.38;922;-1.0;0
1945;2026.03.30 15:30;4.5;5;3.94;922;-1.0;0
1946;2026.03.30 15:45;4.5;4.94;4.12;922;-1.0;0
1947;2026.03.30 16:00;4.5;4.94;3.81;922;-1.0;0
1948;2026.03.30 16:15;4.5;4.88;3.5;922;-1.0;0
1949;2026.03.30 16:30;4.56;4.88;2.75;922;-1.0;0
1950;2026.03.30 16:45;4.56;4.88;1.94;922;-1.0;0
1951;2026.03.30 17:00;4.62;4.81;2.25;922;-1.0;0
1952;2026.03.30 17:15;4.56;4.75;1.88;922;-1.0;0
1953;2026.03.30 17:30;4.62;4.75;1.25;922;-1.0;0
1954;2026.03.30 17:45;4.62;4.69;1.38;922;-1.0;0
1955;2026.03.30 18:00;4.62;4.69;1.38;922;-1.0;0
1956;2026.03.30 18:15;4.62;4.62;1.75;922;-1.0;0
1957;2026.03.30 18:30;4.62;4.62;1.12;922;-1.0;0
1958;2026.03.30 18:45;4.62;4.62;0.62;922;-1.0;0
1959;2026.03.30 19:00;4.62;4.56;0.62;922;-1.0;0
1960;2026.03.30 19:15;4.62;4.56;0.81;922;-1.0;0
1961;2026.03.30 19:30;4.62;4.5;0.94;922;-1.0;0
1962;2026.03.30 19:45;4.62;4.5;1;922;-1.0;0
1963;2026.03.30 20:00;4.62;4.5;0.94;923;-1.0;0
1964;2026.03.30 20:15;4.62;4.5;1;923;-1.0;0
1965;2026.03.30 20:30;4.62;4.5;1;923;-1.0;0
1966;2026.03.30 20:45;4.62;4.5;1.25;923;-1.0;0
1967;2026.03.30 21:00;4.62;4.5;1.38;923;-1.0;0
1968;2026.03.30 21:15;4.62;4.5;1.31;923;-1.0;0
1969;2026.03.30 21:30;4.62;4.5;1.25;923;-1.0;0
1970;2026.03.30 21:45;4.62;4.5;1.12;923;-1.0;0
1971;2026.03.30 22:00;4.62;4.5;1.19;923;-1.0;0
1972;2026.03.30 22:15;4.62;4.5;1.38;924;-1.0;0
1973;2026.03.30 22:30;4.62;4.5;1.62;924;-1.0;0
1974;2026.03.30 22:45;4.62;4.5;1.75;924;-1.0;0
1975;2026.03.30 23:00;4.56;4.5;1.75;924;-1.0;0
1976;2026.03.30 23:15;4.56;4.5;1.75;924;-1.0;0
1977;2026.03.30 23:30;4.56;4.5;1.5;924;-1.0;0
1978;2026.03.30 23:45;4.56;4.44;1.44;925;-1.0;0
1979;2026.03.31 00:00;4.56;4.44;1.5;925;-1.0;0
1980;2026.03.31 00:15;4.56;4.44;1.62;925;-1.0;0
1981;2026.03.31 00:30;4.5;4.44;1.62;925;-1.0;0
1982;2026.03.31 00:45;4.5;4.44;1.69;925;-1.0;0
1983;2026.03.31 01:00;4.5;4.44;1.69;925;-1.0;0
1984;2026.03.31 01:15;4.5;4.38;1.75;925;-1.0;0
1985;2026.03.31 01:30;4.5;4.44;1.69;925;-1.0;0
1986;2026.03.31 01:45;4.5;4.38;1.62;925;-1.0;0
1987;2026.03.31 02:00;4.5;4.38;1.19;925;-1.0;0
1988;2026.03.31 02:15;4.5;4.38;0.62;925;-1.0;0
1989;2026.03.31 02:30;4.5;4.38;0.5;925;-1.0;0
1990;2026.03.31 02:45;4.5;4.31;0.62;925;-1.0;0
1991;2026.03.31 03:00;4.5;4.31;0.75;925;-1.0;0
1992;2026.03.31 03:15;4.5;4.25;0.88;925;-1.0;0
1993;2026.03.31 03:30;4.5;4.25;0.94;925;-1.0;0
1994;2026.03.31 03:45;4.5;4.25;1;925;-1.0;0
1995;2026.03.31 04:00;4.44;4.25;0.88;925;-1.0;0
1996;2026.03.31 04:15;4.44;4.25;0.94;925;-1.0;0
1997;2026.03.31 04:30;4.44;4.25;0.88;925;-1.0;0
1998;2026.03.31 04:45;4.44;4.25;0.88;925;-1.0;0
1999;2026.03.31 05:00;4.38;4.25;0.94;925;-1.0;0
2000;2026.03.31 05:15;4.38;4.25;1.12;925;-1.0;0
2001;2026.03.31 05:30;4.38;4.25;1.38;926;-1.0;0
2002;2026.03.31 05:45;4.38;4.25;1.69;926;-1.0;0
2003;2026.03.31 06:00;4.38;4.25;2;926;-1.0;0
2004;2026.03.31 06:15;4.38;4.25;2.38;926;-1.0;0
2005;2026.03.31 06:30;4.38;4.25;3.12;926;-1.0;0
2006;2026.03.31 06:45;4.38;4.38;3.62;926;-1.0;0
2007;2026.03.31 07:00;4.38;4.38;3.88;926;-1.0;0
2008;2026.03.31 07:15;4.38;4.38;4.25;926;-1.0;0
2009;2026.03.31 07:30;4.38;4.5;4.94;926;-1.0;0
2010;2026.03.31 07:45;4.38;4.5;5.06;926;-1.0;0
2011;2026.03.31 08:00;4.38;4.62;5.19;926;-1.0;0
2012;2026.03.31 08:15;4.38;4.62;5.12;926;-1.0;0
2013;2026.03.31 08:30;4.38;4.62;5.44;926;-1.0;0
2014;2026.03.31 08:45;4.38;4.69;6.12;926;-1.0;0
2015;2026.03.31 09:00;4.38;4.75;6.12;926;-1.0;0
2016;2026.03.31 09:15;4.38;4.81;6;926;-1.0;0
2017;2026.03.31 09:30;4.38;4.81;5.62;926;-1.0;0
2018;2026.03.31 09:45;4.38;4.81;5.75;926;-1.0;0
2019;2026.03.31 10:00;4.38;4.88;6.06;926;-1.0;0
2020;2026.03.31 10:15;4.38;4.88;6.12;926;-1.0;0
2021;2026.03.31 10:30;4.38;4.88;6.25;926;-1.0;0
2022;2026.03.31 10:45;4.38;4.88;5.88;926;-1.0;0
2023;2026.03.31 11:00;4.38;5;7.25;926;-1.0;0
2024;2026.03.31 11:15;4.38;5;7;926;-1.0;0
2025;2026.03.31 11:30;4.38;5.06;7.25;926;-1.0;0
2026;2026.03.31 11:45;4.38;5.12;8.81;926;-1.0;0
2027;2026.03.31 12:00;4.44;5.12;7.62;926;-1.0;0
2028;2026.03.31 12:15;4.44;5.25;8.5;926;-1.0;0
2029;2026.03.31 12:30;4.5;5.25;8;926;-1.0;0
2030;2026.03.31 12:45;4.5;5.25;8.62;926;-1.0;0
2031;2026.03.31 13:00;4.5;5.31;8.75;926;-1.0;0
2032;2026.03.31 13:15;4.5;5.38;8.5;926;-1.0;0
2033;2026.03.31 13:30;4.5;5.38;8.69;926;-1.0;0
2034;2026.03.31 13:45;4.56;5.44;8.56;926;-1.0;0
2035;2026.03.31 14:00;4.56;5.5;9;926;-1.0;0
2036;2026.03.31 14:15;4.62;5.5;8.75;926;-1.0;0
2037;2026.03.31 14:30;4.62;5.5;8.94;926;-1.0;0
2038;2026.03.31 14:45;4.62;5.56;8.38;926;-1.0;0
2039;2026.03.31 15:00;4.62;5.56;8;926;-1.0;0
2040;2026.03.31 15:15;4.69;5.56;7.38;925;-1.0;0
2041;2026.03.31 15:30;4.69;5.56;7.12;925;-1.0;0
2042;2026.03.31 15:45;4.75;5.56;7.38;925;-1.0;0
2043;2026.03.31 16:00;4.75;5.56;6.88;925;-1.0;0
2044;2026.03.31 16:15;4.75;5.5;6.5;925;-1.0;0
2045;2026.03.31 16:30;4.75;5.5;5.75;925;-1.0;0
2046;2026.03.31 16:45;4.81;5.5;5.31;925;-1.0;0
2047;2026.03.31 17:00;4.81;5.5;5;925;-1.0;0
2048;2026.03.31 17:15;4.88;5.44;4.62;925;-1.0;0
2049;2026.03.31 17:30;4.88;5.38;4;925;-1.0;0
2050;2026.03.31 17:45;4.88;5.38;3.38;925;-1.0;0
2051;2026.03.31 18:00;4.88;5.31;2.62;925;-1.0;0
2052;2026.03.31 18:15;4.88;5.25;2.38;925;-1.0;0
2053;2026.03.31 18:30;4.94;5.25;2.19;925;-1.0;0
2054;2026.03.31 18:45;4.94;5.19;1.56;924;-1.0;0
2055;2026.03.31 19:00;4.94;5.12;1;924;-1.0;0
2056;2026.03.31 19:15;5;5.12;1.12;924;-1.0;0
2057;2026.03.31 19:30;5;5.06;1.38;924;-1.0;0
2058;2026.03.31 19:45;5;5.06;1.5;924;-1.0;0
2059;2026.03.31 20:00;5;5;1.62;924;-1.0;0
2060;2026.03.31 20:15;5;5;1.62;924;-1.0;0
2061;2026.03.31 20:30;5;5;1.56;924;-1.0;0
2062;2026.03.31 20:45;5;5;1.5;924;-1.0;0
2063;2026.03.31 21:00;5;5;1.5;924;-1.0;0
2064;2026.03.31 21:15;5;5;1.38;924;-1.0;0
2065;2026.03.31 21:30;5;4.94;0.88;924;-1.0;0
2066;2026.03.31 21:45;5;4.88;-0.5;924;-1.0;0
2067;2026.03.31 22:00;5;4.81;-1.69;924;-1.0;0
2068;2026.03.31 22:15;5;4.75;-2.06;924;-1.0;0
2069;2026.03.31 22:30;5;4.62;-2.06;924;-1.0;0
2070;2026.03.31 22:45;5;4.62;-2.25;924;-1.0;0
2071;2026.03.31 23:00;5;4.5;-2.38;924;-1.0;0
2072;2026.03.31 23:15;4.94;4.5;-2.56;924;-1.0;0
2073;2026.03.31 23:30;4.94;4.44;-2.25;924;-1.0;0
2074;2026.03.31 23:45;4.94;4.38;-2;924;-1.0;0
2075;2026.04.01 00:00;4.88;4.38;-1.75;924;-1.0;0
2076;2026.04.01 00:15;4.88;4.38;-1.56;924;-1.0;0
2077;2026.04.01 00:30;4.88;4.38;-1.5;924;-1.0;0
2078;2026.04.01 00:45;4.88;4.31;-1.62;924;-1.0;0
2079;2026.04.01 01:00;4.88;4.31;-1.62;924;-1.0;0
2080;2026.04.01 01:15;4.88;4.25;-1.69;924;-1.0;0
2081;2026.04.01 01:30;4.81;4.25;-1.75;924;-1.0;0
2082;2026.04.01 01:45;4.81;4.25;-1.5;925;-1.0;0
2083;2026.04.01 02:00;4.75;4.25;-1.19;925;-1.0;0
2084;2026.04.01 02:15;4.75;4.25;-0.88;925;-1.0;0
2085;2026.04.01 02:30;4.75;4.25;-0.88;925;-1.0;0
2086;2026.04.01 02:45;4.75;4.25;-1;925;-1.0;0
2087;2026.04.01 03:00;4.75;4.19;-1.12;925;-1.0;0
2088;2026.04.01 03:15;4.75;4.12;-1.38;925;-1.0;0
2089;2026.04.01 03:30;4.69;4.12;-1.25;925;-1.0;0
2090;2026.04.01 03:45;4.69;4.12;-1;925;-1.0;0
2091;2026.04.01 04:00;4.62;4.12;-1.12;925;-1.0;0
2092;2026.04.01 04:15;4.62;4.12;-1.56;925;-1.0;0
2093;2026.04.01 04:30;4.62;4.06;-1.56;925;-1.0;0
2094;2026.04.01 04:45;4.62;4;-1.75;925;-1.0;0
2095;2026.04.01 05:00;4.62;4;-2.06;925;-1.0;0
2096;2026.04.01 05:15;4.56;4;-2;925;-1.0;0
2097;2026.04.01 05:30;4.56;3.94;-1.38;925;-1.0;0
2098;2026.04.01 05:45;4.5;4;-0.44;926;-1.0;0
2099;2026.04.01 06:00;4.5;4;0.5;926;-1.0;0
2100;2026.04.01 06:15;4.5;4;1.38;926;-1.0;0
2101;2026.04.01 06:30;4.5;4.06;1.88;926;-1.0;0
2102;2026.04.01 06:45;4.5;4.12;2.31;926;-1.0;0
2103;2026.04.01 07:00;4.5;4.12;3;926;-1.0;0
2104;2026.04.01 07:15;4.44;4.25;4.62;926;-1.0;0
2105;2026.04.01 07:30;4.44;4.38;6.12;926;-1.0;0
2106;2026.04.01 07:45;4.38;4.5;6.94;926;-1.0;0
2107;2026.04.01 08:00;4.38;4.56;7.75;926;-1.0;0
2108;2026.04.01 08:15;4.38;4.69;8.75;926;-1.0;0
2109;2026.04.01 08:30;4.38;4.75;7;925;-1.0;0
2110;2026.04.01 08:45;4.38;4.75;9.38;925;-1.0;0
2111;2026.04.01 09:00;4.38;4.94;9.75;925;-1.0;0
2112;2026.04.01 09:15;4.38;5;8;925;-1.0;0
2113;2026.04.01 09:30;4.38;5;7.88;925;-1.0;0
2114;2026.04.01 09:45;4.38;5;7.94;925;-1.0;0
2115;2026.04.01 10:00;4.38;5.06;8.31;925;-1.0;0
2116;2026.04.01 10:15;4.38;5.12;9.25;925;-1.0;0
2117;2026.04.01 10:30;4.38;5.25;12.38;925;-1.0;0
2118;2026.04.01 10:45;4.38;5.38;12.19;925;-1.0;0
2119;2026.04.01 11:00;4.38;5.5;12.12;925;-1.0;0
2120;2026.04.01 11:15;4.44;5.62;14;925;-1.0;0
2121;2026.04.01 11:30;4.44;5.75;12.31;925;-1.0;0
2122;2026.04.01 11:45;4.5;5.75;11;924;-1.0;0
2123;2026.04.01 12:00;4.5;5.75;12.31;924;-1.0;0
2124;2026.04.01 12:15;4.5;5.81;11;924;-1.0;0
2125;2026.04.01 12:30;4.5;5.81;12.69;924;-1.0;0
2126;2026.04.01 12:45;4.5;5.94;12;924;-1.0;0
2127;2026.04.01 13:00;4.56;6;12.38;924;-1.0;0
2128;2026.04.01 13:15;4.62;6;12.75;924;-1.0;0
2129;2026.04.01 13:30;4.62;6.06;10.19;924;-1.0;0
2130;2026.04.01 13:45;4.62;6.12;14.5;924;-1.0;0
2131;2026.04.01 14:00;4.69;6.19;11.56;924;-1.0;0
2132;2026.04.01 14:15;4.75;6.12;10.12;924;-1.0;0
2133;2026.04.01 14:30;4.75;6.12;11.88;923;-1.0;0
2134;2026.04.01 14:45;4.75;6.19;9.62;923;-1.0;0
2135;2026.04.01 15:00;4.81;6.12;8.62;923;-1.0;0
2136;2026.04.01 15:15;4.88;6.06;8;923;-1.0;0
2137;2026.04.01 15:30;4.88;6;7.75;923;-1.0;0
2138;2026.04.01 15:45;4.88;6;7.5;923;-1.0;0
2139;2026.04.01 16:00;4.94;6;7.31;923;-1.0;0
2140;2026.04.01 16:15;5;5.88;6.88;923;-1.0;0
2141;2026.04.01 16:30;5;5.88;6.12;923;-1.0;0
2142;2026.04.01 16:45;5;5.88;5.25;923;-1.0;0
2143;2026.04.01 17:00;5;5.81;4.5;923;-1.0;0
2144;2026.04.01 17:15;5.06;5.75;2.75;923;-1.0;0
2145;2026.04.01 17:30;5.06;5.62;1.5;923;-1.0;0
2146;2026.04.01 17:45;5.12;5.5;0.5;923;-1.0;0
2147;2026.04.01 18:00;5.12;5.38;-0.25;922;-1.0;0
2148;2026.04.01 18:15;5.12;5.25;-0.88;922;-1.0;0
2149;2026.04.01 18:30;5.12;5.19;-1.25;922;-1.0;0
2150;2026.04.01 18:45;5.12;5.12;-1.5;922;-1.0;0
2151;2026.04.01 19:00;5.12;5;-1.56;922;-1.0;0
2152;2026.04.01 19:15;5.12;5;-1.62;922;-1.0;0
2153;2026.04.01 19:30;5.12;4.94;-1.81;923;-1.0;0
2154;2026.04.01 19:45;5.12;4.88;-2;923;-1.0;0
2155;2026.04.01 20:00;5.12;4.81;-2.06;923;-1.0;0
2156;2026.04.01 20:15;5.12;4.75;-2.12;923;-1.0;0
2157;2026.04.01 20:30;5.12;4.75;-2.38;923;-1.0;0
2158;2026.04.01 20:45;5.12;4.62;-2.44;923;-1.0;0
2159;2026.04.01 21:00;5.12;4.62;-2.56;923;-1.0;0
2160;2026.04.01 21:15;5.12;4.56;-2.62;923;-1.0;0
2161;2026.04.01 21:30;5.12;4.5;-2.75;923;-1.0;0
2162;2026.04.01 21:45;5.12;4.5;-2.88;923;-1.0;0
2163;2026.04.01 22:00;5.06;4.44;-2.75;923;-1.0;0
2164;2026.04.01 22:15;5.06;4.38;-2.62;923;-1.0;0
2165;2026.04.01 22:30;5.06;4.38;-2.62;923;-1.0;0
2166;2026.04.01 22:45;5;4.38;-2.56;923;-1.0;0
2167;2026.04.01 23:00;5;4.31;-2.44;923;-1.0;0
2168;2026.04.01 23:15;5;4.31;-2.38;923;-1.0;0
2169;2026.04.01 23:30;5;4.25;-2.25;923;-1.0;0
2170;2026.04.01 23:45;5;4.25;-1.88;923;-1.0;0
2171;2026.04.02 00:00;4.94;4.25;-1.44;924;-1.0;0
2172;2026.04.02 00:15;4.88;4.25;-1.12;924;-1.0;0
2173;2026.04.02 00:30;4.88;4.25;-0.75;924;-1.0;0
2174;2026.04.02 00:45;4.88;4.25;-0.88;924;-1.0;0
2175;2026.04.02 01:00;4.88;4.25;-0.94;924;-1.0;0
2176;2026.04.02 01:15;4.88;4.25;-0.75;924;-1.0;0
2177;2026.04.02 01:30;4.81;4.25;-0.5;924;-1.0;0
2178;2026.04.02 01:45;4.75;4.25;0;924;-1.0;0
2179;2026.04.02 02:00;4.75;4.25;0.12;924;-1.0;0
2180;2026.04.02 02:15;4.75;4.25;0.31;924;-1.0;0
2181;2026.04.02 02:30;4.75;4.25;0.38;924;-1.0;0
2182;2026.04.02 02:45;4.75;4.25;0.25;924;-1.0;0
2183;2026.04.02 03:00;4.75;4.25;0.44;924;-1.0;0
2184;2026.04.02 03:15;4.69;4.25;0.5;924;-1.0;0
2185;2026.04.02 03:30;4.62;4.25;0.38;924;-1.0;0
2186;2026.04.02 03:45;4.62;4.25;0.25;924;-1.0;0
2187;2026.04.02 04:00;4.62;4.25;0.38;924;-1.0;0
2188;2026.04.02 04:15;4.62;4.25;0.38;924;-1.0;0
2189;2026.04.02 04:30;4.62;4.25;0.62;924;-1.0;0
2190;2026.04.02 04:45;4.62;4.25;0.88;924;-1.0;0
2191;2026.04.02 05:00;4.56;4.25;1;924;-1.0;0
2192;2026.04.02 05:15;4.56;4.25;1.12;924;-1.0;0
2193;2026.04.02 05:30;4.56;4.25;1.25;924;-1.0;0
2194;2026.04.02 05:45;4.5;4.25;1.5;924;-1.0;0
2195;2026.04.02 06:00;4.5;4.25;2;924;-1.0;0
2196;2026.04.02 06:15;4.5;4.31;2.38;924;-1.0;0
2197;2026.04.02 06:30;4.5;4.31;2.75;924;-1.0;0
2198;2026.04.02 06:45;4.5;4.38;2.88;924;-1.0;0
2199;2026.04.02 07:00;4.5;4.38;3;924;-1.0;0
2200;2026.04.02 07:15;4.5;4.38;3.38;924;-1.0;0
2201;2026.04.02 07:30;4.5;4.44;4.19;924;-1.0;0
2202;2026.04.02 07:45;4.44;4.5;5.75;925;-1.0;0
2203;2026.04.02 08:00;4.44;4.62;6.62;925;-1.0;0
2204;2026.04.02 08:15;6.38;4.88;8.06;349;-1.0;0
2205;2026.04.02 08:30;9.81;7.75;8;217;-1.0;0
2206;2026.04.02 08:45;11.38;8.94;8.56;187;-1.0;0
2207;2026.04.02 09:00;10.88;9;8.5;176;-1.0;0
2208;2026.04.02 09:15;10.81;9.75;9;1946;-1.0;0
2209;2026.04.02 09:30;7;10.19;9.81;1944;-1.0;0
2210;2026.04.02 09:45;5.75;10;9.81;1944;-1.0;0
2211;2026.04.02 10:00;5.38;9.75;9.62;1944;-1.0;0
2212;2026.04.02 10:15;5.25;9.5;9.62;1945;-1.0;0
2213;2026.04.02 10:30;5.19;9.25;9.5;1946;-1.0;0
2214;2026.04.02 10:45;5.19;9.06;9.62;1946;-1.0;0
2215;2026.04.02 11:00;5.25;9.06;10.75;1947;-1.0;0
2216;2026.04.02 11:15;5.25;9.44;12.56;1948;-1.0;0
2217;2026.04.02 11:30;5.31;10.25;14.81;1949;-1.0;0
2218;2026.04.02 11:45;5.38;10.88;14.38;1950;-1.0;0
2219;2026.04.02 12:00;5.38;11;14.62;1951;-1.0;0
2220;2026.04.02 12:15;5.44;11.12;13.94;1952;-1.0;0
2221;2026.04.02 12:30;5.5;11;13.38;1953;-1.0;0
2222;2026.04.02 12:45;5.5;10.69;13;1953;-1.0;0
2223;2026.04.02 13:00;5.56;10.69;13.44;1954;-1.0;0
2224;2026.04.02 13:15;5.62;10.75;13.88;1955;-1.0;0
2225;2026.04.02 13:30;5.62;11.38;14.88;1956;-1.0;0
2226;2026.04.02 13:45;5.69;11.19;12.88;1956;-1.0;0
2227;2026.04.02 14:00;5.75;10.88;12.81;1957;-1.0;0
2228;2026.04.02 14:15;5.75;10.88;12.88;1958;-1.0;0
2229;2026.04.02 14:30;5.81;10.5;11.88;1958;-1.0;0
2230;2026.04.02 14:45;5.88;10.12;11.88;1959;-1.0;0
2231;2026.04.02 15:00;5.88;9.88;11.38;1959;-1.0;0
2232;2026.04.02 15:15;5.94;9.62;10.94;1959;-1.0;0
2233;2026.04.02 15:30;6;9.38;10.38;1960;-1.0;0
2234;2026.04.02 15:45;6;9.12;9.69;1960;-1.0;0
2235;2026.04.02 16:00;6;9;8.88;1961;-1.0;0
2236;2026.04.02 16:15;6.06;8.75;7.88;1961;-1.0;0
2237;2026.04.02 16:30;6.12;8.56;7.38;1962;-1.0;0
2238;2026.04.02 16:45;6.12;8.38;6.81;1962;-1.0;0
2239;2026.04.02 17:00;6.12;8.12;6.06;1963;-1.0;0
2240;2026.04.02 17:15;6.12;7.88;5.12;1963;-1.0;0
2241;2026.04.02 17:30;6.12;7.56;4.12;1963;-1.0;0
2242;2026.04.02 17:45;6.12;7.25;3.19;1964;-1.0;0
2243;2026.04.02 18:00;6.19;6.88;2.81;1964;-1.0;0
2244;2026.04.02 18:15;6.19;6.56;2.31;1964;-1.0;0
2245;2026.04.02 18:30;6.19;6.31;2.06;1965;-1.0;0
2246;2026.04.02 18:45;6.19;6.06;1.81;1965;-1.0;0
2247;2026.04.02 19:00;6.19;5.81;1.12;1965;-1.0;0
2248;2026.04.02 19:15;6.19;5.56;0.62;1966;-1.0;0
2249;2026.04.02 19:30;6.19;5.31;0;1966;-1.0;0
2250;2026.04.02 19:45;6.19;5.12;-0.19;1967;-1.0;0
2251;2026.04.02 20:00;6.12;4.88;-0.38;1967;-1.0;0
2252;2026.04.02 20:15;6.12;4.69;-0.62;1968;-1.0;0
2253;2026.04.02 20:30;6.12;4.5;-0.81;1968;-1.0;0
2254;2026.04.02 20:45;6.12;4.38;-0.88;1968;-1.0;0
2255;2026.04.02 21:00;6.12;4.19;-0.75;1969;-1.0;0
2256;2026.04.02 21:15;6.12;4.06;-1.12;1969;-1.0;0
2257;2026.04.02 21:30;6.06;3.94;-0.75;1970;-1.0;0
2258;2026.04.02 21:45;6.06;3.88;-1.25;1970;-1.0;0
2259;2026.04.02 22:00;6;3.75;-0.75;1971;-1.0;0
2260;2026.04.02 22:15;6;3.62;-1.19;1971;-1.0;0
2261;2026.04.02 22:30;6;3.56;-1.75;1972;-1.0;0
2262;2026.04.02 22:45;6;3.44;-1.88;1972;-1.0;0
2263;2026.04.02 23:00;5.94;3.38;-2.06;1973;-1.0;0
2264;2026.04.02 23:15;5.88;3.25;-2.38;1973;-1.0;0
2265;2026.04.02 23:30;5.88;3.25;-2.62;1974;-1.0;0
2266;2026.04.02 23:45;5.88;3.12;-2.75;1974;-1.0;0
2267;2026.04.03 00:00;5.88;3;-3;1974;-1.0;0
2268;2026.04.03 00:15;5.81;2.94;-2.62;1975;-1.0;0
2269;2026.04.03 00:30;5.81;3;-1.62;1975;-1.0;0
2270;2026.04.03 00:45;5.75;3;-1.56;1976;-1.0;0
2271;2026.04.03 01:00;5.75;3;-2.44;1976;-1.0;0
2272;2026.04.03 01:15;5.75;2.88;-2.56;1977;-1.0;0
2273;2026.04.03 01:30;5.69;2.75;-2.5;1977;-1.0;0
2274;2026.04.03 01:45;5.62;2.75;-2.56;1977;-1.0;0
2275;2026.04.03 02:00;5.62;2.69;-2.38;1978;-1.0;0
2276;2026.04.03 02:15;5.62;2.62;-2.38;1978;-1.0;0
2277;2026.04.03 02:30;5.62;2.56;-2.62;1978;-1.0;0
2278;2026.04.03 02:45;5.56;2.5;-3.12;1979;-1.0;0
2279;2026.04.03 03:00;5.56;2.38;-3.5;1979;-1.0;0
2280;2026.04.03 03:15;5.5;2.38;-3.5;1979;-1.0;0
2281;2026.04.03 03:30;5.5;2.25;-3.44;1980;-1.0;0
2282;2026.04.03 03:45;5.5;2.25;-3.56;1980;-1.0;0
2283;2026.04.03 04:00;5.5;2.12;-3.75;1981;-1.0;0
2284;2026.04.03 04:15;5.44;2.12;-3.88;1981;-1.0;0
2285;2026.04.03 04:30;5.44;2;-3.94;1981;-1.0;0
2286;2026.04.03 04:45;5.38;2;-4;1982;-1.0;0
2287;2026.04.03 05:00;5.38;2;-4;1982;-1.0;0
2288;2026.04.03 05:15;5.38;2;-3.75;1982;-1.0;0
2289;2026.04.03 05:30;5.38;2;-3.12;1983;-1.0;0
2290;2026.04.03 05:45;5.31;2;-2.5;1983;-1.0;0
2291;2026.04.03 06:00;5.25;2.19;0.12;1984;-1.0;0
2292;2026.04.03 06:15;5.25;2.56;2.5;1984;-1.0;0
2293;2026.04.03 06:30;5.25;2.94;3.38;1985;-1.0;0
2294;2026.04.03 06:45;5.25;3.12;3.25;1985;-1.0;0
2295;2026.04.03 07:00;5.25;3.5;5.69;1986;-1.0;0
2296;2026.04.03 07:15;5.19;3.75;6.81;1986;-1.0;0
2297;2026.04.03 07:30;5.19;4.25;8.5;1986;-1.0;0
2298;2026.04.03 07:45;5.19;4.81;10.06;1987;-1.0;0
2299;2026.04.03 08:00;5.12;5.25;10.88;1987;-1.0;0
2300;2026.04.03 08:15;5.12;5.88;13.38;1987;-1.0;0
2301;2026.04.03 08:30;5.12;6.69;14;1988;-1.0;0
2302;2026.04.03 08:45;5.12;7;12.81;1988;-1.0;0
2303;2026.04.03 09:00;5.12;7.12;11.75;1988;-1.0;0
2304;2026.04.03 09:15;5.12;7.31;12.62;1988;-1.0;0
2305;2026.04.03 09:30;5.12;8.12;16.25;1988;-1.0;0
2306;2026.04.03 09:45;5.12;8.75;16.12;1988;-1.0;0
2307;2026.04.03 10:00;5.12;8.88;13.62;1989;-1.0;0
2308;2026.04.03 10:15;5.19;9.06;15.69;1988;-1.0;0
2309;2026.04.03 10:30;5.25;9.81;18.25;1989;-1.0;0
2310;2026.04.03 10:45;5.25;9.75;13.75;1989;-1.0;0
2311;2026.04.03 11:00;5.25;9.44;13.62;1989;-1.0;0
2312;2026.04.03 11:15;5.25;9.31;13.12;1988;-1.0;0
2313;2026.04.03 11:30;5.31;9.31;13.19;1988;-1.0;0
2314;2026.04.03 11:45;5.38;9.62;15.12;1988;-1.0;0
2315;2026.04.03 12:00;5.38;9.75;14.12;1988;-1.0;0
2316;2026.04.03 12:15;5.44;10.25;15.75;1988;-1.0;0
2317;2026.04.03 12:30;5.5;10.38;15.5;1989;-1.0;0
2318;2026.04.03 12:45;5.5;10.19;14.31;1989;-1.0;0
2319;2026.04.03 13:00;5.56;10.62;14.88;1989;-1.0;0
2320;2026.04.03 13:15;5.62;10.25;13.62;1989;-1.0;0
2321;2026.04.03 13:30;5.62;10.12;13.94;1989;-1.0;0
2322;2026.04.03 13:45;5.62;10.25;15;1989;-1.0;0
2323;2026.04.03 14:00;5.69;11.25;16.62;1989;-1.0;0
2324;2026.04.03 14:15;5.75;10.88;14.5;1989;-1.0;0
2325;2026.04.03 14:30;5.75;10.5;13.38;1990;-1.0;0
2326;2026.04.03 14:45;5.81;10.25;13.38;1990;-1.0;0
2327;2026.04.03 15:00;5.88;10.12;13.25;1990;-1.0;0
2328;2026.04.03 15:15;5.88;9.81;11.75;1990;-1.0;0
2329;2026.04.03 15:30;5.94;9.56;11.25;1990;-1.0;0
2330;2026.04.03 15:45;6;9.25;10.62;1990;-1.0;0
2331;2026.04.03 16:00;6;9.25;11.5;1990;-1.0;0
2332;2026.04.03 16:15;6;9.25;11.5;1990;-1.0;0
2333;2026.04.03 16:30;6.06;9.12;11.06;1990;-1.0;0
2334;2026.04.03 16:45;6.12;9;10.5;1991;-1.0;0
2335;2026.04.03 17:00;6.12;8.88;10.06;1991;-1.0;0
2336;2026.04.03 17:15;6.12;8.75;9.12;1991;-1.0;0
2337;2026.04.03 17:30;6.12;8.5;7.75;1991;-1.0;0
2338;2026.04.03 17:45;6.19;8.25;7;1991;-1.0;0
2339;2026.04.03 18:00;6.25;8;7.12;1991;-1.0;0
2340;2026.04.03 18:15;6.25;7.88;6;1991;-1.0;0
2341;2026.04.03 18:30;6.25;7.5;3.88;1991;-1.0;0
2342;2026.04.03 18:45;6.25;7.12;2.81;1991;-1.0;0
2343;2026.04.03 19:00;6.25;6.75;2.56;1991;-1.0;0
2344;2026.04.03 19:15;6.25;6.5;2.25;1992;-1.0;0
2345;2026.04.03 19:30;6.25;6.25;2;1992;-1.0;0
2346;2026.04.03 19:45;6.25;6.12;2.25;1992;-1.0;0
2347;2026.04.03 20:00;6.25;6;1.88;1992;-1.0;0
2348;2026.04.03 20:15;6.25;5.81;1.31;1992;-1.0;0
2349;2026.04.03 20:30;6.25;5.62;1.5;1992;-1.0;0
2350;2026.04.03 20:45;6.25;5.56;1.94;1993;-1.0;0
2351;2026.04.03 21:00;6.25;5.5;2.31;1993;-1.0;0
2352;2026.04.03 21:15;6.25;5.5;3.38;1993;-1.0;0
2353;2026.04.03 21:30;6.25;5.62;3.75;1993;-1.0;0
2354;2026.04.03 21:45;6.25;5.62;3.88;1994;-1.0;0
2355;2026.04.03 22:00;6.25;5.69;4.12;1994;-1.0;0
2356;2026.04.03 22:15;6.25;5.75;4.25;1994;-1.0;0
2357;2026.04.03 22:30;6.25;5.75;4.38;1994;-1.0;0
2358;2026.04.03 22:45;6.19;5.75;4.62;1994;-1.0;0
2359;2026.04.03 23:00;6.19;5.75;4.75;1995;-1.0;0
2360;2026.04.03 23:15;6.19;5.81;4.69;1995;-1.0;0
2361;2026.04.03 23:30;6.12;5.75;4.12;1995;-1.0;0
2362;2026.04.03 23:45;6.12;5.69;3.31;1995;-1.0;0
2363;2026.04.04 00:00;6.12;5.56;2.62;1995;-1.0;0
2364;2026.04.04 00:15;6.12;5.38;1.88;1995;-1.0;0
2365;2026.04.04 00:30;6.12;5.25;2;1995;-1.0;0
2366;2026.04.04 00:45;6.12;5.12;2.19;1996;-1.0;0
2367;2026.04.04 01:00;6.12;5;1.19;1996;-1.0;0
2368;2026.04.04 01:15;6.12;4.88;0.38;1996;-1.0;0
2369;2026.04.04 01:30;6.12;4.69;0.62;1996;-1.0;0
2370;2026.04.04 01:45;6.12;4.62;2.12;1996;-1.0;0
2371;2026.04.04 02:00;6.06;4.75;2.62;1997;-1.0;0
2372;2026.04.04 02:15;6.06;4.88;3.12;1997;-1.0;0
2373;2026.04.04 02:30;6.06;4.88;3.19;1997;-1.0;0
2374;2026.04.04 02:45;6;5;3.38;1997;-1.0;0
2375;2026.04.04 03:00;6;5;3.75;1998;-1.0;0
2376;2026.04.04 03:15;6;5.12;4.56;1998;-1.0;0
2377;2026.04.04 03:30;6;5.25;5.12;1998;-1.0;0
2378;2026.04.04 03:45;6;5.38;5.94;1998;-1.0;0
2379;2026.04.04 04:00;6;5.62;6.38;1998;-1.0;0
2380;2026.04.04 04:15;6;5.75;6.5;1999;-1.0;0
2381;2026.04.04 04:30;6;5.88;6.62;1999;-1.0;0
2382;2026.04.04 04:45;6;6;7.12;1999;-1.0;0
2383;2026.04.04 05:00;5.94;6.06;6.75;1999;-1.0;0
2384;2026.04.04 05:15;5.94;6.12;6.62;1999;-1.0;0
2385;2026.04.04 05:30;5.94;6.25;6.56;1999;-1.0;0
2386;2026.04.04 05:45;5.94;6.25;6.62;1999;-1.0;0
2387;2026.04.04 06:00;5.94;6.38;7.31;2000;-1.0;0
2388;2026.04.04 06:15;5.94;6.62;7.75;2000;-1.0;0
2389;2026.04.04 06:30;5.94;6.75;7.88;2000;-1.0;0
2390;2026.04.04 06:45;5.88;6.81;8.06;2000;-1.0;0
2391;2026.04.04 07:00;5.94;6.88;8.12;2000;-1.0;0
2392;2026.04.04 07:15;5.94;7;8.5;2000;-1.0;0
2393;2026.04.04 07:30;5.94;7.19;9.12;2000;-1.0;0
2394;2026.04.04 07:45;5.94;7.38;9.12;2001;-1.0;0
2395;2026.04.04 08:00;5.94;7.44;9.12;2001;-1.0;0
2396;2026.04.04 08:15;5.94;7.5;9.19;2001;-1.0;0
2397;2026.04.04 08:30;5.94;7.56;9.12;2001;-1.0;0
2398;2026.04.04 08:45;6;7.62;9.25;2001;-1.0;0
2399;2026.04.04 09:00;6;7.69;9.5;2001;-1.0;0
2400;2026.04.04 09:15;6;7.75;9.5;2001;-1.0;0
2401;2026.04.04 09:30;6;7.88;10;2001;-1.0;0
2402;2026.04.04 09:45;6;8.06;10.5;2002;-1.0;0
2403;2026.04.04 10:00;6;8.25;10.75;2002;-1.0;0
2404;2026.04.04 10:15;6;8.38;11.31;2002;-1.0;0
2405;2026.04.04 10:30;6;8.62;11.5;2002;-1.0;0
2406;2026.04.04 10:45;6.06;8.69;11.5;2002;-1.0;0
2407;2026.04.04 11:00;6.06;8.75;11.5;2002;-1.0;0
2408;2026.04.04 11:15;6.12;8.88;11.69;2002;-1.0;0
2409;2026.04.04 11:30;6.12;9.12;12.75;2003;-1.0;0
2410;2026.04.04 11:45;6.12;9.5;14.38;2003;-1.0;0
2411;2026.04.04 12:00;6.12;10.62;17.44;2003;-1.0;0
2412;2026.04.04 12:15;6.12;11.5;17.94;2004;-1.0;0
2413;2026.04.04 12:30;6.19;11.25;15.69;2004;-1.0;0
2414;2026.04.04 12:45;6.25;11.12;14.94;2004;-1.0;0
2415;2026.04.04 13:00;6.25;11.81;17.56;2005;-1.0;0
2416;2026.04.04 13:15;6.25;12.19;18.62;2005;-1.0;0
2417;2026.04.04 13:30;6.31;12.06;16.31;2006;-1.0;0
2418;2026.04.04 13:45;6.31;11.62;14.12;2006;-1.0;0
2419;2026.04.04 14:00;6.38;11.38;13.75;2006;-1.0;0
2420;2026.04.04 14:15;6.38;11.12;12.75;2006;-1.0;0
2421;2026.04.04 14:30;6.44;10.94;12;2006;-1.0;0
2422;2026.04.04 14:45;6.5;10.88;11.88;2006;-1.0;0
2423;2026.04.04 15:00;6.5;10.69;11.62;2006;-1.0;0
2424;2026.04.04 15:15;6.56;10.69;12;2006;-1.0;0
2425;2026.04.04 15:30;6.62;10.62;11.81;2006;-1.0;0
2426;2026.04.04 15:45;6.62;10.5;11.62;2007;-1.0;0
2427;2026.04.04 16:00;6.62;10.44;11.25;2007;-1.0;0
2428;2026.04.04 16:15;6.69;10.38;11.31;2007;-1.0;0
2429;2026.04.04 16:30;6.75;10.25;11;2007;-1.0;0
2430;2026.04.04 16:45;6.75;10.25;10.88;2007;-1.0;0
2431;2026.04.04 17:00;6.75;10.12;10.62;2007;-1.0;0
2432;2026.04.04 17:15;6.75;10;10.38;2007;-1.0;0
2433;2026.04.04 17:30;6.81;9.88;10;2008;-1.0;0
2434;2026.04.04 17:45;6.88;9.75;9.75;2008;-1.0;0
2435;2026.04.04 18:00;6.88;9.62;9.69;2008;-1.0;0
2436;2026.04.04 18:15;6.88;9.56;9.62;2008;-1.0;0
2437;2026.04.04 18:30;6.88;9.5;9.5;2008;-1.0;0
2438;2026.04.04 18:45;6.94;9.5;9.38;2008;-1.0;0
2439;2026.04.04 19:00;6.94;9.38;9.25;2008;-1.0;0
2440;2026.04.04 19:15;7;9.38;8.62;2008;-1.0;0
2441;2026.04.04 19:30;7;9.12;7.56;2009;-1.0;0
2442;2026.04.04 19:45;7;9;7.31;2009;-1.0;0
2443;2026.04.04 20:00;7;8.88;7.38;2009;-1.0;0
2444;2026.04.04 20:15;7;8.81;7.5;2009;-1.0;0
2445;2026.04.04 20:30;7;8.75;7.62;2009;-1.0;0
2446;2026.04.04 20:45;7.06;8.75;7.75;2009;-1.0;0
2447;2026.04.04 21:00;7.06;8.69;7.69;2009;-1.0;0
2448;2026.04.04 21:15;7.06;8.62;7.75;2009;-1.0;0
2449;2026.04.04 21:30;7.06;8.62;7.75;2010;-1.0;0
2450;2026.04.04 21:45;7.06;8.62;7.94;2010;-1.0;0
2451;2026.04.04 22:00;7.06;8.62;8;2010;-1.0;0
2452;2026.04.04 22:15;7.12;8.62;8;2010;-1.0;0
2453;2026.04.04 22:30;7.12;8.62;7.81;2010;-1.0;0
2454;2026.04.04 22:45;7.12;8.5;7.5;2010;-1.0;0
2455;2026.04.04 23:00;7.12;8.5;7;2010;-1.0;0
2456;2026.04.04 23:15;7.12;8.38;6.69;2011;-1.0;0
2457;2026.04.04 23:30;7.12;8.25;6;2011;-1.0;0
2458;2026.04.04 23:45;7.12;8;5.25;2011;-1.0;0
2459;2026.04.05 00:00;7.12;7.88;4.62;2011;-1.0;0
2460;2026.04.05 00:15;7.12;7.62;3.88;2011;-1.0;0
2461;2026.04.05 00:30;7.12;7.5;5.12;2011;-1.0;0
2462;2026.04.05 00:45;7.12;7.5;6.12;2011;-1.0;0
2463;2026.04.05 01:00;7.12;7.56;5.75;2011;-1.0;0
2464;2026.04.05 01:15;7.12;7.5;4.75;2011;-1.0;0
2465;2026.04.05 01:30;7.12;7.25;3.56;2012;-1.0;0
2466;2026.04.05 01:45;7.12;7.06;3.5;2012;-1.0;0
2467;2026.04.05 02:00;7.12;6.88;2.88;2012;-1.0;0
2468;2026.04.05 02:15;7.12;6.69;2.69;2012;-1.0;0
2469;2026.04.05 02:30;7.06;6.5;2.5;2012;-1.0;0
2470;2026.04.05 02:45;7.06;6.38;2.25;2012;-1.0;0
2471;2026.04.05 03:00;7.06;6.25;2.25;2012;-1.0;0
2472;2026.04.05 03:15;7;6.12;2.88;2012;-1.0;0
2473;2026.04.05 03:30;7;6.06;2.75;2013;-1.0;0
2474;2026.04.05 03:45;7;6;2.88;2013;-1.0;0
2475;2026.04.05 04:00;7;5.94;2.44;2013;-1.0;0
2476;2026.04.05 04:15;7;5.88;2.19;2013;-1.0;0
2477;2026.04.05 04:30;7;5.75;2.25;2013;-1.0;0
2478;2026.04.05 04:45;7;5.69;2.12;2013;-1.0;0
2479;2026.04.05 05:00;7;5.62;2.25;2014;-1.0;0
2480;2026.04.05 05:15;6.94;5.62;3;2014;-1.0;0
2481;2026.04.05 05:30;6.94;5.62;3.5;2014;-1.0;0
2482;2026.04.05 05:45;6.88;5.75;4.62;2014;-1.0;0
2483;2026.04.05 06:00;6.88;6.12;7.88;2015;-1.0;0
2484;2026.04.05 06:15;6.88;7;10.12;2015;-1.0;0
2485;2026.04.05 06:30;6.88;7.56;9.75;2016;-1.0;0
2486;2026.04.05 06:45;6.88;7.88;10.5;2016;-1.0;0
2487;2026.04.05 07:00;6.88;8.25;11;2016;-1.0;0
2488;2026.04.05 07:15;6.81;9;15.06;2016;-1.0;0
2489;2026.04.05 07:30;6.81;9.88;15.25;2017;-1.0;0
2490;2026.04.05 07:45;6.81;10.69;18;2017;-1.0;0
2491;2026.04.05 08:00;6.81;11.25;18.12;2017;-1.0;0
2492;2026.04.05 08:15;6.81;11.88;19.12;2018;-1.0;0
2493;2026.04.05 08:30;6.81;12.31;20;2018;-1.0;0
2494;2026.04.05 08:45;6.88;13;21.06;2018;-1.0;0
2495;2026.04.05 09:00;6.88;13.62;21.56;2019;-1.0;0
2496;2026.04.05 09:15;6.88;13.88;21.56;2019;-1.0;0
2497;2026.04.05 09:30;6.88;14.38;22.25;2019;-1.0;0
2498;2026.04.05 09:45;6.94;14.81;23;2019;-1.0;0
2499;2026.04.05 10:00;7;15.38;24;2020;-1.0;0
2500;2026.04.05 10:15;7;16.12;25.5;2021;-1.0;0
2501;2026.04.05 10:30;7.12;16.38;24.25;2021;-1.0;0
2502;2026.04.05 10:45;7.12;16.62;25.88;2022;-1.0;0
2503;2026.04.05 11:00;7.19;17.5;27.62;2022;-1.0;0
2504;2026.04.05 11:15;7.25;18.12;27.88;2023;-1.0;0
2505;2026.04.05 11:30;7.38;18.25;26.44;2024;-1.0;0
2506;2026.04.05 11:45;7.38;17.81;25.12;2024;-1.0;0
2507;2026.04.05 12:00;7.5;17.56;24.12;2025;-1.0;0
2508;2026.04.05 12:15;7.56;17.62;25.25;2025;-1.0;0
2509;2026.04.05 12:30;7.62;18.5;26.88;2026;-1.0;0
2510;2026.04.05 12:45;7.75;18.44;26.25;2026;-1.0;0
2511;2026.04.05 13:00;7.81;18.88;26.75;2027;-1.0;0
2512;2026.04.05 13:15;7.88;19.19;27;2027;-1.0;0
2513;2026.04.05 13:30;8;19.62;27.88;2028;-1.0;0
2514;2026.04.05 13:45;8;19.88;27.38;2028;-1.0;0
2515;2026.04.05 14:00;8.12;19.25;25.62;2028;-1.0;0
2516;2026.04.05 14:15;8.19;18.62;24.62;2028;-1.0;0
2517;2026.04.05 14:30;8.25;17.81;23;2028;-1.0;0
2518;2026.04.05 14:45;8.38;17.38;22.56;2028;-1.0;0
2519;2026.04.05 15:00;8.44;17.12;22.5;2029;-1.0;0
2520;2026.04.05 15:15;8.5;16.75;21.56;2029;-1.0;0
2521;2026.04.05 15:30;8.56;16.44;21.12;2029;-1.0;0
2522;2026.04.05 15:45;8.62;16.25;21.5;2029;-1.0;0
2523;2026.04.05 16:00;8.69;16.12;20.94;2029;-1.0;0
2524;2026.04.05 16:15;8.75;15.88;20.12;2029;-1.0;0
2525;2026.04.05 16:30;8.75;15.62;19.62;2029;-1.0;0
2526;2026.04.05 16:45;8.81;15.25;18.62;2030;-1.0;0
2527;2026.04.05 17:00;8.88;14.94;17.88;2030;-1.0;0
2528;2026.04.05 17:15;8.88;14.62;16.88;2030;-1.0;0
2529;2026.04.05 17:30;8.94;14.25;15.94;2030;-1.0;0
2530;2026.04.05 17:45;9;14;15.5;2030;-1.0;0
2531;2026.04.05 18:00;9;13.69;14.38;2030;-1.0;0
2532;2026.04.05 18:15;9;13.25;11.75;2030;-1.0;0
2533;2026.04.05 18:30;9;12.81;10.62;2030;-1.0;0
2534;2026.04.05 18:45;9.06;12.38;10.25;2030;-1.0;0
2535;2026.04.05 19:00;9.06;12.19;11.62;2030;-1.0;0
2536;2026.04.05 19:15;9.06;12.12;12.38;2030;-1.0;0
2537;2026.04.05 19:30;9.06;12.06;13.12;2030;-1.0;0
2538;2026.04.05 19:45;9.06;12;12;2030;-1.0;0
2539;2026.04.05 20:00;9.12;11.88;12.44;2031;-1.0;0
2540;2026.04.05 20:15;9.12;11.75;12.31;2031;-1.0;0
2541;2026.04.05 20:30;9.12;11.56;10.44;2031;-1.0;0
2542;2026.04.05 20:45;9.12;11.25;9.88;2031;-1.0;0
2543;2026.04.05 21:00;9.06;11.12;9.88;2031;-1.0;0
2544;2026.04.05 21:15;9.06;11;10.12;2031;-1.0;0
2545;2026.04.05 21:30;9.06;10.94;11.81;2031;-1.0;0
2546;2026.04.05 21:45;9.06;11;12.06;2031;-1.0;0
2547;2026.04.05 22:00;9;11.06;12.44;2032;-1.0;0
2548;2026.04.05 22:15;9;11.12;12.5;2032;-1.0;0
2549;2026.04.05 22:30;9;11.06;12.25;2032;-1.0;0
2550;2026.04.05 22:45;9;11;11.88;2032;-1.0;0
2551;2026.04.05 23:00;9;10.94;11.62;2032;-1.0;0
2552;2026.04.05 23:15;9;10.88;11;2032;-1.0;0
2553;2026.04.05 23:30;9;10.75;10.88;2032;-1.0;0
2554;2026.04.05 23:45;9;10.62;10.69;2032;-1.0;0
2555;2026.04.06 00:00;9;10.5;10.12;2033;-1.0;0
2556;2026.04.06 00:15;8.94;10.38;10.25;2033;-1.0;0
2557;2026.04.06 00:30;8.94;10.38;10.12;2033;-1.0;0
2558;2026.04.06 00:45;8.94;10.38;10;2033;-1.0;0
2559;2026.04.06 01:00;8.88;10.38;10.12;2033;-1.0;0
2560;2026.04.06 01:15;8.88;10.31;10.38;2033;-1.0;0
2561;2026.04.06 01:30;8.88;10.25;10.06;2033;-1.0;0
2562;2026.04.06 01:45;8.88;10.19;9.75;2033;-1.0;0
2563;2026.04.06 02:00;8.88;10.12;9.75;2033;-1.0;0
2564;2026.04.06 02:15;8.88;10;9.62;2033;-1.0;0
2565;2026.04.06 02:30;8.88;10;9.5;2033;-1.0;0
2566;2026.04.06 02:45;8.81;9.88;9.38;2034;-1.0;0
2567;2026.04.06 03:00;8.81;9.75;9.12;2034;-1.0;0
2568;2026.04.06 03:15;8.75;9.69;8.88;2034;-1.0;0
2569;2026.04.06 03:30;8.75;9.62;8.88;2034;-1.0;0
2570;2026.04.06 03:45;8.75;9.5;8.5;2034;-1.0;0
2571;2026.04.06 04:00;8.75;9.44;7.88;2034;-1.0;0
2572;2026.04.06 04:15;8.75;9.31;7.44;2034;-1.0;0
2573;2026.04.06 04:30;8.75;9.12;6.88;2034;-1.0;0
2574;2026.04.06 04:45;8.75;8.94;5.75;2034;-1.0;0
2575;2026.04.06 05:00;8.75;8.62;4.56;2034;-1.0;0
2576;2026.04.06 05:15;8.69;8.44;4.44;2034;-1.0;0
2577;2026.04.06 05:30;8.62;8.25;4.75;2034;-1.0;0
2578;2026.04.06 05:45;8.62;8.25;5.25;2034;-1.0;0
2579;2026.04.06 06:00;8.62;8.56;8.94;2035;-1.0;0
2580;2026.04.06 06:15;8.62;9.19;11;2035;-1.0;0
2581;2026.04.06 06:30;8.62;9.38;10.38;2035;-1.0;0
2582;2026.04.06 06:45;8.62;9.38;10.38;2035;-1.0;0
2583;2026.04.06 07:00;8.56;9.81;12.56;2036;-1.0;0
2584;2026.04.06 07:15;8.56;10.12;12.75;2036;-1.0;0
2585;2026.04.06 07:30;8.5;10.62;14.12;2036;-1.0;0
2586;2026.04.06 07:45;8.5;10.88;14.5;2036;-1.0;0
2587;2026.04.06 08:00;8.5;11.25;14.88;2037;-1.0;0
2588;2026.04.06 08:15;8.5;11.56;15;2037;-1.0;0
2589;2026.04.06 08:30;8.5;11.5;14.25;2037;-1.0;0
2590;2026.04.06 08:45;8.5;12.06;16.19;2037;-1.0;0
2591;2026.04.06 09:00;8.5;12.12;14.31;2037;-1.0;0
2592;2026.04.06 09:15;8.5;12.12;14.75;2037;-1.0;0
2593;2026.04.06 09:30;8.5;12;13.75;2037;-1.0;0
2594;2026.04.06 09:45;8.5;12.88;17.62;2038;-1.0;0
2595;2026.04.06 10:00;8.5;13;16.75;2038;-1.0;0
2596;2026.04.06 10:15;8.5;13.12;15.5;2038;-1.0;0
2597;2026.04.06 10:30;8.56;13.31;18.12;2038;-1.0;0
2598;2026.04.06 10:45;8.56;14.25;20.94;2039;-1.0;0
2599;2026.04.06 11:00;8.62;15.31;22.12;2040;-1.0;0
2600;2026.04.06 11:15;8.62;16.12;22.38;2040;-1.0;0
2601;2026.04.06 11:30;8.62;16.5;21.5;2041;-1.0;0
2602;2026.04.06 11:45;8.69;17;21.38;2041;-1.0;0
2603;2026.04.06 12:00;8.75;16.88;18.75;2042;-1.0;0
2604;2026.04.06 12:15;8.75;17;20.38;2042;-1.0;0
2605;2026.04.06 12:30;8.81;17.12;20.44;2042;-1.0;0
2606;2026.04.06 12:45;8.88;17.62;20.88;2043;-1.0;0
2607;2026.04.06 13:00;8.88;18.12;20.62;2043;-1.0;0
2608;2026.04.06 13:15;8.94;18.38;21;2044;-1.0;0
2609;2026.04.06 13:30;9;18.5;20.38;2044;-1.0;0
2610;2026.04.06 13:45;9.06;18.38;20.06;2044;-1.0;0
2611;2026.04.06 14:00;9.12;17.38;17.38;2044;-1.0;0
2612;2026.04.06 14:15;9.19;16.5;17.44;2044;-1.0;0
2613;2026.04.06 14:30;9.25;15.56;15.12;2044;-1.0;0
2614;2026.04.06 14:45;9.25;14.69;13.88;2044;-1.0;0
2615;2026.04.06 15:00;9.38;14.19;13.94;2044;-1.0;0
2616;2026.04.06 15:15;9.38;13.81;13.44;2044;-1.0;0
2617;2026.04.06 15:30;9.38;13.31;12.5;2044;-1.0;0
2618;2026.04.06 15:45;9.44;12.94;12;2044;-1.0;0
2619;2026.04.06 16:00;9.5;12.62;11.25;2044;-1.0;0
2620;2026.04.06 16:15;9.5;12.25;10.62;2044;-1.0;0
2621;2026.04.06 16:30;9.5;11.94;10.06;2044;-1.0;0
2622;2026.04.06 16:45;9.5;11.62;9.75;2044;-1.0;0
2623;2026.04.06 17:00;9.5;11.38;8.44;2044;-1.0;0
2624;2026.04.06 17:15;9.5;11;7.44;2044;-1.0;0
2625;2026.04.06 17:30;9.5;10.62;6.25;2044;-1.0;0
2626;2026.04.06 17:45;9.5;10.25;4.5;2044;-1.0;0
2627;2026.04.06 18:00;9.5;9.88;3.62;2044;-1.0;0
2628;2026.04.06 18:15;9.5;9.44;2.75;2044;-1.0;0
2629;2026.04.06 18:30;9.5;9.06;2.25;2044;-1.0;0
2630;2026.04.06 18:45;9.5;8.75;1.62;2045;-1.0;0
2631;2026.04.06 19:00;9.5;8.44;1.19;2045;-1.0;0
2632;2026.04.06 19:15;9.5;8.12;0.75;2045;-1.0;0
2633;2026.04.06 19:30;9.44;7.88;0.5;2045;-1.0;0
2634;2026.04.06 19:45;9.38;7.62;0.44;2045;-1.0;0
2635;2026.04.06 20:00;9.38;7.44;0.25;2046;-1.0;0
2636;2026.04.06 20:15;9.38;7.25;0.12;2046;-1.0;0
2637;2026.04.06 20:30;9.31;7;-0.25;2046;-1.0;0
2638;2026.04.06 20:45;9.25;6.88;-0.19;2046;-1.0;0
2639;2026.04.06 21:00;9.25;6.69;-0.25;2047;-1.0;0
2640;2026.04.06 21:15;9.25;6.56;-0.38;2047;-1.0;0
2641;2026.04.06 21:30;9.19;6.38;-0.75;2047;-1.0;0
2642;2026.04.06 21:45;9.12;6.25;-1.25;2047;-1.0;0
2643;2026.04.06 22:00;9.12;6;-1.56;2047;-1.0;0
2644;2026.04.06 22:15;9.06;5.88;-1.62;2048;-1.0;0
2645;2026.04.06 22:30;9;5.75;-1.75;2048;-1.0;0
2646;2026.04.06 22:45;9;5.62;-1.75;2048;-1.0;0
2647;2026.04.06 23:00;9;5.5;-1.75;2048;-1.0;0
2648;2026.04.06 23:15;8.88;5.38;-2;2048;-1.0;0
2649;2026.04.06 23:30;8.88;5.25;-2.25;2049;-1.0;0
2650;2026.04.06 23:45;8.88;5.12;-2.44;2049;-1.0;0
2651;2026.04.07 00:00;8.81;5;-2.31;2049;-1.0;0
2652;2026.04.07 00:15;8.75;4.88;-2.44;2049;-1.0;0
2653;2026.04.07 00:30;8.75;4.75;-2.75;2049;-1.0;0
2654;2026.04.07 00:45;8.69;4.69;-2.38;2049;-1.0;0
2655;2026.04.07 01:00;8.62;4.56;-2.88;2050;-1.0;0
2656;2026.04.07 01:15;8.62;4.5;-2.62;2050;-1.0;0
2657;2026.04.07 01:30;8.56;4.44;-2.62;2050;-1.0;0
2658;2026.04.07 01:45;8.5;4.38;-2.5;2050;-1.0;0
2659;2026.04.07 02:00;8.5;4.31;-2.5;2050;-1.0;0
2660;2026.04.07 02:15;8.44;4.25;-2.75;2050;-1.0;0
2661;2026.04.07 02:30;8.38;4.12;-3.25;2051;-1.0;0
2662;2026.04.07 02:45;8.38;4.06;-3.12;2051;-1.0;0
2663;2026.04.07 03:00;8.31;4;-3.38;2051;-1.0;0
2664;2026.04.07 03:15;8.25;3.88;-3.31;2051;-1.0;0
2665;2026.04.07 03:30;8.25;3.81;-3.38;2051;-1.0;0
2666;2026.04.07 03:45;8.25;3.75;-3.5;2051;-1.0;0
2667;2026.04.07 04:00;8.12;3.62;-3.88;2052;-1.0;0
2668;2026.04.07 04:15;8.12;3.56;-3.81;2052;-1.0;0
2669;2026.04.07 04:30;8.12;3.5;-4;2052;-1.0;0
2670;2026.04.07 04:45;8.06;3.44;-3.62;2052;-1.0;0
2671;2026.04.07 05:00;8;3.44;-3.38;2052;-1.0;0
2672;2026.04.07 05:15;8;3.5;-3;2052;-1.0;0
2673;2026.04.07 05:30;7.94;3.56;-2.38;2053;-1.0;0
2674;2026.04.07 05:45;7.88;3.69;-1;2053;-1.0;0
2675;2026.04.07 06:00;7.88;4.31;3.19;2053;-1.0;0
2676;2026.04.07 06:15;7.88;5.31;5.88;2054;-1.0;0
2677;2026.04.07 06:30;7.81;5.69;5.75;2054;-1.0;0
2678;2026.04.07 06:45;7.75;5.88;5.81;2054;-1.0;0
2679;2026.04.07 07:00;7.75;6.62;9.19;2054;-1.0;0
2680;2026.04.07 07:15;7.75;7.38;10.88;2055;-1.0;0
2681;2026.04.07 07:30;7.69;8;12.25;2055;-1.0;0
2682;2026.04.07 07:45;7.69;8.44;12.5;2055;-1.0;0
2683;2026.04.07 08:00;7.62;9;14;2055;-1.0;0
2684;2026.04.07 08:15;7.62;9.69;15.75;2055;-1.0;0
2685;2026.04.07 08:30;7.62;10.38;15.88;2055;-1.0;0
2686;2026.04.07 08:45;7.62;10.88;16.56;2055;-1.0;0
2687;2026.04.07 09:00;7.62;11.62;17.75;2055;-1.0;0
2688;2026.04.07 09:15;7.62;12.25;18.06;2055;-1.0;0
2689;2026.04.07 09:30;7.62;12.94;18.06;2055;-1.0;0
2690;2026.04.07 09:45;7.69;13.56;19.5;2055;-1.0;0
2691;2026.04.07 10:00;7.75;13.88;18.62;2055;-1.0;0
2692;2026.04.07 10:15;7.75;14.25;19.88;2055;-1.0;0
2693;2026.04.07 10:30;7.75;14.62;20.56;2055;-1.0;0
2694;2026.04.07 10:45;7.81;15;21.25;2055;-1.0;0
2695;2026.04.07 11:00;7.88;15.44;21.75;2055;-1.0;0
2696;2026.04.07 11:15;7.88;15.75;21.25;2055;-1.0;0
2697;2026.04.07 11:30;8;16.44;21.62;2055;-1.0;0
2698;2026.04.07 11:45;8;17.12;22.06;2056;-1.0;0
2699;2026.04.07 12:00;8.12;17.88;22.75;2056;-1.0;0
2700;2026.04.07 12:15;8.12;18.38;22.62;2057;-1.0;0
2701;2026.04.07 12:30;8.25;18.75;22.5;2057;-1.0;0
2702;2026.04.07 12:45;8.25;19.38;23.75;2057;-1.0;0
2703;2026.04.07 13:00;8.38;19.75;22.38;2058;-1.0;0
2704;2026.04.07 13:15;8.5;19.56;22;2058;-1.0;0
2705;2026.04.07 13:30;8.5;19.5;22.12;2058;-1.0;0
2706;2026.04.07 13:45;8.62;19.38;21.75;2058;-1.0;0
2707;2026.04.07 14:00;8.69;18.12;17.62;2058;-1.0;0
2708;2026.04.07 14:15;8.75;16.75;17.62;2057;-1.0;0
2709;2026.04.07 14:30;8.88;15.75;15.62;2057;-1.0;0
2710;2026.04.07 14:45;8.88;14.88;14.62;2056;-1.0;0
2711;2026.04.07 15:00;9;14.25;14.25;2056;-1.0;0
2712;2026.04.07 15:15;9;13.88;14.12;2056;-1.0;0
2713;2026.04.07 15:30;9.12;13.44;13.5;2056;-1.0;0
2714;2026.04.07 15:45;9.12;13.06;13.12;2056;-1.0;0
2715;2026.04.07 16:00;9.12;12.69;12;2056;-1.0;0
2716;2026.04.07 16:15;9.19;12.25;11.38;2056;-1.0;0
2717;2026.04.07 16:30;9.25;11.94;10.94;2056;-1.0;0
2718;2026.04.07 16:45;9.25;11.62;9.88;2056;-1.0;0
2719;2026.04.07 17:00;9.25;11.25;9.5;2056;-1.0;0
2720;2026.04.07 17:15;9.25;11;9.12;2056;-1.0;0
2721;2026.04.07 17:30;9.25;10.62;8.12;2056;-1.0;0
2722;2026.04.07 17:45;9.25;10.25;7.62;2056;-1.0;0
2723;2026.04.07 18:00;9.25;9.88;7;2056;-1.0;0
2724;2026.04.07 18:15;9.25;9.62;6.12;2056;-1.0;0
2725;2026.04.07 18:30;9.25;9.25;4.38;2056;-1.0;0
2726;2026.04.07 18:45;9.25;8.88;4.5;2056;-1.0;0
2727;2026.04.07 19:00;9.25;8.62;4.5;2056;-1.0;0
2728;2026.04.07 19:15;9.25;8.38;3.75;2056;-1.0;0
2729;2026.04.07 19:30;9.19;8.12;2.88;2056;-1.0;0
2730;2026.04.07 19:45;9.12;7.88;2;2056;-1.0;0
2731;2026.04.07 20:00;9.12;7.5;1.25;2056;-1.0;0
2732;2026.04.07 20:15;9.12;7.25;0.25;2057;-1.0;0
2733;2026.04.07 20:30;9.12;6.94;-0.56;2057;-1.0;0
2734;2026.04.07 20:45;9.06;6.62;-0.88;2057;-1.0;0
2735;2026.04.07 21:00;9;6.44;0.19;2057;-1.0;0
2736;2026.04.07 21:15;9;6.44;2.62;2057;-1.0;0
2737;2026.04.07 21:30;9;6.56;3.25;2058;-1.0;0
2738;2026.04.07 21:45;8.94;6.5;2;2058;-1.0;0
2739;2026.04.07 22:00;8.88;6.38;0.88;2058;-1.0;0
2740;2026.04.07 22:15;8.88;6.12;-0.88;2058;-1.0;0
2741;2026.04.07 22:30;8.88;5.81;-1.5;2058;-1.0;0
2742;2026.04.07 22:45;8.81;5.56;-2.38;2058;-1.0;0
2743;2026.04.07 23:00;8.75;5.25;-2.75;2058;-1.0;0
2744;2026.04.07 23:15;8.75;5.06;-2.62;2058;-1.0;0
2745;2026.04.07 23:30;8.69;4.94;-2.5;2058;-1.0;0
2746;2026.04.07 23:45;8.62;4.81;-2.75;2059;-1.0;0
2747;2026.04.08 00:00;8.62;4.69;-3;2059;-1.0;0
2748;2026.04.08 00:15;8.56;4.56;-2.94;2059;-1.0;0
2749;2026.04.08 00:30;8.5;4.44;-3.31;2059;-1.0;0
2750;2026.04.08 00:45;8.5;4.25;-3.44;2059;-1.0;0
2751;2026.04.08 01:00;8.5;4.19;-3.56;2059;-1.0;0
2752;2026.04.08 01:15;8.44;4;-3.88;2060;-1.0;0
2753;2026.04.08 01:30;8.38;3.88;-4.12;2060;-1.0;0
2754;2026.04.08 01:45;8.38;3.75;-4.38;2060;-1.0;0
2755;2026.04.08 02:00;8.31;3.62;-4.25;2060;-1.0;0
2756;2026.04.08 02:15;8.25;3.5;-4.5;2060;-1.0;0
2757;2026.04.08 02:30;8.25;3.38;-5.12;2060;-1.0;0
2758;2026.04.08 02:45;8.19;3.25;-5.25;2060;-1.0;0
2759;2026.04.08 03:00;8.12;3.12;-5.5;2061;-1.0;0
2760;2026.04.08 03:15;8.12;3;-5.44;2061;-1.0;0
2761;2026.04.08 03:30;8.06;2.88;-5.38;2061;-1.0;0
2762;2026.04.08 03:45;8;2.75;-5.81;2061;-1.0;0
2763;2026.04.08 04:00;8;2.62;-5.88;2061;-1.0;0
2764;2026.04.08 04:15;7.94;2.5;-6.25;2062;-1.0;0
2765;2026.04.08 04:30;7.88;2.44;-6.25;2062;-1.0;0
2766;2026.04.08 04:45;7.88;2.38;-6.25;2062;-1.0;0
2767;2026.04.08 05:00;7.88;2.31;-6;2062;-1.0;0
2768;2026.04.08 05:15;7.75;2.31;-5.5;2063;-1.0;0
2769;2026.04.08 05:30;7.75;2.38;-5;2063;-1.0;0
2770;2026.04.08 05:45;7.75;2.5;-3.31;2063;-1.0;0
2771;2026.04.08 06:00;7.69;3.38;1.38;2064;-1.0;0
2772;2026.04.08 06:15;7.62;4.38;3.25;2064;-1.0;0
2773;2026.04.08 06:30;7.62;4.69;3.88;2065;-1.0;0
2774;2026.04.08 06:45;7.56;4.88;3.5;2065;-1.0;0
2775;2026.04.08 07:00;7.5;5.81;7.69;2065;-1.0;0
2776;2026.04.08 07:15;7.5;6.75;9.75;2066;-1.0;0
2777;2026.04.08 07:30;7.5;7.56;11.25;2066;-1.0;0
2778;2026.04.08 07:45;7.5;8.25;12.19;2066;-1.0;0
2779;2026.04.08 08:00;7.44;8.88;13.38;2066;-1.0;0
2780;2026.04.08 08:15;7.44;9.5;13.5;2066;-1.0;0
2781;2026.04.08 08:30;7.44;10.06;14.12;2066;-1.0;0
2782;2026.04.08 08:45;7.44;10.62;14.94;2066;-1.0;0
2783;2026.04.08 09:00;7.44;11.31;15.75;2065;-1.0;0
2784;2026.04.08 09:15;7.44;12;15.75;2065;-1.0;0
2785;2026.04.08 09:30;7.5;12.75;17.12;2065;-1.0;0
2786;2026.04.08 09:45;7.5;13.38;17.25;2065;-1.0;0
2787;2026.04.08 10:00;7.5;13.5;16.94;2065;-1.0;0
2788;2026.04.08 10:15;7.5;13.94;18;2065;-1.0;0
2789;2026.04.08 10:30;7.56;14.25;18.12;2064;-1.0;0
2790;2026.04.08 10:45;7.62;14.69;19.25;2064;-1.0;0
2791;2026.04.08 11:00;7.62;14.75;17.88;2064;-1.0;0
2792;2026.04.08 11:15;7.69;15.38;19.12;2064;-1.0;0
2793;2026.04.08 11:30;7.75;16;19.88;2064;-1.0;0
2794;2026.04.08 11:45;7.81;16.56;20.75;2064;-1.0;0
2795;2026.04.08 12:00;7.88;17.25;20.62;2065;-1.0;0
2796;2026.04.08 12:15;7.94;17.5;19.88;2065;-1.0;0
2797;2026.04.08 12:30;8;17.75;20.38;2065;-1.0;0
2798;2026.04.08 12:45;8.06;18.19;19.62;2065;-1.0;0
2799;2026.04.08 13:00;8.12;18.31;19.75;2065;-1.0;0
2800;2026.04.08 13:15;8.25;18.5;20;2066;-1.0;0
2801;2026.04.08 13:30;8.31;18.62;20.31;2066;-1.0;0
2802;2026.04.08 13:45;8.38;18;18.38;2066;-1.0;0
2803;2026.04.08 14:00;8.44;16.88;15.75;2065;-1.0;0
2804;2026.04.08 14:15;8.5;15.38;14.62;2065;-1.0;0
2805;2026.04.08 14:30;8.62;14.38;12.88;2064;-1.0;0
2806;2026.04.08 14:45;8.62;13.62;12.25;2064;-1.0;0
2807;2026.04.08 15:00;8.69;13;11.62;2064;-1.0;0
2808;2026.04.08 15:15;8.75;12.56;11.31;2063;-1.0;0
2809;2026.04.08 15:30;8.75;12.12;10.94;2063;-1.0;0
2810;2026.04.08 15:45;8.88;11.75;10.88;2063;-1.0;0
2811;2026.04.08 16:00;8.88;11.5;10.06;2063;-1.0;0
2812;2026.04.08 16:15;8.88;11.12;9.31;2063;-1.0;0
2813;2026.04.08 16:30;8.88;10.88;8.88;2063;-1.0;0
2814;2026.04.08 16:45;8.94;10.5;8;2063;-1.0;0
2815;2026.04.08 17:00;8.94;10.25;8.12;2063;-1.0;0
2816;2026.04.08 17:15;8.94;10;7.06;2063;-1.0;0
2817;2026.04.08 17:30;8.94;9.62;4.38;2063;-1.0;0
2818;2026.04.08 17:45;8.94;9.06;2.75;2063;-1.0;0
2819;2026.04.08 18:00;8.94;8.56;1.56;2063;-1.0;0
2820;2026.04.08 18:15;8.94;8.12;0.88;2063;-1.0;0
2821;2026.04.08 18:30;8.94;7.75;1.38;2063;-1.0;0
2822;2026.04.08 18:45;8.88;7.62;4.12;2063;-1.0;0
2823;2026.04.08 19:00;8.88;7.62;3.38;2063;-1.0;0
2824;2026.04.08 19:15;8.88;7.5;4;2064;-1.0;0
2825;2026.04.08 19:30;8.88;7.5;4.5;2064;-1.0;0
2826;2026.04.08 19:45;8.88;7.44;4.12;2064;-1.0;0
2827;2026.04.08 20:00;8.81;7.31;3.56;2064;-1.0;0
2828;2026.04.08 20:15;8.75;7.19;3.88;2064;-1.0;0
2829;2026.04.08 20:30;8.75;7.12;3.25;2064;-1.0;0
2830;2026.04.08 20:45;8.75;6.88;2.5;2065;-1.0;0
2831;2026.04.08 21:00;8.69;6.69;1.75;2065;-1.0;0
2832;2026.04.08 21:15;8.69;6.38;0.62;2065;-1.0;0
2833;2026.04.08 21:30;8.62;6.12;-0.88;2065;-1.0;0
2834;2026.04.08 21:45;8.62;5.75;-1.88;2065;-1.0;0
2835;2026.04.08 22:00;8.62;5.5;-2.38;2065;-1.0;0
2836;2026.04.08 22:15;8.56;5.25;-2.88;2065;-1.0;0
2837;2026.04.08 22:30;8.5;5;-3.12;2065;-1.0;0
2838;2026.04.08 22:45;8.5;4.81;-3.25;2065;-1.0;0
2839;2026.04.08 23:00;8.5;4.62;-2.88;2066;-1.0;0
2840;2026.04.08 23:15;8.44;4.5;-2.94;2066;-1.0;0
2841;2026.04.08 23:30;8.38;4.38;-2.75;2066;-1.0;0
2842;2026.04.08 23:45;8.38;4.31;-3.12;2066;-1.0;0
2843;2026.04.09 00:00;8.38;4.19;-3.75;2066;-1.0;0
2844;2026.04.09 00:15;8.25;4;-4.25;2066;-1.0;0
2845;2026.04.09 00:30;8.25;3.81;-4.62;2066;-1.0;0
2846;2026.04.09 00:45;8.25;3.62;-4.94;2066;-1.0;0
2847;2026.04.09 01:00;8.19;3.5;-4.88;2067;-1.0;0
2848;2026.04.09 01:15;8.12;3.38;-4.88;2067;-1.0;0
2849;2026.04.09 01:30;8.12;3.25;-5.06;2067;-1.0;0
2850;2026.04.09 01:45;8.06;3.19;-5;2067;-1.0;0
2851;2026.04.09 02:00;8;3.12;-5.06;2067;-1.0;0
2852;2026.04.09 02:15;8;3;-5.31;2068;-1.0;0
2853;2026.04.09 02:30;8;2.88;-5.44;2068;-1.0;0
2854;2026.04.09 02:45;7.88;2.75;-5.5;2068;-1.0;0
2855;2026.04.09 03:00;7.88;2.69;-5.62;2068;-1.0;0
2856;2026.04.09 03:15;7.88;2.62;-5.19;2068;-1.0;0
2857;2026.04.09 03:30;7.81;2.62;-5.38;2069;-1.0;0
2858;2026.04.09 03:45;7.75;2.5;-5.62;2069;-1.0;0
2859;2026.04.09 04:00;7.75;2.38;-6.06;2069;-1.0;0
2860;2026.04.09 04:15;7.69;2.31;-6;2069;-1.0;0
2861;2026.04.09 04:30;7.62;2.25;-5.62;2070;-1.0;0
2862;2026.04.09 04:45;7.62;2.31;-4.81;2070;-1.0;0
2863;2026.04.09 05:00;7.62;2.44;-4.25;2070;-1.0;0
2864;2026.04.09 05:15;7.5;2.62;-3.12;2071;-1.0;0
2865;2026.04.09 05:30;7.5;2.88;-2.06;2071;-1.0;0
2866;2026.04.09 05:45;7.5;3.19;-0.62;2071;-1.0;0
2867;2026.04.09 06:00;7.44;3.69;1.38;2072;-1.0;0
2868;2026.04.09 06:15;7.38;4.31;3;2072;-1.0;0
2869;2026.04.09 06:30;7.38;4.62;3;2072;-1.0;0
2870;2026.04.09 06:45;7.38;4.88;3.62;2072;-1.0;0
2871;2026.04.09 07:00;7.31;5.62;6.75;2073;-1.0;0
2872;2026.04.09 07:15;7.31;6.31;7.94;2073;-1.0;0
2873;2026.04.09 07:30;7.25;7;9.62;2073;-1.0;0
2874;2026.04.09 07:45;7.25;7.56;10.62;2073;-1.0;0
2875;2026.04.09 08:00;7.25;7.81;10.25;2073;-1.0;0
2876;2026.04.09 08:15;7.25;8.12;11.12;2073;-1.0;0
2877;2026.04.09 08:30;7.25;8.81;12.62;2073;-1.0;0
2878;2026.04.09 08:45;7.25;9.5;13.88;2088;-1.0;0
2879;2026.04.09 09:00;7.25;10;14.12;2087;-1.0;0
2880;2026.04.09 09:15;7.25;10.62;14.75;2087;-1.0;0
2881;2026.04.09 09:30;7.25;11.12;15.88;2086;-1.0;0
2882;2026.04.09 09:45;7.25;11.44;15.31;2086;-1.0;0
2883;2026.04.09 10:00;7.31;11.56;15.06;2086;-1.0;0
2884;2026.04.09 10:15;7.31;11.69;15.12;2086;-1.0;0
2885;2026.04.09 10:30;7.38;12;16.25;2086;-1.0;0
2886;2026.04.09 10:45;7.38;12.25;16;2085;-1.0;0
2887;2026.04.09 11:00;7.44;12.5;16.62;2085;-1.0;0
2888;2026.04.09 11:15;7.5;12.62;16.94;2085;-1.0;0
2889;2026.04.09 11:30;7.5;12.88;17;2085;-1.0;0
2890;2026.04.09 11:45;7.56;12.75;15.81;2085;-1.0;0
2891;2026.04.09 12:00;7.62;12.62;16.12;2085;-1.0;0
2892;2026.04.09 12:15;7.69;12.88;17.62;2085;-1.0;0
2893;2026.04.09 12:30;7.75;13.12;17.69;2086;-1.0;0
2894;2026.04.09 12:45;7.81;13.31;18;2086;-1.0;0
2895;2026.04.09 13:00;7.88;13.25;16.12;2086;-1.0;0
2896;2026.04.09 13:15;7.94;13.38;18;2086;-1.0;0
2897;2026.04.09 13:30;8;13.56;18.62;2087;-1.0;0
2898;2026.04.09 13:45;8.06;13.62;17.62;2087;-1.0;0
2899;2026.04.09 14:00;8.12;13.25;14.56;2087;-1.0;0
2900;2026.04.09 14:15;8.19;12.62;14.12;2087;-1.0;0
2901;2026.04.09 14:30;8.25;12.25;13;2087;-1.0;0
2902;2026.04.09 14:45;8.25;11.88;12.62;2087;-1.0;0
2903;2026.04.09 15:00;8.38;11.5;11.75;2087;-1.0;0
2904;2026.04.09 15:15;8.38;11.31;11.75;2087;-1.0;0
2905;2026.04.09 15:30;8.44;11;10.75;2087;-1.0;0
2906;2026.04.09 15:45;8.5;10.75;10.75;2088;-1.0;0
2907;2026.04.09 16:00;8.5;10.44;9.88;2088;-1.0;0
2908;2026.04.09 16:15;8.5;10.12;9;2088;-1.0;0
2909;2026.04.09 16:30;8.56;9.81;7.88;2088;-1.0;0
2910;2026.04.09 16:45;8.62;9.5;7.12;2088;-1.0;0
2911;2026.04.09 17:00;8.62;9.12;5.38;2088;-1.0;0
2912;2026.04.09 17:15;8.62;8.62;4.5;2088;-1.0;0
2913;2026.04.09 17:30;8.62;8.19;2.38;2088;-1.0;0
2914;2026.04.09 17:45;8.62;7.69;1.38;2088;-1.0;0
2915;2026.04.09 18:00;8.62;7.25;0.62;2088;-1.0;0
2916;2026.04.09 18:15;8.62;6.75;-0.12;2088;-1.0;0
2917;2026.04.09 18:30;8.62;6.38;-0.62;2088;-1.0;0
2918;2026.04.09 18:45;8.56;6.12;-0.69;2088;-1.0;0
2919;2026.04.09 19:00;8.56;5.88;0.88;2089;-1.0;0
2920;2026.04.09 19:15;8.5;5.94;2.5;2089;-1.0;0
2921;2026.04.09 19:30;8.5;6;3.5;2089;-1.0;0
2922;2026.04.09 19:45;8.5;6.06;2.88;2089;-1.0;0
2923;2026.04.09 20:00;8.44;6;2.88;2089;-1.0;0
2924;2026.04.09 20:15;8.38;5.88;1.5;2089;-1.0;0
2925;2026.04.09 20:30;8.38;5.69;1.69;2089;-1.0;0
2926;2026.04.09 20:45;8.38;5.62;2.75;2090;-1.0;0
2927;2026.04.09 21:00;8.31;5.62;2.12;2090;-1.0;0
2928;2026.04.09 21:15;8.25;5.44;-0.5;2090;-1.0;0
2929;2026.04.09 21:30;8.25;5;-2.38;2090;-1.0;0
2930;2026.04.09 21:45;8.19;4.62;-3.31;2089;-1.0;0
2931;2026.04.09 22:00;8.12;4.31;-2.81;2089;-1.0;0
2932;2026.04.09 22:15;8.12;4.25;-2;2089;-1.0;0
2933;2026.04.09 22:30;8.12;4.25;-2;2090;-1.0;0
2934;2026.04.09 22:45;8;4.25;-1.75;2090;-1.0;0
2935;2026.04.09 23:00;8;4.25;-0.69;2090;-1.0;0
2936;2026.04.09 23:15;8;4.38;0.88;2090;-1.0;0
2937;2026.04.09 23:30;7.94;4.5;1.44;2090;-1.0;0
2938;2026.04.09 23:45;7.88;4.62;1.62;2090;-1.0;0
2939;2026.04.10 00:00;7.88;4.62;1.56;2090;-1.0;0
2940;2026.04.10 00:15;7.81;4.69;1.62;2090;-1.0;0
2941;2026.04.10 00:30;7.75;4.69;1.69;2090;-1.0;0
2942;2026.04.10 00:45;7.75;4.62;1.62;2090;-1.0;0
2943;2026.04.10 01:00;7.69;4.62;1.62;2090;-1.0;0
2944;2026.04.10 01:15;7.69;4.56;1.5;2090;-1.0;0
2945;2026.04.10 01:30;7.62;4.5;1.5;2090;-1.0;0
2946;2026.04.10 01:45;7.62;4.44;1.44;2090;-1.0;0
2947;2026.04.10 02:00;7.56;4.38;1.31;2091;-1.0;0
2948;2026.04.10 02:15;7.5;4.38;1.25;2091;-1.0;0
2949;2026.04.10 02:30;7.5;4.31;1.12;2091;-1.0;0
2950;2026.04.10 02:45;7.5;4.25;1;2091;-1.0;0
2951;2026.04.10 03:00;7.44;4.25;1;2091;-1.0;0
2952;2026.04.10 03:15;7.38;4.19;1;2091;-1.0;0
2953;2026.04.10 03:30;7.38;4.12;1;2091;-1.0;0
2954;2026.04.10 03:45;7.38;4.12;1;2091;-1.0;0
2955;2026.04.10 04:00;7.38;4.12;0.88;2091;-1.0;0
2956;2026.04.10 04:15;7.31;4;0.5;2091;-1.0;0
2957;2026.04.10 04:30;7.25;4;0.62;2091;-1.0;0
2958;2026.04.10 04:45;7.25;3.94;0.75;2091;-1.0;0
2959;2026.04.10 05:00;7.25;4;1;2091;-1.0;0
2960;2026.04.10 05:15;7.25;4.06;1.19;2091;-1.0;0
2961;2026.04.10 05:30;7.19;4.12;1.25;2091;-1.0;0
2962;2026.04.10 05:45;7.12;4.25;1.44;2091;-1.0;0
2963;2026.04.10 06:00;7.12;4.31;1.56;2091;-1.0;0
2964;2026.04.10 06:15;7.12;4.38;1.5;2091;-1.0;0
2965;2026.04.10 06:30;7.12;4.38;1.75;2091;-1.0;0
2966;2026.04.10 06:45;7.12;4.31;1.38;2091;-1.0;0
2967;2026.04.10 07:00;7.06;4.19;1;2091;-1.0;0
2968;2026.04.10 07:15;7;4.12;0.44;2091;-1.0;0
2969;2026.04.10 07:30;7;4;0.12;2091;-1.0;0
2970;2026.04.10 07:45;7;4;0.25;2091;-1.0;0
2971;2026.04.10 08:00;7;4;0.12;2091;-1.0;0
2972;2026.04.10 08:15;7;3.94;0.12;2091;-1.0;0
2973;2026.04.10 08:30;7;3.88;0.44;2092;-1.0;0
2974;2026.04.10 08:45;6.94;3.88;0.56;2092;-1.0;0
2975;2026.04.10 09:00;6.94;3.94;1.19;2092;-1.0;0
2976;2026.04.10 09:15;6.88;4.12;1.31;2092;-1.0;0
2977;2026.04.10 09:30;6.88;4.12;1;2092;-1.0;0
2978;2026.04.10 09:45;6.88;4.12;1.5;2092;-1.0;0
2979;2026.04.10 10:00;6.88;4.25;1.5;2092;-1.0;0
2980;2026.04.10 10:15;6.88;4.25;1.25;2092;-1.0;0
2981;2026.04.10 10:30;6.88;4.25;1.19;2092;-1.0;0
2982;2026.04.10 10:45;6.88;4.25;1;2093;-1.0;0
2983;2026.04.10 11:00;6.81;4.25;1.25;2093;-1.0;0
2984;2026.04.10 11:15;6.81;4.38;1.44;2093;-1.0;0
2985;2026.04.10 11:30;6.81;4.44;1.75;2093;-1.0;0
2986;2026.04.10 11:45;6.75;4.56;2.06;2093;-1.0;0
2987;2026.04.10 12:00;6.75;4.62;2.12;2093;-1.0;0
2988;2026.04.10 12:15;6.75;4.69;2.25;2093;-1.0;0
2989;2026.04.10 12:30;6.75;4.88;2.75;2093;-1.0;0
2990;2026.04.10 12:45;6.75;5;2.88;2093;-1.0;0
2991;2026.04.10 13:00;6.75;5.12;3;2093;-1.0;0
2992;2026.04.10 13:15;6.75;5.19;2.94;2094;-1.0;0
2993;2026.04.10 13:30;6.75;5.25;3.06;2094;-1.0;0
2994;2026.04.10 13:45;6.75;5.31;3;2094;-1.0;0
2995;2026.04.10 14:00;6.75;5.38;3.12;2094;-1.0;0
2996;2026.04.10 14:15;6.75;5.38;3.25;2094;-1.0;0
2997;2026.04.10 14:30;6.75;5.44;3.25;2094;-1.0;0
2998;2026.04.10 14:45;6.75;5.44;3.12;2094;-1.0;0
2999;2026.04.10 15:00;6.75;5.5;3.06;2094;-1.0;0
3000;2026.04.10 15:15;6.75;5.5;3;2094;-1.0;0
3001;2026.04.10 15:30;6.75;5.5;2.88;2094;-1.0;0
3002;2026.04.10 15:45;6.75;5.5;2.75;2094;-1.0;0
3003;2026.04.10 16:00;6.75;5.38;2.5;2094;-1.0;0
3004;2026.04.10 16:15;6.75;5.38;2.5;2094;-1.0;0
3005;2026.04.10 16:30;6.75;5.38;2.5;2094;-1.0;0
3006;2026.04.10 16:45;6.75;5.38;2.5;2094;-1.0;0
3007;2026.04.10 17:00;6.75;5.38;2.62;2094;-1.0;0
3008;2026.04.10 17:15;6.75;5.38;2.62;2094;-1.0;0
3009;2026.04.10 17:30;6.75;5.38;2.62;2095;-1.0;0
3010;2026.04.10 17:45;6.75;5.38;2.38;2095;-1.0;0
3011;2026.04.10 18:00;6.75;5.31;2.25;2095;-1.0;0
3012;2026.04.10 18:15;6.75;5.31;2.38;2095;-1.0;0
3013;2026.04.10 18:30;6.75;5.25;2.31;2095;-1.0;0
3014;2026.04.10 18:45;6.75;5.25;2.12;2095;-1.0;0
3015;2026.04.10 19:00;6.75;5.25;2.12;2095;-1.0;0
3016;2026.04.10 19:15;6.75;5.12;1.25;2094;-1.0;0
3017;2026.04.10 19:30;6.75;5;0.06;2094;-1.0;0
3018;2026.04.10 19:45;6.75;4.75;0;2095;-1.0;0
3019;2026.04.10 20:00;6.75;4.62;0;2094;-1.0;0
3020;2026.04.10 20:15;6.75;4.5;-0.5;2095;-1.0;0
3021;2026.04.10 20:30;6.75;4.38;-0.88;2095;-1.0;0
3022;2026.04.10 20:45;6.75;4.12;-1.31;2094;-1.0;0
3023;2026.04.10 21:00;6.75;4;-1.88;2094;-1.0;0
3024;2026.04.10 21:15;6.75;3.75;-2.19;2094;-1.0;0
3025;2026.04.10 21:30;6.75;3.62;-2.5;2095;-1.0;0
3026;2026.04.10 21:45;6.75;3.44;-2.75;2095;-1.0;0
3027;2026.04.10 22:00;6.75;3.25;-3.12;2095;-1.0;0
3028;2026.04.10 22:15;6.75;3.12;-3.25;2095;-1.0;0
3029;2026.04.10 22:30;6.75;3;-3.25;2095;-1.0;0
3030;2026.04.10 22:45;6.69;2.88;-3.38;2095;-1.0;0
3031;2026.04.10 23:00;6.69;2.81;-3.44;2095;-1.0;0
3032;2026.04.10 23:15;6.62;2.75;-3.88;2095;-1.0;0
3033;2026.04.10 23:30;6.62;2.62;-3.75;2095;-1.0;0
3034;2026.04.10 23:45;6.62;2.56;-4.25;2095;-1.0;0
3035;2026.04.11 00:00;6.62;2.44;-4.12;2095;-1.0;0
3036;2026.04.11 00:15;6.62;2.44;-3.62;2095;-1.0;0
3037;2026.04.11 00:30;6.56;2.5;-3.19;2095;-1.0;0
3038;2026.04.11 00:45;6.5;2.62;-2.38;2096;-1.0;0
3039;2026.04.11 01:00;6.5;2.69;-2.06;2096;-1.0;0
3040;2026.04.11 01:15;6.5;2.75;-2.75;2096;-1.0;0
3041;2026.04.11 01:30;6.5;2.62;-2.88;2096;-1.0;0
3042;2026.04.11 01:45;6.44;2.56;-2.12;2096;-1.0;0
3043;2026.04.11 02:00;6.44;2.56;-2;2096;-1.0;0
3044;2026.04.11 02:15;6.38;2.56;-2;2096;-1.0;0
3045;2026.04.11 02:30;6.38;2.56;-2;2096;-1.0;0
3046;2026.04.11 02:45;6.38;2.62;-1.94;2096;-1.0;0
3047;2026.04.11 03:00;6.38;2.62;-1.81;2096;-1.0;0
3048;2026.04.11 03:15;6.31;2.69;-2;2097;-1.0;0
3049;2026.04.11 03:30;6.31;2.75;-2;2097;-1.0;0
3050;2026.04.11 03:45;6.25;2.75;-2.19;2097;-1.0;0
3051;2026.04.11 04:00;6.25;2.62;-2.38;2097;-1.0;0
3052;2026.04.11 04:15;6.25;2.62;-2.62;2097;-1.0;0
3053;2026.04.11 04:30;6.25;2.56;-2.75;2097;-1.0;0
3054;2026.04.11 04:45;6.25;2.5;-3;2097;-1.0;0
3055;2026.04.11 05:00;6.19;2.38;-3.12;2097;-1.0;0
3056;2026.04.11 05:15;6.19;2.38;-3.06;2097;-1.0;0
3057;2026.04.11 05:30;6.12;2.38;-2.56;2097;-1.0;0
3058;2026.04.11 05:45;6.12;2.44;-2;2097;-1.0;0
3059;2026.04.11 06:00;6.12;2.62;-1.5;2097;-1.0;0
3060;2026.04.11 06:15;6.12;2.81;-0.81;2097;-1.0;0
3061;2026.04.11 06:30;6.12;3.06;-0.12;2097;-1.0;0
3062;2026.04.11 06:45;6.06;3.31;0.62;2097;-1.0;0
3063;2026.04.11 07:00;6.06;3.56;1.25;2097;-1.0;0
3064;2026.04.11 07:15;6.06;3.94;2.5;2097;-1.0;0
3065;2026.04.11 07:30;6;4.25;2.88;2097;-1.0;0
3066;2026.04.11 07:45;6;4.44;3.25;2097;-1.0;0
3067;2026.04.11 08:00;6;4.75;3.75;2097;-1.0;0
3068;2026.04.11 08:15;6;5;4.38;2098;-1.0;0
3069;2026.04.11 08:30;6;5.31;5.12;2098;-1.0;0
3070;2026.04.11 08:45;6;5.5;5.25;2098;-1.0;0
3071;2026.04.11 09:00;6;5.88;6.44;2098;-1.0;0
3072;2026.04.11 09:15;6;6.25;6.75;2098;-1.0;0
3073;2026.04.11 09:30;6;6.75;8.88;2098;-1.0;0
3074;2026.04.11 09:45;6;7.25;9.25;2098;-1.0;0
3075;2026.04.11 10:00;6;7.75;9.56;2098;-1.0;0
3076;2026.04.11 10:15;6.06;8.19;11.56;2098;-1.0;0
3077;2026.04.11 10:30;6.12;8.62;12.31;2098;-1.0;0
3078;2026.04.11 10:45;6.12;9.44;13.38;2098;-1.0;0
3079;2026.04.11 11:00;6.12;9.75;14.69;2099;-1.0;0
3080;2026.04.11 11:15;6.12;10.31;15.25;2099;-1.0;0
3081;2026.04.11 11:30;6.25;10.62;15.38;2099;-1.0;0
3082;2026.04.11 11:45;6.25;10.88;15.62;2099;-1.0;0
3083;2026.04.11 12:00;6.25;11.12;16.25;2099;-1.0;0
3084;2026.04.11 12:15;6.38;11.31;16.25;2099;-1.0;0
3085;2026.04.11 12:30;6.38;11.5;16.62;2099;-1.0;0
3086;2026.04.11 12:45;6.5;11.62;16.75;2099;-1.0;0
3087;2026.04.11 13:00;6.5;11.94;17.44;2099;-1.0;0
3088;2026.04.11 13:15;6.62;12;16.75;2099;-1.0;0
3089;2026.04.11 13:30;6.69;12.12;16.62;2099;-1.0;0
3090;2026.04.11 13:45;6.75;12.25;17.5;2099;-1.0;0
3091;2026.04.11 14:00;6.81;12;14.75;2099;-1.0;0
3092;2026.04.11 14:15;6.88;11.5;13.38;2098;-1.0;0
3093;2026.04.11 14:30;7;11;12.62;2098;-1.0;0
3094;2026.04.11 14:45;7;10.62;11.75;2098;-1.0;0
3095;2026.04.11 15:00;7.12;10.38;11.38;2098;-1.0;0
3096;2026.04.11 15:15;7.12;10.25;11.62;2097;-1.0;0
3097;2026.04.11 15:30;7.19;10;10.62;2097;-1.0;0
3098;2026.04.11 15:45;7.25;9.81;10.75;2097;-1.0;0
3099;2026.04.11 16:00;7.25;9.62;10.31;2097;-1.0;0
3100;2026.04.11 16:15;7.38;9.5;9.62;2097;-1.0;0
3101;2026.04.11 16:30;7.38;9.25;8.88;2097;-1.0;0
3102;2026.04.11 16:45;7.38;9;7.44;2096;-1.0;0
3103;2026.04.11 17:00;7.44;8.69;5.88;2096;-1.0;0
3104;2026.04.11 17:15;7.5;8.31;4.75;2096;-1.0;0
3105;2026.04.11 17:30;7.5;7.94;3.75;2096;-1.0;0
3106;2026.04.11 17:45;7.5;7.56;2.94;2096;-1.0;0
3107;2026.04.11 18:00;7.5;7.19;2.25;2096;-1.0;0
3108;2026.04.11 18:15;7.5;6.88;1.75;2095;-1.0;0
3109;2026.04.11 18:30;7.5;6.56;1.62;2095;-1.0;0
3110;2026.04.11 18:45;7.5;6.38;1.75;2095;-1.0;0
3111;2026.04.11 19:00;7.5;6.12;1.19;2095;-1.0;0
3112;2026.04.11 19:15;7.5;5.94;0.94;2095;-1.0;0
3113;2026.04.11 19:30;7.5;5.75;0.88;2095;-1.0;0
3114;2026.04.11 19:45;7.5;5.62;1.12;2095;-1.0;0
3115;2026.04.11 20:00;7.5;5.62;1.44;2095;-1.0;0
3116;2026.04.11 20:15;7.5;5.62;2.75;2095;-1.0;0
3117;2026.04.11 20:30;7.5;5.75;3.38;2096;-1.0;0
3118;2026.04.11 20:45;7.5;5.75;3.62;2096;-1.0;0
3119;2026.04.11 21:00;7.44;5.75;4.31;2096;-1.0;0
3120;2026.04.11 21:15;7.38;5.88;4.44;2096;-1.0;0
3121;2026.04.11 21:30;7.38;5.88;4.12;2096;-1.0;0
3122;2026.04.11 21:45;7.38;5.75;3.62;2096;-1.0;0
3123;2026.04.11 22:00;7.38;5.69;3.12;2096;-1.0;0
3124;2026.04.11 22:15;7.38;5.62;3;2096;-1.0;0
3125;2026.04.11 22:30;7.31;5.5;3.38;2096;-1.0;0
3126;2026.04.11 22:45;7.25;5.5;3.5;2095;-1.0;0
3127;2026.04.11 23:00;7.25;5.44;3.44;2096;-1.0;0
3128;2026.04.11 23:15;7.25;5.38;3.31;2095;-1.0;0
3129;2026.04.11 23:30;7.25;5.31;3.06;2095;-1.0;0
3130;2026.04.11 23:45;7.19;5.25;3.12;2096;-1.0;0
3131;2026.04.12 00:00;7.19;5.19;3.19;2095;-1.0;0
3132;2026.04.12 00:15;7.12;5.19;3.56;2095;-1.0;0
3133;2026.04.12 00:30;7.12;5.19;2.88;2095;-1.0;0
3134;2026.04.12 00:45;7.12;5.12;2.5;2095;-1.0;0
3135;2026.04.12 01:00;7.12;5.12;3.62;2095;-1.0;0
3136;2026.04.12 01:15;7.12;5.25;3.81;2095;-1.0;0
3137;2026.04.12 01:30;7.06;5.25;3.75;2096;-1.0;0
3138;2026.04.12 01:45;7;5.25;3.88;2096;-1.0;0
3139;2026.04.12 02:00;7;5.25;3.75;2096;-1.0;0
3140;2026.04.12 02:15;7;5.25;3.75;2096;-1.0;0
3141;2026.04.12 02:30;7;5.25;3.81;2096;-1.0;0
3142;2026.04.12 02:45;7;5.25;3.88;2096;-1.0;0
3143;2026.04.12 03:00;6.94;5.25;3.88;2096;-1.0;0
3144;2026.04.12 03:15;6.94;5.25;3.88;2096;-1.0;0
3145;2026.04.12 03:30;6.88;5.25;3.88;2096;-1.0;0
3146;2026.04.12 03:45;6.88;5.25;3.88;2096;-1.0;0
3147;2026.04.12 04:00;6.88;5.25;3.88;2096;-1.0;0
3148;2026.04.12 04:15;6.88;5.25;3.81;2096;-1.0;0
3149;2026.04.12 04:30;6.88;5.25;3.75;2096;-1.0;0
3150;2026.04.12 04:45;6.88;5.25;3.88;2096;-1.0;0
3151;2026.04.12 05:00;6.81;5.31;4.12;2096;-1.0;0
3152;2026.04.12 05:15;6.81;5.38;4.38;2096;-1.0;0
3153;2026.04.12 05:30;6.75;5.5;4.62;2096;-1.0;0
3154;2026.04.12 05:45;6.75;5.56;4.75;2096;-1.0;0
3155;2026.04.12 06:00;6.75;5.62;5;2096;-1.0;0
3156;2026.04.12 06:15;6.75;5.75;5.38;2096;-1.0;0
3157;2026.04.12 06:30;6.75;5.81;5.38;2096;-1.0;0
3158;2026.04.12 06:45;6.75;5.88;5.69;2096;-1.0;0
3159;2026.04.12 07:00;6.75;6;5.94;2096;-1.0;0
3160;2026.04.12 07:15;6.75;6.12;6.31;2096;-1.0;0
3161;2026.04.12 07:30;6.75;6.38;7.5;2096;-1.0;0
3162;2026.04.12 07:45;6.75;7.06;9.81;2096;-1.0;0
3163;2026.04.12 08:00;6.75;7.75;9.88;2096;-1.0;0
3164;2026.04.12 08:15;6.69;7.56;8.44;2096;-1.0;0
3165;2026.04.12 08:30;6.69;7.5;8.62;2096;-1.0;0
3166;2026.04.12 08:45;6.75;7.69;9.62;2095;-1.0;0
3167;2026.04.12 09:00;6.75;7.88;9.25;2095;-1.0;0
3168;2026.04.12 09:15;6.75;7.88;9.5;2095;-1.0;0
3169;2026.04.12 09:30;6.75;8;9.75;2095;-1.0;0
3170;2026.04.12 09:45;6.75;8;9.12;2095;-1.0;0
3171;2026.04.12 10:00;6.75;7.94;9;2095;-1.0;0
3172;2026.04.12 10:15;6.75;7.94;9.12;2095;-1.0;0
3173;2026.04.12 10:30;6.75;8;9.38;2095;-1.0;0
3174;2026.04.12 10:45;6.75;8.12;9.94;2095;-1.0;0
3175;2026.04.12 11:00;6.75;8.5;10.94;2095;-1.0;0
3176;2026.04.12 11:15;6.75;8.56;10.12;2095;-1.0;0
3177;2026.04.12 11:30;6.81;8.62;10.5;2095;-1.0;0
3178;2026.04.12 11:45;6.81;8.75;11;2095;-1.0;0
3179;2026.04.12 12:00;6.88;8.88;11;2095;-1.0;0
3180;2026.04.12 12:15;6.88;9;11.25;2095;-1.0;0
3181;2026.04.12 12:30;6.88;9.12;11.56;2095;-1.0;0
3182;2026.04.12 12:45;6.88;9.25;11.62;2095;-1.0;0
3183;2026.04.12 13:00;6.88;9.31;11.25;2095;-1.0;0
3184;2026.04.12 13:15;6.94;9.31;11.5;2095;-1.0;0
3185;2026.04.12 13:30;7;9.38;11.44;2095;-1.0;0
3186;2026.04.12 13:45;7;9.38;11.44;2095;-1.0;0
3187;2026.04.12 14:00;7;9.5;11.75;2095;-1.0;0
3188;2026.04.12 14:15;7;9.5;11.69;2095;-1.0;0
3189;2026.04.12 14:30;7;9.5;11.38;2095;-1.0;0
3190;2026.04.12 14:45;7.06;9.5;11.25;2094;-1.0;0
3191;2026.04.12 15:00;7.12;9.5;11.38;2095;-1.0;0
3192;2026.04.12 15:15;7.12;9.62;11.44;2095;-1.0;0
3193;2026.04.12 15:30;7.12;9.62;11.38;2095;-1.0;0
3194;2026.04.12 15:45;7.12;9.62;11.19;2095;-1.0;0
3195;2026.04.12 16:00;7.12;9.56;10.88;2095;-1.0;0
3196;2026.04.12 16:15;7.19;9.5;10.62;2095;-1.0;0
3197;2026.04.12 16:30;7.25;9.38;10.25;2095;-1.0;0
3198;2026.04.12 16:45;7.25;9.25;10.12;2095;-1.0;0
3199;2026.04.12 17:00;7.25;9.25;9.81;2095;-1.0;0
3200;2026.04.12 17:15;7.25;9.12;9.38;2095;-1.0;0
3201;2026.04.12 17:30;7.31;9;8.94;2094;-1.0;0
3202;2026.04.12 17:45;7.31;8.94;8.5;2095;-1.0;0
3203;2026.04.12 18:00;7.38;8.81;8.12;2095;-1.0;0
3204;2026.04.12 18:15;7.38;8.62;7.81;2095;-1.0;0
3205;2026.04.12 18:30;7.38;8.5;7.56;2095;-1.0;0
3206;2026.04.12 18:45;7.38;8.38;7.06;2094;-1.0;0
3207;2026.04.12 19:00;7.38;8.19;6.75;2095;-1.0;0
3208;2026.04.12 19:15;7.38;8.12;6.5;2095;-1.0;0
3209;2026.04.12 19:30;7.38;8;6.69;2095;-1.0;0
3210;2026.04.12 19:45;7.38;8;6.81;2095;-1.0;0
3211;2026.04.12 20:00;7.38;8;6.81;2095;-1.0;0
3212;2026.04.12 20:15;7.44;8;7.12;2095;-1.0;0
3213;2026.04.12 20:30;7.44;8;8.25;2095;-1.0;0
3214;2026.04.12 20:45;7.44;8.12;8.5;2095;-1.0;0
3215;2026.04.12 21:00;7.44;8.19;8.5;2095;-1.0;0
3216;2026.04.12 21:15;7.44;8.25;8.56;2095;-1.0;0
3217;2026.04.12 21:30;7.44;8.25;8.5;2095;-1.0;0
3218;2026.04.12 21:45;7.44;8.25;8.5;2095;-1.0;0
3219;2026.04.12 22:00;7.44;8.25;8.38;2094;-1.0;0
3220;2026.04.12 22:15;7.44;8.25;8.38;2094;-1.0;0
3221;2026.04.12 22:30;7.44;8.19;8.38;2094;-1.0;0
3222;2026.04.12 22:45;7.44;8.19;8.38;2094;-1.0;0
3223;2026.04.12 23:00;7.44;8.12;8.25;2094;-1.0;0
3224;2026.04.12 23:15;7.44;8.12;8.25;2094;-1.0;0
3225;2026.04.12 23:30;7.44;8.12;8.06;2094;-1.0;0
3226;2026.04.12 23:45;7.44;8.06;7.94;2094;-1.0;0
3227;2026.04.13 00:00;7.44;8;7.62;2094;-1.0;0
3228;2026.04.13 00:15;7.44;7.94;7.38;2094;-1.0;0
3229;2026.04.13 00:30;7.44;7.88;7.12;2094;-1.0;0
3230;2026.04.13 00:45;7.44;7.75;7.25;2094;-1.0;0
3231;2026.04.13 01:00;7.44;7.75;7.38;2094;-1.0;0
3232;2026.04.13 01:15;7.38;7.75;7;2094;-1.0;0
3233;2026.04.13 01:30;7.38;7.62;6.94;2094;-1.0;0
3234;2026.04.13 01:45;7.38;7.62;6.75;2094;-1.0;0
3235;2026.04.13 02:00;7.38;7.5;6.69;2094;-1.0;0
3236;2026.04.13 02:15;7.38;7.5;6.94;2094;-1.0;0
3237;2026.04.13 02:30;7.38;7.44;6.62;2094;-1.0;0
3238;2026.04.13 02:45;7.38;7.38;5.75;2094;-1.0;0
3239;2026.04.13 03:00;7.38;7.12;4.5;2094;-1.0;0
3240;2026.04.13 03:15;7.38;7;3.88;2094;-1.0;0
3241;2026.04.13 03:30;7.38;6.88;4.56;2094;-1.0;0
3242;2026.04.13 03:45;7.38;6.88;4.88;2094;-1.0;0
3243;2026.04.13 04:00;7.38;6.88;5.38;2094;-1.0;0
3244;2026.04.13 04:15;7.38;6.94;6.19;2094;-1.0;0
3245;2026.04.13 04:30;7.38;7;6.5;2094;-1.0;0
3246;2026.04.13 04:45;7.38;7.06;6.44;2094;-1.0;0
3247;2026.04.13 05:00;7.38;7;6;2094;-1.0;0
3248;2026.04.13 05:15;7.31;7;6.25;2094;-1.0;0
3249;2026.04.13 05:30;7.31;7;6.5;2094;-1.0;0
3250;2026.04.13 05:45;7.31;7.12;6.81;2094;-1.0;0
3251;2026.04.13 06:00;7.31;7.25;7.38;2094;-1.0;0
3252;2026.04.13 06:15;7.25;7.38;8;2094;-1.0;0
3253;2026.04.13 06:30;7.25;7.56;8.5;2094;-1.0;0
3254;2026.04.13 06:45;7.25;7.75;9;2094;-1.0;0
3255;2026.04.13 07:00;7.25;8;9.62;2094;-1.0;0
3256;2026.04.13 07:15;7.25;8.25;10.12;2094;-1.0;0
3257;2026.04.13 07:30;7.25;8.5;10.62;2094;-1.0;0
3258;2026.04.13 07:45;7.25;8.75;11.25;2094;-1.0;0
3259;2026.04.13 08:00;7.25;9;11.62;2094;-1.0;0
3260;2026.04.13 08:15;7.25;9.25;11.75;2094;-1.0;0
3261;2026.04.13 08:30;7.25;9.38;12.12;2094;-1.0;0
3262;2026.04.13 08:45;7.25;9.62;12.5;2095;-1.0;0
3263;2026.04.13 09:00;7.25;9.75;12.75;2094;-1.0;0
3264;2026.04.13 09:15;7.25;10.06;13.75;2095;-1.0;0
3265;2026.04.13 09:30;7.25;10.5;14.88;2095;-1.0;0
3266;2026.04.13 09:45;7.25;11.12;16.75;2095;-1.0;0
3267;2026.04.13 10:00;7.25;11.81;17.25;2095;-1.0;0
3268;2026.04.13 10:15;7.31;11.69;15.62;2095;-1.0;0
3269;2026.04.13 10:30;7.31;11.75;16.12;2096;-1.0;0
3270;2026.04.13 10:45;7.38;12.06;17.12;2096;-1.0;0
3271;2026.04.13 11:00;7.38;12.38;17.25;2096;-1.0;0
3272;2026.04.13 11:15;7.38;12.62;17.69;2096;-1.0;0
3273;2026.04.13 11:30;7.44;12.75;17.56;2096;-1.0;0
3274;2026.04.13 11:45;7.5;12.88;17.69;2097;-1.0;0
3275;2026.04.13 12:00;7.5;12.88;17.12;2097;-1.0;0
3276;2026.04.13 12:15;7.5;12.5;15.75;2097;-1.0;0
3277;2026.04.13 12:30;7.56;12.38;15.88;2097;-1.0;0
3278;2026.04.13 12:45;7.62;12.38;16;2097;-1.0;0
3279;2026.04.13 13:00;7.62;12.38;15.75;2097;-1.0;0
3280;2026.04.13 13:15;7.62;12.5;17;2097;-1.0;0
3281;2026.04.13 13:30;7.69;12.56;15.88;2097;-1.0;0
3282;2026.04.13 13:45;7.75;12.38;15.88;2097;-1.0;0
3283;2026.04.13 14:00;7.75;12.56;17;2097;-1.0;0
3284;2026.04.13 14:15;7.81;12.75;17.12;2098;-1.0;0
3285;2026.04.13 14:30;7.88;12.75;16.62;2098;-1.0;0
3286;2026.04.13 14:45;7.88;12.56;16.25;2098;-1.0;0
3287;2026.04.13 15:00;7.88;12.44;15.75;2098;-1.0;0
3288;2026.04.13 15:15;7.94;12.38;15.94;2098;-1.0;0
3289;2026.04.13 15:30;8;12.25;15.38;2098;-1.0;0
3290;2026.04.13 15:45;8;12.12;14.88;2098;-1.0;0
3291;2026.04.13 16:00;8;11.94;14.5;2098;-1.0;0
3292;2026.04.13 16:15;8;11.75;13.88;2098;-1.0;0
3293;2026.04.13 16:30;8.06;11.5;13.31;2098;-1.0;0
3294;2026.04.13 16:45;8.12;11.25;12.81;2098;-1.0;0
3295;2026.04.13 17:00;8.12;11;12.38;2098;-1.0;0
3296;2026.04.13 17:15;8.12;10.88;12.12;2098;-1.0;0
3297;2026.04.13 17:30;8.12;10.75;12.12;2098;-1.0;0
3298;2026.04.13 17:45;8.12;10.62;11.94;2098;-1.0;0
3299;2026.04.13 18:00;8.12;10.5;11.75;2098;-1.0;0
3300;2026.04.13 18:15;8.12;10.38;11.38;2098;-1.0;0
3301;2026.04.13 18:30;8.19;10.25;11.38;2098;-1.0;0
3302;2026.04.13 18:45;8.19;10.25;11.38;2098;-1.0;0
3303;2026.04.13 19:00;8.19;10.19;11.44;2098;-1.0;0
3304;2026.04.13 19:15;8.19;10.12;11.25;2098;-1.0;0
3305;2026.04.13 19:30;8.19;10;11;2098;-1.0;0
3306;2026.04.13 19:45;8.19;9.88;10.62;2098;-1.0;0
3307;2026.04.13 20:00;8.25;9.75;10.38;2098;-1.0;0
3308;2026.04.13 20:15;8.25;9.62;10.25;2098;-1.0;0
3309;2026.04.13 20:30;8.19;9.56;10.5;2098;-1.0;0
3310;2026.04.13 20:45;8.19;9.56;10.5;2098;-1.0;0
3311;2026.04.13 21:00;8.19;9.5;10.5;2098;-1.0;0
3312;2026.04.13 21:15;8.19;9.5;10.31;2098;-1.0;0
3313;2026.04.13 21:30;8.19;9.44;10;2098;-1.0;0
3314;2026.04.13 21:45;8.19;9.25;9.44;2098;-1.0;0
3315;2026.04.13 22:00;8.12;9.12;8.81;2098;-1.0;0
3316;2026.04.13 22:15;8.12;8.94;8.75;2098;-1.0;0
3317;2026.04.13 22:30;8.12;8.81;8.62;2098;-1.0;0
3318;2026.04.13 22:45;8.12;8.75;8.38;2098;-1.0;0
3319;2026.04.13 23:00;8.12;8.62;8.25;2098;-1.0;0
3320;2026.04.13 23:15;8.12;8.5;8;2098;-1.0;0
3321;2026.04.13 23:30;8.12;8.44;7.62;2098;-1.0;0
3322;2026.04.13 23:45;8.12;8.31;7.5;2098;-1.0;0
3323;2026.04.14 00:00;8.12;8.25;7.75;2098;-1.0;0
3324;2026.04.14 00:15;8.12;8.25;7.88;2098;-1.0;0
3325;2026.04.14 00:30;8.06;8.25;8.12;2098;-1.0;0
3326;2026.04.14 00:45;8.06;8.25;8;2098;-1.0;0
3327;2026.04.14 01:00;8.06;8.25;7.62;2098;-1.0;0
3328;2026.04.14 01:15;8;8.12;6.88;2098;-1.0;0
3329;2026.04.14 01:30;8;8;5.69;2098;-1.0;0
3330;2026.04.14 01:45;8;7.88;5.88;2098;-1.0;0
3331;2026.04.14 02:00;8;7.88;6.38;2098;-1.0;0
3332;2026.04.14 02:15;8;7.88;7;2098;-1.0;0
3333;2026.04.14 02:30;8;8;7.56;2098;-1.0;0
3334;2026.04.14 02:45;8;8.06;7.94;2098;-1.0;0
3335;2026.04.14 03:00;7.94;8.12;8.12;2098;-1.0;0
3336;2026.04.14 03:15;7.94;8.25;8.62;2098;-1.0;0
3337;2026.04.14 03:30;7.94;8.31;8.69;2098;-1.0;0
3338;2026.04.14 03:45;7.88;8.38;8.56;2098;-1.0;0
3339;2026.04.14 04:00;7.88;8.38;8.62;2098;-1.0;0
3340;2026.04.14 04:15;7.88;8.38;8.56;2098;-1.0;0
3341;2026.04.14 04:30;7.88;8.38;8.56;2098;-1.0;0
3342;2026.04.14 04:45;7.88;8.38;8.62;2099;-1.0;0
3343;2026.04.14 05:00;7.88;8.38;8.81;2099;-1.0;0
3344;2026.04.14 05:15;7.88;8.44;8.94;2099;-1.0;0
3345;2026.04.14 05:30;7.88;8.5;9.06;2099;-1.0;0
3346;2026.04.14 05:45;7.88;8.56;9.25;2099;-1.0;0
3347;2026.04.14 06:00;7.88;8.69;9.25;2099;-1.0;0
3348;2026.04.14 06:15;7.81;9;10.88;2099;-1.0;0
3349;2026.04.14 06:30;7.81;9.5;12.25;2099;-1.0;0
3350;2026.04.14 06:45;7.81;10.06;13.62;2099;-1.0;0
3351;2026.04.14 07:00;7.81;10.38;13.12;2099;-1.0;0
3352;2026.04.14 07:15;7.81;10.5;13.38;2099;-1.0;0
3353;2026.04.14 07:30;7.81;10.75;14.12;2099;-1.0;0
3354;2026.04.14 07:45;7.81;11.62;17.25;2100;-1.0;0
3355;2026.04.14 08:00;7.81;12.25;17.69;2100;-1.0;0
3356;2026.04.14 08:15;7.81;12.44;17;2100;-1.0;0
3357;2026.04.14 08:30;7.88;12.81;18.25;2101;-1.0;0
3358;2026.04.14 08:45;7.88;13.5;19.69;2101;-1.0;0
3359;2026.04.14 09:00;7.88;14.12;21;2101;-1.0;0
3360;2026.04.14 09:15;7.88;14.25;19.5;2102;-1.0;0
3361;2026.04.14 09:30;7.94;14.31;20.12;2102;-1.0;0
3362;2026.04.14 09:45;8;14.62;20.88;2102;-1.0;0
3363;2026.04.14 10:00;8;14.94;20.31;2103;-1.0;0
3364;2026.04.14 10:15;8;15.12;21.62;2103;-1.0;0
3365;2026.04.14 10:30;8.12;15.31;20.25;2103;-1.0;0
3366;2026.04.14 10:45;8.12;15;19.25;2104;-1.0;0
3367;2026.04.14 11:00;8.19;15;19.69;2104;-1.0;0
3368;2026.04.14 11:15;8.25;14.94;19.62;2104;-1.0;0
3369;2026.04.14 11:30;8.31;15;19.62;2104;-1.0;0
3370;2026.04.14 11:45;8.38;15.25;20.62;2105;-1.0;0
3371;2026.04.14 12:00;8.38;15.56;22.19;2105;-1.0;0
3372;2026.04.14 12:15;8.5;15.88;21.75;2106;-1.0;0
3373;2026.04.14 12:30;8.5;16.19;23.12;2106;-1.0;0
3374;2026.04.14 12:45;8.62;16.12;20.75;2106;-1.0;0
3375;2026.04.14 13:00;8.62;15.88;20.62;2106;-1.0;0
3376;2026.04.14 13:15;8.69;15.62;19.94;2107;-1.0;0
3377;2026.04.14 13:30;8.75;15.62;20;2107;-1.0;0
3378;2026.04.14 13:45;8.81;15.5;19.5;2107;-1.0;0
3379;2026.04.14 14:00;8.88;15.25;18.62;2107;-1.0;0
3380;2026.04.14 14:15;8.88;14.94;17.56;2107;-1.0;0
3381;2026.04.14 14:30;9;14.62;17.25;2107;-1.0;0
3382;2026.04.14 14:45;9;14.5;17.5;2107;-1.0;0
3383;2026.04.14 15:00;9.06;14.44;17.25;2108;-1.0;0
3384;2026.04.14 15:15;9.12;14.25;16.38;2108;-1.0;0
3385;2026.04.14 15:30;9.12;14;16;2108;-1.0;0
3386;2026.04.14 15:45;9.12;13.75;14.81;2108;-1.0;0
3387;2026.04.14 16:00;9.25;13.31;14;2108;-1.0;0
3388;2026.04.14 16:15;9.25;13.06;13.62;2108;-1.0;0
3389;2026.04.14 16:30;9.25;12.88;13.25;2108;-1.0;0
3390;2026.04.14 16:45;9.25;12.62;13.12;2108;-1.0;0
3391;2026.04.14 17:00;9.31;12.5;12.75;2108;-1.0;0
3392;2026.04.14 17:15;9.31;12.25;12.38;2108;-1.0;0
3393;2026.04.14 17:30;9.38;12.12;12;2108;-1.0;0
3394;2026.04.14 17:45;9.38;12;11.62;2108;-1.0;0
3395;2026.04.14 18:00;9.38;11.88;11.38;2108;-1.0;0
3396;2026.04.14 18:15;9.38;11.69;11.19;2108;-1.0;0
3397;2026.04.14 18:30;9.38;11.56;10.94;2108;-1.0;0
3398;2026.04.14 18:45;9.38;11.44;10.88;2108;-1.0;0
3399;2026.04.14 19:00;9.38;11.38;10.69;2108;-1.0;0
3400;2026.04.14 19:15;9.38;11.19;10.25;2108;-1.0;0
3401;2026.04.14 19:30;9.38;11.06;9.62;2108;-1.0;0
3402;2026.04.14 19:45;9.38;10.88;9.25;2108;-1.0;0
3403;2026.04.14 20:00;9.38;10.75;9.62;2108;-1.0;0
3404;2026.04.14 20:15;9.38;10.69;9.75;2108;-1.0;0
3405;2026.04.14 20:30;9.38;10.62;9.5;2108;-1.0;0
3406;2026.04.14 20:45;9.31;10.5;9.44;2108;-1.0;0
3407;2026.04.14 21:00;9.31;10.5;9.62;2108;-1.0;0
3408;2026.04.14 21:15;9.31;10.44;9.5;2108;-1.0;0
3409;2026.04.14 21:30;9.25;10.38;9.38;2108;-1.0;0
3410;2026.04.14 21:45;9.25;10.31;9.38;2108;-1.0;0
3411;2026.04.14 22:00;9.25;10.25;9.31;2108;-1.0;0
3412;2026.04.14 22:15;9.25;10.25;9.25;2108;-1.0;0
3413;2026.04.14 22:30;9.25;10.12;8.88;2108;-1.0;0
3414;2026.04.14 22:45;9.25;10.12;8.88;2108;-1.0;0
3415;2026.04.14 23:00;9.25;10;8.69;2108;-1.0;0
3416;2026.04.14 23:15;9.19;10;8.75;2108;-1.0;0
3417;2026.04.14 23:30;9.19;9.94;8.88;2108;-1.0;0
3418;2026.04.14 23:45;9.12;9.88;8.62;2108;-1.0;0
3419;2026.04.15 00:00;9.12;9.88;8.62;2108;-1.0;0
3420;2026.04.15 00:15;9.12;9.75;8.44;2108;-1.0;0
3421;2026.04.15 00:30;9.12;9.75;8.38;2108;-1.0;0
3422;2026.04.15 00:45;9.12;9.75;8.56;2108;-1.0;0
3423;2026.04.15 01:00;9.12;9.75;8.62;2108;-1.0;0
3424;2026.04.15 01:15;9.06;9.69;8.62;2108;-1.0;0
3425;2026.04.15 01:30;9.06;9.69;8.62;2108;-1.0;0
3426;2026.04.15 01:45;9.06;9.62;8.62;2108;-1.0;0
3427;2026.04.15 02:00;9;9.62;8.62;2108;-1.0;0
3428;2026.04.15 02:15;9;9.62;8.62;2108;-1.0;0
3429;2026.04.15 02:30;9;9.62;8.5;2108;-1.0;0
3430;2026.04.15 02:45;9;9.56;8.5;2108;-1.0;0
3431;2026.04.15 03:00;9;9.5;8.5;2108;-1.0;0
3432;2026.04.15 03:15;9;9.5;8.44;2108;-1.0;0
3433;2026.04.15 03:30;8.94;9.5;8.44;2108;-1.0;0
3434;2026.04.15 03:45;8.94;9.5;8.38;2108;-1.0;0
3435;2026.04.15 04:00;8.94;9.44;8.31;2108;-1.0;0
3436;2026.04.15 04:15;8.88;9.44;8.25;2108;-1.0;0
3437;2026.04.15 04:30;8.88;9.38;8.31;2108;-1.0;0
3438;2026.04.15 04:45;8.88;9.38;8.38;2108;-1.0;0
3439;2026.04.15 05:00;8.88;9.38;8.5;2108;-1.0;0
3440;2026.04.15 05:15;8.88;9.38;8.56;2108;-1.0;0
3441;2026.04.15 05:30;8.88;9.44;8.75;2108;-1.0;0
3442;2026.04.15 05:45;8.88;9.5;8.88;2108;-1.0;0
3443;2026.04.15 06:00;8.88;9.5;8.94;2108;-1.0;0
3444;2026.04.15 06:15;8.81;9.56;9;2108;-1.0;0
3445;2026.04.15 06:30;8.81;9.62;9.25;2108;-1.0;0
3446;2026.04.15 06:45;8.81;9.62;9.44;2108;-1.0;0
3447;2026.04.15 07:00;8.75;9.75;9.81;2108;-1.0;0
3448;2026.04.15 07:15;8.75;9.88;10.38;2109;-1.0;0
3449;2026.04.15 07:30;8.75;10.06;10.75;2109;-1.0;0
3450;2026.04.15 07:45;8.75;10.19;11.06;2109;-1.0;0
3451;2026.04.15 08:00;8.75;10.38;11.62;2109;-1.0;0
3452;2026.04.15 08:15;8.75;10.62;12.25;2109;-1.0;0
3453;2026.04.15 08:30;8.75;10.75;12.5;2109;-1.0;0
3454;2026.04.15 08:45;8.75;11;12.69;2109;-1.0;0
3455;2026.04.15 09:00;8.75;11.06;12.56;2109;-1.0;0
3456;2026.04.15 09:15;8.75;11.25;13.75;2109;-1.0;0
3457;2026.04.15 09:30;8.75;11.5;14;2109;-1.0;0
3458;2026.04.15 09:45;8.75;12;15.62;2110;-1.0;0
3459;2026.04.15 10:00;8.75;12.56;16.81;2110;-1.0;0
3460;2026.04.15 10:15;8.81;12.75;16.5;2110;-1.0;0
3461;2026.04.15 10:30;8.81;13.06;16.56;2110;-1.0;0
3462;2026.04.15 10:45;8.81;13;16.12;2111;-1.0;0
3463;2026.04.15 11:00;8.88;12.94;15.75;2111;-1.0;0
3464;2026.04.15 11:15;8.88;12.94;15.5;2111;-1.0;0
3465;2026.04.15 11:30;8.88;12.88;15.31;2111;-1.0;0
3466;2026.04.15 11:45;8.88;12.88;15.5;2111;-1.0;0
3467;2026.04.15 12:00;8.88;12.88;15.75;2111;-1.0;0
3468;2026.04.15 12:15;8.94;13;15.75;2112;-1.0;0
3469;2026.04.15 12:30;9;13;15.38;2112;-1.0;0
3470;2026.04.15 12:45;9;13;15.5;2112;-1.0;0
3471;2026.04.15 13:00;9;12.94;14.88;2112;-1.0;0
3472;2026.04.15 13:15;9.06;12.81;15;2112;-1.0;0
3473;2026.04.15 13:30;9.12;12.81;15.12;2112;-1.0;0
3474;2026.04.15 13:45;9.12;12.88;15.38;2112;-1.0;0
3475;2026.04.15 14:00;9.12;13;15.62;2113;-1.0;0
3476;2026.04.15 14:15;9.12;13.12;16.25;2113;-1.0;0
3477;2026.04.15 14:30;9.19;13.25;16.12;2113;-1.0;0
3478;2026.04.15 14:45;9.25;13.25;16.12;2113;-1.0;0
3479;2026.04.15 15:00;9.25;13.19;15.5;2113;-1.0;0
3480;2026.04.15 15:15;9.25;13.12;15.38;2113;-1.0;0
3481;2026.04.15 15:30;9.25;13.06;15.19;2113;-1.0;0
3482;2026.04.15 15:45;9.25;13;14.94;2114;-1.0;0
3483;2026.04.15 16:00;9.31;12.88;14.62;2114;-1.0;0
3484;2026.04.15 16:15;9.38;12.75;14.12;2114;-1.0;0
3485;2026.04.15 16:30;9.38;12.62;13.88;2114;-1.0;0
3486;2026.04.15 16:45;9.38;12.5;13.62;2114;-1.0;0
3487;2026.04.15 17:00;9.38;12.38;13.25;2114;-1.0;0
3488;2026.04.15 17:15;9.38;12.25;12.88;2114;-1.0;0
3489;2026.04.15 17:30;9.44;12.12;12.5;2114;-1.0;0
3490;2026.04.15 17:45;9.44;12;12;2114;-1.0;0
3491;2026.04.15 18:00;9.44;11.88;11.44;2114;-1.0;0
3492;2026.04.15 18:15;9.5;11.69;11.25;2114;-1.0;0
3493;2026.04.15 18:30;9.5;11.5;10.88;2114;-1.0;0
3494;2026.04.15 18:45;9.5;11.38;11.12;2114;-1.0;0
3495;2026.04.15 19:00;9.5;11.31;11;2114;-1.0;0
3496;2026.04.15 19:15;9.5;11.19;10.5;2114;-1.0;0
3497;2026.04.15 19:30;9.5;11;10;2114;-1.0;0
3498;2026.04.15 19:45;9.5;10.81;9.12;2114;-1.0;0
3499;2026.04.15 20:00;9.5;10.62;9.06;2114;-1.0;0
3500;2026.04.15 20:15;9.5;10.5;8.81;2114;-1.0;0
3501;2026.04.15 20:30;9.5;10.38;8.69;2114;-1.0;0
3502;2026.04.15 20:45;9.5;10.25;8.5;2114;-1.0;0
3503;2026.04.15 21:00;9.5;10.12;7.75;2114;-1.0;0
3504;2026.04.15 21:15;9.5;9.88;6.88;2114;-1.0;0
3505;2026.04.15 21:30;9.44;9.75;7.62;2114;-1.0;0
3506;2026.04.15 21:45;9.44;9.75;8.31;2114;-1.0;0
3507;2026.04.15 22:00;9.38;9.88;8.88;2114;-1.0;0
3508;2026.04.15 22:15;9.38;9.88;9;2114;-1.0;0
3509;2026.04.15 22:30;9.38;10;9.06;2114;-1.0;0
3510;2026.04.15 22:45;9.38;10;9.06;2115;-1.0;0
3511;2026.04.15 23:00;9.38;10;9.12;2114;-1.0;0
3512;2026.04.15 23:15;9.38;10;9;2114;-1.0;0
3513;2026.04.15 23:30;9.38;10;8.94;2115;-1.0;0
3514;2026.04.15 23:45;9.31;9.94;8.88;2114;-1.0;0
3515;2026.04.16 00:00;9.31;9.88;8.75;2114;-1.0;0
3516;2026.04.16 00:15;9.25;9.88;8.81;2115;-1.0;0
3517;2026.04.16 00:30;9.25;9.88;8.75;2115;-1.0;0
3518;2026.04.16 00:45;9.25;9.62;6.56;2114;-1.0;0
3519;2026.04.16 01:00;9.25;9.19;5.12;2114;-1.0;0
3520;2026.04.16 01:15;9.25;8.75;4.25;2114;-1.0;0
3521;2026.04.16 01:30;9.25;8.5;4.06;2114;-1.0;0
3522;2026.04.16 01:45;9.25;8.38;5.19;2114;-1.0;0
3523;2026.04.16 02:00;9.19;8.44;6;2114;-1.0;0
3524;2026.04.16 02:15;9.19;8.5;6.38;2114;-1.0;0
3525;2026.04.16 02:30;9.12;8.56;6.12;2114;-1.0;0
3526;2026.04.16 02:45;9.12;8.5;5.25;2114;-1.0;0
3527;2026.04.16 03:00;9.12;8.38;5.62;2114;-1.0;0
3528;2026.04.16 03:15;9.12;8.38;6.25;2114;-1.0;0
3529;2026.04.16 03:30;9.12;8.44;6.56;2114;-1.0;0
3530;2026.04.16 03:45;9.06;8.5;6.81;2115;-1.0;0
3531;2026.04.16 04:00;9;8.56;6.62;2115;-1.0;0
3532;2026.04.16 04:15;9;8.56;6.75;2115;-1.0;0
3533;2026.04.16 04:30;9;8.62;7.12;2115;-1.0;0
3534;2026.04.16 04:45;9;8.62;7.31;2115;-1.0;0
3535;2026.04.16 05:00;9;8.75;7.62;2115;-1.0;0
3536;2026.04.16 05:15;8.94;8.81;7.94;2115;-1.0;0
3537;2026.04.16 05:30;8.94;8.94;8.38;2115;-1.0;0
3538;2026.04.16 05:45;8.88;9;8.5;2115;-1.0;0
3539;2026.04.16 06:00;8.88;9.12;8.69;2115;-1.0;0
3540;2026.04.16 06:15;8.88;9.19;9;2115;-1.0;0
3541;2026.04.16 06:30;8.88;9.31;9.31;2115;-1.0;0
3542;2026.04.16 06:45;8.88;9.5;9.94;2115;-1.0;0
3543;2026.04.16 07:00;8.88;9.62;10.44;2115;-1.0;0
3544;2026.04.16 07:15;8.88;9.88;11;2115;-1.0;0
3545;2026.04.16 07:30;8.88;10.06;11.5;2115;-1.0;0
3546;2026.04.16 07:45;8.81;10.25;12.06;2115;-1.0;0
3547;2026.04.16 08:00;8.81;10.56;13;2115;-1.0;0
3548;2026.04.16 08:15;8.81;10.88;13.38;2115;-1.0;0
3549;2026.04.16 08:30;8.81;11.25;13.88;2115;-1.0;0
3550;2026.04.16 08:45;8.81;11.38;13.62;2115;-1.0;0
3551;2026.04.16 09:00;8.81;11.5;14;2115;-1.0;0
3552;2026.04.16 09:15;8.81;11.62;14.62;2115;-1.0;0
3553;2026.04.16 09:30;8.88;11.81;14.56;2116;-1.0;0
3554;2026.04.16 09:45;8.88;12;15.5;2116;-1.0;0
3555;2026.04.16 10:00;8.88;12.5;17.44;2116;-1.0;0
3556;2026.04.16 10:15;8.88;13.25;19.25;2116;-1.0;0
3557;2026.04.16 10:30;8.88;13.81;19.75;2117;-1.0;0
3558;2026.04.16 10:45;8.88;14.12;19.62;2117;-1.0;0
3559;2026.04.16 11:00;8.94;14.62;21.81;2117;-1.0;0
3560;2026.04.16 11:15;9;14.88;21;2118;-1.0;0
3561;2026.04.16 11:30;9;14.88;20.88;2118;-1.0;0
3562;2026.04.16 11:45;9;15.06;21.38;2118;-1.0;0
3563;2026.04.16 12:00;9.06;15.62;22.62;2118;-1.0;0
3564;2026.04.16 12:15;9.12;15.88;23;2119;-1.0;0
3565;2026.04.16 12:30;9.12;16.12;23.5;2119;-1.0;0
3566;2026.04.16 12:45;9.19;16.12;21.25;2119;-1.0;0
3567;2026.04.16 13:00;9.25;15.81;20.12;2120;-1.0;0
3568;2026.04.16 13:15;9.25;15.44;18.25;2120;-1.0;0
3569;2026.04.16 13:30;9.38;15.25;19.75;2120;-1.0;0
3570;2026.04.16 13:45;9.38;15.88;22.56;2120;-1.0;0
3571;2026.04.16 14:00;9.5;16.19;21.88;2121;-1.0;0
3572;2026.04.16 14:15;9.5;15.88;19.38;2121;-1.0;0
3573;2026.04.16 14:30;9.56;15.38;17.44;2121;-1.0;0
3574;2026.04.16 14:45;9.62;15;17.12;2121;-1.0;0
3575;2026.04.16 15:00;9.62;14.75;17.69;2121;-1.0;0
3576;2026.04.16 15:15;9.75;14.88;18.88;2121;-1.0;0
3577;2026.04.16 15:30;9.75;14.88;18.5;2121;-1.0;0
3578;2026.04.16 15:45;9.75;14.75;17.5;2122;-1.0;0
3579;2026.04.16 16:00;9.81;14.5;16.38;2122;-1.0;0
3580;2026.04.16 16:15;9.88;14.25;15.88;2122;-1.0;0
3581;2026.04.16 16:30;9.88;14;15.81;2122;-1.0;0
3582;2026.04.16 16:45;9.94;13.94;15.62;2122;-1.0;0
3583;2026.04.16 17:00;9.94;13.75;14.88;2122;-1.0;0
3584;2026.04.16 17:15;10;13.56;13.94;2122;-1.0;0
3585;2026.04.16 17:30;10;13.31;12.88;2122;-1.0;0
3586;2026.04.16 17:45;10;13;12;2122;-1.0;0
3587;2026.04.16 18:00;10;12.62;11;2122;-1.0;0
3588;2026.04.16 18:15;10;12.38;10.56;2122;-1.0;0
3589;2026.04.16 18:30;10.06;12.12;10.25;2122;-1.0;0
3590;2026.04.16 18:45;10.06;11.88;10;2122;-1.0;0
3591;2026.04.16 19:00;10.06;11.75;9.88;2122;-1.0;0
3592;2026.04.16 19:15;10.06;11.5;9.44;2122;-1.0;0
3593;2026.04.16 19:30;10.06;11.38;9.25;2122;-1.0;0
3594;2026.04.16 19:45;10.06;11.19;8.88;2122;-1.0;0
3595;2026.04.16 20:00;10.06;11;8.5;2122;-1.0;0
3596;2026.04.16 20:15;10;10.81;8.12;2122;-1.0;0
3597;2026.04.16 20:30;10;10.56;7.06;2122;-1.0;0
3598;2026.04.16 20:45;10;10.25;6.62;2122;-1.0;0
3599;2026.04.16 21:00;10;10;6.25;2122;-1.0;0
3600;2026.04.16 21:15;10;9.81;6.44;2122;-1.0;0
3601;2026.04.16 21:30;10;9.75;6.94;2122;-1.0;0
3602;2026.04.16 21:45;9.94;9.75;7.19;2122;-1.0;0
3603;2026.04.16 22:00;9.94;9.75;7.19;2122;-1.0;0
3604;2026.04.16 22:15;9.88;9.62;6.88;2122;-1.0;0
3605;2026.04.16 22:30;9.88;9.5;6.25;2123;-1.0;0
3606;2026.04.16 22:45;9.88;9.31;5.38;2122;-1.0;0
3607;2026.04.16 23:00;9.88;9;4.75;2122;-1.0;0
3608;2026.04.16 23:15;9.81;8.81;4.69;2123;-1.0;0
3609;2026.04.16 23:30;9.75;8.62;4.75;2122;-1.0;0
3610;2026.04.16 23:45;9.75;8.5;4.75;2122;-1.0;0
3611;2026.04.17 00:00;9.75;8.5;5.25;2122;-1.0;0
3612;2026.04.17 00:15;9.75;8.44;5.12;2122;-1.0;0
3613;2026.04.17 00:30;9.69;8.44;5.56;2122;-1.0;0
3614;2026.04.17 00:45;9.62;8.5;5.81;2122;-1.0;0
3615;2026.04.17 01:00;9.62;8.5;5.62;2122;-1.0;0
3616;2026.04.17 01:15;9.62;8.5;5.94;2123;-1.0;0
3617;2026.04.17 01:30;9.56;8.5;6.12;2122;-1.0;0
3618;2026.04.17 01:45;9.5;8.5;6.12;2122;-1.0;0
3619;2026.04.17 02:00;9.5;8.5;5.88;2122;-1.0;0
3620;2026.04.17 02:15;9.5;8.5;5.44;2122;-1.0;0
3621;2026.04.17 02:30;9.44;8.38;5.06;2122;-1.0;0
3622;2026.04.17 02:45;9.44;8.25;4.88;2122;-1.0;0
3623;2026.04.17 03:00;9.38;8.12;4.75;2122;-1.0;0
3624;2026.04.17 03:15;9.38;8.12;5.12;2122;-1.0;0
3625;2026.04.17 03:30;9.38;8.12;5.19;2122;-1.0;0
3626;2026.04.17 03:45;9.31;8.06;4.94;2122;-1.0;0
3627;2026.04.17 04:00;9.25;7.94;4.38;2122;-1.0;0
3628;2026.04.17 04:15;9.25;7.81;4.5;2122;-1.0;0
3629;2026.04.17 04:30;9.25;7.75;4.31;2121;-1.0;0
3630;2026.04.17 04:45;9.25;7.69;4.5;2123;-1.0;0
3631;2026.04.17 05:00;9.19;7.75;5.38;2122;-1.0;0
3632;2026.04.17 05:15;9.12;7.88;6;2121;-1.0;0
3633;2026.04.17 05:30;9.12;8.12;7;2122;-1.0;0
3634;2026.04.17 05:45;9.12;8.44;7.69;2122;-1.0;0
3635;2026.04.17 06:00;9.12;9.12;11.19;2122;-1.0;0
3636;2026.04.17 06:15;9.12;10.25;14.31;2123;-1.0;0
3637;2026.04.17 06:30;9.06;11;14.44;2122;-1.0;0
3638;2026.04.17 06:45;9.06;11.25;14.88;2122;-1.0;0
3639;2026.04.17 07:00;9;11.31;13.38;2122;-1.0;0
3640;2026.04.17 07:15;9;11.25;13.62;2122;-1.0;0
3641;2026.04.17 07:30;9;11.62;15.19;2122;-1.0;0
3642;2026.04.17 07:45;9;12.5;19.12;2122;-1.0;0
3643;2026.04.17 08:00;9;13.62;18.88;2122;-1.0;0
3644;2026.04.17 08:15;9;13.38;16.69;2122;-1.0;0
3645;2026.04.17 08:30;9.06;13.88;19;2122;-1.0;0
3646;2026.04.17 08:45;9.06;14.12;18.62;2123;-1.0;0
3647;2026.04.17 09:00;9.12;14.12;19.5;2123;-1.0;0
3648;2026.04.17 09:15;9.12;14.62;21.25;2123;-1.0;0
3649;2026.04.17 09:30;9.12;15.62;23.25;2124;-1.0;0
3650;2026.04.17 09:45;9.19;15.88;23.12;2124;-1.0;0
3651;2026.04.17 10:00;9.25;15.5;20.44;2124;-1.0;0
3652;2026.04.17 10:15;9.25;16.38;25.5;2125;-1.0;0
3653;2026.04.17 10:30;9.31;17.12;25.81;2125;-1.0;0
3654;2026.04.17 10:45;9.38;17;22.75;2126;-1.0;0
3655;2026.04.17 11:00;9.38;17.25;24.44;2126;-1.0;0
3656;2026.04.17 11:15;9.5;17.31;25.31;2126;-1.0;0
3657;2026.04.17 11:30;9.5;17.5;23.25;2127;-1.0;0
3658;2026.04.17 11:45;9.62;17.19;23.44;2127;-1.0;0
3659;2026.04.17 12:00;9.62;17.25;24.5;2127;-1.0;0
3660;2026.04.17 12:15;9.75;17.31;24.5;2128;-1.0;0
3661;2026.04.17 12:30;9.81;17.88;26.69;2128;-1.0;0
3662;2026.04.17 12:45;9.88;18.25;26.38;2129;-1.0;0
3663;2026.04.17 13:00;9.94;18.62;27.38;2129;-1.0;0
3664;2026.04.17 13:15;10;18.25;24.88;2129;-1.0;0
3665;2026.04.17 13:30;10.06;17.88;23.75;2130;-1.0;0
3666;2026.04.17 13:45;10.12;17.75;21.5;2130;-1.0;0
3667;2026.04.17 14:00;10.19;17.5;22.38;2130;-1.0;0
3668;2026.04.17 14:15;10.25;17.12;20.75;2130;-1.0;0
3669;2026.04.17 14:30;10.31;16.62;19.44;2130;-1.0;0
3670;2026.04.17 14:45;10.38;16.25;19.38;2130;-1.0;0
3671;2026.04.17 15:00;10.44;16.12;20;2130;-1.0;0
3672;2026.04.17 15:15;10.5;16.25;20.5;2131;-1.0;0
3673;2026.04.17 15:30;10.5;16;19.06;2131;-1.0;0
3674;2026.04.17 15:45;10.56;15.62;18.12;2131;-1.0;0
3675;2026.04.17 16:00;10.62;15.38;17.88;2131;-1.0;0
3676;2026.04.17 16:15;10.62;15.12;17.25;2131;-1.0;0
3677;2026.04.17 16:30;10.62;14.81;15.81;2131;-1.0;0
3678;2026.04.17 16:45;10.69;14.5;16.12;2131;-1.0;0
3679;2026.04.17 17:00;10.69;14.25;15.69;2131;-1.0;0
3680;2026.04.17 17:15;10.75;14;14.62;2131;-1.0;0
3681;2026.04.17 17:30;10.75;13.62;12.62;2131;-1.0;0
3682;2026.04.17 17:45;10.75;13.12;10.62;2131;-1.0;0
3683;2026.04.17 18:00;10.75;12.62;9.38;2131;-1.0;0
3684;2026.04.17 18:15;10.75;12.12;8.44;2131;-1.0;0
3685;2026.04.17 18:30;10.75;11.75;8.5;2131;-1.0;0
3686;2026.04.17 18:45;10.75;11.44;8.75;2131;-1.0;0
3687;2026.04.17 19:00;10.75;11.31;10;2131;-1.0;0
3688;2026.04.17 19:15;10.75;11.31;10.06;2131;-1.0;0
3689;2026.04.17 19:30;10.69;11.12;8.62;2131;-1.0;0
3690;2026.04.17 19:45;10.62;10.88;8.5;2131;-1.0;0
3691;2026.04.17 20:00;10.62;10.75;8.31;2131;-1.0;0
3692;2026.04.17 20:15;10.62;10.62;9.38;2131;-1.0;0
3693;2026.04.17 20:30;10.62;10.62;9.5;2131;-1.0;0
3694;2026.04.17 20:45;10.56;10.62;9.62;2131;-1.0;0
3695;2026.04.17 21:00;10.5;10.62;9.12;2131;-1.0;0
3696;2026.04.17 21:15;10.5;10.38;8;2131;-1.0;0
3697;2026.04.17 21:30;10.5;10.12;6.75;2131;-1.0;0
3698;2026.04.17 21:45;10.5;9.81;5.62;2130;-1.0;0
3699;2026.04.17 22:00;10.44;9.5;5.12;2130;-1.0;0
3700;2026.04.17 22:15;10.38;9.25;4.75;2130;-1.0;0
3701;2026.04.17 22:30;10.38;9.06;4.25;2130;-1.0;0
3702;2026.04.17 22:45;10.31;8.81;3.88;2130;-1.0;0
3703;2026.04.17 23:00;10.31;8.62;3.75;2130;-1.0;0
3704;2026.04.17 23:15;10.25;8.5;4.38;2130;-1.0;0
3705;2026.04.17 23:30;10.25;8.44;4.12;2130;-1.0;0
3706;2026.04.17 23:45;10.19;8.31;3.69;2130;-1.0;0
3707;2026.04.18 00:00;10.12;8.19;3.81;2130;-1.0;0
3708;2026.04.18 00:15;10.12;8;3.25;2130;-1.0;0
3709;2026.04.18 00:30;10.12;7.88;2.69;2130;-1.0;0
3710;2026.04.18 00:45;10;7.75;3;2130;-1.0;0
3711;2026.04.18 01:00;10;7.62;2.56;2130;-1.0;0
3712;2026.04.18 01:15;10;7.5;2.38;2130;-1.0;0
3713;2026.04.18 01:30;9.94;7.44;3.62;2130;-1.0;0
3714;2026.04.18 01:45;9.88;7.62;4.5;2130;-1.0;0
3715;2026.04.18 02:00;9.88;7.75;4.5;2130;-1.0;0
3716;2026.04.18 02:15;9.81;7.81;4.62;2130;-1.0;0
3717;2026.04.18 02:30;9.75;7.81;4.12;2130;-1.0;0
3718;2026.04.18 02:45;9.75;7.69;3.12;2130;-1.0;0
3719;2026.04.18 03:00;9.75;7.5;3;2130;-1.0;0
3720;2026.04.18 03:15;9.62;7.44;3.25;2130;-1.0;0
3721;2026.04.18 03:30;9.62;7.44;3.31;2130;-1.0;0
3722;2026.04.18 03:45;9.62;7.38;2.75;2130;-1.0;0
3723;2026.04.18 04:00;9.56;7.25;2.56;2129;-1.0;0
3724;2026.04.18 04:15;9.5;7.19;3.06;2129;-1.0;0
3725;2026.04.18 04:30;9.5;7.25;3.5;2129;-1.0;0
3726;2026.04.18 04:45;9.5;7.31;4.12;2131;-1.0;0
3727;2026.04.18 05:00;9.44;7.5;5.75;2130;-1.0;0
3728;2026.04.18 05:15;9.38;7.81;6.38;2130;-1.0;0
3729;2026.04.18 05:30;9.38;8.06;7.25;2130;-1.0;0
3730;2026.04.18 05:45;9.38;8.38;8.38;2130;-1.0;0
3731;2026.04.18 06:00;9.38;9.12;12.25;2130;-1.0;0
3732;2026.04.18 06:15;9.31;10;13;2130;-1.0;0
3733;2026.04.18 06:30;9.25;10.5;12.81;2132;-1.0;0
3734;2026.04.18 06:45;9.25;11;14.25;2130;-1.0;0
3735;2026.04.18 07:00;9.25;11.69;15.5;2130;-1.0;0
3736;2026.04.18 07:15;9.25;12.31;16.62;2130;-1.0;0
3737;2026.04.18 07:30;9.25;12.81;17.19;2130;-1.0;0
3738;2026.04.18 07:45;9.25;13.31;18.69;2130;-1.0;0
3739;2026.04.18 08:00;9.25;13.88;19.25;2130;-1.0;0
3740;2026.04.18 08:15;9.25;14.38;20.12;2130;-1.0;0
3741;2026.04.18 08:30;9.25;15;21;2130;-1.0;0
3742;2026.04.18 08:45;9.25;15.38;20.5;2130;-1.0;0
3743;2026.04.18 09:00;9.31;15.38;20.12;2131;-1.0;0
3744;2026.04.18 09:15;9.38;15.38;20.25;2131;-1.0;0
3745;2026.04.18 09:30;9.38;15.5;21.25;2132;-1.0;0
3746;2026.04.18 09:45;9.44;16.5;24.12;2132;-1.0;0
3747;2026.04.18 10:00;9.5;17.25;24.62;2134;-1.0;0
3748;2026.04.18 10:15;9.5;17.56;25.12;2133;-1.0;0
3749;2026.04.18 10:30;9.62;18;25.5;2133;-1.0;0
3750;2026.04.18 10:45;9.62;18.25;25.75;2134;-1.0;0
3751;2026.04.18 11:00;9.75;18.56;25.75;2135;-1.0;0
3752;2026.04.18 11:15;9.75;18.88;27.56;2135;-1.0;0
3753;2026.04.18 11:30;9.88;18.88;25.19;2135;-1.0;0
3754;2026.04.18 11:45;9.94;18.75;27;2135;-1.0;0
3755;2026.04.18 12:00;10;19.12;26.94;2136;-1.0;0
3756;2026.04.18 12:15;10.12;18.88;24.31;2136;-1.0;0
3757;2026.04.18 12:30;10.12;18.62;24.62;2136;-1.0;0
3758;2026.04.18 12:45;10.25;18.38;23.69;2137;-1.0;0
3759;2026.04.18 13:00;10.31;18.38;24.44;2137;-1.0;0
3760;2026.04.18 13:15;10.38;18.25;23.62;2137;-1.0;0
3761;2026.04.18 13:30;10.5;18.12;22.62;2138;-1.0;0
3762;2026.04.18 13:45;10.5;17.88;22.38;2138;-1.0;0
3763;2026.04.18 14:00;10.62;17.88;23.06;2138;-1.0;0
3764;2026.04.18 14:15;10.62;17.75;22.5;2139;-1.0;0
3765;2026.04.18 14:30;10.75;17.75;22.38;2139;-1.0;0
3766;2026.04.18 14:45;10.75;17.56;22.25;2139;-1.0;0
3767;2026.04.18 15:00;10.88;17.5;21.75;2139;-1.0;0
3768;2026.04.18 15:15;10.88;17.25;20.94;2140;-1.0;0
3769;2026.04.18 15:30;10.94;16.94;19.75;2140;-1.0;0
3770;2026.04.18 15:45;11;16.88;21.44;2140;-1.0;0
3771;2026.04.18 16:00;11;16.75;19.75;2140;-1.0;0
3772;2026.04.18 16:15;11;16.5;19.12;2140;-1.0;0
3773;2026.04.18 16:30;11.06;16.25;18.38;2140;-1.0;0
3774;2026.04.18 16:45;11.12;16;17.62;2140;-1.0;0
3775;2026.04.18 17:00;11.12;15.75;17.31;2140;-1.0;0
3776;2026.04.18 17:15;11.12;15.5;16.56;2140;-1.0;0
3777;2026.04.18 17:30;11.12;15.31;15.88;2140;-1.0;0
3778;2026.04.18 17:45;11.19;15.06;15;2140;-1.0;0
3779;2026.04.18 18:00;11.19;14.75;14;2140;-1.0;0
3780;2026.04.18 18:15;11.19;14.38;13.25;2141;-1.0;0
3781;2026.04.18 18:30;11.19;14.06;12.75;2140;-1.0;0
3782;2026.04.18 18:45;11.25;13.75;12.25;2141;-1.0;0
3783;2026.04.18 19:00;11.25;13.44;10.88;2142;-1.0;0
3784;2026.04.18 19:15;11.25;12.94;9.25;2142;-1.0;0
3785;2026.04.18 19:30;11.19;12.44;8.12;2141;-1.0;0
3786;2026.04.18 19:45;11.19;12;7.81;2142;-1.0;0
3787;2026.04.18 20:00;11.19;11.62;7.31;2142;-1.0;0
3788;2026.04.18 20:15;11.12;11.38;7.12;2140;-1.0;0
3789;2026.04.18 20:30;11.12;11.12;7.12;2141;-1.0;0
3790;2026.04.18 20:45;11.12;11;7.56;2141;-1.0;0
3791;2026.04.18 21:00;11.12;10.94;7.88;2140;-1.0;0
3792;2026.04.18 21:15;11.06;10.88;8.19;2140;-1.0;0
3793;2026.04.18 21:30;11;10.88;8.25;2141;-1.0;0
3794;2026.04.18 21:45;11;10.81;7.62;2140;-1.0;0
3795;2026.04.18 22:00;11;10.62;7.12;2140;-1.0;0
3796;2026.04.18 22:15;11;10.56;7.88;2140;-1.0;0
3797;2026.04.18 22:30;10.94;10.62;8.62;2140;-1.0;0
3798;2026.04.18 22:45;10.88;10.75;9;2140;-1.0;0
3799;2026.04.18 23:00;10.88;10.75;9;2140;-1.0;0
3800;2026.04.18 23:15;10.81;10.81;9.38;2140;-1.0;0
3801;2026.04.18 23:30;10.81;10.88;9.56;2140;-1.0;0
3802;2026.04.18 23:45;10.75;10.88;9.62;2140;-1.0;0
3803;2026.04.19 00:00;10.75;10.88;9.44;2140;-1.0;0
3804;2026.04.19 00:15;10.75;10.88;9;2140;-1.0;0
3805;2026.04.19 00:30;10.69;10.75;8.81;2140;-1.0;0
3806;2026.04.19 00:45;10.62;10.69;8.75;2140;-1.0;0
3807;2026.04.19 01:00;10.62;10.62;8.88;2140;-1.0;0
3808;2026.04.19 01:15;10.62;10.62;9;2140;-1.0;0
3809;2026.04.19 01:30;10.56;10.62;8.94;2140;-1.0;0
3810;2026.04.19 01:45;10.56;10.62;8.88;2140;-1.0;0
3811;2026.04.19 02:00;10.5;10.62;8.5;2139;-1.0;0
3812;2026.04.19 02:15;10.5;10.56;8.38;2139;-1.0;0
3813;2026.04.19 02:30;10.5;10.5;8.31;2139;-1.0;0
3814;2026.04.19 02:45;10.5;10.44;8.25;2139;-1.0;0
3815;2026.04.19 03:00;10.44;10.38;8.25;2139;-1.0;0
3816;2026.04.19 03:15;10.38;10.38;8.12;2139;-1.0;0
3817;2026.04.19 03:30;10.38;10.31;8.5;2139;-1.0;0
3818;2026.04.19 03:45;10.38;10.31;8.88;2139;-1.0;0
3819;2026.04.19 04:00;10.38;10.38;9.31;2139;-1.0;0
3820;2026.04.19 04:15;10.38;10.44;9.44;2139;-1.0;0
3821;2026.04.19 04:30;10.31;10.5;9.62;2139;-1.0;0
3822;2026.04.19 04:45;10.31;10.56;9.81;2139;-1.0;0
3823;2026.04.19 05:00;10.25;10.62;9.94;2139;-1.0;0
3824;2026.04.19 05:15;10.25;10.62;9.88;2139;-1.0;0
3825;2026.04.19 05:30;10.25;10.62;9.5;2139;-1.0;0
3826;2026.04.19 05:45;10.25;10.62;9.25;2139;-1.0;0
3827;2026.04.19 06:00;10.25;10.56;9.12;2139;-1.0;0
3828;2026.04.19 06:15;10.25;10.56;9.5;2139;-1.0;0
3829;2026.04.19 06:30;10.19;10.62;10;2139;-1.0;0
3830;2026.04.19 06:45;10.19;10.88;10.69;2139;-1.0;0
3831;2026.04.19 07:00;10.19;11.12;11.38;2139;-1.0;0
3832;2026.04.19 07:15;10.12;11.38;12;2139;-1.0;0
3833;2026.04.19 07:30;10.12;11.69;12.94;2139;-1.0;0
3834;2026.04.19 07:45;10.12;12;13.25;2139;-1.0;0
3835;2026.04.19 08:00;10.12;12.44;14.25;2139;-1.0;0
3836;2026.04.19 08:15;10.12;12.44;12.88;2139;-1.0;0
3837;2026.04.19 08:30;10.12;12.25;12;2139;-1.0;0
3838;2026.04.19 08:45;10.12;12.12;12;2139;-1.0;0
3839;2026.04.19 09:00;10.12;12.12;11.94;2139;-1.0;0
3840;2026.04.19 09:15;10.12;12.19;12.88;2139;-1.0;0
3841;2026.04.19 09:30;10.12;12.38;13.38;2140;-1.0;0
3842;2026.04.19 09:45;10.12;12.5;13.12;2140;-1.0;0
3843;2026.04.19 10:00;10.19;12.38;12.12;2140;-1.0;0
3844;2026.04.19 10:15;10.19;12.19;11.5;2140;-1.0;0
3845;2026.04.19 10:30;10.19;12.25;13;2140;-1.0;0
3846;2026.04.19 10:45;10.19;12.69;13.19;2140;-1.0;0
3847;2026.04.19 11:00;10.25;12.56;12.44;2140;-1.0;0
3848;2026.04.19 11:15;10.25;12.38;12.25;2140;-1.0;0
3849;2026.04.19 11:30;10.25;12.81;14.25;2140;-1.0;0
3850;2026.04.19 11:45;10.25;13.25;15;2141;-1.0;0
3851;2026.04.19 12:00;10.25;13.38;15.19;2141;-1.0;0
3852;2026.04.19 12:15;10.25;13.62;15.12;2141;-1.0;0
3853;2026.04.19 12:30;10.25;13.56;15.19;2141;-1.0;0
3854;2026.04.19 12:45;10.31;13.94;16.56;2142;-1.0;0
3855;2026.04.19 13:00;10.38;14.12;16.62;2142;-1.0;0
3856;2026.04.19 13:15;10.38;14.5;18;2142;-1.0;0
3857;2026.04.19 13:30;10.38;14.75;18.5;2143;-1.0;0
3858;2026.04.19 13:45;10.38;14.62;17.12;2143;-1.0;0
3859;2026.04.19 14:00;10.44;14.75;17.69;2143;-1.0;0
3860;2026.04.19 14:15;10.5;14.5;16.25;2143;-1.0;0
3861;2026.04.19 14:30;10.5;14.31;15.62;2143;-1.0;0
3862;2026.04.19 14:45;10.5;14.25;15.81;2143;-1.0;0
3863;2026.04.19 15:00;10.56;13.88;14.81;2143;-1.0;0
3864;2026.04.19 15:15;10.62;13.69;14.62;2143;-1.0;0
3865;2026.04.19 15:30;10.62;13.5;14.38;2144;-1.0;0
3866;2026.04.19 15:45;10.62;13.31;14;2144;-1.0;0
3867;2026.04.19 16:00;10.62;13.25;14.12;2144;-1.0;0
3868;2026.04.19 16:15;10.69;13.12;13.38;2144;-1.0;0
3869;2026.04.19 16:30;10.75;12.94;13;2144;-1.0;0
3870;2026.04.19 16:45;10.75;12.75;12.38;2144;-1.0;0
3871;2026.04.19 17:00;10.75;12.44;11.25;2145;-1.0;0
3872;2026.04.19 17:15;10.75;12.06;10.44;2145;-1.0;0
3873;2026.04.19 17:30;10.75;11.81;10.12;2145;-1.0;0
3874;2026.04.19 17:45;10.75;11.56;9.38;2145;-1.0;0
3875;2026.04.19 18:00;10.75;11.25;8.94;2145;-1.0;0
3876;2026.04.19 18:15;10.75;11.06;8.5;2145;-1.0;0
3877;2026.04.19 18:30;10.75;10.88;8.94;2145;-1.0;0
3878;2026.04.19 18:45;10.75;10.75;8.44;2146;-1.0;0
3879;2026.04.19 19:00;10.75;10.62;7.94;2145;-1.0;0
3880;2026.04.19 19:15;10.75;10.38;7.5;2145;-1.0;0
3881;2026.04.19 19:30;10.75;10.25;7.38;2145;-1.0;0
3882;2026.04.19 19:45;10.75;10.25;7.56;2145;-1.0;0
3883;2026.04.19 20:00;10.75;10.12;7.38;2145;-1.0;0
3884;2026.04.19 20:15;10.69;10;6.62;2146;-1.0;0
3885;2026.04.19 20:30;10.69;9.81;6;2145;-1.0;0
3886;2026.04.19 20:45;10.62;9.62;5.25;2145;-1.0;0
3887;2026.04.19 21:00;10.62;9.31;4.75;2146;-1.0;0
3888;2026.04.19 21:15;10.62;9.12;4.56;2145;-1.0;0
3889;2026.04.19 21:30;10.62;9;4.69;2145;-1.0;0
3890;2026.04.19 21:45;10.56;8.94;5.25;2145;-1.0;0
3891;2026.04.19 22:00;10.5;8.81;4;2145;-1.0;0
3892;2026.04.19 22:15;10.5;8.44;2.5;2145;-1.0;0
3893;2026.04.19 22:30;10.5;8.12;1.44;2145;-1.0;0
3894;2026.04.19 22:45;10.44;7.75;0.62;2145;-1.0;0
3895;2026.04.19 23:00;10.44;7.38;0.12;2145;-1.0;0
3896;2026.04.19 23:15;10.38;7.12;-0.12;2145;-1.0;0
3897;2026.04.19 23:30;10.38;6.88;-0.44;2145;-1.0;0
3898;2026.04.19 23:45;10.31;6.62;-0.5;2145;-1.0;0
3899;2026.04.20 00:00;10.25;6.5;-0.38;2145;-1.0;0
3900;2026.04.20 00:15;10.25;6.31;-0.62;2145;-1.0;0
3901;2026.04.20 00:30;10.25;6.19;-0.81;2145;-1.0;0
3902;2026.04.20 00:45;10.19;6.06;-1.12;2145;-1.0;0
3903;2026.04.20 01:00;10.12;5.88;-1;2145;-1.0;0
3904;2026.04.20 01:15;10.12;5.81;-1.19;2145;-1.0;0
3905;2026.04.20 01:30;10;5.75;-0.38;2145;-1.0;0
3906;2026.04.20 01:45;10;5.88;0.5;2145;-1.0;0
3907;2026.04.20 02:00;10;6;0.75;2145;-1.0;0
3908;2026.04.20 02:15;9.88;6.06;1.06;2145;-1.0;0
3909;2026.04.20 02:30;9.88;6.12;1.69;2145;-1.0;0
3910;2026.04.20 02:45;9.88;6.25;1.88;2145;-1.0;0
3911;2026.04.20 03:00;9.75;6.38;1.62;2145;-1.0;0
3912;2026.04.20 03:15;9.75;6.25;0.44;2145;-1.0;0
3913;2026.04.20 03:30;9.75;6;-0.12;2145;-1.0;0
3914;2026.04.20 03:45;9.69;5.75;-0.62;2145;-1.0;0
3915;2026.04.20 04:00;9.62;5.62;-0.12;2145;-1.0;0
3916;2026.04.20 04:15;9.62;5.75;1.12;2145;-1.0;0
3917;2026.04.20 04:30;9.56;5.88;1.62;2145;-1.0;0
3918;2026.04.20 04:45;9.5;6.06;2.38;2145;-1.0;0
3919;2026.04.20 05:00;9.5;6.25;1.88;2145;-1.0;0
3920;2026.04.20 05:15;9.5;6.25;2.25;2145;-1.0;0
3921;2026.04.20 05:30;9.44;6.5;4;2145;-1.0;0
3922;2026.04.20 05:45;9.38;6.88;5.06;2145;-1.0;0
3923;2026.04.20 06:00;9.38;7.25;6.88;2145;-1.0;0
3924;2026.04.20 06:15;9.38;8.25;9.75;2145;-1.0;0
3925;2026.04.20 06:30;9.31;9;11.38;2146;-1.0;0
3926;2026.04.20 06:45;9.25;9.62;11.31;2145;-1.0;0
3927;2026.04.20 07:00;9.25;9.62;11.06;2145;-1.0;0
3928;2026.04.20 07:15;9.25;9.75;10.94;2145;-1.0;0
3929;2026.04.20 07:30;9.25;9.62;10.25;2145;-1.0;0
3930;2026.04.20 07:45;9.25;10.31;12.75;2145;-1.0;0
3931;2026.04.20 08:00;9.25;10.69;13.88;2145;-1.0;0
3932;2026.04.20 08:15;9.25;11.38;15.25;2145;-1.0;0
3933;2026.04.20 08:30;9.25;11.25;12;2145;-1.0;0
3934;2026.04.20 08:45;9.25;10.88;10.62;2145;-1.0;0
3935;2026.04.20 09:00;9.25;10.56;10.75;2145;-1.0;0
3936;2026.04.20 09:15;9.25;10.56;11;2145;-1.0;0
3937;2026.04.20 09:30;9.25;10.75;12.12;2145;-1.0;0
3938;2026.04.20 09:45;9.31;10.88;10.88;2145;-1.0;0
3939;2026.04.20 10:00;9.38;10.75;11.38;2145;-1.0;0
3940;2026.04.20 10:15;9.38;10.88;11.56;2145;-1.0;0
3941;2026.04.20 10:30;9.38;11.31;14.38;2145;-1.0;0
3942;2026.04.20 10:45;9.38;11.88;14.31;2145;-1.0;0
3943;2026.04.20 11:00;9.44;11.88;14.5;2145;-1.0;0
3944;2026.04.20 11:15;9.44;12.75;17.88;2145;-1.0;0
3945;2026.04.20 11:30;9.5;13.25;18;2146;-1.0;0
3946;2026.04.20 11:45;9.5;13.38;17.38;2146;-1.0;0
3947;2026.04.20 12:00;9.5;13.5;16.75;2146;-1.0;0
3948;2026.04.20 12:15;9.56;13.62;16;2146;-1.0;0
3949;2026.04.20 12:30;9.62;13.31;14.75;2146;-1.0;0
3950;2026.04.20 12:45;9.62;13.19;15.25;2146;-1.0;0
3951;2026.04.20 13:00;9.62;13.31;15.44;2146;-1.0;0
3952;2026.04.20 13:15;9.75;13.12;14.12;2146;-1.0;0
3953;2026.04.20 13:30;9.75;12.88;14.62;2147;-1.0;0
3954;2026.04.20 13:45;9.75;12.88;13.88;2147;-1.0;0
3955;2026.04.20 14:00;9.88;12.75;14.38;2147;-1.0;0
3956;2026.04.20 14:15;9.88;12.75;14.38;2147;-1.0;0
3957;2026.04.20 14:30;9.88;12.69;14.25;2147;-1.0;0
3958;2026.04.20 14:45;9.94;12.5;12.81;2147;-1.0;0
3959;2026.04.20 15:00;10;12.25;12.5;2147;-1.0;0
3960;2026.04.20 15:15;10;12.12;12.25;2148;-1.0;0
3961;2026.04.20 15:30;10;12.06;12;2148;-1.0;0
3962;2026.04.20 15:45;10.06;11.94;11.56;2148;-1.0;0
3963;2026.04.20 16:00;10.12;11.75;10.5;2148;-1.0;0
3964;2026.04.20 16:15;10.12;11.5;9.5;2148;-1.0;0
3965;2026.04.20 16:30;10.12;11.12;8.38;2148;-1.0;0
3966;2026.04.20 16:45;10.12;10.75;7.56;2148;-1.0;0
3967;2026.04.20 17:00;10.12;10.38;6.62;2148;-1.0;0
3968;2026.04.20 17:15;10.12;10.12;5.75;2148;-1.0;0
3969;2026.04.20 17:30;10.12;9.88;5.5;2148;-1.0;0
3970;2026.04.20 17:45;10.19;9.62;5.06;2148;-1.0;0
3971;2026.04.20 18:00;10.19;9.38;4.69;2148;-1.0;0
3972;2026.04.20 18:15;10.12;9.12;4.5;2149;-1.0;0
3973;2026.04.20 18:30;10.12;8.94;4.25;2149;-1.0;0
3974;2026.04.20 18:45;10.12;8.88;4.25;2149;-1.0;0
3975;2026.04.20 19:00;10.12;8.75;4.38;2149;-1.0;0
3976;2026.04.20 19:15;10.12;8.75;4.38;2149;-1.0;0
3977;2026.04.20 19:30;10.12;8.62;4.38;2149;-1.0;0
3978;2026.04.20 19:45;10.12;8.56;4.31;2149;-1.0;0
3979;2026.04.20 20:00;10.12;8.5;4.38;2149;-1.0;0
3980;2026.04.20 20:15;10.06;8.5;4.31;2149;-1.0;0
3981;2026.04.20 20:30;10.06;8.44;4.38;2149;-1.0;0
3982;2026.04.20 20:45;10;8.5;4.44;2149;-1.0;0
3983;2026.04.20 21:00;10;8.44;4.5;2149;-1.0;0
3984;2026.04.20 21:15;10;8.38;4.38;2149;-1.0;0
3985;2026.04.20 21:30;10;8.25;4.12;2149;-1.0;0
3986;2026.04.20 21:45;10;8.25;4.12;2149;-1.0;0
3987;2026.04.20 22:00;9.94;8.25;4.12;2149;-1.0;0
3988;2026.04.20 22:15;9.88;8.19;4.19;2149;-1.0;0
3989;2026.04.20 22:30;9.88;8.12;4;2149;-1.0;0
3990;2026.04.20 22:45;9.88;8;3.88;2149;-1.0;0
3991;2026.04.20 23:00;9.88;8;3.75;2149;-1.0;0
3992;2026.04.20 23:15;9.81;7.88;3.62;2149;-1.0;0
3993;2026.04.20 23:30;9.81;7.88;3.5;2149;-1.0;0
3994;2026.04.20 23:45;9.75;7.81;3.5;2149;-1.0;0
3995;2026.04.21 00:00;9.75;7.75;3.38;2149;-1.0;0
3996;2026.04.21 00:15;9.75;7.62;3.38;2149;-1.0;0
3997;2026.04.21 00:30;9.75;7.62;3.38;2149;-1.0;0
3998;2026.04.21 00:45;9.69;7.62;3.38;2149;-1.0;0
3999;2026.04.21 01:00;9.62;7.56;3.38;2149;-1.0;0
4000;2026.04.21 01:15;9.62;7.56;3.38;2149;-1.0;0
4001;2026.04.21 01:30;9.62;7.5;3.44;2149;-1.0;0
4002;2026.04.21 01:45;9.62;7.5;3.5;2149;-1.0;0
4003;2026.04.21 02:00;9.56;7.5;3.5;2149;-1.0;0
4004;2026.04.21 02:15;9.56;7.5;3.38;2149;-1.0;0
4005;2026.04.21 02:30;9.5;7.44;3.31;2149;-1.0;0
4006;2026.04.21 02:45;9.5;7.38;3.44;2149;-1.0;0
4007;2026.04.21 03:00;9.5;7.38;3.5;2149;-1.0;0
4008;2026.04.21 03:15;9.5;7.38;3.62;2148;-1.0;0
4009;2026.04.21 03:30;9.5;7.38;3.62;2148;-1.0;0
4010;2026.04.21 03:45;9.44;7.38;3.62;2148;-1.0;0
4011;2026.04.21 04:00;9.38;7.38;3.62;2148;-1.0;0
4012;2026.04.21 04:15;9.38;7.38;3.75;2148;-1.0;0
4013;2026.04.21 04:30;9.38;7.38;3.75;2149;-1.0;0
4014;2026.04.21 04:45;9.38;7.38;3.88;2148;-1.0;0
4015;2026.04.21 05:00;9.38;7.38;4.06;2148;-1.0;0
4016;2026.04.21 05:15;9.31;7.44;4.25;2148;-1.0;0
4017;2026.04.21 05:30;9.31;7.5;4.38;2148;-1.0;0
4018;2026.04.21 05:45;9.25;7.56;4.62;2148;-1.0;0
4019;2026.04.21 06:00;9.25;7.62;4.75;2148;-1.0;0
4020;2026.04.21 06:15;9.25;7.69;4.75;2148;-1.0;0
4021;2026.04.21 06:30;9.25;7.69;4.88;2148;-1.0;0
4022;2026.04.21 06:45;9.25;7.75;5.19;2148;-1.0;0
4023;2026.04.21 07:00;9.25;7.81;5.25;2148;-1.0;0
4024;2026.04.21 07:15;9.25;7.88;5.19;2148;-1.0;0
4025;2026.04.21 07:30;9.19;7.88;5.12;2148;-1.0;0
4026;2026.04.21 07:45;9.19;7.94;5.69;2148;-1.0;0
4027;2026.04.21 08:00;9.19;8;5.62;2148;-1.0;0
4028;2026.04.21 08:15;9.12;8;5.75;2148;-1.0;0
4029;2026.04.21 08:30;9.12;8;5.5;2149;-1.0;0
4030;2026.04.21 08:45;9.12;8;5.62;2148;-1.0;0
4031;2026.04.21 09:00;9.12;8;5.94;2148;-1.0;0
4032;2026.04.21 09:15;9.12;8;5.75;2148;-1.0;0
4033;2026.04.21 09:30;9.12;8;6;2148;-1.0;0
4034;2026.04.21 09:45;9.12;8.38;7.12;2148;-1.0;0
4035;2026.04.21 10:00;9.12;8.5;6.88;2148;-1.0;0
4036;2026.04.21 10:15;9.12;8.38;6.69;2148;-1.0;0
4037;2026.04.21 10:30;9.12;8.38;7;2148;-1.0;0
4038;2026.04.21 10:45;9.12;8.56;7.94;2148;-1.0;0
4039;2026.04.21 11:00;9.12;8.88;8.5;2148;-1.0;0
4040;2026.04.21 11:15;9.12;9;9.12;2148;-1.0;0
4041;2026.04.21 11:30;9.12;9.25;9.5;2148;-1.0;0
4042;2026.04.21 11:45;9.12;9.38;9.44;2148;-1.0;0
4043;2026.04.21 12:00;9.12;9.38;9.38;2148;-1.0;0
4044;2026.04.21 12:15;9.12;9.62;10.56;2148;-1.0;0
4045;2026.04.21 12:30;9.12;9.75;9.75;2148;-1.0;0
4046;2026.04.21 12:45;9.12;9.62;8.75;2148;-1.0;0
4047;2026.04.21 13:00;9.12;9.62;9.44;2148;-1.0;0
4048;2026.04.21 13:15;9.12;9.75;9.88;2148;-1.0;0
4049;2026.04.21 13:30;9.12;9.81;10.5;2148;-1.0;0
4050;2026.04.21 13:45;9.12;10.19;11.38;2148;-1.0;0
4051;2026.04.21 14:00;9.12;10.25;11.19;2148;-1.0;0
4052;2026.04.21 14:15;9.19;10.44;11.75;2148;-1.0;0
4053;2026.04.21 14:30;9.19;10.5;11.25;2148;-1.0;0
4054;2026.04.21 14:45;9.25;10.25;9.88;2148;-1.0;0
4055;2026.04.21 15:00;9.25;10.12;9.62;2148;-1.0;0
4056;2026.04.21 15:15;9.25;9.44;6.06;2148;-1.0;0
4057;2026.04.21 15:30;9.25;9.12;6.19;2148;-1.0;0
4058;2026.04.21 15:45;9.25;9.19;7.38;2148;-1.0;0
4059;2026.04.21 16:00;9.25;9.31;7.75;2148;-1.0;0
4060;2026.04.21 16:15;9.25;9.12;6.94;2148;-1.0;0
4061;2026.04.21 16:30;9.31;9;6.62;2148;-1.0;0
4062;2026.04.21 16:45;9.31;8.88;6.12;2148;-1.0;0
4063;2026.04.21 17:00;9.31;8.81;5.88;2148;-1.0;0
4064;2026.04.21 17:15;9.31;8.75;5.62;2149;-1.0;0
4065;2026.04.21 17:30;9.31;8.62;4.62;2149;-1.0;0
4066;2026.04.21 17:45;9.38;8.31;3.12;2149;-1.0;0
4067;2026.04.21 18:00;9.38;7.88;1.88;2149;-1.0;0
4068;2026.04.21 18:15;9.38;7.44;1.12;2149;-1.0;0
4069;2026.04.21 18:30;9.38;7.12;0.94;2149;-1.0;0
4070;2026.04.21 18:45;9.38;6.88;2;2149;-1.0;0
4071;2026.04.21 19:00;9.31;6.75;1.25;2149;-1.0;0
4072;2026.04.21 19:15;9.31;6.62;1.12;2149;-1.0;0
4073;2026.04.21 19:30;9.31;6.62;1.88;2149;-1.0;0
4074;2026.04.21 19:45;9.25;6.69;3.12;2149;-1.0;0
4075;2026.04.21 20:00;9.25;6.75;2.75;2149;-1.0;0
4076;2026.04.21 20:15;9.25;6.75;2.25;2149;-1.0;0
4077;2026.04.21 20:30;9.25;6.62;1.62;2149;-1.0;0
4078;2026.04.21 20:45;9.25;6.5;0.62;2149;-1.0;0
4079;2026.04.21 21:00;9.25;6.25;0.19;2149;-1.0;0
4080;2026.04.21 21:15;9.19;6.12;0.88;2149;-1.0;0
4081;2026.04.21 21:30;9.12;6.12;1.38;2149;-1.0;0
4082;2026.04.21 21:45;9.12;6.12;1.44;2149;-1.0;0
4083;2026.04.21 22:00;9.12;6.06;0.88;2149;-1.0;0
4084;2026.04.21 22:15;9.12;5.94;0.31;2149;-1.0;0
4085;2026.04.21 22:30;9.06;5.75;-0.25;2149;-1.0;0
4086;2026.04.21 22:45;9;5.5;-0.94;2149;-1.0;0
4087;2026.04.21 23:00;9;5.31;-1.38;2149;-1.0;0
4088;2026.04.21 23:15;9;5.12;-1.75;2149;-1.0;0
4089;2026.04.21 23:30;9;4.94;-1.88;2149;-1.0;0
4090;2026.04.21 23:45;8.94;4.75;-2.38;2149;-1.0;0
4091;2026.04.22 00:00;8.88;4.62;-2.5;2149;-1.0;0
4092;2026.04.22 00:15;8.88;4.44;-2.75;2149;-1.0;0
4093;2026.04.22 00:30;8.88;4.25;-3.12;2149;-1.0;0
4094;2026.04.22 00:45;8.81;4.12;-3.12;2149;-1.0;0
4095;2026.04.22 01:00;8.81;4;-3;2149;-1.0;0
4096;2026.04.22 01:15;8.75;3.94;-3.31;2149;-1.0;0
4097;2026.04.22 01:30;8.75;3.81;-3.62;2149;-1.0;0
4098;2026.04.22 01:45;8.69;3.69;-3.88;2148;-1.0;0
4099;2026.04.22 02:00;8.69;3.62;-3.25;2149;-1.0;0
4100;2026.04.22 02:15;8.62;3.62;-3.5;2149;-1.0;0
4101;2026.04.22 02:30;8.62;3.5;-4.12;2148;-1.0;0
4102;2026.04.22 02:45;8.56;3.38;-4.5;2148;-1.0;0
4103;2026.04.22 03:00;8.5;3.19;-4.75;2148;-1.0;0
4104;2026.04.22 03:15;8.5;3.06;-4.88;2148;-1.0;0
4105;2026.04.22 03:30;8.5;2.94;-4.5;2148;-1.0;0
4106;2026.04.22 03:45;8.44;2.88;-4.38;2148;-1.0;0
4107;2026.04.22 04:00;8.38;2.88;-4.75;2148;-1.0;0
4108;2026.04.22 04:15;8.38;2.75;-4.5;2148;-1.0;0
4109;2026.04.22 04:30;8.38;2.81;-3.75;2148;-1.0;0
4110;2026.04.22 04:45;8.31;2.88;-3.5;2148;-1.0;0
4111;2026.04.22 05:00;8.25;3;-2.88;2148;-1.0;0
4112;2026.04.22 05:15;8.25;3.12;-1.88;2148;-1.0;0
4113;2026.04.22 05:30;8.25;3.38;-1.12;2148;-1.0;0
4114;2026.04.22 05:45;8.12;3.62;0;2148;-1.0;0
4115;2026.04.22 06:00;8.12;4.12;2.38;2148;-1.0;0
4116;2026.04.22 06:15;8.12;5.12;5.25;2148;-1.0;0
4117;2026.04.22 06:30;8.12;6;6.94;2148;-1.0;0
4118;2026.04.22 06:45;8.06;6.69;8.31;2149;-1.0;0
4119;2026.04.22 07:00;8;7.5;10.12;2149;-1.0;0
4120;2026.04.22 07:15;8;8.25;11.62;2149;-1.0;0
4121;2026.04.22 07:30;8;8.88;12.88;2149;-1.0;0
4122;2026.04.22 07:45;8;9.5;13.88;2149;-1.0;0
4123;2026.04.22 08:00;8;10.12;14.12;2149;-1.0;0
4124;2026.04.22 08:15;8;10.56;15.44;2148;-1.0;0
4125;2026.04.22 08:30;8;11.06;15.75;2149;-1.0;0
4126;2026.04.22 08:45;8;11.62;17.38;2149;-1.0;0
4127;2026.04.22 09:00;8.06;12.12;17.12;2149;-1.0;0
4128;2026.04.22 09:15;8.12;12.12;16.88;2149;-1.0;0
4129;2026.04.22 09:30;8.12;12.5;17.44;2149;-1.0;0
4130;2026.04.22 09:45;8.12;13;18.38;2149;-1.0;0
4131;2026.04.22 10:00;8.25;13.38;18.75;2149;-1.0;0
4132;2026.04.22 10:15;8.25;13.62;18.19;2149;-1.0;0
4133;2026.04.22 10:30;8.38;13.81;19.5;2150;-1.0;0
4134;2026.04.22 10:45;8.38;14.12;19.31;2150;-1.0;0
4135;2026.04.22 11:00;8.5;14.12;19.06;2150;-1.0;0
4136;2026.04.22 11:15;8.56;14.25;19.56;2150;-1.0;0
4137;2026.04.22 11:30;8.62;14.38;19.25;2151;-1.0;0
4138;2026.04.22 11:45;8.75;14.5;19.38;2151;-1.0;0
4139;2026.04.22 12:00;8.75;14.56;19.19;2151;-1.0;0
4140;2026.04.22 12:15;8.88;14.62;19.38;2152;-1.0;0
4141;2026.04.22 12:30;8.94;14.75;20.19;2152;-1.0;0
4142;2026.04.22 12:45;9;14.88;19.19;2153;-1.0;0
4143;2026.04.22 13:00;9.12;14.88;19.88;2153;-1.0;0
4144;2026.04.22 13:15;9.19;14.88;19;2153;-1.0;0
4145;2026.04.22 13:30;9.25;15;20.31;2154;-1.0;0
4146;2026.04.22 13:45;9.38;15;18;2154;-1.0;0
4147;2026.04.22 14:00;9.38;14.19;15.25;2154;-1.0;0
4148;2026.04.22 14:15;9.5;13.5;14;2154;-1.0;0
4149;2026.04.22 14:30;9.5;13.12;14.69;2154;-1.0;0
4150;2026.04.22 14:45;9.62;12.94;13.62;2155;-1.0;0
4151;2026.04.22 15:00;9.62;12.5;13.12;2155;-1.0;0
4152;2026.04.22 15:15;9.69;12.25;12.88;2155;-1.0;0
4153;2026.04.22 15:30;9.75;12;12.38;2155;-1.0;0
4154;2026.04.22 15:45;9.75;12;13;2155;-1.0;0
4155;2026.04.22 16:00;9.81;11.88;12.06;2155;-1.0;0
4156;2026.04.22 16:15;9.88;11.56;11.06;2155;-1.0;0
4157;2026.04.22 16:30;9.88;11.25;10.5;2155;-1.0;0
4158;2026.04.22 16:45;9.88;11;9.31;2155;-1.0;0
4159;2026.04.22 17:00;9.88;10.69;9.25;2155;-1.0;0
4160;2026.04.22 17:15;9.88;10.44;8;2155;-1.0;0
4161;2026.04.22 17:30;9.88;10.12;6.56;2155;-1.0;0
4162;2026.04.22 17:45;9.88;9.75;6.31;2155;-1.0;0
4163;2026.04.22 18:00;9.88;9.38;4.25;2155;-1.0;0
4164;2026.04.22 18:15;9.88;8.88;3.12;2155;-1.0;0
4165;2026.04.22 18:30;9.88;8.5;2.44;2155;-1.0;0
4166;2026.04.22 18:45;9.88;8.06;2.12;2155;-1.0;0
4167;2026.04.22 19:00;9.88;7.75;1.88;2155;-1.0;0
4168;2026.04.22 19:15;9.88;7.5;1.25;2155;-1.0;0
4169;2026.04.22 19:30;9.81;7.25;0.75;2155;-1.0;0
4170;2026.04.22 19:45;9.81;7;0.62;2155;-1.0;0
4171;2026.04.22 20:00;9.75;6.75;0.12;2155;-1.0;0
4172;2026.04.22 20:15;9.75;6.5;0.12;2154;-1.0;0
4173;2026.04.22 20:30;9.75;6.38;0;2154;-1.0;0
4174;2026.04.22 20:45;9.69;6.19;-0.25;2155;-1.0;0
4175;2026.04.22 21:00;9.62;6;-0.5;2154;-1.0;0
4176;2026.04.22 21:15;9.62;5.88;-0.69;2154;-1.0;0
4177;2026.04.22 21:30;9.56;5.75;-0.88;2154;-1.0;0
4178;2026.04.22 21:45;9.5;5.62;-0.81;2154;-1.0;0
4179;2026.04.22 22:00;9.5;5.44;-1.31;2154;-1.0;0
4180;2026.04.22 22:15;9.44;5.31;-1.38;2154;-1.0;0
4181;2026.04.22 22:30;9.38;5.12;-1.62;2154;-1.0;0
4182;2026.04.22 22:45;9.38;5;-1.69;2154;-1.0;0
4183;2026.04.22 23:00;9.31;4.94;-1.75;2154;-1.0;0
4184;2026.04.22 23:15;9.25;4.81;-1.88;2154;-1.0;0
4185;2026.04.22 23:30;9.25;4.75;-1.81;2153;-1.0;0
4186;2026.04.22 23:45;9.19;4.62;-1.62;2153;-1.0;0
4187;2026.04.23 00:00;9.12;4.56;-1.75;2153;-1.0;0
4188;2026.04.23 00:15;9.12;4.5;-1.75;2153;-1.0;0
4189;2026.04.23 00:30;9.06;4.5;-1.75;2153;-1.0;0
4190;2026.04.23 00:45;9;4.38;-1.88;2153;-1.0;0
4191;2026.04.23 01:00;9;4.31;-2.31;2153;-1.0;0
4192;2026.04.23 01:15;8.94;4.25;-2.25;2153;-1.0;0
4193;2026.04.23 01:30;8.88;4.12;-2.25;2153;-1.0;0
4194;2026.04.23 01:45;8.88;4.06;-2.5;2153;-1.0;0
4195;2026.04.23 02:00;8.81;4;-2.69;2152;-1.0;0
4196;2026.04.23 02:15;8.75;3.88;-2.88;2152;-1.0;0
4197;2026.04.23 02:30;8.75;3.81;-2.75;2152;-1.0;0
4198;2026.04.23 02:45;8.75;3.75;-2.94;2152;-1.0;0
4199;2026.04.23 03:00;8.62;3.62;-2.94;2152;-1.0;0
4200;2026.04.23 03:15;8.62;3.56;-3.12;2152;-1.0;0
4201;2026.04.23 03:30;8.62;3.5;-3.25;2152;-1.0;0
4202;2026.04.23 03:45;8.56;3.38;-3.38;2152;-1.0;0
4203;2026.04.23 04:00;8.5;3.38;-3.44;2152;-1.0;0
4204;2026.04.23 04:15;8.5;3.25;-3.25;2152;-1.0;0
4205;2026.04.23 04:30;8.44;3.31;-3.06;2152;-1.0;0
4206;2026.04.23 04:45;8.38;3.31;-3;2152;-1.0;0
4207;2026.04.23 05:00;8.38;3.38;-2.62;2152;-1.0;0
4208;2026.04.23 05:15;8.38;3.5;-1.19;2152;-1.0;0
4209;2026.04.23 05:30;8.31;3.75;0;2153;-1.0;0
4210;2026.04.23 05:45;8.25;4.19;2.12;2152;-1.0;0
4211;2026.04.23 06:00;8.25;4.75;3.75;2152;-1.0;0
4212;2026.04.23 06:15;8.25;5.88;8.88;2152;-1.0;0
4213;2026.04.23 06:30;8.19;6.88;9.94;2153;-1.0;0
4214;2026.04.23 06:45;8.12;8.25;13.12;2153;-1.0;0
4215;2026.04.23 07:00;8.12;9.12;13.88;2154;-1.0;0
4216;2026.04.23 07:15;8.12;9.88;15.12;2153;-1.0;0
4217;2026.04.23 07:30;8.12;10.62;16.5;2153;-1.0;0
4218;2026.04.23 07:45;8.12;11.25;17.5;2152;-1.0;0
4219;2026.04.23 08:00;8.12;11.88;19.12;2152;-1.0;0
4220;2026.04.23 08:15;8.12;12.5;20.06;2153;-1.0;0
4221;2026.04.23 08:30;8.12;13;20.12;2153;-1.0;0
4222;2026.04.23 08:45;8.12;13.5;20.25;2153;-1.0;0
4223;2026.04.23 09:00;8.19;13.88;20.5;2153;-1.0;0
4224;2026.04.23 09:15;8.25;14.25;21.38;2152;-1.0;0
4225;2026.04.23 09:30;8.25;14.62;22.5;2153;-1.0;0
4226;2026.04.23 09:45;8.38;15.25;22.81;2153;-1.0;0
4227;2026.04.23 10:00;8.38;15.69;24.31;2153;-1.0;0
4228;2026.04.23 10:15;8.5;16;23.38;2154;-1.0;0
4229;2026.04.23 10:30;8.5;16.25;22.75;2154;-1.0;0
4230;2026.04.23 10:45;8.62;16.44;23.88;2154;-1.0;0
4231;2026.04.23 11:00;8.69;16.75;24.62;2154;-1.0;0
4232;2026.04.23 11:15;8.75;17;25.12;2155;-1.0;0
4233;2026.04.23 11:30;8.88;17.06;24.62;2155;-1.0;0
4234;2026.04.23 11:45;9;17.25;25.62;2155;-1.0;0
4235;2026.04.23 12:00;9.06;17.38;23.88;2156;-1.0;0
4236;2026.04.23 12:15;9.12;17.38;25.31;2156;-1.0;0
4237;2026.04.23 12:30;9.25;17.62;25.88;2157;-1.0;0
4238;2026.04.23 12:45;9.38;17.88;25.88;2157;-1.0;0
4239;2026.04.23 13:00;9.44;18;24;2158;-1.0;0
4240;2026.04.23 13:15;9.5;18;25.5;2158;-1.0;0
4241;2026.04.23 13:30;9.62;18.12;25.62;2159;-1.0;0
4242;2026.04.23 13:45;9.69;17.94;23.19;2159;-1.0;0
4243;2026.04.23 14:00;9.75;17.12;20.5;2159;-1.0;0
4244;2026.04.23 14:15;9.88;16.25;19.12;2159;-1.0;0
4245;2026.04.23 14:30;9.94;15.88;20.38;2160;-1.0;0
4246;2026.04.23 14:45;10;15.75;18.75;2160;-1.0;0
4247;2026.04.23 15:00;10.06;15.25;18.25;2160;-1.0;0
4248;2026.04.23 15:15;10.12;15;17.88;2160;-1.0;0
4249;2026.04.23 15:30;10.19;14.62;17.12;2160;-1.0;0
4250;2026.04.23 15:45;10.25;14.5;17.5;2160;-1.0;0
4251;2026.04.23 16:00;10.25;14.38;16.88;2160;-1.0;0
4252;2026.04.23 16:15;10.31;14;15.88;2160;-1.0;0
4253;2026.04.23 16:30;10.38;13.62;14.94;2160;-1.0;0
4254;2026.04.23 16:45;10.38;13.38;14.06;2160;-1.0;0
4255;2026.04.23 17:00;10.38;13;13.62;2160;-1.0;0
4256;2026.04.23 17:15;10.38;12.62;12.12;2160;-1.0;0
4257;2026.04.23 17:30;10.38;12.31;12.12;2160;-1.0;0
4258;2026.04.23 17:45;10.38;12;10.88;2159;-1.0;0
4259;2026.04.23 18:00;10.38;11.62;10.62;2160;-1.0;0
4260;2026.04.23 18:15;10.38;11.25;7.62;2159;-1.0;0
4261;2026.04.23 18:30;10.38;10.75;7.56;2159;-1.0;0
4262;2026.04.23 18:45;10.38;10.38;7.62;2159;-1.0;0
4263;2026.04.23 19:00;10.38;10.12;7.69;2159;-1.0;0
4264;2026.04.23 19:15;10.38;9.94;6.25;2159;-1.0;0
4265;2026.04.23 19:30;10.38;9.56;4.5;2159;-1.0;0
4266;2026.04.23 19:45;10.31;9.12;3.38;2159;-1.0;0
4267;2026.04.23 20:00;10.25;8.75;3.12;2158;-1.0;0
4268;2026.04.23 20:15;10.25;8.38;2.69;2158;-1.0;0
4269;2026.04.23 20:30;10.25;8.12;2.25;2159;-1.0;0
4270;2026.04.23 20:45;10.19;7.88;1.88;2158;-1.0;0
4271;2026.04.23 21:00;10.12;7.62;1.88;2158;-1.0;0
4272;2026.04.23 21:15;10.12;7.44;1.38;2158;-1.0;0
4273;2026.04.23 21:30;10.12;7.25;1;2158;-1.0;0
4274;2026.04.23 21:45;10.06;7.06;1.12;2158;-1.0;0
4275;2026.04.23 22:00;10;6.88;1.12;2158;-1.0;0
4276;2026.04.23 22:15;10;6.75;1;2158;-1.0;0
4277;2026.04.23 22:30;9.94;6.69;1;2158;-1.0;0
4278;2026.04.23 22:45;9.88;6.56;0.81;2158;-1.0;0
4279;2026.04.23 23:00;9.88;6.44;0.5;2158;-1.0;0
4280;2026.04.23 23:15;9.81;6.31;0.5;2158;-1.0;0
4281;2026.04.23 23:30;9.75;6.19;0.5;2158;-1.0;0
4282;2026.04.23 23:45;9.75;6.12;0.38;2158;-1.0;0
4283;2026.04.24 00:00;9.69;6;0;2158;-1.0;0
4284;2026.04.24 00:15;9.62;5.88;-0.25;2158;-1.0;0
4285;2026.04.24 00:30;9.62;5.75;-0.31;2158;-1.0;0
4286;2026.04.24 00:45;9.56;5.69;-0.38;2158;-1.0;0
4287;2026.04.24 01:00;9.5;5.56;-0.69;2158;-1.0;0
4288;2026.04.24 01:15;9.5;5.5;-0.62;2157;-1.0;0
4289;2026.04.24 01:30;9.44;5.38;-0.75;2157;-1.0;0
4290;2026.04.24 01:45;9.38;5.25;-0.75;2157;-1.0;0
4291;2026.04.24 02:00;9.38;5.25;-0.88;2157;-1.0;0
4292;2026.04.24 02:15;9.31;5.12;-1;2157;-1.0;0
4293;2026.04.24 02:30;9.25;5.06;-1.12;2157;-1.0;0
4294;2026.04.24 02:45;9.25;5;-1;2157;-1.0;0
4295;2026.04.24 03:00;9.19;4.94;-0.88;2157;-1.0;0
4296;2026.04.24 03:15;9.12;4.88;-0.94;2157;-1.0;0
4297;2026.04.24 03:30;9.12;4.88;-0.88;2157;-1.0;0
4298;2026.04.24 03:45;9.06;4.75;-1.19;2157;-1.0;0
4299;2026.04.24 04:00;9;4.75;-1.12;2157;-1.0;0
4300;2026.04.24 04:15;9;4.75;-0.69;2157;-1.0;0
4301;2026.04.24 04:30;8.94;4.75;-0.5;2156;-1.0;0
4302;2026.04.24 04:45;8.88;4.81;0.06;2156;-1.0;0
4303;2026.04.24 05:00;8.88;5;0.75;2156;-1.0;0
4304;2026.04.24 05:15;8.88;5.19;2;2156;-1.0;0
4305;2026.04.24 05:30;8.81;5.56;3.5;2156;-1.0;0
4306;2026.04.24 05:45;8.75;6;5.25;2156;-1.0;0
4307;2026.04.24 06:00;8.75;6.56;8.38;2156;-1.0;0
4308;2026.04.24 06:15;8.75;7.88;13.12;2157;-1.0;0
4309;2026.04.24 06:30;8.69;9.25;15.38;2157;-1.0;0
4310;2026.04.24 06:45;8.62;10.25;16.38;2157;-1.0;0
4311;2026.04.24 07:00;8.62;11.12;16.62;2157;-1.0;0
4312;2026.04.24 07:15;8.62;11.75;17.75;2157;-1.0;0
4313;2026.04.24 07:30;8.62;12.5;19.12;2157;-1.0;0
4314;2026.04.24 07:45;8.62;13;19.5;2156;-1.0;0
4315;2026.04.24 08:00;8.62;13.5;19.62;2157;-1.0;0
4316;2026.04.24 08:15;8.69;13.88;21.25;2157;-1.0;0
4317;2026.04.24 08:30;8.69;14.5;22;2157;-1.0;0
4318;2026.04.24 08:45;8.75;14.94;21.5;2157;-1.0;0
4319;2026.04.24 09:00;8.75;15.38;22.12;2157;-1.0;0
4320;2026.04.24 09:15;8.81;15.81;23.38;2157;-1.0;0
4321;2026.04.24 09:30;8.88;16.31;22.94;2157;-1.0;0
4322;2026.04.24 09:45;8.94;16.75;24.62;2158;-1.0;0
4323;2026.04.24 10:00;9;17.12;24.38;2158;-1.0;0
4324;2026.04.24 10:15;9.06;17.5;25.25;2158;-1.0;0
4325;2026.04.24 10:30;9.12;17.75;24.25;2159;-1.0;0
4326;2026.04.24 10:45;9.25;17.94;25.56;2159;-1.0;0
4327;2026.04.24 11:00;9.31;18.12;26.38;2160;-1.0;0
4328;2026.04.24 11:15;9.38;18.38;26.25;2160;-1.0;0
4329;2026.04.24 11:30;9.5;18.62;26.38;2161;-1.0;0
4330;2026.04.24 11:45;9.56;18.62;26.5;2161;-1.0;0
4331;2026.04.24 12:00;9.62;18.75;27.12;2162;-1.0;0
4332;2026.04.24 12:15;9.75;18.94;26.5;2162;-1.0;0
4333;2026.04.24 12:30;9.88;19;27.12;2163;-1.0;0
4334;2026.04.24 12:45;9.94;19.12;26.81;2163;-1.0;0
4335;2026.04.24 13:00;10;19.12;26.5;2163;-1.0;0
4336;2026.04.24 13:15;10.12;19.38;27.12;2164;-1.0;0
4337;2026.04.24 13:30;10.19;19.38;26.5;2164;-1.0;0
4338;2026.04.24 13:45;10.25;19.25;24.88;2165;-1.0;0
4339;2026.04.24 14:00;10.38;18.5;21.81;2165;-1.0;0
4340;2026.04.24 14:15;10.44;17.5;19.75;2165;-1.0;0
4341;2026.04.24 14:30;10.5;17;20.88;2165;-1.0;0
4342;2026.04.24 14:45;10.62;16.75;19.31;2165;-1.0;0
4343;2026.04.24 15:00;10.62;16.25;18.5;2165;-1.0;0
4344;2026.04.24 15:15;10.75;15.88;18.12;2165;-1.0;0
4345;2026.04.24 15:30;10.75;15.62;17.75;2165;-1.0;0
4346;2026.04.24 15:45;10.81;15.44;18.12;2165;-1.0;0
4347;2026.04.24 16:00;10.88;15.38;18;2165;-1.0;0
4348;2026.04.24 16:15;10.88;15;16.62;2165;-1.0;0
4349;2026.04.24 16:30;10.88;14.69;16.25;2165;-1.0;0
4350;2026.04.24 16:45;10.94;14.38;15.44;2165;-1.0;0
4351;2026.04.24 17:00;10.94;14.12;14.75;2165;-1.0;0
4352;2026.04.24 17:15;11;13.75;14;2165;-1.0;0
4353;2026.04.24 17:30;11;13.5;13.19;2165;-1.0;0
4354;2026.04.24 17:45;11;13.12;11.75;2165;-1.0;0
4355;2026.04.24 18:00;11;12.75;10.12;2165;-1.0;0
4356;2026.04.24 18:15;11;12.25;8.25;2165;-1.0;0
4357;2026.04.24 18:30;10.94;11.62;6.81;2164;-1.0;0
4358;2026.04.24 18:45;10.94;11.12;5.75;2164;-1.0;0
4359;2026.04.24 19:00;10.88;10.62;4.88;2164;-1.0;0
4360;2026.04.24 19:15;10.88;10.19;4.19;2164;-1.0;0
4361;2026.04.24 19:30;10.88;9.81;4;2164;-1.0;0
4362;2026.04.24 19:45;10.88;9.5;3.88;2164;-1.0;0
4363;2026.04.24 20:00;10.88;9.25;3.44;2164;-1.0;0
4364;2026.04.24 20:15;10.81;9;2.88;2164;-1.0;0
4365;2026.04.24 20:30;10.75;8.75;2.5;2164;-1.0;0
4366;2026.04.24 20:45;10.75;8.5;2.12;2164;-1.0;0
4367;2026.04.24 21:00;10.69;8.25;2.06;2164;-1.0;0
4368;2026.04.24 21:15;10.62;8.06;1.88;2164;-1.0;0
4369;2026.04.24 21:30;10.62;7.88;1.81;2164;-1.0;0
4370;2026.04.24 21:45;10.62;7.75;2;2164;-1.0;0
4371;2026.04.24 22:00;10.5;7.62;1.62;2164;-1.0;0
4372;2026.04.24 22:15;10.5;7.5;1.38;2164;-1.0;0
4373;2026.04.24 22:30;10.44;7.38;1.25;2164;-1.0;0
4374;2026.04.24 22:45;10.38;7.19;0.94;2164;-1.0;0
4375;2026.04.24 23:00;10.38;7;0.81;2163;-1.0;0
4376;2026.04.24 23:15;10.31;6.88;0.31;2163;-1.0;0
4377;2026.04.24 23:30;10.25;6.75;0.25;2163;-1.0;0
4378;2026.04.24 23:45;10.25;6.56;-0.25;2163;-1.0;0
4379;2026.04.25 00:00;10.19;6.38;-0.5;2163;-1.0;0
4380;2026.04.25 00:15;10.12;6.25;-0.62;2163;-1.0;0
4381;2026.04.25 00:30;10.12;6.12;-0.88;2163;-1.0;0
4382;2026.04.25 00:45;10.06;6;-0.75;2163;-1.0;0
4383;2026.04.25 01:00;10;5.88;-0.75;2162;-1.0;0
4384;2026.04.25 01:15;10;5.75;-0.88;2162;-1.0;0
4385;2026.04.25 01:30;9.88;5.69;-0.88;2162;-1.0;0
4386;2026.04.25 01:45;9.88;5.62;-1;2162;-1.0;0
4387;2026.04.25 02:00;9.81;5.5;-0.81;2162;-1.0;0
4388;2026.04.25 02:15;9.75;5.5;-1.12;2162;-1.0;0
4389;2026.04.25 02:30;9.75;5.38;-1.5;2162;-1.0;0
4390;2026.04.25 02:45;9.69;5.25;-1.69;2162;-1.0;0
4391;2026.04.25 03:00;9.62;5.12;-1.56;2161;-1.0;0
4392;2026.04.25 03:15;9.62;5;-1.44;2162;-1.0;0
4393;2026.04.25 03:30;9.56;5;-1.62;2161;-1.0;0
4394;2026.04.25 03:45;9.5;4.88;-1.69;2162;-1.0;0
4395;2026.04.25 04:00;9.5;4.88;-1.44;2161;-1.0;0
4396;2026.04.25 04:15;9.44;4.88;-0.94;2161;-1.0;0
4397;2026.04.25 04:30;9.38;5;-0.31;2161;-1.0;0
4398;2026.04.25 04:45;9.38;5.12;0.31;2161;-1.0;0
4399;2026.04.25 05:00;9.31;5.31;1.12;2161;-1.0;0
4400;2026.04.25 05:15;9.25;5.62;2.88;2161;-1.0;0
4401;2026.04.25 05:30;9.25;6.12;4.12;2161;-1.0;0
4402;2026.04.25 05:45;9.25;6.56;4.94;2161;-1.0;0
4403;2026.04.25 06:00;9.12;7.12;7.69;2161;-1.0;0
4404;2026.04.25 06:15;9.12;8.25;11;2161;-1.0;0
4405;2026.04.25 06:30;9.12;9.38;14.12;2162;-1.0;0
4406;2026.04.25 06:45;9.12;10.31;15.44;2162;-1.0;0
4407;2026.04.25 07:00;9.06;11.12;16.38;2162;-1.0;0
4408;2026.04.25 07:15;9.06;11.81;17.12;2162;-1.0;0
4409;2026.04.25 07:30;9.06;12.62;18.81;2162;-1.0;0
4410;2026.04.25 07:45;9.06;13.38;19.56;2162;-1.0;0
4411;2026.04.25 08:00;9.06;13.88;20.25;2162;-1.0;0
4412;2026.04.25 08:15;9.12;14.38;21.06;2162;-1.0;0
4413;2026.04.25 08:30;9.12;14.94;21.5;2162;-1.0;0
4414;2026.04.25 08:45;9.12;15.5;22.38;2162;-1.0;0
4415;2026.04.25 09:00;9.12;16.12;23.12;2162;-1.0;0
4416;2026.04.25 09:15;9.25;16.5;24.44;2162;-1.0;0
4417;2026.04.25 09:30;9.25;17;24.5;2162;-1.0;0
4418;2026.04.25 09:45;9.38;17.5;25.12;2162;-1.0;0
4419;2026.04.25 10:00;9.38;17.88;25.69;2163;-1.0;0
4420;2026.04.25 10:15;9.5;18.31;26.19;2163;-1.0;0
4421;2026.04.25 10:30;9.5;18.62;26.62;2164;-1.0;0
4422;2026.04.25 10:45;9.62;18.88;27.12;2164;-1.0;0
4423;2026.04.25 11:00;9.75;19.12;27.88;2165;-1.0;0
4424;2026.04.25 11:15;9.81;19.38;28.06;2165;-1.0;0
4425;2026.04.25 11:30;9.88;19.5;27.75;2166;-1.0;0
4426;2026.04.25 11:45;10;19.75;28.38;2166;-1.0;0
4427;2026.04.25 12:00;10.06;19.81;28.06;2167;-1.0;0
4428;2026.04.25 12:15;10.12;19.88;27.5;2167;-1.0;0
4429;2026.04.25 12:30;10.25;19.88;28.19;2168;-1.0;0
4430;2026.04.25 12:45;10.38;20.19;29.25;2168;-1.0;0
4431;2026.04.25 13:00;10.44;20.25;27.62;2168;-1.0;0
4432;2026.04.25 13:15;10.5;20.25;28.19;2169;-1.0;0
4433;2026.04.25 13:30;10.62;20.38;28.25;2169;-1.0;0
4434;2026.04.25 13:45;10.75;20.38;27;2170;-1.0;0
4435;2026.04.25 14:00;10.75;19.62;24.12;2170;-1.0;0
4436;2026.04.25 14:15;10.88;18.62;21.75;2170;-1.0;0
4437;2026.04.25 14:30;10.94;18.06;22.62;2170;-1.0;0
4438;2026.04.25 14:45;11;17.69;20.88;2170;-1.0;0
4439;2026.04.25 15:00;11.12;17.19;20.06;2170;-1.0;0
4440;2026.04.25 15:15;11.12;16.81;19.75;2170;-1.0;0
4441;2026.04.25 15:30;11.19;16.5;19.38;2170;-1.0;0
4442;2026.04.25 15:45;11.25;16.25;19.25;2170;-1.0;0
4443;2026.04.25 16:00;11.25;16.12;18.94;2170;-1.0;0
4444;2026.04.25 16:15;11.25;15.75;17.62;2170;-1.0;0
4445;2026.04.25 16:30;11.31;15.31;17;2170;-1.0;0
4446;2026.04.25 16:45;11.38;14.94;15.5;2170;-1.0;0
4447;2026.04.25 17:00;11.38;14.5;14.38;2170;-1.0;0
4448;2026.04.25 17:15;11.38;14.12;14.12;2169;-1.0;0
4449;2026.04.25 17:30;11.38;13.75;12;2169;-1.0;0
4450;2026.04.25 17:45;11.38;13.12;10.5;2169;-1.0;0
4451;2026.04.25 18:00;11.38;12.62;9.5;2169;-1.0;0
4452;2026.04.25 18:15;11.38;12.12;7.88;2169;-1.0;0
4453;2026.04.25 18:30;11.38;11.62;7.38;2169;-1.0;0
4454;2026.04.25 18:45;11.31;11.12;6.25;2169;-1.0;0
4455;2026.04.25 19:00;11.31;10.69;5.75;2168;-1.0;0
4456;2026.04.25 19:15;11.25;10.31;5.12;2168;-1.0;0
4457;2026.04.25 19:30;11.25;10;4.75;2168;-1.0;0
4458;2026.04.25 19:45;11.25;9.62;4.94;2168;-1.0;0
4459;2026.04.25 20:00;11.19;9.44;4.5;2168;-1.0;0
4460;2026.04.25 20:15;11.12;9.19;4;2168;-1.0;0
4461;2026.04.25 20:30;11.12;8.94;4.06;2168;-1.0;0
4462;2026.04.25 20:45;11.12;8.75;3.81;2168;-1.0;0
4463;2026.04.25 21:00;11;8.62;3.62;2168;-1.0;0
4464;2026.04.25 21:15;11;8.5;3.38;2168;-1.0;0
4465;2026.04.25 21:30;11;8.31;2.88;2168;-1.0;0
4466;2026.04.25 21:45;10.88;8.12;2.44;2168;-1.0;0
4467;2026.04.25 22:00;10.88;7.88;2.25;2168;-1.0;0
4468;2026.04.25 22:15;10.88;7.75;2;2168;-1.0;0
4469;2026.04.25 22:30;10.75;7.56;2;2168;-1.0;0
4470;2026.04.25 22:45;10.75;7.44;1.75;2168;-1.0;0
4471;2026.04.25 23:00;10.69;7.31;1.75;2168;-1.0;0
4472;2026.04.25 23:15;10.62;7.19;1.75;2167;-1.0;0
4473;2026.04.25 23:30;10.62;7.12;1.81;2167;-1.0;0
4474;2026.04.25 23:45;10.56;7;1.5;2168;-1.0;0
4475;2026.04.26 00:00;10.5;6.88;1.38;2167;-1.0;0
4476;2026.04.26 00:15;10.44;6.81;1.44;2167;-1.0;0
4477;2026.04.26 00:30;10.38;6.75;1.38;2167;-1.0;0
4478;2026.04.26 00:45;10.38;6.69;1.56;2167;-1.0;0
4479;2026.04.26 01:00;10.31;6.75;2.75;2167;-1.0;0
4480;2026.04.26 01:15;10.25;6.75;2.44;2167;-1.0;0
4481;2026.04.26 01:30;10.25;6.69;1.62;2167;-1.0;0
4482;2026.04.26 01:45;10.19;6.5;1.25;2167;-1.0;0
4483;2026.04.26 02:00;10.12;6.38;1;2167;-1.0;0
4484;2026.04.26 02:15;10.12;6.25;0.81;2167;-1.0;0
4485;2026.04.26 02:30;10.06;6.12;0.62;2166;-1.0;0
4486;2026.04.26 02:45;10;6.06;0.56;2166;-1.0;0
4487;2026.04.26 03:00;10;6;0.25;2166;-1.0;0
4488;2026.04.26 03:15;9.94;5.88;-0.38;2166;-1.0;0
4489;2026.04.26 03:30;9.88;5.69;-0.62;2166;-1.0;0
4490;2026.04.26 03:45;9.88;5.62;-0.12;2166;-1.0;0
4491;2026.04.26 04:00;9.81;5.62;1.12;2166;-1.0;0
4492;2026.04.26 04:15;9.75;5.88;3.38;2166;-1.0;0
4493;2026.04.26 04:30;9.75;6.31;4.25;2166;-1.0;0
4494;2026.04.26 04:45;9.75;6.56;3.94;2166;-1.0;0
4495;2026.04.26 05:00;9.69;6.62;3.62;2165;-1.0;0
4496;2026.04.26 05:15;9.62;6.75;4.56;2165;-1.0;0
4497;2026.04.26 05:30;9.62;7.06;5.5;2165;-1.0;0
4498;2026.04.26 05:45;9.56;7.25;5.94;2165;-1.0;0
4499;2026.04.26 06:00;9.5;7.62;8.25;2165;-1.0;0
4500;2026.04.26 06:15;9.5;8.62;10.5;2165;-1.0;0
4501;2026.04.26 06:30;9.5;9.62;12.12;2165;-1.0;0
4502;2026.04.26 06:45;9.5;10.38;12.75;2165;-1.0;0
4503;2026.04.26 07:00;9.44;11.12;13.69;2165;-1.0;0
4504;2026.04.26 07:15;9.44;11.75;13.69;2165;-1.0;0
4505;2026.04.26 07:30;9.38;12.19;14.06;2165;-1.0;0
4506;2026.04.26 07:45;9.38;12.5;15;2165;-1.0;0
4507;2026.04.26 08:00;9.44;12.75;15.88;2165;-1.0;0
4508;2026.04.26 08:15;9.44;13;15.38;2165;-1.0;0
4509;2026.04.26 08:30;9.5;13.38;16.88;2164;-1.0;0
4510;2026.04.26 08:45;9.5;13.94;17;2164;-1.0;0
4511;2026.04.26 09:00;9.5;14.31;17.62;2165;-1.0;0
4512;2026.04.26 09:15;9.5;14.75;17.5;2165;-1.0;0
4513;2026.04.26 09:30;9.56;15;18.12;2165;-1.0;0
4514;2026.04.26 09:45;9.62;15.25;18.62;2165;-1.0;0
4515;2026.04.26 10:00;9.62;15.44;17.56;2165;-1.0;0
4516;2026.04.26 10:15;9.75;15.56;18.5;2166;-1.0;0
4517;2026.04.26 10:30;9.75;15.81;19.38;2166;-1.0;0
4518;2026.04.26 10:45;9.88;16.25;19.62;2166;-1.0;0
4519;2026.04.26 11:00;9.88;16.25;19.25;2167;-1.0;0
4520;2026.04.26 11:15;10;16.31;20.06;2167;-1.0;0
4521;2026.04.26 11:30;10.06;16.44;20.12;2168;-1.0;0
4522;2026.04.26 11:45;10.12;16.5;20.62;2168;-1.0;0
4523;2026.04.26 12:00;10.19;16.75;21.25;2168;-1.0;0
4524;2026.04.26 12:15;10.25;17;21.62;2169;-1.0;0
4525;2026.04.26 12:30;10.31;17;21.75;2169;-1.0;0
4526;2026.04.26 12:45;10.38;17.12;20.75;2170;-1.0;0
4527;2026.04.26 13:00;10.5;17.25;21.62;2170;-1.0;0
4528;2026.04.26 13:15;10.5;17.38;21.44;2170;-1.0;0
4529;2026.04.26 13:30;10.62;17.38;20.88;2171;-1.0;0
4530;2026.04.26 13:45;10.69;17.19;20.62;2171;-1.0;0
4531;2026.04.26 14:00;10.75;16.62;16.69;2171;-1.0;0
4532;2026.04.26 14:15;10.81;15.5;15.31;2171;-1.0;0
4533;2026.04.26 14:30;10.88;14.88;15.25;2171;-1.0;0
4534;2026.04.26 14:45;10.94;14.56;14.38;2171;-1.0;0
4535;2026.04.26 15:00;11;14.19;13.94;2171;-1.0;0
4536;2026.04.26 15:15;11;13.88;13.25;2171;-1.0;0
4537;2026.04.26 15:30;11;13.62;13.12;2171;-1.0;0
4538;2026.04.26 15:45;11.06;13.44;13.38;2171;-1.0;0
4539;2026.04.26 16:00;11.12;13.38;13.12;2171;-1.0;0
4540;2026.04.26 16:15;11.12;13.19;12.5;2171;-1.0;0
4541;2026.04.26 16:30;11.12;13;12.38;2171;-1.0;0
4542;2026.04.26 16:45;11.12;12.75;11.88;2171;-1.0;0
4543;2026.04.26 17:00;11.12;12.56;11.06;2171;-1.0;0
4544;2026.04.26 17:15;11.12;12.25;9.75;2171;-1.0;0
4545;2026.04.26 17:30;11.12;12;8.88;2171;-1.0;0
4546;2026.04.26 17:45;11.12;11.62;8.88;2171;-1.0;0
4547;2026.04.26 18:00;11.12;11.38;7.75;2171;-1.0;0
4548;2026.04.26 18:15;11.12;10.88;6.81;2171;-1.0;0
4549;2026.04.26 18:30;11.12;10.5;6.12;2171;-1.0;0
4550;2026.04.26 18:45;11.12;10.12;6.25;2171;-1.0;0
4551;2026.04.26 19:00;11.06;9.94;6.5;2171;-1.0;0
4552;2026.04.26 19:15;11.06;9.81;6.25;2171;-1.0;0
4553;2026.04.26 19:30;11;9.62;5.62;2171;-1.0;0
4554;2026.04.26 19:45;11;9.5;5.88;2171;-1.0;0
4555;2026.04.26 20:00;11;9.38;4.88;2171;-1.0;0
4556;2026.04.26 20:15;10.94;9.12;5.5;2171;-1.0;0
4557;2026.04.26 20:30;10.94;9;4.69;2171;-1.0;0
4558;2026.04.26 20:45;10.88;8.81;3.38;2170;-1.0;0
4559;2026.04.26 21:00;10.88;8.5;3;2170;-1.0;0
4560;2026.04.26 21:15;10.81;8.25;2.25;2170;-1.0;0
4561;2026.04.26 21:30;10.75;8;1.81;2170;-1.0;0
4562;2026.04.26 21:45;10.75;7.75;1.31;2170;-1.0;0
4563;2026.04.26 22:00;10.75;7.5;0.69;2170;-1.0;0
4564;2026.04.26 22:15;10.69;7.19;0.75;2170;-1.0;0
4565;2026.04.26 22:30;10.62;7;0.12;2170;-1.0;0
4566;2026.04.26 22:45;10.62;6.75;-0.69;2170;-1.0;0
4567;2026.04.26 23:00;10.56;6.5;-1.38;2170;-1.0;0
4568;2026.04.26 23:15;10.5;6.25;-1.5;2170;-1.0;0
4569;2026.04.26 23:30;10.5;6;-1.69;2170;-1.0;0
4570;2026.04.26 23:45;10.44;5.88;-1.81;2170;-1.0;0
4571;2026.04.27 00:00;10.38;5.69;-1.88;2169;-1.0;0
4572;2026.04.27 00:15;10.38;5.5;-2.25;2169;-1.0;0
4573;2026.04.27 00:30;10.31;5.38;-2.25;2169;-1.0;0
4574;2026.04.27 00:45;10.25;5.25;-2.69;2169;-1.0;0
4575;2026.04.27 01:00;10.25;5.12;-2.75;2169;-1.0;0
4576;2026.04.27 01:15;10.12;5;-2.88;2169;-1.0;0
4577;2026.04.27 01:30;10.12;4.88;-3;2169;-1.0;0
4578;2026.04.27 01:45;10.06;4.75;-3.12;2169;-1.0;0
4579;2026.04.27 02:00;10;4.62;-3.38;2169;-1.0;0
4580;2026.04.27 02:15;10;4.5;-3.56;2169;-1.0;0
4581;2026.04.27 02:30;9.94;4.38;-3.75;2169;-1.0;0
4582;2026.04.27 02:45;9.88;4.25;-3.69;2168;-1.0;0
4583;2026.04.27 03:00;9.88;4.12;-3.75;2168;-1.0;0
4584;2026.04.27 03:15;9.75;4.06;-3.88;2168;-1.0;0
4585;2026.04.27 03:30;9.75;4;-4.25;2168;-1.0;0
4586;2026.04.27 03:45;9.69;3.88;-4.25;2168;-1.0;0
4587;2026.04.27 04:00;9.62;3.81;-4.12;2168;-1.0;0
4588;2026.04.27 04:15;9.62;3.75;-3.88;2168;-1.0;0
4589;2026.04.27 04:30;9.56;3.81;-3.5;2168;-1.0;0
4590;2026.04.27 04:45;9.5;3.88;-2.88;2168;-1.0;0
4591;2026.04.27 05:00;9.5;4.06;-1.94;2168;-1.0;0
4592;2026.04.27 05:15;9.44;4.38;-0.69;2168;-1.0;0
4593;2026.04.27 05:30;9.38;4.75;0.75;2168;-1.0;0
4594;2026.04.27 05:45;9.38;5.25;2.62;2168;-1.0;0
4595;2026.04.27 06:00;9.31;5.81;6.12;2168;-1.0;0
4596;2026.04.27 06:15;9.25;7.5;10.56;2169;-1.0;0
4597;2026.04.27 06:30;9.25;8.88;12.25;2169;-1.0;0
4598;2026.04.27 06:45;9.25;9.88;13.25;2169;-1.0;0
4599;2026.04.27 07:00;9.19;10.75;14.38;2169;-1.0;0
4600;2026.04.27 07:15;9.19;11.56;16;2169;-1.0;0
4601;2026.04.27 07:30;9.19;12.12;16.5;2168;-1.0;0
4602;2026.04.27 07:45;9.12;12.88;16.62;2168;-1.0;0
4603;2026.04.27 08:00;9.19;13.25;17.88;2168;-1.0;0
4604;2026.04.27 08:15;9.19;13.75;18.88;2168;-1.0;0
4605;2026.04.27 08:30;9.25;14.25;19.94;2168;-1.0;0
4606;2026.04.27 08:45;9.25;14.75;19.81;2168;-1.0;0
4607;2026.04.27 09:00;9.25;15.25;20.38;2168;-1.0;0
4608;2026.04.27 09:15;9.31;15.62;20.88;2168;-1.0;0
4609;2026.04.27 09:30;9.38;16.12;21.06;2168;-1.0;0
4610;2026.04.27 09:45;9.44;16.5;21.38;2168;-1.0;0
4611;2026.04.27 10:00;9.5;16.75;21.88;2169;-1.0;0
4612;2026.04.27 10:15;9.56;17;22.31;2169;-1.0;0
4613;2026.04.27 10:30;9.62;17.25;22.75;2169;-1.0;0
4614;2026.04.27 10:45;9.69;17.5;23.25;2169;-1.0;0
4615;2026.04.27 11:00;9.75;17.81;23.06;2170;-1.0;0
4616;2026.04.27 11:15;9.88;17.88;23.12;2170;-1.0;0
4617;2026.04.27 11:30;9.94;18;23.31;2170;-1.0;0
4618;2026.04.27 11:45;10;18;23;2171;-1.0;0
4619;2026.04.27 12:00;10.12;18;23.75;2171;-1.0;0
4620;2026.04.27 12:15;10.19;18.12;23.38;2171;-1.0;0
4621;2026.04.27 12:30;10.25;18.12;23.75;2172;-1.0;0
4622;2026.04.27 12:45;10.38;18.12;23.31;2172;-1.0;0
4623;2026.04.27 13:00;10.38;18.19;24.19;2172;-1.0;0
4624;2026.04.27 13:15;10.5;18.25;24.25;2173;-1.0;0
4625;2026.04.27 13:30;10.56;18.31;23.25;2173;-1.0;0
4626;2026.04.27 13:45;10.62;18.38;23.5;2174;-1.0;0
4627;2026.04.27 14:00;10.75;17.88;20.19;2173;-1.0;0
4628;2026.04.27 14:15;10.75;17;18.62;2173;-1.0;0
4629;2026.04.27 14:30;10.88;16.44;18.25;2173;-1.0;0
4630;2026.04.27 14:45;10.88;16.12;18.5;2173;-1.0;0
4631;2026.04.27 15:00;10.94;16.12;18.88;2173;-1.0;0
4632;2026.04.27 15:15;11;16;18.62;2174;-1.0;0
4633;2026.04.27 15:30;11;15.88;18.25;2174;-1.0;0
4634;2026.04.27 15:45;11.12;15.75;18.06;2174;-1.0;0
4635;2026.04.27 16:00;11.12;15.44;17.12;2174;-1.0;0
4636;2026.04.27 16:15;11.12;15.25;16.75;2174;-1.0;0
4637;2026.04.27 16:30;11.19;15;16;2174;-1.0;0
4638;2026.04.27 16:45;11.25;14.62;15.25;2174;-1.0;0
4639;2026.04.27 17:00;11.25;14.38;14.5;2174;-1.0;0
4640;2026.04.27 17:15;11.25;14;13.75;2174;-1.0;0
4641;2026.04.27 17:30;11.25;13.69;12.88;2174;-1.0;0
4642;2026.04.27 17:45;11.25;13.38;11.94;2174;-1.0;0
4643;2026.04.27 18:00;11.25;12.94;10.75;2173;-1.0;0
4644;2026.04.27 18:15;11.25;12.56;10.88;2173;-1.0;0
4645;2026.04.27 18:30;11.25;12.25;10;2173;-1.0;0
4646;2026.04.27 18:45;11.25;12;10.12;2173;-1.0;0
4647;2026.04.27 19:00;11.25;11.75;10.12;2173;-1.0;0
4648;2026.04.27 19:15;11.25;11.56;9.88;2173;-1.0;0
4649;2026.04.27 19:30;11.25;11.38;9.44;2173;-1.0;0
4650;2026.04.27 19:45;11.25;11.19;8.38;2173;-1.0;0
4651;2026.04.27 20:00;11.25;10.88;8.06;2173;-1.0;0
4652;2026.04.27 20:15;11.19;10.75;8.38;2173;-1.0;0
4653;2026.04.27 20:30;11.19;10.5;7.88;2173;-1.0;0
4654;2026.04.27 20:45;11.12;10.25;7.25;2173;-1.0;0
4655;2026.04.27 21:00;11.12;10;6.25;2173;-1.0;0
4656;2026.04.27 21:15;11.12;9.62;4.06;2173;-1.0;0
4657;2026.04.27 21:30;11.12;9.25;5;2173;-1.0;0
4658;2026.04.27 21:45;11.06;9.12;4.88;2173;-1.0;0
4659;2026.04.27 22:00;11;8.81;3.5;2173;-1.0;0
4660;2026.04.27 22:15;11;8.5;2.62;2173;-1.0;0
4661;2026.04.27 22:30;11;8.12;1.38;2172;-1.0;0
4662;2026.04.27 22:45;10.88;7.81;1;2172;-1.0;0
4663;2026.04.27 23:00;10.88;7.5;0.38;2172;-1.0;0
4664;2026.04.27 23:15;10.88;7.25;0.25;2172;-1.0;0
4665;2026.04.27 23:30;10.81;7.06;0;2172;-1.0;0
4666;2026.04.27 23:45;10.75;6.94;0.31;2172;-1.0;0
4667;2026.04.28 00:00;10.75;6.81;-0.19;2172;-1.0;0
4668;2026.04.28 00:15;10.69;6.62;-0.12;2172;-1.0;0
4669;2026.04.28 00:30;10.62;6.5;-0.12;2172;-1.0;0
4670;2026.04.28 00:45;10.62;6.38;-0.25;2172;-1.0;0
4671;2026.04.28 01:00;10.5;6.31;-0.25;2172;-1.0;0
4672;2026.04.28 01:15;10.5;6.19;-0.38;2172;-1.0;0
4673;2026.04.28 01:30;10.5;6.12;-0.5;2172;-1.0;0
4674;2026.04.28 01:45;10.38;6;-0.25;2172;-1.0;0
4675;2026.04.28 02:00;10.38;6;-0.31;2172;-1.0;0
4676;2026.04.28 02:15;10.31;6;-0.19;2172;-1.0;0
4677;2026.04.28 02:30;10.25;6;-0.31;2172;-1.0;0
4678;2026.04.28 02:45;10.25;6;-0.75;2171;-1.0;0
4679;2026.04.28 03:00;10.19;5.88;-1;2171;-1.0;0
4680;2026.04.28 03:15;10.12;5.75;-0.62;2171;-1.0;0
4681;2026.04.28 03:30;10.12;5.75;-0.12;2171;-1.0;0
4682;2026.04.28 03:45;10.06;5.88;0.38;2171;-1.0;0
4683;2026.04.28 04:00;10;6;1;2171;-1.0;0
4684;2026.04.28 04:15;10;6.19;1.31;2171;-1.0;0
4685;2026.04.28 04:30;10;6.38;1.94;2171;-1.0;0
4686;2026.04.28 04:45;9.88;6.5;2.88;2171;-1.0;0
4687;2026.04.28 05:00;9.88;6.81;3.88;2171;-1.0;0
4688;2026.04.28 05:15;9.88;7.12;5;2171;-1.0;0
4689;2026.04.28 05:30;9.81;7.5;6.06;2171;-1.0;0
4690;2026.04.28 05:45;9.75;7.88;6.62;2171;-1.0;0
4691;2026.04.28 06:00;9.75;8.38;9.62;2171;-1.0;0
4692;2026.04.28 06:15;9.75;9.62;13.44;2171;-1.0;0
4693;2026.04.28 06:30;9.75;10.75;14.5;2171;-1.0;0
4694;2026.04.28 06:45;9.69;11.38;15.5;2171;-1.0;0
4695;2026.04.28 07:00;9.69;11.94;15.5;2171;-1.0;0
4696;2026.04.28 07:15;9.69;12.5;16;2170;-1.0;0
4697;2026.04.28 07:30;9.69;12.88;16.88;2170;-1.0;0
4698;2026.04.28 07:45;9.69;13;17.19;2170;-1.0;0
4699;2026.04.28 08:00;9.69;13.5;17.88;2170;-1.0;0
4700;2026.04.28 08:15;9.75;13.88;18.38;2170;-1.0;0
4701;2026.04.28 08:30;9.75;14.12;19.06;2170;-1.0;0
4702;2026.04.28 08:45;9.75;14.69;19.38;2170;-1.0;0
4703;2026.04.28 09:00;9.75;15.19;20.69;2170;-1.0;0
4704;2026.04.28 09:15;9.88;15.69;21.31;2170;-1.0;0
4705;2026.04.28 09:30;9.88;15.75;20.44;2170;-1.0;0
4706;2026.04.28 09:45;9.88;16.25;21.44;2171;-1.0;0
4707;2026.04.28 10:00;10;16.69;22.5;2171;-1.0;0
4708;2026.04.28 10:15;10;17.06;22.62;2171;-1.0;0
4709;2026.04.28 10:30;10.06;17.5;23.25;2172;-1.0;0
4710;2026.04.28 10:45;10.12;17.81;24.31;2172;-1.0;0
4711;2026.04.28 11:00;10.19;18.19;24.62;2172;-1.0;0
4712;2026.04.28 11:15;10.25;18.25;24;2172;-1.0;0
4713;2026.04.28 11:30;10.31;18.5;24.69;2173;-1.0;0
4714;2026.04.28 11:45;10.38;18.69;25.25;2173;-1.0;0
4715;2026.04.28 12:00;10.44;18.81;25;2174;-1.0;0
4716;2026.04.28 12:15;10.5;18.75;24.5;2174;-1.0;0
4717;2026.04.28 12:30;10.62;18.75;24.5;2174;-1.0;0
4718;2026.04.28 12:45;10.62;18.75;24.25;2174;-1.0;0
4719;2026.04.28 13:00;10.75;18.88;24.81;2174;-1.0;0
4720;2026.04.28 13:15;10.81;19;25.19;2175;-1.0;0
4721;2026.04.28 13:30;10.88;19.25;25.5;2175;-1.0;0
4722;2026.04.28 13:45;10.94;19.38;24.75;2175;-1.0;0
4723;2026.04.28 14:00;11;18.88;22.62;2176;-1.0;0
4724;2026.04.28 14:15;11.12;18;19.56;2175;-1.0;0
4725;2026.04.28 14:30;11.12;17.06;18.38;2175;-1.0;0
4726;2026.04.28 14:45;11.25;16.5;18;2175;-1.0;0
4727;2026.04.28 15:00;11.25;16;17.38;2175;-1.0;0
4728;2026.04.28 15:15;11.31;15.62;17;2175;-1.0;0
4729;2026.04.28 15:30;11.38;15.38;16.88;2175;-1.0;0
4730;2026.04.28 15:45;11.38;15.19;16.88;2175;-1.0;0
4731;2026.04.28 16:00;11.38;15;16.5;2175;-1.0;0
4732;2026.04.28 16:15;11.44;14.88;16.75;2175;-1.0;0
4733;2026.04.28 16:30;11.5;14.62;15.5;2175;-1.0;0
4734;2026.04.28 16:45;11.5;14.25;14.81;2175;-1.0;0
4735;2026.04.28 17:00;11.5;14;14.38;2175;-1.0;0
4736;2026.04.28 17:15;11.5;13.75;13.81;2175;-1.0;0
4737;2026.04.28 17:30;11.5;13.38;13.31;2175;-1.0;0
4738;2026.04.28 17:45;11.5;13.19;12.5;2175;-1.0;0
4739;2026.04.28 18:00;11.5;12.88;12.19;2175;-1.0;0
4740;2026.04.28 18:15;11.5;12.62;11.75;2175;-1.0;0
4741;2026.04.28 18:30;11.5;12.38;11.12;2175;-1.0;0
4742;2026.04.28 18:45;11.5;12.12;10.75;2175;-1.0;0
4743;2026.04.28 19:00;11.5;11.88;10.25;2174;-1.0;0
4744;2026.04.28 19:15;11.44;11.62;9.62;2174;-1.0;0
4745;2026.04.28 19:30;11.44;11.38;9.12;2174;-1.0;0
4746;2026.04.28 19:45;11.38;11.12;8.62;2174;-1.0;0
4747;2026.04.28 20:00;11.38;10.88;8;2174;-1.0;0
4748;2026.04.28 20:15;11.38;10.62;7.44;2174;-1.0;0
4749;2026.04.28 20:30;11.38;10.38;8.38;2174;-1.0;0
4750;2026.04.28 20:45;11.31;10.38;8.5;2174;-1.0;0
4751;2026.04.28 21:00;11.25;10.25;8;2174;-1.0;0
4752;2026.04.28 21:15;11.25;10.12;7.31;2174;-1.0;0
4753;2026.04.28 21:30;11.25;9.88;7;2174;-1.0;0
4754;2026.04.28 21:45;11.19;9.69;6.5;2174;-1.0;0
4755;2026.04.28 22:00;11.12;9.5;6;2174;-1.0;0
4756;2026.04.28 22:15;11.12;9.25;5.88;2174;-1.0;0
4757;2026.04.28 22:30;11.12;9.12;5.38;2174;-1.0;0
4758;2026.04.28 22:45;11.06;8.88;4.25;2174;-1.0;0
4759;2026.04.28 23:00;11;8.62;3.5;2174;-1.0;0
4760;2026.04.28 23:15;11;8.38;3.38;2173;-1.0;0
4761;2026.04.28 23:30;11;8.12;2.94;2173;-1.0;0
4762;2026.04.28 23:45;10.94;7.88;2.94;2173;-1.0;0
4763;2026.04.29 00:00;10.88;7.81;4.25;2173;-1.0;0
4764;2026.04.29 00:15;10.88;7.81;3.5;2173;-1.0;0
4765;2026.04.29 00:30;10.81;7.62;2.88;2173;-1.0;0
4766;2026.04.29 00:45;10.75;7.56;3.75;2173;-1.0;0
4767;2026.04.29 01:00;10.75;7.5;2.62;2173;-1.0;0
4768;2026.04.29 01:15;10.75;7.25;2.38;2173;-1.0;0
4769;2026.04.29 01:30;10.62;7.12;1.62;2173;-1.0;0
4770;2026.04.29 01:45;10.62;6.88;0.69;2173;-1.0;0
4771;2026.04.29 02:00;10.62;6.62;0.25;2173;-1.0;0
4772;2026.04.29 02:15;10.56;6.38;0.31;2173;-1.0;0
4773;2026.04.29 02:30;10.5;6.19;-0.88;2173;-1.0;0
4774;2026.04.29 02:45;10.5;5.88;-2.12;2172;-1.0;0
4775;2026.04.29 03:00;10.44;5.5;-2.88;2172;-1.0;0
4776;2026.04.29 03:15;10.38;5.19;-2.88;2172;-1.0;0
4777;2026.04.29 03:30;10.38;5;-2.88;2172;-1.0;0
4778;2026.04.29 03:45;10.31;4.81;-3.38;2172;-1.0;0
4779;2026.04.29 04:00;10.25;4.62;-3.38;2172;-1.0;0
4780;2026.04.29 04:15;10.25;4.56;-3.25;2172;-1.0;0
4781;2026.04.29 04:30;10.12;4.5;-2.81;2172;-1.0;0
4782;2026.04.29 04:45;10.12;4.56;-2;2172;-1.0;0
4783;2026.04.29 05:00;10.06;4.75;-1;2172;-1.0;0
4784;2026.04.29 05:15;10;5.12;1;2172;-1.0;0
4785;2026.04.29 05:30;10;5.75;4.75;2172;-1.0;0
4786;2026.04.29 05:45;9.94;6.38;5.5;2172;-1.0;0
4787;2026.04.29 06:00;9.88;7.06;9.12;2172;-1.0;0
4788;2026.04.29 06:15;9.88;8.5;11.75;2173;-1.0;0
4789;2026.04.29 06:30;9.81;9.62;12.94;2173;-1.0;0
4790;2026.04.29 06:45;9.75;10.5;13.81;2173;-1.0;0
4791;2026.04.29 07:00;9.75;11.31;14.75;2173;-1.0;0
4792;2026.04.29 07:15;9.75;12;14.94;2172;-1.0;0
4793;2026.04.29 07:30;9.75;12.25;15.12;2172;-1.0;0
4794;2026.04.29 07:45;9.75;12.75;16.31;2172;-1.0;0
4795;2026.04.29 08:00;9.75;13.06;16.38;2172;-1.0;0
4796;2026.04.29 08:15;9.75;13.5;17.44;2172;-1.0;0
4797;2026.04.29 08:30;9.75;14;17.69;2171;-1.0;0
4798;2026.04.29 08:45;9.75;14.44;18.38;2172;-1.0;0
4799;2026.04.29 09:00;9.81;14.88;18.75;2172;-1.0;0
4800;2026.04.29 09:15;9.88;15.25;18.56;2172;-1.0;0
4801;2026.04.29 09:30;9.88;15.62;19.81;2172;-1.0;0
4802;2026.04.29 09:45;9.88;16;20;2172;-1.0;0
4803;2026.04.29 10:00;9.94;16.25;20.25;2172;-1.0;0
4804;2026.04.29 10:15;10;16.5;19.5;2172;-1.0;0
4805;2026.04.29 10:30;10.06;16.5;20.25;2172;-1.0;0
4806;2026.04.29 10:45;10.12;16.81;20.88;2173;-1.0;0
4807;2026.04.29 11:00;10.19;17;20.81;2173;-1.0;0
4808;2026.04.29 11:15;10.25;17.06;21.25;2173;-1.0;0
4809;2026.04.29 11:30;10.31;17;20.88;2174;-1.0;0
4810;2026.04.29 11:45;10.38;17.12;20.62;2174;-1.0;0
4811;2026.04.29 12:00;10.44;17.12;20.75;2174;-1.0;0
4812;2026.04.29 12:15;10.5;17.25;21.5;2174;-1.0;0
4813;2026.04.29 12:30;10.62;17.25;21.12;2175;-1.0;0
4814;2026.04.29 12:45;10.62;17.19;20.75;2175;-1.0;0
4815;2026.04.29 13:00;10.75;17.25;21;2175;-1.0;0
4816;2026.04.29 13:15;10.75;17;19.5;2175;-1.0;0
4817;2026.04.29 13:30;10.88;16.88;19.75;2175;-1.0;0
4818;2026.04.29 13:45;10.88;17.12;20.44;2176;-1.0;0
4819;2026.04.29 14:00;11;16.88;18.19;2176;-1.0;0
4820;2026.04.29 14:15;11;16.06;15.5;2176;-1.0;0
4821;2026.04.29 14:30;11.12;15.12;14.25;2176;-1.0;0
4822;2026.04.29 14:45;11.12;14.62;14.19;2176;-1.0;0
4823;2026.04.29 15:00;11.19;14.12;13.81;2176;-1.0;0
4824;2026.04.29 15:15;11.25;14;13.88;2176;-1.0;0
4825;2026.04.29 15:30;11.25;13.69;13.19;2176;-1.0;0
4826;2026.04.29 15:45;11.25;13.38;12.5;2176;-1.0;0
4827;2026.04.29 16:00;11.31;13.06;12.25;2176;-1.0;0
4828;2026.04.29 16:15;11.31;13;12.44;2176;-1.0;0
4829;2026.04.29 16:30;11.38;12.62;11;2176;-1.0;0
4830;2026.04.29 16:45;11.38;12.19;10.19;2176;-1.0;0
4831;2026.04.29 17:00;11.38;11.75;9.38;2176;-1.0;0
4832;2026.04.29 17:15;11.38;11.31;8.75;2176;-1.0;0
4833;2026.04.29 17:30;11.38;11;7.94;2176;-1.0;0
4834;2026.04.29 17:45;11.38;10.56;7.25;2176;-1.0;0
4835;2026.04.29 18:00;11.31;10.25;6.31;2176;-1.0;0
4836;2026.04.29 18:15;11.31;9.88;5.69;2176;-1.0;0
4837;2026.04.29 18:30;11.25;9.5;5.75;2176;-1.0;0
4838;2026.04.29 18:45;11.25;9.25;5.5;2176;-1.0;0
4839;2026.04.29 19:00;11.25;9;4.5;2176;-1.0;0
4840;2026.04.29 19:15;11.25;8.75;3.94;2176;-1.0;0
4841;2026.04.29 19:30;11.19;8.5;4;2176;-1.0;0
4842;2026.04.29 19:45;11.12;8.25;4.31;2176;-1.0;0
4843;2026.04.29 20:00;11.12;8.12;4.25;2176;-1.0;0
4844;2026.04.29 20:15;11.12;8;3.5;2176;-1.0;0
4845;2026.04.29 20:30;11.06;7.81;3.25;2176;-1.0;0
4846;2026.04.29 20:45;11;7.62;2.56;2176;-1.0;0
4847;2026.04.29 21:00;11;7.38;1.44;2176;-1.0;0
4848;2026.04.29 21:15;10.94;7.06;1.5;2175;-1.0;0
4849;2026.04.29 21:30;10.88;6.88;0.25;2176;-1.0;0
4850;2026.04.29 21:45;10.88;6.56;-0.25;2175;-1.0;0
4851;2026.04.29 22:00;10.81;6.31;0.12;2175;-1.0;0
4852;2026.04.29 22:15;10.75;6.25;0.25;2175;-1.0;0
4853;2026.04.29 22:30;10.75;6.12;-0.25;2175;-1.0;0
4854;2026.04.29 22:45;10.69;5.88;-1.44;2175;-1.0;0
4855;2026.04.29 23:00;10.62;5.5;-2.88;2175;-1.0;0
4856;2026.04.29 23:15;10.62;5.19;-2.94;2175;-1.0;0
4857;2026.04.29 23:30;10.56;4.94;-2.75;2175;-1.0;0
4858;2026.04.29 23:45;10.5;4.75;-2.81;2175;-1.0;0
4859;2026.04.30 00:00;10.44;4.62;-2.62;2175;-1.0;0
4860;2026.04.30 00:15;10.38;4.62;-2.38;2175;-1.0;0
4861;2026.04.30 00:30;10.38;4.5;-2.75;2175;-1.0;0
4862;2026.04.30 00:45;10.31;4.38;-3.75;2175;-1.0;0
4863;2026.04.30 01:00;10.25;4.25;-3.5;2174;-1.0;0
4864;2026.04.30 01:15;10.25;4.12;-2.81;2174;-1.0;0
4865;2026.04.30 01:30;10.12;4.12;-3;2174;-1.0;0
4866;2026.04.30 01:45;10.12;3.94;-4.38;2174;-1.0;0
4867;2026.04.30 02:00;10.06;3.69;-5.5;2174;-1.0;0
4868;2026.04.30 02:15;10;3.44;-5.69;2174;-1.0;0
4869;2026.04.30 02:30;10;3.25;-5.5;2174;-1.0;0
4870;2026.04.30 02:45;9.88;3.12;-6.5;2174;-1.0;0
4871;2026.04.30 03:00;9.88;2.88;-7;2174;-1.0;0
4872;2026.04.30 03:15;9.88;2.69;-7.25;2174;-1.0;0
4873;2026.04.30 03:30;9.75;2.5;-7.62;2174;-1.0;0
4874;2026.04.30 03:45;9.75;2.38;-7.38;2174;-1.0;0
4875;2026.04.30 04:00;9.69;2.31;-7.06;2173;-1.0;0
4876;2026.04.30 04:15;9.62;2.25;-7;2173;-1.0;0
4877;2026.04.30 04:30;9.62;2.25;-6.5;2173;-1.0;0
4878;2026.04.30 04:45;9.5;2.38;-5.38;2173;-1.0;0
4879;2026.04.30 05:00;9.5;2.62;-4.25;2173;-1.0;0
4880;2026.04.30 05:15;9.44;3.06;-2.56;2173;-1.0;0
4881;2026.04.30 05:30;9.38;3.75;1.25;2174;-1.0;0
4882;2026.04.30 05:45;9.38;4.25;0.5;2174;-1.0;0
4883;2026.04.30 06:00;9.31;4.75;3.94;2174;-1.0;0
4884;2026.04.30 06:15;9.25;6.38;8.38;2174;-1.0;0
4885;2026.04.30 06:30;9.25;7.69;10;2174;-1.0;0
4886;2026.04.30 06:45;9.25;8.75;11;2174;-1.0;0
4887;2026.04.30 07:00;9.19;9.5;12.5;2174;-1.0;0
4888;2026.04.30 07:15;9.12;10.38;13.12;2174;-1.0;0
4889;2026.04.30 07:30;9.12;11.06;14.06;2174;-1.0;0
4890;2026.04.30 07:45;9.12;11.25;13.75;2174;-1.0;0
4891;2026.04.30 08:00;9.12;11.62;14.25;2173;-1.0;0
4892;2026.04.30 08:15;9.12;12.12;15.56;2173;-1.0;0
4893;2026.04.30 08:30;9.19;12.5;15.38;2173;-1.0;0
4894;2026.04.30 08:45;9.25;13;16.12;2173;-1.0;0
4895;2026.04.30 09:00;9.25;13.38;17;2173;-1.0;0
4896;2026.04.30 09:15;9.25;13.88;17;2173;-1.0;0
4897;2026.04.30 09:30;9.31;14.25;17.81;2173;-1.0;0
4898;2026.04.30 09:45;9.38;14.62;18.31;2173;-1.0;0
4899;2026.04.30 10:00;9.38;14.88;18.38;2173;-1.0;0
4900;2026.04.30 10:15;9.44;15.25;19.19;2173;-1.0;0
4901;2026.04.30 10:30;9.5;15.62;18.88;2173;-1.0;0
4902;2026.04.30 10:45;9.56;15.75;19.62;2174;-1.0;0
4903;2026.04.30 11:00;9.62;15.88;19.5;2174;-1.0;0
4904;2026.04.30 11:15;9.69;16;19.5;2174;-1.0;0
4905;2026.04.30 11:30;9.75;16.25;20.31;2175;-1.0;0
4906;2026.04.30 11:45;9.88;16.25;20;2175;-1.0;0
4907;2026.04.30 12:00;9.88;16.38;19.88;2175;-1.0;0
4908;2026.04.30 12:15;10;16.38;20;2175;-1.0;0
4909;2026.04.30 12:30;10.06;16.38;20.12;2175;-1.0;0
4910;2026.04.30 12:45;10.12;16.38;19.62;2175;-1.0;0
4911;2026.04.30 13:00;10.25;16.38;19.81;2176;-1.0;0
4912;2026.04.30 13:15;10.25;16.31;19.69;2176;-1.0;0
4913;2026.04.30 13:30;10.38;16.44;20.12;2176;-1.0;0
4914;2026.04.30 13:45;10.38;16.62;20.12;2176;-1.0;0
4915;2026.04.30 14:00;10.5;16.31;18.25;2176;-1.0;0
4916;2026.04.30 14:15;10.5;15.75;16.25;2176;-1.0;0
4917;2026.04.30 14:30;10.62;14.5;13.88;2176;-1.0;0
4918;2026.04.30 14:45;10.62;13.94;14;2176;-1.0;0
4919;2026.04.30 15:00;10.75;13.44;13;2176;-1.0;0
4920;2026.04.30 15:15;10.75;13;12.38;2176;-1.0;0
4921;2026.04.30 15:30;10.75;12.75;12.31;2176;-1.0;0
4922;2026.04.30 15:45;10.81;12.62;12.38;2176;-1.0;0
4923;2026.04.30 16:00;10.88;12.44;12.25;2176;-1.0;0
4924;2026.04.30 16:15;10.88;12.5;13;2176;-1.0;0
4925;2026.04.30 16:30;10.88;12.38;11.5;2176;-1.0;0
4926;2026.04.30 16:45;10.88;12;10.75;2176;-1.0;0
4927;2026.04.30 17:00;10.88;11.62;10;2176;-1.0;0
4928;2026.04.30 17:15;10.88;11.44;9.88;2176;-1.0;0
4929;2026.04.30 17:30;10.88;11.19;8.62;2176;-1.0;0
4930;2026.04.30 17:45;10.88;10.75;7;2176;-1.0;0
4931;2026.04.30 18:00;10.88;10.31;5.81;2176;-1.0;0
4932;2026.04.30 18:15;10.88;9.81;4;2176;-1.0;0
4933;2026.04.30 18:30;10.88;9.25;3.25;2176;-1.0;0
4934;2026.04.30 18:45;10.88;8.88;3.12;2176;-1.0;0
4935;2026.04.30 19:00;10.88;8.56;2.5;2176;-1.0;0
4936;2026.04.30 19:15;10.81;8.25;2.06;2176;-1.0;0
4937;2026.04.30 19:30;10.81;8;1.88;2176;-1.0;0
4938;2026.04.30 19:45;10.75;7.75;1.38;2177;-1.0;0
4939;2026.04.30 20:00;10.75;7.5;1;2177;-1.0;0
4940;2026.04.30 20:15;10.75;7.25;0.62;2176;-1.0;0
4941;2026.04.30 20:30;10.69;7.12;0.81;2176;-1.0;0
4942;2026.04.30 20:45;10.62;7;0.75;2176;-1.0;0
4943;2026.04.30 21:00;10.62;6.88;0.44;2176;-1.0;0
4944;2026.04.30 21:15;10.62;6.69;0;2176;-1.0;0
4945;2026.04.30 21:30;10.5;6.56;0.12;2175;-1.0;0
4946;2026.04.30 21:45;10.5;6.38;-0.25;2175;-1.0;0
4947;2026.04.30 22:00;10.5;6.25;-0.44;2175;-1.0;0
4948;2026.04.30 22:15;10.44;6.12;-0.5;2176;-1.0;0
4949;2026.04.30 22:30;10.38;6;-0.75;2176;-1.0;0
4950;2026.04.30 22:45;10.38;5.88;-1.12;2175;-1.0;0
4951;2026.04.30 23:00;10.31;5.75;-0.88;2175;-1.0;0
4952;2026.04.30 23:15;10.25;5.62;-0.88;2175;-1.0;0
4953;2026.04.30 23:30;10.25;5.56;-1;2175;-1.0;0
4954;2026.04.30 23:45;10.19;5.5;-1.56;2175;-1.0;0
4955;2026.05.01 00:00;10.12;5.38;-1.62;2175;-1.0;0
4956;2026.05.01 00:15;10.12;5.19;-2;2175;-1.0;0
4957;2026.05.01 00:30;10.06;5.12;-2.12;2175;-1.0;0
4958;2026.05.01 00:45;10;5;-2;2175;-1.0;0
4959;2026.05.01 01:00;10;4.88;-2.12;2174;-1.0;0
4960;2026.05.01 01:15;9.94;4.88;-2.25;2174;-1.0;0
4961;2026.05.01 01:30;9.88;4.75;-2.44;2174;-1.0;0
4962;2026.05.01 01:45;9.88;4.62;-2.56;2174;-1.0;0
4963;2026.05.01 02:00;9.88;4.62;-2.5;2174;-1.0;0
4964;2026.05.01 02:15;9.75;4.5;-2.69;2174;-1.0;0
4965;2026.05.01 02:30;9.75;4.44;-2.62;2174;-1.0;0
4966;2026.05.01 02:45;9.75;4.38;-2.81;2174;-1.0;0
4967;2026.05.01 03:00;9.69;4.25;-3.12;2174;-1.0;0
4968;2026.05.01 03:15;9.62;4.12;-3.12;2174;-1.0;0
4969;2026.05.01 03:30;9.62;4.12;-3.12;2174;-1.0;0
4970;2026.05.01 03:45;9.56;4.06;-3.25;2174;-1.0;0
4971;2026.05.01 04:00;9.5;4;-3;2174;-1.0;0
4972;2026.05.01 04:15;9.5;4;-2.75;2174;-1.0;0
4973;2026.05.01 04:30;9.5;4.12;-2.38;2174;-1.0;0
4974;2026.05.01 04:45;9.44;4.25;-2;2175;-1.0;0
4975;2026.05.01 05:00;9.38;4.5;-0.12;2174;-1.0;0
4976;2026.05.01 05:15;9.38;4.88;0.81;2174;-1.0;0
4977;2026.05.01 05:30;9.31;5.44;4.62;2174;-1.0;0
4978;2026.05.01 05:45;9.25;6.12;4.44;2174;-1.0;0
4979;2026.05.01 06:00;9.25;6.5;6.44;2174;-1.0;0
4980;2026.05.01 06:15;9.25;8;12.62;2174;-1.0;0
4981;2026.05.01 06:30;9.25;9.44;15;2175;-1.0;0
4982;2026.05.01 06:45;9.19;10.38;15.38;2175;-1.0;0
4983;2026.05.01 07:00;9.19;11;16;2174;-1.0;0
4984;2026.05.01 07:15;9.19;11.81;17.75;2174;-1.0;0
4985;2026.05.01 07:30;9.19;12.75;18.31;2174;-1.0;0
4986;2026.05.01 07:45;9.19;13.44;18.88;2174;-1.0;0
4987;2026.05.01 08:00;9.25;14.06;18.88;2174;-1.0;0
4988;2026.05.01 08:15;9.25;14.62;20.25;2174;-1.0;0
4989;2026.05.01 08:30;9.25;15.12;21;2174;-1.0;0
4990;2026.05.01 08:45;9.31;15.75;22.25;2174;-1.0;0
4991;2026.05.01 09:00;9.38;16.38;22.38;2175;-1.0;0
4992;2026.05.01 09:15;9.38;16.75;22.5;2175;-1.0;0
4993;2026.05.01 09:30;9.5;17.25;23;2175;-1.0;0
4994;2026.05.01 09:45;9.5;17.5;22.88;2175;-1.0;0
4995;2026.05.01 10:00;9.62;17.88;23.62;2175;-1.0;0
4996;2026.05.01 10:15;9.69;18.12;24;2176;-1.0;0
4997;2026.05.01 10:30;9.75;18.5;24.75;2176;-1.0;0
4998;2026.05.01 10:45;9.88;18.88;25;2176;-1.0;0
4999;2026.05.01 11:00;9.94;19.12;25.44;2177;-1.0;0
5000;2026.05.01 11:15;10;19.25;26.06;2177;-1.0;0
5001;2026.05.01 11:30;10.12;19.5;25.81;2178;-1.0;0
5002;2026.05.01 11:45;10.19;19.19;23.94;2178;-1.0;0
5003;2026.05.01 12:00;10.25;19.06;24.62;2178;-1.0;0
5004;2026.05.01 12:15;10.38;19.44;27;2179;-1.0;0
5005;2026.05.01 12:30;10.5;19.62;26.12;2179;-1.0;0
5006;2026.05.01 12:45;10.56;19.62;26;2179;-1.0;0
5007;2026.05.01 13:00;10.62;19.88;27.12;2180;-1.0;0
5008;2026.05.01 13:15;10.75;20.25;26.5;2180;-1.0;0
5009;2026.05.01 13:30;10.81;20.12;26.31;2180;-1.0;0
5010;2026.05.01 13:45;10.88;20.25;26.38;2181;-1.0;0
5011;2026.05.01 14:00;11;19.94;24.88;2181;-1.0;0
5012;2026.05.01 14:15;11;19.38;22.06;2181;-1.0;0
5013;2026.05.01 14:30;11.12;18.25;19.88;2181;-1.0;0
5014;2026.05.01 14:45;11.19;17.69;19.88;2181;-1.0;0
5015;2026.05.01 15:00;11.25;17.12;19.25;2180;-1.0;0
5016;2026.05.01 15:15;11.31;16.75;18.38;2181;-1.0;0
5017;2026.05.01 15:30;11.38;16.25;17.75;2181;-1.0;0
5018;2026.05.01 15:45;11.38;16;18.25;2181;-1.0;0
5019;2026.05.01 16:00;11.44;15.88;18.25;2181;-1.0;0
5020;2026.05.01 16:15;11.5;16;19.62;2181;-1.0;0
5021;2026.05.01 16:30;11.5;15.81;17.5;2181;-1.0;0
5022;2026.05.01 16:45;11.5;15.38;15.56;2181;-1.0;0
5023;2026.05.01 17:00;11.5;14.88;13.62;2180;-1.0;0
5024;2026.05.01 17:15;11.56;14.31;13.25;2180;-1.0;0
5025;2026.05.01 17:30;11.56;13.88;11.81;2180;-1.0;0
5026;2026.05.01 17:45;11.56;13.38;10.44;2180;-1.0;0
5027;2026.05.01 18:00;11.56;12.88;9.25;2180;-1.0;0
5028;2026.05.01 18:15;11.56;12.38;8.38;2180;-1.0;0
5029;2026.05.01 18:30;11.56;11.88;7.81;2180;-1.0;0
5030;2026.05.01 18:45;11.5;11.5;7.25;2180;-1.0;0
5031;2026.05.01 19:00;11.5;11.12;7.12;2180;-1.0;0
5032;2026.05.01 19:15;11.5;10.88;7.25;2180;-1.0;0
5033;2026.05.01 19:30;11.5;10.75;7.06;2180;-1.0;0
5034;2026.05.01 19:45;11.5;10.5;7.12;2180;-1.0;0
5035;2026.05.01 20:00;11.44;10.38;6.12;2180;-1.0;0
5036;2026.05.01 20:15;11.38;10.12;5.75;2180;-1.0;0
5037;2026.05.01 20:30;11.38;9.88;5.19;2179;-1.0;0
5038;2026.05.01 20:45;11.38;9.62;5.44;2180;-1.0;0
5039;2026.05.01 21:00;11.31;9.5;4.94;2180;-1.0;0
5040;2026.05.01 21:15;11.25;9.38;4.75;2180;-1.0;0
5041;2026.05.01 21:30;11.25;9.12;4.25;2180;-1.0;0
5042;2026.05.01 21:45;11.25;8.94;4;2180;-1.0;0
5043;2026.05.01 22:00;11.19;8.75;4;2179;-1.0;0
5044;2026.05.01 22:15;11.12;8.62;4;2179;-1.0;0
5045;2026.05.01 22:30;11.12;8.5;3.31;2179;-1.0;0
5046;2026.05.01 22:45;11.06;8.31;3;2179;-1.0;0
5047;2026.05.01 23:00;11;8.12;2.62;2179;-1.0;0
5048;2026.05.01 23:15;11;8;2.5;2179;-1.0;0
5049;2026.05.01 23:30;10.94;7.81;2.25;2179;-1.0;0
5050;2026.05.01 23:45;10.88;7.69;2.25;2179;-1.0;0
5051;2026.05.02 00:00;10.88;7.56;1.81;2179;-1.0;0
5052;2026.05.02 00:15;10.88;7.38;1.62;2179;-1.0;0
5053;2026.05.02 00:30;10.75;7.25;1.5;2179;-1.0;0
5054;2026.05.02 00:45;10.75;7.19;1.38;2179;-1.0;0
5055;2026.05.02 01:00;10.75;7.12;1.5;2178;-1.0;0
5056;2026.05.02 01:15;10.62;7;1.25;2178;-1.0;0
5057;2026.05.02 01:30;10.62;6.88;0.62;2178;-1.0;0
5058;2026.05.02 01:45;10.62;6.69;0.38;2178;-1.0;0
5059;2026.05.02 02:00;10.56;6.56;0.19;2178;-1.0;0
5060;2026.05.02 02:15;10.5;6.38;0.12;2178;-1.0;0
5061;2026.05.02 02:30;10.5;6.31;-0.06;2178;-1.0;0
5062;2026.05.02 02:45;10.44;6.19;0;2178;-1.0;0
5063;2026.05.02 03:00;10.38;6.12;0;2178;-1.0;0
5064;2026.05.02 03:15;10.38;6.06;-0.19;2178;-1.0;0
5065;2026.05.02 03:30;10.31;6;-0.12;2178;-1.0;0
5066;2026.05.02 03:45;10.25;5.94;-0.25;2178;-1.0;0
5067;2026.05.02 04:00;10.25;5.88;-0.12;2178;-1.0;0
5068;2026.05.02 04:15;10.25;5.88;0;2178;-1.0;0
5069;2026.05.02 04:30;10.19;5.88;0.38;2178;-1.0;0
5070;2026.05.02 04:45;10.12;6;0.88;2178;-1.0;0
5071;2026.05.02 05:00;10.12;6.38;3.5;2178;-1.0;0
5072;2026.05.02 05:15;10.06;6.75;4;2178;-1.0;0
5073;2026.05.02 05:30;10;7.38;7.88;2178;-1.0;0
5074;2026.05.02 05:45;10;8.12;8.12;2178;-1.0;0
5075;2026.05.02 06:00;10;8.5;10;2179;-1.0;0
5076;2026.05.02 06:15;9.94;10.19;15;2179;-1.0;0
5077;2026.05.02 06:30;9.88;11.56;16.62;2179;-1.0;0
5078;2026.05.02 06:45;9.88;12.62;18.12;2179;-1.0;0
5079;2026.05.02 07:00;9.88;13.69;19.12;2179;-1.0;0
5080;2026.05.02 07:15;9.88;14.38;20.25;2179;-1.0;0
5081;2026.05.02 07:30;9.88;15.12;21.62;2178;-1.0;0
5082;2026.05.02 07:45;9.88;15.88;22.5;2178;-1.0;0
5083;2026.05.02 08:00;9.94;16.5;23.62;2178;-1.0;0
5084;2026.05.02 08:15;10;17.12;24.12;2179;-1.0;0
5085;2026.05.02 08:30;10;17.75;25.5;2179;-1.0;0
5086;2026.05.02 08:45;10;18.38;26.25;2179;-1.0;0
5087;2026.05.02 09:00;10.12;19;26.56;2179;-1.0;0
5088;2026.05.02 09:15;10.12;19.5;27.38;2179;-1.0;0
5089;2026.05.02 09:30;10.25;19.75;27.5;2180;-1.0;0
5090;2026.05.02 09:45;10.25;20.12;27.62;2180;-1.0;0
5091;2026.05.02 10:00;10.38;20.38;28.31;2180;-1.0;0
5092;2026.05.02 10:15;10.44;20.75;28.62;2181;-1.0;0
5093;2026.05.02 10:30;10.5;21.19;29.31;2181;-1.0;0
5094;2026.05.02 10:45;10.62;21.5;29.25;2182;-1.0;0
5095;2026.05.02 11:00;10.75;21.75;29.75;2182;-1.0;0
5096;2026.05.02 11:15;10.75;21.75;29.62;2182;-1.0;0
5097;2026.05.02 11:30;10.88;21.88;29.88;2184;-1.0;0
5098;2026.05.02 11:45;11;21.88;30.5;2184;-1.0;0
5099;2026.05.02 12:00;11.06;22;29.94;2183;-1.0;0
5100;2026.05.02 12:15;11.12;22.06;30.75;2184;-1.0;0
5101;2026.05.02 12:30;11.25;22.06;29.62;2184;-1.0;0
5102;2026.05.02 12:45;11.38;22.12;30.75;2184;-1.0;0
5103;2026.05.02 13:00;11.44;22.25;30.5;2185;-1.0;0
5104;2026.05.02 13:15;11.5;22.19;30.75;2185;-1.0;0
5105;2026.05.02 13:30;11.62;22.25;29.94;2185;-1.0;0
5106;2026.05.02 13:45;11.69;22.25;30.25;2186;-1.0;0
5107;2026.05.02 14:00;11.75;21.94;28.75;2186;-1.0;0
5108;2026.05.02 14:15;11.81;21.38;26.25;2186;-1.0;0
5109;2026.05.02 14:30;11.88;20.38;24.12;2186;-1.0;0
5110;2026.05.02 14:45;12;19.75;23.75;2186;-1.0;0
5111;2026.05.02 15:00;12;19.12;23.12;2186;-1.0;0
5112;2026.05.02 15:15;12.12;18.69;22.12;2186;-1.0;0
5113;2026.05.02 15:30;12.12;18.31;21.62;2186;-1.0;0
5114;2026.05.02 15:45;12.12;18;21.38;2185;-1.0;0
5115;2026.05.02 16:00;12.25;17.62;21;2185;-1.0;0
5116;2026.05.02 16:15;12.25;17.69;22.75;2185;-1.0;0
5117;2026.05.02 16:30;12.25;17.56;20.5;2186;-1.0;0
5118;2026.05.02 16:45;12.25;17.06;18.69;2186;-1.0;0
5119;2026.05.02 17:00;12.25;16.56;16.38;2187;-1.0;0
5120;2026.05.02 17:15;12.31;15.88;14.69;2185;-1.0;0
5121;2026.05.02 17:30;12.25;15.25;13.12;2185;-1.0;0
5122;2026.05.02 17:45;12.31;14.62;11.62;2185;-1.0;0
5123;2026.05.02 18:00;12.31;14.06;10.62;2185;-1.0;0
5124;2026.05.02 18:15;12.25;13.5;9.75;2185;-1.0;0
5125;2026.05.02 18:30;12.25;13.12;9.44;2184;-1.0;0
5126;2026.05.02 18:45;12.25;12.69;9.12;2184;-1.0;0
5127;2026.05.02 19:00;12.25;12.38;8.5;2184;-1.0;0
5128;2026.05.02 19:15;12.25;12.12;8.81;2185;-1.0;0
5129;2026.05.02 19:30;12.19;11.88;9;2184;-1.0;0
5130;2026.05.02 19:45;12.12;11.75;9.56;2184;-1.0;0
5131;2026.05.02 20:00;12.12;11.69;9.31;2184;-1.0;0
5132;2026.05.02 20:15;12.12;11.62;9.44;2184;-1.0;0
5133;2026.05.02 20:30;12.06;11.5;9.25;2184;-1.0;0
5134;2026.05.02 20:45;12;11.38;8.88;2184;-1.0;0
5135;2026.05.02 21:00;12;11.25;8.5;2184;-1.0;0
5136;2026.05.02 21:15;12;11.06;8;2184;-1.0;0
5137;2026.05.02 21:30;11.94;10.88;7.38;2184;-1.0;0
5138;2026.05.02 21:45;11.88;10.62;7;2184;-1.0;0
5139;2026.05.02 22:00;11.88;10.44;6.75;2184;-1.0;0
5140;2026.05.02 22:15;11.81;10.38;8;2184;-1.0;0
5141;2026.05.02 22:30;11.75;10.5;8.88;2185;-1.0;0
5142;2026.05.02 22:45;11.75;10.5;7.88;2184;-1.0;0
5143;2026.05.02 23:00;11.75;10.25;7;2184;-1.0;0
5144;2026.05.02 23:15;11.69;10;6.12;2184;-1.0;0
5145;2026.05.02 23:30;11.62;9.75;5.75;2184;-1.0;0
5146;2026.05.02 23:45;11.62;9.62;5.75;2184;-1.0;0
5147;2026.05.03 00:00;11.56;9.5;6.38;2184;-1.0;0
5148;2026.05.03 00:15;11.5;9.5;5.88;2184;-1.0;0
5149;2026.05.03 00:30;11.5;9.25;5.12;2184;-1.0;0
5150;2026.05.03 00:45;11.44;9.19;5.5;2184;-1.0;0
5151;2026.05.03 01:00;11.38;9.12;5.06;2184;-1.0;0
5152;2026.05.03 01:15;11.38;8.94;4.56;2183;-1.0;0
5153;2026.05.03 01:30;11.38;8.88;5.25;2183;-1.0;0
5154;2026.05.03 01:45;11.31;8.81;5;2184;-1.0;0
5155;2026.05.03 02:00;11.25;8.62;4;2184;-1.0;0
5156;2026.05.03 02:15;11.25;8.5;3.75;2184;-1.0;0
5157;2026.05.03 02:30;11.19;8.25;3.38;2183;-1.0;0
5158;2026.05.03 02:45;11.12;8.12;3.06;2183;-1.0;0
5159;2026.05.03 03:00;11.12;8;2.88;2183;-1.0;0
5160;2026.05.03 03:15;11.12;7.81;2.56;2183;-1.0;0
5161;2026.05.03 03:30;11;7.62;2.25;2183;-1.0;0
5162;2026.05.03 03:45;11;7.5;2.06;2183;-1.0;0
5163;2026.05.03 04:00;11;7.5;2.19;2183;-1.0;0
5164;2026.05.03 04:15;10.94;7.44;2.5;2183;-1.0;0
5165;2026.05.03 04:30;10.88;7.5;3.06;2183;-1.0;0
5166;2026.05.03 04:45;10.88;7.62;3.56;2183;-1.0;0
5167;2026.05.03 05:00;10.81;8;6;2183;-1.0;0
5168;2026.05.03 05:15;10.75;8.38;7.06;2184;-1.0;0
5169;2026.05.03 05:30;10.75;9.06;10.12;2183;-1.0;0
5170;2026.05.03 05:45;10.75;9.88;11;2184;-1.0;0
5171;2026.05.03 06:00;10.69;10.38;12.69;2183;-1.0;0
5172;2026.05.03 06:15;10.62;11.81;17.75;2184;-1.0;0
5173;2026.05.03 06:30;10.62;13.31;19.88;2184;-1.0;0
5174;2026.05.03 06:45;10.62;14.5;21.12;2183;-1.0;0
5175;2026.05.03 07:00;10.62;15.38;21.62;2183;-1.0;0
5176;2026.05.03 07:15;10.62;16.12;22;2184;-1.0;0
5177;2026.05.03 07:30;10.62;16.62;22.31;2184;-1.0;0
5178;2026.05.03 07:45;10.62;17.12;23.12;2183;-1.0;0
5179;2026.05.03 08:00;10.62;17.62;24.06;2183;-1.0;0
5180;2026.05.03 08:15;10.69;18.12;25.12;2183;-1.0;0
5181;2026.05.03 08:30;10.75;18.75;26.25;2183;-1.0;0
5182;2026.05.03 08:45;10.75;19.38;27;2184;-1.0;0
5183;2026.05.03 09:00;10.81;19.88;27.25;2184;-1.0;0
5184;2026.05.03 09:15;10.88;20.5;28.38;2184;-1.0;0
5185;2026.05.03 09:30;10.88;20.94;28.62;2185;-1.0;0
5186;2026.05.03 09:45;11;21.38;29;2185;-1.0;0
5187;2026.05.03 10:00;11;21.62;29.5;2185;-1.0;0
5188;2026.05.03 10:15;11.12;22;29.75;2186;-1.0;0
5189;2026.05.03 10:30;11.19;22.31;30.75;2186;-1.0;0
5190;2026.05.03 10:45;11.25;22.62;31;2186;-1.0;0
5191;2026.05.03 11:00;11.38;22.88;31.06;2187;-1.0;0
5192;2026.05.03 11:15;11.44;23;31.31;2187;-1.0;0
5193;2026.05.03 11:30;11.5;23.12;31.75;2187;-1.0;0
5194;2026.05.03 11:45;11.62;23.25;31.5;2188;-1.0;0
5195;2026.05.03 12:00;11.69;23.25;32;2188;-1.0;0
5196;2026.05.03 12:15;11.75;23.31;31.88;2188;-1.0;0
5197;2026.05.03 12:30;11.88;23.25;31.81;2189;-1.0;0
5198;2026.05.03 12:45;11.94;23.5;32.12;2189;-1.0;0
5199;2026.05.03 13:00;12;23.38;31.62;2189;-1.0;0
5200;2026.05.03 13:15;12.12;23.31;31;2190;-1.0;0
5201;2026.05.03 13:30;12.12;23.25;31.25;2190;-1.0;0
5202;2026.05.03 13:45;12.25;23.25;30.88;2190;-1.0;0
5203;2026.05.03 14:00;12.31;23.12;30.19;2190;-1.0;0
5204;2026.05.03 14:15;12.38;22.5;27.5;2190;-1.0;0
5205;2026.05.03 14:30;12.44;21.56;26.25;2190;-1.0;0
5206;2026.05.03 14:45;12.5;21;25.88;2189;-1.0;0
5207;2026.05.03 15:00;12.56;20.56;25.44;2189;-1.0;0
5208;2026.05.03 15:15;12.62;20.25;24.44;2189;-1.0;0
5209;2026.05.03 15:30;12.62;19.88;24.12;2190;-1.0;0
5210;2026.05.03 15:45;12.69;19.69;24;2189;-1.0;0
5211;2026.05.03 16:00;12.69;19.5;23.81;2189;-1.0;0
5212;2026.05.03 16:15;12.75;19.5;24.12;2189;-1.0;0
5213;2026.05.03 16:30;12.75;19.25;22.88;2189;-1.0;0
5214;2026.05.03 16:45;12.75;18.88;22.38;2189;-1.0;0
5215;2026.05.03 17:00;12.75;18.62;22;2188;-1.0;0
5216;2026.05.03 17:15;12.81;18.38;21.38;2188;-1.0;0
5217;2026.05.03 17:30;12.81;18.12;20.75;2188;-1.0;0
5218;2026.05.03 17:45;12.81;17.81;20.38;2188;-1.0;0
5219;2026.05.03 18:00;12.81;17.44;19.25;2188;-1.0;0
5220;2026.05.03 18:15;12.81;17.12;18.75;2188;-1.0;0
5221;2026.05.03 18:30;12.88;16.75;18.38;2188;-1.0;0
5222;2026.05.03 18:45;12.88;16.56;17.88;2188;-1.0;0
5223;2026.05.03 19:00;12.81;16.31;17.38;2188;-1.0;0
5224;2026.05.03 19:15;12.81;16.06;17;2188;-1.0;0
5225;2026.05.03 19:30;12.81;15.88;16.62;2187;-1.0;0
5226;2026.05.03 19:45;12.75;15.62;15.94;2187;-1.0;0
5227;2026.05.03 20:00;12.75;15.38;15.75;2188;-1.0;0
5228;2026.05.03 20:15;12.75;15.19;15.38;2187;-1.0;0
5229;2026.05.03 20:30;12.75;15;15.25;2187;-1.0;0
5230;2026.05.03 20:45;12.75;14.88;15.12;2187;-1.0;0
5231;2026.05.03 21:00;12.75;14.75;14.88;2187;-1.0;0
5232;2026.05.03 21:15;12.75;14.5;14.19;2186;-1.0;0
5233;2026.05.03 21:30;12.69;14.25;12.38;2186;-1.0;0
5234;2026.05.03 21:45;12.62;13.88;11.94;2186;-1.0;0
5235;2026.05.03 22:00;12.62;13.56;11.38;2186;-1.0;0
5236;2026.05.03 22:15;12.62;13.38;11.56;2186;-1.0;0
5237;2026.05.03 22:30;12.62;13.25;11.75;2186;-1.0;0
5238;2026.05.03 22:45;12.56;13.12;11.5;2186;-1.0;0
5239;2026.05.03 23:00;12.56;13;10.88;2186;-1.0;0
5240;2026.05.03 23:15;12.5;12.69;9.62;2186;-1.0;0
5241;2026.05.03 23:30;12.5;12.38;9;2186;-1.0;0
5242;2026.05.03 23:45;12.5;12.25;10.25;2185;-1.0;0
5243;2026.05.04 00:00;12.44;12.25;10.5;2186;-1.0;0
5244;2026.05.04 00:15;12.38;12.25;10.81;2186;-1.0;0
5245;2026.05.04 00:30;12.38;12.31;10.88;2186;-1.0;0
5246;2026.05.04 00:45;12.38;12.25;10.38;2185;-1.0;0
5247;2026.05.04 01:00;12.31;12.12;10.38;2185;-1.0;0
5248;2026.05.04 01:15;12.25;12.12;10.25;2185;-1.0;0
5249;2026.05.04 01:30;12.25;11.88;8.94;2185;-1.0;0
5250;2026.05.04 01:45;12.25;11.62;7.94;2185;-1.0;0
5251;2026.05.04 02:00;12.19;11.31;7.44;2185;-1.0;0
5252;2026.05.04 02:15;12.19;11.12;7.19;2185;-1.0;0
5253;2026.05.04 02:30;12.12;10.88;7.12;2185;-1.0;0
5254;2026.05.04 02:45;12.12;10.75;7.31;2185;-1.0;0
5255;2026.05.04 03:00;12.06;10.75;7.19;2185;-1.0;0
5256;2026.05.04 03:15;12;10.56;6.69;2185;-1.0;0
5257;2026.05.04 03:30;12;10.38;6.12;2185;-1.0;0
5258;2026.05.04 03:45;12;10.12;5.81;2185;-1.0;0
5259;2026.05.04 04:00;11.94;10.06;6.31;2184;-1.0;0
5260;2026.05.04 04:15;11.88;10.06;6.75;2184;-1.0;0
5261;2026.05.04 04:30;11.88;10.25;7.69;2185;-1.0;0
5262;2026.05.04 04:45;11.88;10.5;8.94;2185;-1.0;0
5263;2026.05.04 05:00;11.81;11;11.12;2185;-1.0;0
5264;2026.05.04 05:15;11.75;11.56;12.12;2185;-1.0;0
5265;2026.05.04 05:30;11.75;12;13.06;2185;-1.0;0
5266;2026.05.04 05:45;11.75;12.25;13;2186;-1.0;0
5267;2026.05.04 06:00;11.69;12.5;13.06;2186;-1.0;0
5268;2026.05.04 06:15;11.69;13;14.75;2185;-1.0;0
5269;2026.05.04 06:30;11.62;13.81;17.69;2185;-1.0;0
5270;2026.05.04 06:45;11.62;14.88;19.5;2185;-1.0;0
5271;2026.05.04 07:00;11.62;15.5;19.94;2186;-1.0;0
5272;2026.05.04 07:15;11.62;16.19;21.88;2186;-1.0;0
5273;2026.05.04 07:30;11.62;17.06;23.56;2186;-1.0;0
5274;2026.05.04 07:45;11.62;17.88;24.31;2186;-1.0;0
5275;2026.05.04 08:00;11.62;18.81;24.69;2186;-1.0;0
5276;2026.05.04 08:15;11.62;18.88;24.25;2186;-1.0;0
5277;2026.05.04 08:30;11.69;19.12;25.06;2187;-1.0;0
5278;2026.05.04 08:45;11.75;19.81;27.06;2187;-1.0;0
5279;2026.05.04 09:00;11.75;20.75;29.06;2188;-1.0;0
5280;2026.05.04 09:15;11.81;21.38;28.5;2188;-1.0;0
5281;2026.05.04 09:30;11.88;22;30;2189;-1.0;0
5282;2026.05.04 09:45;11.88;22.38;30;2189;-1.0;0
5283;2026.05.04 10:00;12;22.5;30.19;2190;-1.0;0
5284;2026.05.04 10:15;12;22.5;28.75;2190;-1.0;0
5285;2026.05.04 10:30;12.12;22.12;28.25;2190;-1.0;0
5286;2026.05.04 10:45;12.19;21.81;26.88;2190;-1.0;0
5287;2026.05.04 11:00;12.25;21.88;30;2191;-1.0;0
5288;2026.05.04 11:15;12.31;22.62;31.25;2191;-1.0;0
5289;2026.05.04 11:30;12.38;22.94;31.12;2192;-1.0;0
5290;2026.05.04 11:45;12.5;23.25;31.44;2192;-1.0;0
5291;2026.05.04 12:00;12.5;23.38;31.5;2193;-1.0;0
5292;2026.05.04 12:15;12.62;23.25;30.19;2192;-1.0;0
5293;2026.05.04 12:30;12.69;22.75;27.56;2192;-1.0;0
5294;2026.05.04 12:45;12.75;22.5;28.88;2193;-1.0;0
5295;2026.05.04 13:00;12.81;22.5;29;2192;-1.0;0
5296;2026.05.04 13:15;12.88;22.62;29.94;2194;-1.0;0
5297;2026.05.04 13:30;13;22.75;28.62;2195;-1.0;0
5298;2026.05.04 13:45;13;22.12;27.25;2194;-1.0;0
5299;2026.05.04 14:00;13.12;22;27.38;2194;-1.0;0
5300;2026.05.04 14:15;13.12;21.94;27.75;2194;-1.0;0
5301;2026.05.04 14:30;13.19;21.81;27.25;2194;-1.0;0
5302;2026.05.04 14:45;13.25;21.5;26.31;2195;-1.0;0
5303;2026.05.04 15:00;13.25;21.5;27.56;2194;-1.0;0
5304;2026.05.04 15:15;13.31;21.44;26.75;2195;-1.0;0
5305;2026.05.04 15:30;13.38;21.19;25.56;2195;-1.0;0
5306;2026.05.04 15:45;13.38;20.88;25.75;2195;-1.0;0
5307;2026.05.04 16:00;13.44;20.88;26.19;2195;-1.0;0
5308;2026.05.04 16:15;13.5;20.75;25.38;2196;-1.0;0
5309;2026.05.04 16:30;13.5;20.5;24.69;2196;-1.0;0
5310;2026.05.04 16:45;13.5;20.12;23.69;2195;-1.0;0
5311;2026.05.04 17:00;13.5;19.75;22.12;2195;-1.0;0
5312;2026.05.04 17:15;13.56;19.25;20.12;2195;-1.0;0
5313;2026.05.04 17:30;13.56;18.75;18.62;2194;-1.0;0
5314;2026.05.04 17:45;13.56;18.19;17.88;2194;-1.0;0
5315;2026.05.04 18:00;13.62;17.75;17.75;2194;-1.0;0
5316;2026.05.04 18:15;13.62;17.38;17.38;2195;-1.0;0
5317;2026.05.04 18:30;13.62;17.12;17.88;2194;-1.0;0
5318;2026.05.04 18:45;13.62;17;18.25;2195;-1.0;0
5319;2026.05.04 19:00;13.62;16.94;18.62;2194;-1.0;0
5320;2026.05.04 19:15;13.56;16.88;18;2193;-1.0;0
5321;2026.05.04 19:30;13.56;16.75;18;2193;-1.0;0
5322;2026.05.04 19:45;13.56;16.62;17.88;2193;-1.0;0
5323;2026.05.04 20:00;13.5;16.56;18.06;2193;-1.0;0
5324;2026.05.04 20:15;13.5;16.5;17.62;2193;-1.0;0
5325;2026.05.04 20:30;13.5;16.38;17;2193;-1.0;0
5326;2026.05.04 20:45;13.5;16.19;16.56;2193;-1.0;0
5327;2026.05.04 21:00;13.5;16.12;16.88;2193;-1.0;0
5328;2026.05.04 21:15;13.44;16;16.5;2193;-1.0;0
5329;2026.05.04 21:30;13.38;15.88;16.12;2194;-1.0;0
5330;2026.05.04 21:45;13.38;15.75;15.94;2194;-1.0;0
5331;2026.05.04 22:00;13.38;15.62;16.81;2193;-1.0;0
5332;2026.05.04 22:15;13.38;15.75;17.19;2192;-1.0;0
5333;2026.05.04 22:30;13.38;15.75;17.25;2193;-1.0;0
5334;2026.05.04 22:45;13.31;15.75;16.88;2192;-1.0;0
5335;2026.05.04 23:00;13.31;15.62;16.38;2192;-1.0;0
5336;2026.05.04 23:15;13.25;15.38;14.5;2192;-1.0;0
5337;2026.05.04 23:30;13.25;15.06;13.75;2191;-1.0;0
5338;2026.05.04 23:45;13.25;14.69;12.38;2192;-1.0;0
5339;2026.05.05 00:00;13.25;14.38;12.25;2192;-1.0;0
5340;2026.05.05 00:15;13.19;14.25;12.81;2192;-1.0;0
5341;2026.05.05 00:30;13.12;14.12;12.88;2192;-1.0;0
5342;2026.05.05 00:45;13.12;14;12;2192;-1.0;0
5343;2026.05.05 01:00;13.12;13.75;11.44;2192;-1.0;0
5344;2026.05.05 01:15;13.12;13.69;11.75;2192;-1.0;0
5345;2026.05.05 01:30;13.06;13.62;11.75;2192;-1.0;0
5346;2026.05.05 01:45;13.06;13.56;11.56;2191;-1.0;0
5347;2026.05.05 02:00;13;13.5;11.31;2192;-1.0;0
5348;2026.05.05 02:15;13;13.31;10.5;2192;-1.0;0
5349;2026.05.05 02:30;13;13.12;10.25;2192;-1.0;0
5350;2026.05.05 02:45;12.94;12.94;10.12;2192;-1.0;0
5351;2026.05.05 03:00;12.88;12.75;9.88;2191;-1.0;0
5352;2026.05.05 03:15;12.88;12.62;9.69;2191;-1.0;0
5353;2026.05.05 03:30;12.88;12.5;9.5;2191;-1.0;0
5354;2026.05.05 03:45;12.88;12.38;9.12;2191;-1.0;0
5355;2026.05.05 04:00;12.81;12.25;9.25;2191;-1.0;0
5356;2026.05.05 04:15;12.75;12.25;9.88;2191;-1.0;0
5357;2026.05.05 04:30;12.75;12.5;11.12;2191;-1.0;0
5358;2026.05.05 04:45;12.75;12.75;12.25;2191;-1.0;0
5359;2026.05.05 05:00;12.69;13.25;14.94;2191;-1.0;0
5360;2026.05.05 05:15;12.62;13.81;15.62;2191;-1.0;0
5361;2026.05.05 05:30;12.62;14.31;16.88;2192;-1.0;0
5362;2026.05.05 05:45;12.62;14.69;16.75;2192;-1.0;0
5363;2026.05.05 06:00;12.62;14.88;17.25;2191;-1.0;0
5364;2026.05.05 06:15;12.62;15.62;20.62;2192;-1.0;0
5365;2026.05.05 06:30;12.62;16.88;23.38;2192;-1.0;0
5366;2026.05.05 06:45;12.56;17.88;23.62;2192;-1.0;0
5367;2026.05.05 07:00;12.56;18.44;24.56;2192;-1.0;0
5368;2026.05.05 07:15;12.56;19;25.12;2193;-1.0;0
5369;2026.05.05 07:30;12.56;19.62;25.75;2194;-1.0;0
5370;2026.05.05 07:45;12.62;20.25;26.12;2193;-1.0;0
5371;2026.05.05 08:00;12.62;20.75;26.88;2194;-1.0;0
5372;2026.05.05 08:15;12.62;21.06;27.88;2194;-1.0;0
5373;2026.05.05 08:30;12.69;21.44;28.62;2194;-1.0;0
5374;2026.05.05 08:45;12.75;22;29.12;2194;-1.0;0
5375;2026.05.05 09:00;12.75;22.38;29.12;2195;-1.0;0
5376;2026.05.05 09:15;12.81;22.81;29.38;2195;-1.0;0
5377;2026.05.05 09:30;12.88;23.25;31.06;2196;-1.0;0
5378;2026.05.05 09:45;12.94;23.75;31.25;2196;-1.0;0
5379;2026.05.05 10:00;13;24.12;31.12;2197;-1.0;0
5380;2026.05.05 10:15;13.06;24.38;32.88;2197;-1.0;0
5381;2026.05.05 10:30;13.12;24.69;32.5;2198;-1.0;0
5382;2026.05.05 10:45;13.25;25.06;33.38;2200;-1.0;0
5383;2026.05.05 11:00;13.25;25.25;32.81;2200;-1.0;0
5384;2026.05.05 11:15;13.38;25.12;32.62;2200;-1.0;0
5385;2026.05.05 11:30;13.5;25.38;32.75;2200;-1.0;0
5386;2026.05.05 11:45;13.5;25.38;31.75;2201;-1.0;0
5387;2026.05.05 12:00;13.62;24.38;28.5;2200;-1.0;0
5388;2026.05.05 12:15;13.69;23.44;26.5;2200;-1.0;0
5389;2026.05.05 12:30;13.75;22.5;25.19;2200;-1.0;0
5390;2026.05.05 12:45;13.88;21.94;24.5;2200;-1.0;0
5391;2026.05.05 13:00;13.88;21.56;24.38;2200;-1.0;0
5392;2026.05.05 13:15;14;21.38;24.5;2200;-1.0;0
5393;2026.05.05 13:30;14;21.25;24.88;2201;-1.0;0
5394;2026.05.05 13:45;14.06;21.5;26.25;2201;-1.0;0
5395;2026.05.05 14:00;14.12;22.12;28.75;2201;-1.0;0
5396;2026.05.05 14:15;14.12;22.12;26.25;2202;-1.0;0
5397;2026.05.05 14:30;14.19;22;26.12;2202;-1.0;0
5398;2026.05.05 14:45;14.25;21.69;24.62;2202;-1.0;0
5399;2026.05.05 15:00;14.25;20.88;22.5;2202;-1.0;0
5400;2026.05.05 15:15;14.25;20.38;22.56;2202;-1.0;0
5401;2026.05.05 15:30;14.25;20.25;22.88;2202;-1.0;0
5402;2026.05.05 15:45;14.31;20;22.31;2202;-1.0;0
5403;2026.05.05 16:00;14.31;19.81;22.38;2202;-1.0;0
5404;2026.05.05 16:15;14.38;19.81;23;2201;-1.0;0
5405;2026.05.05 16:30;14.38;19.62;22.12;2201;-1.0;0
5406;2026.05.05 16:45;14.38;19.5;22.25;2201;-1.0;0
5407;2026.05.05 17:00;14.38;19.38;21.56;2201;-1.0;0
5408;2026.05.05 17:15;14.31;19;20.19;2200;-1.0;0
5409;2026.05.05 17:30;14.38;18.62;19.38;2200;-1.0;0
5410;2026.05.05 17:45;14.38;18.38;18.88;2200;-1.0;0
5411;2026.05.05 18:00;14.31;18;18.5;2201;-1.0;0
5412;2026.05.05 18:15;14.31;17.75;17.75;2202;-1.0;0
5413;2026.05.05 18:30;14.31;17.5;17.44;2201;-1.0;0
5414;2026.05.05 18:45;14.25;17.12;15.75;2201;-1.0;0
5415;2026.05.05 19:00;14.25;16.69;14.25;2201;-1.0;0
5416;2026.05.05 19:15;14.25;16.25;14.12;2200;-1.0;0
5417;2026.05.05 19:30;14.25;16;14;2199;-1.0;0
5418;2026.05.05 19:45;14.25;15.88;14.69;2200;-1.0;0
5419;2026.05.05 20:00;14.19;16;15.88;2200;-1.0;0
5420;2026.05.05 20:15;14.19;16;15.75;2200;-1.0;0
5421;2026.05.05 20:30;14.12;16;15.62;2198;-1.0;0
5422;2026.05.05 20:45;14.12;16;15.44;2197;-1.0;0
5423;2026.05.05 21:00;14.12;15.88;14.56;2197;-1.0;0
5424;2026.05.05 21:15;14.06;15.69;13.62;2197;-1.0;0
5425;2026.05.05 21:30;14;15.5;13.25;2198;-1.0;0
5426;2026.05.05 21:45;14;15.25;13;2197;-1.0;0
5427;2026.05.05 22:00;14;15.12;12.75;2197;-1.0;0
5428;2026.05.05 22:15;14;14.94;12.69;2197;-1.0;0
5429;2026.05.05 22:30;13.94;14.81;12.5;2197;-1.0;0
5430;2026.05.05 22:45;13.88;14.75;12.25;2196;-1.0;0
5431;2026.05.05 23:00;13.88;14.5;11.69;2197;-1.0;0
5432;2026.05.05 23:15;13.88;14.38;11.12;2197;-1.0;0
5433;2026.05.05 23:30;13.88;14.12;10.5;2197;-1.0;0
5434;2026.05.05 23:45;13.81;13.88;10;2196;-1.0;0
5435;2026.05.06 00:00;13.75;13.62;9.75;2197;-1.0;0
5436;2026.05.06 00:15;13.75;13.31;8.94;2196;-1.0;0
5437;2026.05.06 00:30;13.75;13;8.56;2196;-1.0;0
5438;2026.05.06 00:45;13.75;12.69;7.62;2197;-1.0;0
5439;2026.05.06 01:00;13.69;12.38;7.88;2197;-1.0;0
5440;2026.05.06 01:15;13.62;12.12;7.25;2197;-1.0;0
5441;2026.05.06 01:30;13.62;11.88;6.75;2197;-1.0;0
5442;2026.05.06 01:45;13.62;11.62;7.06;2197;-1.0;0
5443;2026.05.06 02:00;13.56;11.56;7.38;2197;-1.0;0
5444;2026.05.06 02:15;13.5;11.56;8.06;2197;-1.0;0
5445;2026.05.06 02:30;13.5;11.62;8.19;2197;-1.0;0
5446;2026.05.06 02:45;13.44;11.62;7.5;2197;-1.0;0
5447;2026.05.06 03:00;13.38;11.44;6.88;2197;-1.0;0
5448;2026.05.06 03:15;13.38;11.31;7.12;2197;-1.0;0
5449;2026.05.06 03:30;13.31;11.25;7;2197;-1.0;0
5450;2026.05.06 03:45;13.25;11.12;7;2199;-1.0;0
5451;2026.05.06 04:00;13.25;11.12;7.5;2197;-1.0;0
5452;2026.05.06 04:15;13.25;11.25;9;2197;-1.0;0
5453;2026.05.06 04:30;13.12;11.62;10.5;2198;-1.0;0
5454;2026.05.06 04:45;13.12;12;11.25;2197;-1.0;0
5455;2026.05.06 05:00;13.12;12.44;11.88;2198;-1.0;0
5456;2026.05.06 05:15;13.06;12.75;12;2198;-1.0;0
5457;2026.05.06 05:30;13;12.94;12.06;2197;-1.0;0
5458;2026.05.06 05:45;13;13.12;12.44;2197;-1.0;0
5459;2026.05.06 06:00;13;13.38;13.25;2197;-1.0;0
5460;2026.05.06 06:15;12.94;13.81;13.5;2198;-1.0;0
5461;2026.05.06 06:30;12.94;14.38;15.62;2199;-1.0;0
5462;2026.05.06 06:45;12.88;14.75;15.88;2198;-1.0;0
5463;2026.05.06 07:00;12.88;15.56;18;2198;-1.0;0
5464;2026.05.06 07:15;12.88;16;18.19;2198;-1.0;0
5465;2026.05.06 07:30;12.88;16.5;19.69;2198;-1.0;0
5466;2026.05.06 07:45;12.88;17;20.5;2198;-1.0;0
5467;2026.05.06 08:00;12.88;17.12;19.12;2198;-1.0;0
5468;2026.05.06 08:15;12.88;17.12;20.12;2197;-1.0;0
5469;2026.05.06 08:30;12.94;17.44;20.62;2198;-1.0;0
5470;2026.05.06 08:45;12.94;18;22.25;2198;-1.0;0
5471;2026.05.06 09:00;13;18.94;23.5;2198;-1.0;0
5472;2026.05.06 09:15;13;19.31;23.62;2198;-1.0;0
5473;2026.05.06 09:30;13;19.81;24.38;2199;-1.0;0
5474;2026.05.06 09:45;13.06;20.19;25.38;2198;-1.0;0
5475;2026.05.06 10:00;13.12;20.38;25.56;2198;-1.0;0
5476;2026.05.06 10:15;13.12;20.69;26;2199;-1.0;0
5477;2026.05.06 10:30;13.25;21;26.88;2199;-1.0;0
5478;2026.05.06 10:45;13.25;21.31;26.75;2200;-1.0;0
5479;2026.05.06 11:00;13.38;21.5;27.38;2200;-1.0;0
5480;2026.05.06 11:15;13.38;21.62;27;2200;-1.0;0
5481;2026.05.06 11:30;13.5;21.69;28;2200;-1.0;0
5482;2026.05.06 11:45;13.5;21.56;26.75;2200;-1.0;0
5483;2026.05.06 12:00;13.62;21.88;28.69;2201;-1.0;0
5484;2026.05.06 12:15;13.62;21.62;25;2201;-1.0;0
5485;2026.05.06 12:30;13.75;21.12;25;2201;-1.0;0
5486;2026.05.06 12:45;13.75;20.81;24.38;2201;-1.0;0
5487;2026.05.06 13:00;13.88;20.88;26.31;2202;-1.0;0
5488;2026.05.06 13:15;13.88;20.81;24.56;2202;-1.0;0
5489;2026.05.06 13:30;13.94;20.5;25.12;2202;-1.0;0
5490;2026.05.06 13:45;14;20.38;23.94;2202;-1.0;0
5491;2026.05.06 14:00;14;20.75;27;2202;-1.0;0
5492;2026.05.06 14:15;14.06;20.38;23.81;2203;-1.0;0
5493;2026.05.06 14:30;14.12;20.06;23.5;2202;-1.0;0
5494;2026.05.06 14:45;14.12;19.88;23.69;2203;-1.0;0
5495;2026.05.06 15:00;14.12;19.62;22.75;2203;-1.0;0
5496;2026.05.06 15:15;14.19;19.12;20.75;2203;-1.0;0
5497;2026.05.06 15:30;14.19;18.88;20.12;2202;-1.0;0
5498;2026.05.06 15:45;14.25;18.69;20.5;2202;-1.0;0
5499;2026.05.06 16:00;14.25;18.56;20;2203;-1.0;0
5500;2026.05.06 16:15;14.25;18.12;18.38;2202;-1.0;0
5501;2026.05.06 16:30;14.25;17.88;18.62;2202;-1.0;0
5502;2026.05.06 16:45;14.25;17.62;18.12;2202;-1.0;0
5503;2026.05.06 17:00;14.25;17.38;17.25;2202;-1.0;0
5504;2026.05.06 17:15;14.25;17.12;16.5;2202;-1.0;0
5505;2026.05.06 17:30;14.25;16.81;16.12;2202;-1.0;0
5506;2026.05.06 17:45;14.25;16.62;15.88;2202;-1.0;0
5507;2026.05.06 18:00;14.25;16.38;15.81;2201;-1.0;0
5508;2026.05.06 18:15;14.25;16.25;15.12;2201;-1.0;0
5509;2026.05.06 18:30;14.25;16;14.5;2201;-1.0;0
5510;2026.05.06 18:45;14.25;15.75;14.12;2202;-1.0;0
5511;2026.05.06 19:00;14.25;15.62;13.5;2201;-1.0;0
5512;2026.05.06 19:15;14.19;15.38;13.12;2201;-1.0;0
5513;2026.05.06 19:30;14.19;15.12;12.88;2201;-1.0;0
5514;2026.05.06 19:45;14.12;14.88;12.5;2201;-1.0;0
5515;2026.05.06 20:00;14.12;14.62;12.19;2202;-1.0;0
5516;2026.05.06 20:15;14.12;14.5;11.94;2201;-1.0;0
5517;2026.05.06 20:30;14.12;14.31;11.75;2202;-1.0;0
5518;2026.05.06 20:45;14.06;14.19;11.5;2202;-1.0;0
5519;2026.05.06 21:00;14;14;11.31;2202;-1.0;0
5520;2026.05.06 21:15;14;13.94;11;2203;-1.0;0
5521;2026.05.06 21:30;14;13.81;10.75;2204;-1.0;0
5522;2026.05.06 21:45;14;13.69;10.75;2204;-1.0;0
5523;2026.05.06 22:00;13.94;13.62;11.25;2205;-1.0;0
5524;2026.05.06 22:15;13.94;13.62;11.12;2205;-1.0;0
5525;2026.05.06 22:30;13.88;13.5;10.31;2206;-1.0;0
5526;2026.05.06 22:45;13.88;13.25;9.12;2207;-1.0;0
5527;2026.05.06 23:00;13.88;13;8.69;2207;-1.0;0
5528;2026.05.06 23:15;13.81;12.75;8.5;2208;-1.0;0
5529;2026.05.06 23:30;13.75;12.56;8.5;2209;-1.0;0
5530;2026.05.06 23:45;13.75;12.38;8;2209;-1.0;0
5531;2026.05.07 00:00;13.75;12.12;7.5;2209;-1.0;0
5532;2026.05.07 00:15;13.75;12;8.25;2209;-1.0;0
5533;2026.05.07 00:30;13.69;11.94;8.5;2210;-1.0;0
5534;2026.05.07 00:45;13.62;11.81;6.88;2210;-1.0;0
5535;2026.05.07 01:00;13.62;11.5;6.56;2210;-1.0;0
5536;2026.05.07 01:15;13.62;11.31;7.25;2211;-1.0;0
5537;2026.05.07 01:30;13.56;11.25;6.5;2212;-1.0;0
5538;2026.05.07 01:45;13.5;11.06;5.56;2212;-1.0;0
5539;2026.05.07 02:00;13.5;10.75;4.88;2212;-1.0;0
5540;2026.05.07 02:15;13.44;10.5;5.5;2212;-1.0;0
5541;2026.05.07 02:30;13.38;10.38;5.38;2213;-1.0;0
5542;2026.05.07 02:45;13.38;10.25;5.12;2214;-1.0;0
5543;2026.05.07 03:00;13.38;10.12;4.75;2213;-1.0;0
5544;2026.05.07 03:15;13.31;10;5;2213;-1.0;0
5545;2026.05.07 03:30;13.25;9.88;4.62;2214;-1.0;0
5546;2026.05.07 03:45;13.25;9.75;5.12;2214;-1.0;0
5547;2026.05.07 04:00;13.12;9.75;5.38;2215;-1.0;0
5548;2026.05.07 04:15;13.12;9.69;4.88;2214;-1.0;0
5549;2026.05.07 04:30;13.12;9.62;4.5;2215;-1.0;0
5550;2026.05.07 04:45;13.06;9.56;4.88;2215;-1.0;0
5551;2026.05.07 05:00;13;9.69;7.38;2215;-1.0;0
5552;2026.05.07 05:15;13;10.19;8.62;2215;-1.0;0
5553;2026.05.07 05:30;12.94;10.75;9.94;2215;-1.0;0
5554;2026.05.07 05:45;12.88;11.5;11.5;2215;-1.0;0
5555;2026.05.07 06:00;12.88;12;12.88;2215;-1.0;0
5556;2026.05.07 06:15;12.81;12.56;12.38;2215;-1.0;0
5557;2026.05.07 06:30;12.75;12.88;12.88;2216;-1.0;0
5558;2026.05.07 06:45;12.75;13.19;13.62;2216;-1.0;0
5559;2026.05.07 07:00;12.75;13.5;14;2216;-1.0;0
5560;2026.05.07 07:15;12.75;13.81;14.75;2216;-1.0;0
5561;2026.05.07 07:30;12.75;13.94;14.38;2215;-1.0;0
5562;2026.05.07 07:45;12.69;14.19;15.44;2215;-1.0;0
5563;2026.05.07 08:00;12.69;14.5;16.25;2216;-1.0;0
5564;2026.05.07 08:15;12.75;15;17.75;2217;-1.0;0
5565;2026.05.07 08:30;12.75;16;20.38;2216;-1.0;0
5566;2026.05.07 08:45;12.75;16.19;18.5;2216;-1.0;0
5567;2026.05.07 09:00;12.75;16.25;19.5;2216;-1.0;0
5568;2026.05.07 09:15;12.75;16.38;18.38;2216;-1.0;0
5569;2026.05.07 09:30;12.75;16.75;20.25;2218;-1.0;0
5570;2026.05.07 09:45;12.81;17;19.88;2217;-1.0;0
5571;2026.05.07 10:00;12.88;16.88;19.5;2217;-1.0;0
5572;2026.05.07 10:15;12.88;16.88;20.12;2218;-1.0;0
5573;2026.05.07 10:30;12.88;17;20;2219;-1.0;0
5574;2026.05.07 10:45;12.94;17.06;20;2218;-1.0;0
5575;2026.05.07 11:00;13;17.5;20.5;2219;-1.0;0
5576;2026.05.07 11:15;13;17.5;20;2220;-1.0;0
5577;2026.05.07 11:30;13.06;17.12;20.25;2220;-1.0;0
5578;2026.05.07 11:45;13.12;17.94;23.5;2220;-1.0;0
5579;2026.05.07 12:00;13.12;17.56;19.25;2220;-1.0;0
5580;2026.05.07 12:15;13.25;17.5;20.62;2220;-1.0;0
5581;2026.05.07 12:30;13.25;17.5;19.5;2221;-1.0;0
5582;2026.05.07 12:45;13.25;17.38;19.12;2222;-1.0;0
5583;2026.05.07 13:00;13.38;17;17.62;2222;-1.0;0
5584;2026.05.07 13:15;13.38;16.75;17.75;2222;-1.0;0
5585;2026.05.07 13:30;13.38;16.75;18.62;2222;-1.0;0
5586;2026.05.07 13:45;13.44;16.81;19;2223;-1.0;0
5587;2026.05.07 14:00;13.5;16.81;18.94;2223;-1.0;0
5588;2026.05.07 14:15;13.5;16.62;17.56;2224;-1.0;0
5589;2026.05.07 14:30;13.5;16.44;17.5;2224;-1.0;0
5590;2026.05.07 14:45;13.56;16.31;16.88;2224;-1.0;0
5591;2026.05.07 15:00;13.56;16.19;16.88;2224;-1.0;0
5592;2026.05.07 15:15;13.62;16.12;16.81;2224;-1.0;0
5593;2026.05.07 15:30;13.62;16;16.75;2224;-1.0;0
5594;2026.05.07 15:45;13.62;15.88;15.62;2225;-1.0;0
5595;2026.05.07 16:00;13.62;15.69;15.81;2225;-1.0;0
5596;2026.05.07 16:15;13.62;15.62;15.69;2224;-1.0;0
5597;2026.05.07 16:30;13.62;15.38;14.44;2224;-1.0;0
5598;2026.05.07 16:45;13.62;15.06;14.12;2224;-1.0;0
5599;2026.05.07 17:00;13.62;14.81;13.38;2225;-1.0;0
5600;2026.05.07 17:15;13.62;14.5;11.62;2225;-1.0;0
5601;2026.05.07 17:30;13.62;14;11;2225;-1.0;0
5602;2026.05.07 17:45;13.62;13.75;10.38;2225;-1.0;0
5603;2026.05.07 18:00;13.62;13.44;10.31;2225;-1.0;0
5604;2026.05.07 18:15;13.62;13.25;9.31;2225;-1.0;0
5605;2026.05.07 18:30;13.62;12.88;8.75;2225;-1.0;0
5606;2026.05.07 18:45;13.62;12.5;7.81;2225;-1.0;0
5607;2026.05.07 19:00;13.62;12.25;7.06;2225;-1.0;0
5608;2026.05.07 19:15;13.62;11.88;6.12;2226;-1.0;0
5609;2026.05.07 19:30;13.56;11.5;5.5;2226;-1.0;0
5610;2026.05.07 19:45;13.5;11.25;4.88;2226;-1.0;0
5611;2026.05.07 20:00;13.5;10.88;4.44;2226;-1.0;0
5612;2026.05.07 20:15;13.5;10.56;3.94;2228;-1.0;0
5613;2026.05.07 20:30;13.44;10.25;3.81;2227;-1.0;0
5614;2026.05.07 20:45;13.38;10.06;3.5;2227;-1.0;0
5615;2026.05.07 21:00;13.38;9.88;3.12;2227;-1.0;0
5616;2026.05.07 21:15;13.31;9.62;3.12;2228;-1.0;0
5617;2026.05.07 21:30;13.25;9.5;3.19;2228;-1.0;0
5618;2026.05.07 21:45;13.25;9.38;3.75;2228;-1.0;0
5619;2026.05.07 22:00;13.25;9.5;5.12;2228;-1.0;0
5620;2026.05.07 22:15;13.12;9.62;4.25;2228;-1.0;0
5621;2026.05.07 22:30;13.12;9.5;3.88;2228;-1.0;0
5622;2026.05.07 22:45;13.06;9.38;3.62;2228;-1.0;0
5623;2026.05.07 23:00;13;9.38;4.62;2229;-1.0;0
5624;2026.05.07 23:15;13;9.44;5.44;2227;-1.0;0
5625;2026.05.07 23:30;12.94;9.62;6;2227;-1.0;0
5626;2026.05.07 23:45;12.88;9.75;5.94;2228;-1.0;0
5627;2026.05.08 00:00;12.88;9.88;6.12;2228;-1.0;0
5628;2026.05.08 00:15;12.81;9.94;6.12;2228;-1.0;0
5629;2026.05.08 00:30;12.75;10;6.44;2228;-1.0;0
5630;2026.05.08 00:45;12.75;10.12;6.62;2228;-1.0;0
5631;2026.05.08 01:00;12.75;10.19;6.75;2228;-1.0;0
5632;2026.05.08 01:15;12.69;10.25;6.94;2228;-1.0;0
5633;2026.05.08 01:30;12.62;10.38;7.25;2229;-1.0;0
5634;2026.05.08 01:45;12.62;10.38;7.31;2227;-1.0;0
5635;2026.05.08 02:00;12.62;10.5;7.31;2227;-1.0;0
5636;2026.05.08 02:15;12.56;10.5;7;2227;-1.0;0
5637;2026.05.08 02:30;12.5;10.44;6.25;2227;-1.0;0
5638;2026.05.08 02:45;12.5;10.25;5.75;2227;-1.0;0
5639;2026.05.08 03:00;12.5;10.12;4.88;2227;-1.0;0
5640;2026.05.08 03:15;12.5;9.88;4.81;2228;-1.0;0
5641;2026.05.08 03:30;12.44;9.75;4.62;2228;-1.0;0
5642;2026.05.08 03:45;12.38;9.56;4.38;2227;-1.0;0
5643;2026.05.08 04:00;12.38;9.5;4.5;2228;-1.0;0
5644;2026.05.08 04:15;12.38;9.44;5.25;2227;-1.0;0
5645;2026.05.08 04:30;12.38;9.62;7.25;2226;-1.0;0
5646;2026.05.08 04:45;12.38;10;8.12;2227;-1.0;0
5647;2026.05.08 05:00;12.31;10.25;8.69;2227;-1.0;0
5648;2026.05.08 05:15;12.25;10.5;8.94;2228;-1.0;0
5649;2026.05.08 05:30;12.25;10.75;9.12;2226;-1.0;0
5650;2026.05.08 05:45;12.25;11;9.44;2227;-1.0;0
5651;2026.05.08 06:00;12.25;11.25;10.12;2226;-1.0;0
5652;2026.05.08 06:15;12.19;11.62;11.25;2227;-1.0;0
5653;2026.05.08 06:30;12.19;12.25;14.88;2228;-1.0;0
5654;2026.05.08 06:45;12.12;13.25;16.38;2227;-1.0;0
5655;2026.05.08 07:00;12.12;14.31;18.12;2227;-1.0;0
5656;2026.05.08 07:15;12.12;14.12;13.94;2227;-1.0;0
5657;2026.05.08 07:30;12.12;13.75;13.5;2226;-1.0;0
5658;2026.05.08 07:45;12.12;13.5;13.75;2226;-1.0;0
5659;2026.05.08 08:00;12.19;13.5;13.25;2226;-1.0;0
5660;2026.05.08 08:15;12.19;13.62;13.75;2226;-1.0;0
5661;2026.05.08 08:30;12.19;13.81;14.69;2226;-1.0;0
5662;2026.05.08 08:45;12.25;14.06;15.75;2226;-1.0;0
5663;2026.05.08 09:00;12.25;14.31;16;2225;-1.0;0
5664;2026.05.08 09:15;12.25;14.5;16.12;2226;-1.0;0
5665;2026.05.08 09:30;12.25;14.5;15.62;2225;-1.0;0
5666;2026.05.08 09:45;12.25;14.62;16.5;2225;-1.0;0
5667;2026.05.08 10:00;12.31;15;17.62;2226;-1.0;0
5668;2026.05.08 10:15;12.38;15.31;18.25;2226;-1.0;0
5669;2026.05.08 10:30;12.38;15.69;19.06;2226;-1.0;0
5670;2026.05.08 10:45;12.38;16.25;20.44;2226;-1.0;0
5671;2026.05.08 11:00;12.38;16.69;19.88;2227;-1.0;0
5672;2026.05.08 11:15;12.44;16.5;18.75;2227;-1.0;0
5673;2026.05.08 11:30;12.5;17.38;23.12;2228;-1.0;0
5674;2026.05.08 11:45;12.5;17.25;21.12;2228;-1.0;0
5675;2026.05.08 12:00;12.56;17.06;20.19;2228;-1.0;0
5676;2026.05.08 12:15;12.62;17.12;20.31;2227;-1.0;0
5677;2026.05.08 12:30;12.62;17.19;20;2227;-1.0;0
5678;2026.05.08 12:45;12.62;17.31;21.5;2228;-1.0;0
5679;2026.05.08 13:00;12.69;17.69;21.5;2228;-1.0;0
5680;2026.05.08 13:15;12.75;17.88;21.88;2228;-1.0;0
5681;2026.05.08 13:30;12.75;17.5;19.19;2228;-1.0;0
5682;2026.05.08 13:45;12.88;17;18.12;2228;-1.0;0
5683;2026.05.08 14:00;12.88;16.88;18.12;2228;-1.0;0
5684;2026.05.08 14:15;12.88;16.62;17.88;2229;-1.0;0
5685;2026.05.08 14:30;13;16.81;18.94;2228;-1.0;0
5686;2026.05.08 14:45;13;16.5;17.69;2228;-1.0;0
5687;2026.05.08 15:00;13;16.38;18;2228;-1.0;0
5688;2026.05.08 15:15;13.06;16.31;17.31;2229;-1.0;0
5689;2026.05.08 15:30;13.12;16.19;17.56;2228;-1.0;0
5690;2026.05.08 15:45;13.12;16.12;17.5;2228;-1.0;0
5691;2026.05.08 16:00;13.12;16.12;18;2229;-1.0;0
5692;2026.05.08 16:15;13.12;16.12;17.38;2229;-1.0;0
5693;2026.05.08 16:30;13.19;16;17.12;2228;-1.0;0
5694;2026.05.08 16:45;13.19;16;17.12;2229;-1.0;0
5695;2026.05.08 17:00;13.25;15.75;16.25;2229;-1.0;0
5696;2026.05.08 17:15;13.25;15.38;14.75;2229;-1.0;0
5697;2026.05.08 17:30;13.25;15;14;2229;-1.0;0
5698;2026.05.08 17:45;13.25;14.75;12.25;2229;-1.0;0
5699;2026.05.08 18:00;13.25;14.25;10.12;2229;-1.0;0
5700;2026.05.08 18:15;13.25;13.69;9.5;2229;-1.0;0
5701;2026.05.08 18:30;13.25;13.25;8.31;2229;-1.0;0
5702;2026.05.08 18:45;13.25;12.75;8.38;2228;-1.0;0
5703;2026.05.08 19:00;13.25;12.5;8.81;2228;-1.0;0
5704;2026.05.08 19:15;13.25;12.31;8.69;2229;-1.0;0
5705;2026.05.08 19:30;13.25;12.12;7.88;2228;-1.0;0
5706;2026.05.08 19:45;13.25;11.81;7.38;2228;-1.0;0
5707;2026.05.08 20:00;13.25;11.56;7.5;2228;-1.0;0
5708;2026.05.08 20:15;13.19;11.38;7;2228;-1.0;0
5709;2026.05.08 20:30;13.12;11.25;7.38;2229;-1.0;0
5710;2026.05.08 20:45;13.12;11.12;6.12;2229;-1.0;0
5711;2026.05.08 21:00;13.12;10.88;5.25;2229;-1.0;0
5712;2026.05.08 21:15;13.06;10.56;4.69;2229;-1.0;0
5713;2026.05.08 21:30;13.06;10.38;5.25;2229;-1.0;0
5714;2026.05.08 21:45;13;10.38;5.81;2229;-1.0;0
5715;2026.05.08 22:00;13;10.38;5.75;2229;-1.0;0
5716;2026.05.08 22:15;13;10.38;5.88;2229;-1.0;0
5717;2026.05.08 22:30;12.94;10.25;5.19;2229;-1.0;0
5718;2026.05.08 22:45;12.88;10.12;4.69;2228;-1.0;0
5719;2026.05.08 23:00;12.88;10;5.12;2229;-1.0;0
5720;2026.05.08 23:15;12.81;10;6;2229;-1.0;0
5721;2026.05.08 23:30;12.75;10.12;6.62;2229;-1.0;0
5722;2026.05.08 23:45;12.75;10.31;7.06;2229;-1.0;0
5723;2026.05.09 00:00;12.75;10.5;7.31;2229;-1.0;0
5724;2026.05.09 00:15;12.69;10.56;7.62;2229;-1.0;0
5725;2026.05.09 00:30;12.62;10.62;7.88;2229;-1.0;0
5726;2026.05.09 00:45;12.62;10.75;8;2229;-1.0;0
5727;2026.05.09 01:00;12.62;10.88;8;2229;-1.0;0
5728;2026.05.09 01:15;12.56;10.88;7.81;2229;-1.0;0
5729;2026.05.09 01:30;12.5;10.88;7.69;2228;-1.0;0
5730;2026.05.09 01:45;12.5;10.75;6.75;2228;-1.0;0
5731;2026.05.09 02:00;12.5;10.44;5.12;2228;-1.0;0
5732;2026.05.09 02:15;12.5;10;3.94;2228;-1.0;0
5733;2026.05.09 02:30;12.44;9.62;4;2227;-1.0;0
5734;2026.05.09 02:45;12.38;9.38;3.75;2227;-1.0;0
5735;2026.05.09 03:00;12.38;9.19;3.56;2227;-1.0;0
5736;2026.05.09 03:15;12.38;9.12;4.38;2227;-1.0;0
5737;2026.05.09 03:30;12.38;9.12;4.06;2228;-1.0;0
5738;2026.05.09 03:45;12.31;9;3.62;2228;-1.0;0
5739;2026.05.09 04:00;12.25;9;5.06;2228;-1.0;0
5740;2026.05.09 04:15;12.25;9.25;5.62;2228;-1.0;0
5741;2026.05.09 04:30;12.25;9.38;5.62;2228;-1.0;0
5742;2026.05.09 04:45;12.25;9.5;6.5;2228;-1.0;0
5743;2026.05.09 05:00;12.19;9.94;8.5;2228;-1.0;0
5744;2026.05.09 05:15;12.12;10.31;8.25;2228;-1.0;0
5745;2026.05.09 05:30;12.12;10.62;9.5;2228;-1.0;0
5746;2026.05.09 05:45;12.12;11.19;11.25;2228;-1.0;0
5747;2026.05.09 06:00;12.12;11.5;12.12;2228;-1.0;0
5748;2026.05.09 06:15;12.06;12.44;15.06;2228;-1.0;0
5749;2026.05.09 06:30;12.06;12.81;14.5;2228;-1.0;0
5750;2026.05.09 06:45;12;13;13.62;2228;-1.0;0
5751;2026.05.09 07:00;12;13.62;16.62;2227;-1.0;0
5752;2026.05.09 07:15;12;14.12;16;2227;-1.0;0
5753;2026.05.09 07:30;12;14.38;17.25;2227;-1.0;0
5754;2026.05.09 07:45;12;14.88;18.25;2227;-1.0;0
5755;2026.05.09 08:00;12;15.88;20.38;2227;-1.0;0
5756;2026.05.09 08:15;12.06;15.75;17.75;2227;-1.0;0
5757;2026.05.09 08:30;12.06;15.25;16.62;2226;-1.0;0
5758;2026.05.09 08:45;12.12;15.62;18.5;2226;-1.0;0
5759;2026.05.09 09:00;12.12;16.31;21;2226;-1.0;0
5760;2026.05.09 09:15;12.12;17.38;22;2227;-1.0;0
5761;2026.05.09 09:30;12.19;17.06;18.94;2227;-1.0;0
5762;2026.05.09 09:45;12.25;17.19;21.75;2226;-1.0;0
5763;2026.05.09 10:00;12.25;17;19;2226;-1.0;0
5764;2026.05.09 10:15;12.31;17.31;20.69;2227;-1.0;0
5765;2026.05.09 10:30;12.38;18.12;23.69;2226;-1.0;0
5766;2026.05.09 10:45;12.38;18.12;21.94;2227;-1.0;0
5767;2026.05.09 11:00;12.44;18.44;21.94;2227;-1.0;0
5768;2026.05.09 11:15;12.5;17.75;19;2226;-1.0;0
5769;2026.05.09 11:30;12.5;17.88;22.88;2227;-1.0;0
5770;2026.05.09 11:45;12.62;18.38;21.38;2228;-1.0;0
5771;2026.05.09 12:00;12.62;18.12;21.5;2228;-1.0;0
5772;2026.05.09 12:15;12.69;18.81;25;2228;-1.0;0
5773;2026.05.09 12:30;12.75;19.25;23.06;2228;-1.0;0
5774;2026.05.09 12:45;12.75;18.5;21.25;2228;-1.0;0
5775;2026.05.09 13:00;12.88;19.19;25.25;2229;-1.0;0
5776;2026.05.09 13:15;12.88;19.31;24.25;2229;-1.0;0
5777;2026.05.09 13:30;12.94;19.88;25.69;2229;-1.0;0
5778;2026.05.09 13:45;13;20.06;25.12;2229;-1.0;0
5779;2026.05.09 14:00;13.06;19.75;23.12;2229;-1.0;0
5780;2026.05.09 14:15;13.12;19.12;21.12;2229;-1.0;0
5781;2026.05.09 14:30;13.12;18.62;20.62;2229;-1.0;0
5782;2026.05.09 14:45;13.19;18.25;19.88;2229;-1.0;0
5783;2026.05.09 15:00;13.25;18;20.12;2229;-1.0;0
5784;2026.05.09 15:15;13.25;17.81;19.75;2230;-1.0;0
5785;2026.05.09 15:30;13.31;17.62;19.62;2230;-1.0;0
5786;2026.05.09 15:45;13.38;17.5;19.25;2230;-1.0;0
5787;2026.05.09 16:00;13.38;17.25;18;2229;-1.0;0
5788;2026.05.09 16:15;13.44;16.94;17.75;2230;-1.0;0
5789;2026.05.09 16:30;13.44;16.69;16.88;2230;-1.0;0
5790;2026.05.09 16:45;13.5;16.25;15.5;2230;-1.0;0
5791;2026.05.09 17:00;13.5;15.88;14.81;2230;-1.0;0
5792;2026.05.09 17:15;13.5;15.5;14.5;2229;-1.0;0
5793;2026.05.09 17:30;13.5;15.12;13.94;2230;-1.0;0
5794;2026.05.09 17:45;13.5;14.88;13.62;2230;-1.0;0
5795;2026.05.09 18:00;13.5;14.62;12.62;2230;-1.0;0
5796;2026.05.09 18:15;13.5;14.25;12.31;2230;-1.0;0
5797;2026.05.09 18:30;13.5;13.94;11.38;2230;-1.0;0
5798;2026.05.09 18:45;13.5;13.5;10.44;2230;-1.0;0
5799;2026.05.09 19:00;13.5;13.25;10.62;2229;-1.0;0
5800;2026.05.09 19:15;13.5;13;9.38;2230;-1.0;0
5801;2026.05.09 19:30;13.5;12.62;8.5;2229;-1.0;0
5802;2026.05.09 19:45;13.44;12.38;8.5;2229;-1.0;0
5803;2026.05.09 20:00;13.44;12.19;8.12;2229;-1.0;0
5804;2026.05.09 20:15;13.38;12;7.69;2229;-1.0;0
5805;2026.05.09 20:30;13.38;11.75;7.25;2229;-1.0;0
5806;2026.05.09 20:45;13.38;11.62;7.38;2229;-1.0;0
5807;2026.05.09 21:00;13.31;11.44;7.38;2229;-1.0;0
5808;2026.05.09 21:15;13.25;11.31;6.94;2228;-1.0;0
5809;2026.05.09 21:30;13.25;11.12;6.5;2228;-1.0;0
5810;2026.05.09 21:45;13.25;11;6.25;2228;-1.0;0
5811;2026.05.09 22:00;13.19;10.81;6;2228;-1.0;0
5812;2026.05.09 22:15;13.12;10.62;5.38;2228;-1.0;0
5813;2026.05.09 22:30;13.12;10.44;5.75;2228;-1.0;0
5814;2026.05.09 22:45;13.12;10.44;6.62;2228;-1.0;0
5815;2026.05.09 23:00;13;10.5;7.06;2228;-1.0;0
5816;2026.05.09 23:15;13;10.5;6.38;2228;-1.0;0
5817;2026.05.09 23:30;13;10.38;6.06;2228;-1.0;0
5818;2026.05.09 23:45;12.94;10.25;6.56;2228;-1.0;0
5819;2026.05.10 00:00;12.88;10.25;6.25;2228;-1.0;0
5820;2026.05.10 00:15;12.88;10.12;5.62;2228;-1.0;0
5821;2026.05.10 00:30;12.81;10;4.88;2228;-1.0;0
5822;2026.05.10 00:45;12.75;9.88;5.62;2228;-1.0;0
5823;2026.05.10 01:00;12.75;9.81;6;2228;-1.0;0
5824;2026.05.10 01:15;12.75;9.81;5.56;2228;-1.0;0
5825;2026.05.10 01:30;12.69;9.62;4.62;2228;-1.0;0
5826;2026.05.10 01:45;12.62;9.5;4.31;2227;-1.0;0
5827;2026.05.10 02:00;12.62;9.38;4.88;2227;-1.0;0
5828;2026.05.10 02:15;12.62;9.25;3.25;2227;-1.0;0
5829;2026.05.10 02:30;12.56;9;3;2227;-1.0;0
5830;2026.05.10 02:45;12.5;8.88;3.88;2226;-1.0;0
5831;2026.05.10 03:00;12.5;8.88;4.25;2227;-1.0;0
5832;2026.05.10 03:15;12.44;8.88;4.38;2227;-1.0;0
5833;2026.05.10 03:30;12.38;8.88;4.12;2226;-1.0;0
5834;2026.05.10 03:45;12.38;8.75;2.75;2226;-1.0;0
5835;2026.05.10 04:00;12.38;8.56;3.19;2226;-1.0;0
5836;2026.05.10 04:15;12.31;8.62;4.5;2226;-1.0;0
5837;2026.05.10 04:30;12.25;8.75;5.25;2226;-1.0;0
5838;2026.05.10 04:45;12.25;8.94;5.75;2227;-1.0;0
5839;2026.05.10 05:00;12.25;9.38;8.31;2227;-1.0;0
5840;2026.05.10 05:15;12.19;9.75;7.88;2226;-1.0;0
5841;2026.05.10 05:30;12.12;9.88;8.69;2226;-1.0;0
5842;2026.05.10 05:45;12.12;10.5;11;2227;-1.0;0
5843;2026.05.10 06:00;12.12;11.12;12.12;2227;-1.0;0
5844;2026.05.10 06:15;12.06;12.12;14.69;2226;-1.0;0
5845;2026.05.10 06:30;12;13;15.38;2226;-1.0;0
5846;2026.05.10 06:45;12;13.75;16.5;2226;-1.0;0
5847;2026.05.10 07:00;12;14.44;17.31;2227;-1.0;0
5848;2026.05.10 07:15;12;14.94;18.25;2226;-1.0;0
5849;2026.05.10 07:30;12;15.62;19.25;2226;-1.0;0
5850;2026.05.10 07:45;12;16.12;19.62;2226;-1.0;0
5851;2026.05.10 08:00;12;16.75;20.81;2225;-1.0;0
5852;2026.05.10 08:15;12.06;17.06;21.25;2225;-1.0;0
5853;2026.05.10 08:30;12.06;17.62;22.31;2225;-1.0;0
5854;2026.05.10 08:45;12.12;18.12;22.44;2225;-1.0;0
5855;2026.05.10 09:00;12.12;18.62;23.62;2225;-1.0;0
5856;2026.05.10 09:15;12.12;19.06;23.88;2225;-1.0;0
5857;2026.05.10 09:30;12.25;19.5;24.06;2225;-1.0;0
5858;2026.05.10 09:45;12.25;19.94;25.12;2225;-1.0;0
5859;2026.05.10 10:00;12.31;20.12;25.44;2225;-1.0;0
5860;2026.05.10 10:15;12.38;20.38;26;2226;-1.0;0
5861;2026.05.10 10:30;12.44;20.62;26.25;2226;-1.0;0
5862;2026.05.10 10:45;12.5;20.88;26.88;2226;-1.0;0
5863;2026.05.10 11:00;12.62;21.06;26.5;2227;-1.0;0
5864;2026.05.10 11:15;12.62;21.12;27.12;2227;-1.0;0
5865;2026.05.10 11:30;12.75;21.31;27.44;2227;-1.0;0
5866;2026.05.10 11:45;12.81;21.38;27.69;2227;-1.0;0
5867;2026.05.10 12:00;12.88;21.62;28.25;2228;-1.0;0
5868;2026.05.10 12:15;13;21.69;27.88;2228;-1.0;0
5869;2026.05.10 12:30;13;21.75;28;2228;-1.0;0
5870;2026.05.10 12:45;13.12;21.75;28.5;2228;-1.0;0
5871;2026.05.10 13:00;13.19;21.75;27.12;2228;-1.0;0
5872;2026.05.10 13:15;13.25;21.5;26.25;2229;-1.0;0
5873;2026.05.10 13:30;13.38;21;24.38;2228;-1.0;0
5874;2026.05.10 13:45;13.38;20.5;23.69;2228;-1.0;0
5875;2026.05.10 14:00;13.5;20.25;24.06;2228;-1.0;0
5876;2026.05.10 14:15;13.5;20.19;23.81;2228;-1.0;0
5877;2026.05.10 14:30;13.62;20;23.38;2228;-1.0;0
5878;2026.05.10 14:45;13.62;19.75;22.75;2228;-1.0;0
5879;2026.05.10 15:00;13.69;19.62;23.12;2229;-1.0;0
5880;2026.05.10 15:15;13.75;19.5;22.31;2228;-1.0;0
5881;2026.05.10 15:30;13.75;19.25;21.69;2230;-1.0;0
5882;2026.05.10 15:45;13.81;18.75;20.88;2228;-1.0;0
5883;2026.05.10 16:00;13.88;18.5;21.06;2228;-1.0;0
5884;2026.05.10 16:15;13.88;18.5;21.62;2228;-1.0;0
5885;2026.05.10 16:30;13.88;18.38;20.62;2228;-1.0;0
5886;2026.05.10 16:45;13.88;18;19.31;2229;-1.0;0
5887;2026.05.10 17:00;13.94;17.62;17.62;2228;-1.0;0
5888;2026.05.10 17:15;13.94;17.12;15.56;2228;-1.0;0
5889;2026.05.10 17:30;14;16.5;14.12;2228;-1.0;0
5890;2026.05.10 17:45;14;16;12.5;2228;-1.0;0
5891;2026.05.10 18:00;14;15.38;11.25;2227;-1.0;0
5892;2026.05.10 18:15;14;14.88;10.5;2227;-1.0;0
5893;2026.05.10 18:30;14;14.38;9.5;2227;-1.0;0
5894;2026.05.10 18:45;13.94;13.88;8.88;2227;-1.0;0
5895;2026.05.10 19:00;13.94;13.5;9;2227;-1.0;0
5896;2026.05.10 19:15;13.88;13.31;9.5;2227;-1.0;0
5897;2026.05.10 19:30;13.88;13.38;10.94;2227;-1.0;0
5898;2026.05.10 19:45;13.88;13.38;10.88;2227;-1.0;0
5899;2026.05.10 20:00;13.88;13.25;10.75;2227;-1.0;0
5900;2026.05.10 20:15;13.81;13.25;10.62;2227;-1.0;0
5901;2026.05.10 20:30;13.75;13;9.56;2228;-1.0;0
5902;2026.05.10 20:45;13.75;12.81;9;2228;-1.0;0
5903;2026.05.10 21:00;13.75;12.56;8.5;2228;-1.0;0
5904;2026.05.10 21:15;13.69;12.38;8.25;2228;-1.0;0
5905;2026.05.10 21:30;13.62;12.25;9.31;2228;-1.0;0
5906;2026.05.10 21:45;13.62;12.25;9.25;2228;-1.0;0
5907;2026.05.10 22:00;13.62;12.25;9.44;2228;-1.0;0
5908;2026.05.10 22:15;13.56;12.19;8.81;2228;-1.0;0
5909;2026.05.10 22:30;13.5;11.94;7.38;2228;-1.0;0
5910;2026.05.10 22:45;13.5;11.62;6.81;2228;-1.0;0
5911;2026.05.10 23:00;13.44;11.38;6.75;2228;-1.0;0
5912;2026.05.10 23:15;13.38;11.25;6.69;2228;-1.0;0
5913;2026.05.10 23:30;13.38;11.12;6.5;2228;-1.0;0
5914;2026.05.10 23:45;13.38;11;6.25;2228;-1.0;0
5915;2026.05.11 00:00;13.31;10.88;6.25;2228;-1.0;0
5916;2026.05.11 00:15;13.25;10.88;6.94;2228;-1.0;0
5917;2026.05.11 00:30;13.25;10.94;7.38;2228;-1.0;0
5918;2026.05.11 00:45;13.19;11;7.69;2228;-1.0;0
5919;2026.05.11 01:00;13.12;11.12;8;2228;-1.0;0
5920;2026.05.11 01:15;13.12;11.19;7.69;2228;-1.0;0
5921;2026.05.11 01:30;13.12;11.12;7.12;2228;-1.0;0
5922;2026.05.11 01:45;13.06;11;6.88;2228;-1.0;0
5923;2026.05.11 02:00;13;10.88;6.88;2227;-1.0;0
5924;2026.05.11 02:15;13;10.88;7.12;2227;-1.0;0
5925;2026.05.11 02:30;13;11;8.5;2227;-1.0;0
5926;2026.05.11 02:45;12.94;11.25;9.44;2227;-1.0;0
5927;2026.05.11 03:00;12.88;11.38;8.75;2227;-1.0;0
5928;2026.05.11 03:15;12.88;11.25;7.81;2227;-1.0;0
5929;2026.05.11 03:30;12.88;11.25;8.31;2227;-1.0;0
5930;2026.05.11 03:45;12.81;11.25;8.38;2226;-1.0;0
5931;2026.05.11 04:00;12.75;11.38;9.25;2226;-1.0;0
5932;2026.05.11 04:15;12.75;11.56;9.62;2226;-1.0;0
5933;2026.05.11 04:30;12.75;11.75;10;2226;-1.0;0
5934;2026.05.11 04:45;12.75;11.88;10.25;2227;-1.0;0
5935;2026.05.11 05:00;12.75;12.06;10.75;2227;-1.0;0
5936;2026.05.11 05:15;12.69;12.25;11.25;2227;-1.0;0
5937;2026.05.11 05:30;12.69;12.5;12;2227;-1.0;0
5938;2026.05.11 05:45;12.62;12.75;12.38;2226;-1.0;0
5939;2026.05.11 06:00;12.62;13.38;16.19;2226;-1.0;0
5940;2026.05.11 06:15;12.62;14.75;20.38;2226;-1.0;0
5941;2026.05.11 06:30;12.62;15.94;22;2226;-1.0;0
5942;2026.05.11 06:45;12.62;16.88;22.06;2228;-1.0;0
5943;2026.05.11 07:00;12.62;17.5;22.06;2227;-1.0;0
5944;2026.05.11 07:15;12.62;17.88;22.25;2226;-1.0;0
5945;2026.05.11 07:30;12.62;18.56;23.44;2226;-1.0;0
5946;2026.05.11 07:45;12.69;18.88;22.62;2226;-1.0;0
5947;2026.05.11 08:00;12.75;18.62;21.5;2226;-1.0;0
5948;2026.05.11 08:15;12.75;18.19;20.5;2225;-1.0;0
5949;2026.05.11 08:30;12.75;19;25.75;2225;-1.0;0
5950;2026.05.11 08:45;12.81;20.12;27;2226;-1.0;0
5951;2026.05.11 09:00;12.88;20.75;26.12;2227;-1.0;0
5952;2026.05.11 09:15;12.88;21.06;26.81;2227;-1.0;0
5953;2026.05.11 09:30;13;21.56;27.38;2227;-1.0;0
5954;2026.05.11 09:45;13;21.94;27.19;2228;-1.0;0
5955;2026.05.11 10:00;13.12;21.81;27.81;2228;-1.0;0
5956;2026.05.11 10:15;13.12;22.38;28.88;2228;-1.0;0
5957;2026.05.11 10:30;13.25;22.88;29.44;2228;-1.0;0
5958;2026.05.11 10:45;13.25;22.38;26.06;2229;-1.0;0
5959;2026.05.11 11:00;13.38;22.12;27.31;2229;-1.0;0
5960;2026.05.11 11:15;13.44;22.56;28.88;2229;-1.0;0
5961;2026.05.11 11:30;13.5;22.75;28.5;2229;-1.0;0
5962;2026.05.11 11:45;13.56;23;30.19;2229;-1.0;0
5963;2026.05.11 12:00;13.62;23.25;27.88;2230;-1.0;0
5964;2026.05.11 12:15;13.75;22.12;23.81;2229;-1.0;0
5965;2026.05.11 12:30;13.75;21.94;25.88;2229;-1.0;0
5966;2026.05.11 12:45;13.88;21.56;25.5;2229;-1.0;0
5967;2026.05.11 13:00;13.94;21.88;26.38;2230;-1.0;0
5968;2026.05.11 13:15;14;21;20.5;2230;-1.0;0
5969;2026.05.11 13:30;14.06;19.56;16.88;2230;-1.0;0
5970;2026.05.11 13:45;14.12;19.25;19.62;2230;-1.0;0
5971;2026.05.11 14:00;14.12;19.56;20.88;2230;-1.0;0
5972;2026.05.11 14:15;14.19;19.38;19.75;2230;-1.0;0
5973;2026.05.11 14:30;14.25;19;19.12;2230;-1.0;0
5974;2026.05.11 14:45;14.25;18.75;18.94;2229;-1.0;0
5975;2026.05.11 15:00;14.25;18.75;19.38;2229;-1.0;0
5976;2026.05.11 15:15;14.31;18.5;18.5;2230;-1.0;0
5977;2026.05.11 15:30;14.38;18;16.25;2230;-1.0;0
5978;2026.05.11 15:45;14.38;17.06;13.75;2229;-1.0;0
5979;2026.05.11 16:00;14.38;16.62;13.62;2229;-1.0;0
5980;2026.05.11 16:15;14.38;16.31;13.19;2229;-1.0;0
5981;2026.05.11 16:30;14.38;16.06;12.75;2230;-1.0;0
5982;2026.05.11 16:45;14.38;15.62;12;2230;-1.0;0
5983;2026.05.11 17:00;14.38;15.31;11.62;2231;-1.0;0
5984;2026.05.11 17:15;14.38;15;11.25;2231;-1.0;0
5985;2026.05.11 17:30;14.38;14.75;11.12;2230;-1.0;0
5986;2026.05.11 17:45;14.38;14.56;10.94;2231;-1.0;0
5987;2026.05.11 18:00;14.38;14.44;10.88;2232;-1.0;0
5988;2026.05.11 18:15;14.31;14.31;10.75;2231;-1.0;0
5989;2026.05.11 18:30;14.31;14.19;10.62;2232;-1.0;0
5990;2026.05.11 18:45;14.25;14.12;10.5;2231;-1.0;0
5991;2026.05.11 19:00;14.25;14;10.44;2232;-1.0;0
5992;2026.05.11 19:15;14.25;13.88;10.5;2231;-1.0;0
5993;2026.05.11 19:30;14.25;13.81;10.38;2229;-1.0;0
5994;2026.05.11 19:45;14.19;13.75;10.5;2229;-1.0;0
5995;2026.05.11 20:00;14.12;13.62;10.38;2229;-1.0;0
5996;2026.05.11 20:15;14.12;13.5;10.25;2229;-1.0;0
5997;2026.05.11 20:30;14.12;13.5;10.25;2229;-1.0;0
5998;2026.05.11 20:45;14.06;13.38;10.19;2229;-1.0;0
5999;2026.05.11 21:00;14.06;13.38;10;2229;-1.0;0
6000;2026.05.11 21:15;14;13.25;9.69;2229;-1.0;0
6001;2026.05.11 21:30;14;13.12;9.5;2229;-1.0;0
6002;2026.05.11 21:45;14;13;9.69;2229;-1.0;0
6003;2026.05.11 22:00;13.94;12.88;9.38;2229;-1.0;0
6004;2026.05.11 22:15;13.88;12.75;9.12;2229;-1.0;0
6005;2026.05.11 22:30;13.88;12.56;8.81;2229;-1.0;0
6006;2026.05.11 22:45;13.88;12.5;8.88;2230;-1.0;0
6007;2026.05.11 23:00;13.81;12.38;8.88;2230;-1.0;0
6008;2026.05.11 23:15;13.75;12.31;8.62;2228;-1.0;0
6009;2026.05.11 23:30;13.75;12.19;8.38;2228;-1.0;0
6010;2026.05.11 23:45;13.75;12;8.12;2229;-1.0;0
6011;2026.05.12 00:00;13.75;11.88;7.88;2228;-1.0;0
6012;2026.05.12 00:15;13.69;11.75;7.62;2228;-1.0;0
6013;2026.05.12 00:30;13.62;11.62;7.38;2228;-1.0;0
6014;2026.05.12 00:45;13.62;11.5;7;2228;-1.0;0
6015;2026.05.12 01:00;13.62;11.38;6.88;2228;-1.0;0
6016;2026.05.12 01:15;13.56;11.31;6.75;2228;-1.0;0
6017;2026.05.12 01:30;13.5;11.25;6.75;2228;-1.0;0
6018;2026.05.12 01:45;13.5;11.12;6.69;2228;-1.0;0
6019;2026.05.12 02:00;13.5;11;6.38;2228;-1.0;0
6020;2026.05.12 02:15;13.44;10.88;6.25;2228;-1.0;0
6021;2026.05.12 02:30;13.38;10.75;6.12;2228;-1.0;0
6022;2026.05.12 02:45;13.38;10.62;5.81;2228;-1.0;0
6023;2026.05.12 03:00;13.38;10.5;5.69;2228;-1.0;0
6024;2026.05.12 03:15;13.31;10.38;5.38;2228;-1.0;0
6025;2026.05.12 03:30;13.25;10.25;5;2227;-1.0;0
6026;2026.05.12 03:45;13.25;10.06;4;2227;-1.0;0
6027;2026.05.12 04:00;13.25;9.75;3.5;2227;-1.0;0
6028;2026.05.12 04:15;13.19;9.62;3.62;2227;-1.0;0
6029;2026.05.12 04:30;13.12;9.62;4.56;2227;-1.0;0
6030;2026.05.12 04:45;13.12;9.81;5.5;2227;-1.0;0
6031;2026.05.12 05:00;13.06;10;5.94;2227;-1.0;0
6032;2026.05.12 05:15;13.06;10.06;6.12;2227;-1.0;0
6033;2026.05.12 05:30;13;10.25;7;2227;-1.0;0
6034;2026.05.12 05:45;13;10.5;8.19;2227;-1.0;0
6035;2026.05.12 06:00;12.94;10.94;8.75;2228;-1.0;0
6036;2026.05.12 06:15;12.94;11.12;8.81;2227;-1.0;0
6037;2026.05.12 06:30;12.88;11.62;10.5;2227;-1.0;0
6038;2026.05.12 06:45;12.88;11.81;10.38;2227;-1.0;0
6039;2026.05.12 07:00;12.88;12.12;9.94;2227;-1.0;0
6040;2026.05.12 07:15;12.88;12;9.38;2227;-1.0;0
6041;2026.05.12 07:30;12.81;11.88;9.31;2226;-1.0;0
6042;2026.05.12 07:45;12.81;11.75;8.94;2227;-1.0;0
6043;2026.05.12 08:00;12.75;11.5;9.25;2226;-1.0;0
6044;2026.05.12 08:15;12.75;11.75;9.94;2226;-1.0;0
6045;2026.05.12 08:30;12.75;11.81;9.62;2226;-1.0;0
6046;2026.05.12 08:45;12.75;11.69;9.31;2226;-1.0;0
6047;2026.05.12 09:00;12.75;12.25;11.5;2226;-1.0;0
6048;2026.05.12 09:15;12.75;12.75;13.88;2227;-1.0;0
6049;2026.05.12 09:30;12.75;13;11.69;2226;-1.0;0
6050;2026.05.12 09:45;12.75;12.5;10.62;2226;-1.0;0
6051;2026.05.12 10:00;12.75;12.56;10.88;2226;-1.0;0
6052;2026.05.12 10:15;12.75;12.38;10.81;2226;-1.0;0
6053;2026.05.12 10:30;12.75;12.94;13.69;2226;-1.0;0
6054;2026.05.12 10:45;12.75;12.81;10;2226;-1.0;0
6055;2026.05.12 11:00;12.75;12.12;8.94;2225;-1.0;0
6056;2026.05.12 11:15;12.75;12.12;11.44;2225;-1.0;0
6057;2026.05.12 11:30;12.75;12.12;10.12;2225;-1.0;0
6058;2026.05.12 11:45;12.75;11.88;8.88;2225;-1.0;0
6059;2026.05.12 12:00;12.75;12.19;10.25;2226;-1.0;0
6060;2026.05.12 12:15;12.75;12;9.88;2225;-1.0;0
6061;2026.05.12 12:30;12.75;12.56;12.75;2226;-1.0;0
6062;2026.05.12 12:45;12.75;13.12;12.56;2226;-1.0;0
6063;2026.05.12 13:00;12.75;13.25;12.75;2226;-1.0;0
6064;2026.05.12 13:15;12.75;13.12;11.75;2225;-1.0;0
6065;2026.05.12 13:30;12.75;13.5;13.75;2225;-1.0;0
6066;2026.05.12 13:45;12.75;13.25;11;2225;-1.0;0
6067;2026.05.12 14:00;12.75;12.75;9.25;2225;-1.0;0
6068;2026.05.12 14:15;12.75;12.19;8.38;2225;-1.0;0
6069;2026.05.12 14:30;12.75;11.88;8.06;2225;-1.0;0
6070;2026.05.12 14:45;12.75;11.62;9;2225;-1.0;0
6071;2026.05.12 15:00;12.75;11.56;8.06;2225;-1.0;0
6072;2026.05.12 15:15;12.75;11.5;8.88;2226;-1.0;0
6073;2026.05.12 15:30;12.75;11.69;9.75;2225;-1.0;0
6074;2026.05.12 15:45;12.75;11.88;10.25;2226;-1.0;0
6075;2026.05.12 16:00;12.75;11.81;9.12;2225;-1.0;0
6076;2026.05.12 16:15;12.75;11.62;8.31;2226;-1.0;0
6077;2026.05.12 16:30;12.75;11.25;7.88;2226;-1.0;0
6078;2026.05.12 16:45;12.75;11;6.69;2226;-1.0;0
6079;2026.05.12 17:00;12.75;10.81;6.38;2227;-1.0;0
6080;2026.05.12 17:15;12.75;10.62;6.31;2226;-1.0;0
6081;2026.05.12 17:30;12.75;10.44;6.19;2226;-1.0;0
6082;2026.05.12 17:45;12.75;10.38;6.19;2226;-1.0;0
6083;2026.05.12 18:00;12.69;10.31;5.69;2226;-1.0;0
6084;2026.05.12 18:15;12.69;10.19;5.12;2226;-1.0;0
6085;2026.05.12 18:30;12.62;10.06;5.31;2226;-1.0;0
6086;2026.05.12 18:45;12.62;10;5;2226;-1.0;0
6087;2026.05.12 19:00;12.62;9.94;4.88;2226;-1.0;0
6088;2026.05.12 19:15;12.62;9.62;3.44;2227;-1.0;0
6089;2026.05.12 19:30;12.62;9.19;1.88;2229;-1.0;0
6090;2026.05.12 19:45;12.62;8.75;1.12;2226;-1.0;0
6091;2026.05.12 20:00;12.56;8.5;1.38;2226;-1.0;0
6092;2026.05.12 20:15;12.5;8.38;1.62;2226;-1.0;0
6093;2026.05.12 20:30;12.5;8.19;0.94;2227;-1.0;0
6094;2026.05.12 20:45;12.5;7.88;0.44;2227;-1.0;0
6095;2026.05.12 21:00;12.5;7.62;-0.38;2227;-1.0;0
6096;2026.05.12 21:15;12.44;7.38;0.5;2227;-1.0;0
6097;2026.05.12 21:30;12.38;7.25;-0.12;2227;-1.0;0
6098;2026.05.12 21:45;12.38;7;-0.62;2228;-1.0;0
6099;2026.05.12 22:00;12.31;6.81;-1.5;2227;-1.0;0
6100;2026.05.12 22:15;12.25;6.5;-2;2227;-1.0;0
6101;2026.05.12 22:30;12.25;6.31;-2.25;2227;-1.0;0
6102;2026.05.12 22:45;12.25;6.12;-2.06;2226;-1.0;0
6103;2026.05.12 23:00;12.12;6;-2.38;2226;-1.0;0
6104;2026.05.12 23:15;12.12;5.81;-2.62;2226;-1.0;0
6105;2026.05.12 23:30;12.12;5.62;-2.62;2226;-1.0;0
6106;2026.05.12 23:45;12.06;5.5;-2.94;2226;-1.0;0
6107;2026.05.13 00:00;12;5.38;-3;2227;-1.0;0
6108;2026.05.13 00:15;12;5.25;-3.06;2227;-1.0;0
6109;2026.05.13 00:30;11.94;5.19;-3.12;2227;-1.0;0
6110;2026.05.13 00:45;11.88;5.12;-2.94;2227;-1.0;0
6111;2026.05.13 01:00;11.88;5;-2.94;2227;-1.0;0
6112;2026.05.13 01:15;11.75;5;-2.5;2227;-1.0;0
6113;2026.05.13 01:30;11.75;5;-2.75;2227;-1.0;0
6114;2026.05.13 01:45;11.69;4.94;-3.38;2227;-1.0;0
6115;2026.05.13 02:00;11.62;4.81;-3.5;2227;-1.0;0
6116;2026.05.13 02:15;11.62;4.75;-3.75;2227;-1.0;0
6117;2026.05.13 02:30;11.56;4.62;-3.75;2227;-1.0;0
6118;2026.05.13 02:45;11.5;4.5;-3.44;2227;-1.0;0
6119;2026.05.13 03:00;11.5;4.5;-3.38;2227;-1.0;0
6120;2026.05.13 03:15;11.44;4.44;-3.69;2227;-1.0;0
6121;2026.05.13 03:30;11.38;4.38;-3.25;2227;-1.0;0
6122;2026.05.13 03:45;11.38;4.5;-2.56;2226;-1.0;0
6123;2026.05.13 04:00;11.38;4.62;-2.44;2226;-1.0;0
6124;2026.05.13 04:15;11.25;4.69;-2.38;2226;-1.0;0
6125;2026.05.13 04:30;11.25;4.75;-1.69;2226;-1.0;0
6126;2026.05.13 04:45;11.25;5;-0.38;2226;-1.0;0
6127;2026.05.13 05:00;11.19;5.5;1.88;2227;-1.0;0
6128;2026.05.13 05:15;11.12;6.38;3.25;2227;-1.0;0
6129;2026.05.13 05:30;11.12;6.75;4.19;2227;-1.0;0
6130;2026.05.13 05:45;11.06;7.62;8.62;2227;-1.0;0
6131;2026.05.13 06:00;11.06;9.12;11.25;2227;-1.0;0
6132;2026.05.13 06:15;11;10.31;13.75;2227;-1.0;0
6133;2026.05.13 06:30;11;11.19;13.06;2228;-1.0;0
6134;2026.05.13 06:45;11;11.88;14.38;2227;-1.0;0
6135;2026.05.13 07:00;11;12.31;14.62;2227;-1.0;0
6136;2026.05.13 07:15;11;12.62;14.62;2227;-1.0;0
6137;2026.05.13 07:30;11;13.5;17;2226;-1.0;0
6138;2026.05.13 07:45;11;13.94;15.62;2226;-1.0;0
6139;2026.05.13 08:00;11;14;15.62;2226;-1.0;0
6140;2026.05.13 08:15;11.06;13.56;14.12;2226;-1.0;0
6141;2026.05.13 08:30;11.12;14.5;18.62;2226;-1.0;0
6142;2026.05.13 08:45;11.12;15.62;19.06;2226;-1.0;0
6143;2026.05.13 09:00;11.19;16.25;20.38;2226;-1.0;0
6144;2026.05.13 09:15;11.25;16.44;18.38;2227;-1.0;0
6145;2026.05.13 09:30;11.25;16;16.62;2226;-1.0;0
6146;2026.05.13 09:45;11.31;15.31;15.88;2225;-1.0;0
6147;2026.05.13 10:00;11.38;15.06;15.94;2225;-1.0;0
6148;2026.05.13 10:15;11.44;15.94;20.31;2226;-1.0;0
6149;2026.05.13 10:30;11.5;17.25;23.06;2225;-1.0;0
6150;2026.05.13 10:45;11.56;16.88;17.69;2225;-1.0;0
6151;2026.05.13 11:00;11.62;16.38;17.69;2225;-1.0;0
6152;2026.05.13 11:15;11.62;15.75;15.75;2225;-1.0;0
6153;2026.05.13 11:30;11.75;15.25;14.88;2224;-1.0;0
6154;2026.05.13 11:45;11.75;14.94;15;2224;-1.0;0
6155;2026.05.13 12:00;11.88;15.12;16.12;2224;-1.0;0
6156;2026.05.13 12:15;11.88;15.12;15.75;2224;-1.0;0
6157;2026.05.13 12:30;11.94;14.88;14.62;2225;-1.0;0
6158;2026.05.13 12:45;12;14.62;14.75;2225;-1.0;0
6159;2026.05.13 13:00;12;14.38;13.5;2225;-1.0;0
6160;2026.05.13 13:15;12.06;14.25;14.38;2225;-1.0;0
6161;2026.05.13 13:30;12.12;14.38;14.56;2225;-1.0;0
6162;2026.05.13 13:45;12.12;14.12;13.88;2224;-1.0;0
6163;2026.05.13 14:00;12.12;14.38;15.81;2225;-1.0;0
6164;2026.05.13 14:15;12.19;14.62;15.88;2225;-1.0;0
6165;2026.05.13 14:30;12.19;14.75;16.38;2226;-1.0;0
6166;2026.05.13 14:45;12.25;14.75;15.94;2225;-1.0;0
6167;2026.05.13 15:00;12.25;14.62;14.62;2225;-1.0;0
6168;2026.05.13 15:15;12.25;14.25;14;2225;-1.0;0
6169;2026.05.13 15:30;12.25;14.12;14.12;2225;-1.0;0
6170;2026.05.13 15:45;12.25;14;13.75;2225;-1.0;0
6171;2026.05.13 16:00;12.31;14;14.12;2225;-1.0;0
6172;2026.05.13 16:15;12.31;13.94;13.94;2225;-1.0;0
6173;2026.05.13 16:30;12.31;13.81;13.62;2225;-1.0;0
6174;2026.05.13 16:45;12.31;13.62;12.88;2224;-1.0;0
6175;2026.05.13 17:00;12.38;13.5;12.75;2225;-1.0;0
6176;2026.05.13 17:15;12.38;13.38;12.62;2225;-1.0;0
6177;2026.05.13 17:30;12.38;13.25;12.38;2224;-1.0;0
6178;2026.05.13 17:45;12.38;13.12;11.5;2226;-1.0;0
6179;2026.05.13 18:00;12.38;12.88;10.25;2225;-1.0;0
6180;2026.05.13 18:15;12.38;12.56;9.75;2224;-1.0;0
6181;2026.05.13 18:30;12.38;12.25;8.5;2224;-1.0;0
6182;2026.05.13 18:45;12.38;11.75;7;2224;-1.0;0
6183;2026.05.13 19:00;12.38;11.25;5.81;2224;-1.0;0
6184;2026.05.13 19:15;12.38;10.75;4.94;2224;-1.0;0
6185;2026.05.13 19:30;12.31;10.38;4.44;2224;-1.0;0
6186;2026.05.13 19:45;12.31;10;3.94;2224;-1.0;0
6187;2026.05.13 20:00;12.31;9.75;3.88;2224;-1.0;0
6188;2026.05.13 20:15;12.25;9.5;3.88;2224;-1.0;0
6189;2026.05.13 20:30;12.25;9.38;3.31;2224;-1.0;0
6190;2026.05.13 20:45;12.25;9.12;2.88;2225;-1.0;0
6191;2026.05.13 21:00;12.25;8.88;3.06;2224;-1.0;0
6192;2026.05.13 21:15;12.19;8.75;2.88;2225;-1.0;0
6193;2026.05.13 21:30;12.12;8.62;2.88;2225;-1.0;0
6194;2026.05.13 21:45;12.12;8.5;3.06;2224;-1.0;0
6195;2026.05.13 22:00;12.12;8.44;3;2225;-1.0;0
6196;2026.05.13 22:15;12.06;8.44;3.62;2225;-1.0;0
6197;2026.05.13 22:30;12;8.5;4.06;2225;-1.0;0
6198;2026.05.13 22:45;12;8.56;4.19;2225;-1.0;0
6199;2026.05.13 23:00;12;8.62;4.5;2225;-1.0;0
6200;2026.05.13 23:15;11.94;8.75;5.12;2225;-1.0;0
6201;2026.05.13 23:30;11.88;9;7.12;2225;-1.0;0
6202;2026.05.13 23:45;11.88;9.25;7.19;2225;-1.0;0
6203;2026.05.14 00:00;11.88;9.38;6.62;2225;-1.0;0
6204;2026.05.14 00:15;11.81;9.38;6.75;2225;-1.0;0
6205;2026.05.14 00:30;11.75;9.5;6.69;2225;-1.0;0
6206;2026.05.14 00:45;11.75;9.38;5.81;2225;-1.0;0
6207;2026.05.14 01:00;11.75;9.31;5.44;2225;-1.0;0
6208;2026.05.14 01:15;11.75;9.25;5.38;2224;-1.0;0
6209;2026.05.14 01:30;11.69;9.25;5.12;2224;-1.0;0
6210;2026.05.14 01:45;11.62;9.12;4.81;2224;-1.0;0
6211;2026.05.14 02:00;11.62;9;4.31;2225;-1.0;0
6212;2026.05.14 02:15;11.62;8.88;4.31;2225;-1.0;0
6213;2026.05.14 02:30;11.62;8.81;4.5;2225;-1.0;0
6214;2026.05.14 02:45;11.62;8.88;5.25;2224;-1.0;0
6215;2026.05.14 03:00;11.56;9;5.62;2225;-1.0;0
6216;2026.05.14 03:15;11.56;9.06;6.12;2225;-1.0;0
6217;2026.05.14 03:30;11.5;9.06;5.25;2224;-1.0;0
6218;2026.05.14 03:45;11.5;8.94;4.62;2224;-1.0;0
6219;2026.05.14 04:00;11.5;8.88;5;2224;-1.0;0
6220;2026.05.14 04:15;11.5;8.88;4.62;2224;-1.0;0
6221;2026.05.14 04:30;11.5;8.81;5.12;2224;-1.0;0
6222;2026.05.14 04:45;11.44;9;6.25;2224;-1.0;0
6223;2026.05.14 05:00;11.44;9.25;7.5;2224;-1.0;0
6224;2026.05.14 05:15;11.38;9.62;8.25;2225;-1.0;0
6225;2026.05.14 05:30;11.38;9.81;8.62;2225;-1.0;0
6226;2026.05.14 05:45;11.38;10;8.38;2225;-1.0;0
6227;2026.05.14 06:00;11.38;10.31;10.25;2225;-1.0;0
6228;2026.05.14 06:15;11.38;11.5;14.56;2225;-1.0;0
6229;2026.05.14 06:30;11.38;11.88;12.12;2225;-1.0;0
6230;2026.05.14 06:45;11.38;11.62;10.25;2224;-1.0;0
6231;2026.05.14 07:00;11.38;11.38;9.5;2224;-1.0;0
6232;2026.05.14 07:15;11.38;11.5;10.62;2224;-1.0;0
6233;2026.05.14 07:30;11.38;11.75;10.88;2224;-1.0;0
6234;2026.05.14 07:45;11.38;11.88;11.12;2224;-1.0;0
6235;2026.05.14 08:00;11.38;11.94;11.19;2225;-1.0;0
6236;2026.05.14 08:15;11.38;11.88;10.5;2224;-1.0;0
6237;2026.05.14 08:30;11.38;11.5;8.25;2225;-1.0;0
6238;2026.05.14 08:45;11.38;11.25;8.88;2223;-1.0;0
6239;2026.05.14 09:00;11.38;11.25;8.75;2223;-1.0;0
6240;2026.05.14 09:15;11.38;11.62;10.25;2223;-1.0;0
6241;2026.05.14 09:30;11.38;12.56;12.56;2223;-1.0;0
6242;2026.05.14 09:45;11.38;13.69;15.12;2223;-1.0;0
6243;2026.05.14 10:00;11.44;14.75;17.25;2223;-1.0;0
6244;2026.05.14 10:15;11.44;15;16.62;2223;-1.0;0
6245;2026.05.14 10:30;11.5;14.5;14.75;2223;-1.0;0
6246;2026.05.14 10:45;11.5;14.19;13.75;2223;-1.0;0
6247;2026.05.14 11:00;11.5;13.75;12.5;2223;-1.0;0
6248;2026.05.14 11:15;11.56;14;14.69;2223;-1.0;0
6249;2026.05.14 11:30;11.62;14.69;17.06;2223;-1.0;0
6250;2026.05.14 11:45;11.62;15;16.5;2223;-1.0;0
6251;2026.05.14 12:00;11.69;14.75;15;2223;-1.0;0
6252;2026.05.14 12:15;11.75;14.81;17.12;2223;-1.0;0
6253;2026.05.14 12:30;11.75;15;16.69;2224;-1.0;0
6254;2026.05.14 12:45;11.75;15;16.75;2224;-1.0;0
6255;2026.05.14 13:00;11.88;14.94;15.88;2224;-1.0;0
6256;2026.05.14 13:15;11.88;14.69;15.25;2223;-1.0;0
6257;2026.05.14 13:30;11.88;14.38;14.06;2223;-1.0;0
6258;2026.05.14 13:45;11.94;14.25;14.69;2223;-1.0;0
6259;2026.05.14 14:00;12;14.06;13.88;2223;-1.0;0
6260;2026.05.14 14:15;12;13.88;13.75;2223;-1.0;0
6261;2026.05.14 14:30;12.06;13.81;13.81;2223;-1.0;0
6262;2026.05.14 14:45;12.06;13.75;13.94;2223;-1.0;0
6263;2026.05.14 15:00;12.12;13.62;13.31;2224;-1.0;0
6264;2026.05.14 15:15;12.12;13.38;12.38;2224;-1.0;0
6265;2026.05.14 15:30;12.12;13;11;2224;-1.0;0
6266;2026.05.14 15:45;12.12;12.75;10.56;2224;-1.0;0
6267;2026.05.14 16:00;12.19;12.62;10.88;2224;-1.0;0
6268;2026.05.14 16:15;12.19;12.5;10.75;2224;-1.0;0
6269;2026.05.14 16:30;12.19;12.38;10.62;2224;-1.0;0
6270;2026.05.14 16:45;12.19;12.19;10.5;2224;-1.0;0
6271;2026.05.14 17:00;12.19;12;10.25;2224;-1.0;0
6272;2026.05.14 17:15;12.25;11.88;10;2224;-1.0;0
6273;2026.05.14 17:30;12.25;11.75;9.75;2224;-1.0;0
6274;2026.05.14 17:45;12.19;11.56;9.25;2224;-1.0;0
6275;2026.05.14 18:00;12.19;11.38;8.75;2224;-1.0;0
6276;2026.05.14 18:15;12.19;11.19;8.44;2224;-1.0;0
6277;2026.05.14 18:30;12.19;11.06;8.06;2224;-1.0;0
6278;2026.05.14 18:45;12.12;11;7.38;2224;-1.0;0
6279;2026.05.14 19:00;12.12;10.88;6.75;2224;-1.0;0
6280;2026.05.14 19:15;12.12;10.69;6.38;2224;-1.0;0
6281;2026.05.14 19:30;12.12;10.5;6;2224;-1.0;0
6282;2026.05.14 19:45;12.12;10.25;5.25;2224;-1.0;0
6283;2026.05.14 20:00;12.12;10.06;5.06;2224;-1.0;0
6284;2026.05.14 20:15;12.12;9.94;5.25;2224;-1.0;0
6285;2026.05.14 20:30;12.06;9.88;5.62;2224;-1.0;0
6286;2026.05.14 20:45;12.06;9.94;6.38;2224;-1.0;0
6287;2026.05.14 21:00;12;10;6.38;2225;-1.0;0
6288;2026.05.14 21:15;12;10;6.38;2225;-1.0;0
6289;2026.05.14 21:30;12;9.94;6.12;2225;-1.0;0
6290;2026.05.14 21:45;12;9.88;5.62;2225;-1.0;0
6291;2026.05.14 22:00;11.94;9.69;4.56;2225;-1.0;0
6292;2026.05.14 22:15;11.94;9.38;3.69;2224;-1.0;0
6293;2026.05.14 22:30;11.88;9.06;3;2224;-1.0;0
6294;2026.05.14 22:45;11.88;8.75;2.69;2224;-1.0;0
6295;2026.05.14 23:00;11.88;8.5;2;2224;-1.0;0
6296;2026.05.14 23:15;11.88;8.25;3;2224;-1.0;0
6297;2026.05.14 23:30;11.81;8.38;4.31;2225;-1.0;0
6298;2026.05.14 23:45;11.75;8.62;4.75;2225;-1.0;0
6299;2026.05.15 00:00;11.75;8.75;4.88;2225;-1.0;0
6300;2026.05.15 00:15;11.75;8.81;4.75;2225;-1.0;0
6301;2026.05.15 00:30;11.75;8.88;4.62;2225;-1.0;0
6302;2026.05.15 00:45;11.69;8.88;4.25;2225;-1.0;0
6303;2026.05.15 01:00;11.62;8.75;3.62;2225;-1.0;0
6304;2026.05.15 01:15;11.62;8.56;2.69;2225;-1.0;0
6305;2026.05.15 01:30;11.62;8.25;1.56;2225;-1.0;0
6306;2026.05.15 01:45;11.62;7.88;0.75;2225;-1.0;0
6307;2026.05.15 02:00;11.56;7.56;1.31;2225;-1.0;0
6308;2026.05.15 02:15;11.5;7.56;2.38;2225;-1.0;0
6309;2026.05.15 02:30;11.5;7.69;3.12;2225;-1.0;0
6310;2026.05.15 02:45;11.5;7.88;3.62;2225;-1.0;0
6311;2026.05.15 03:00;11.5;8;3.81;2225;-1.0;0
6312;2026.05.15 03:15;11.44;8.12;4;2225;-1.0;0
6313;2026.05.15 03:30;11.38;8.19;3.94;2225;-1.0;0
6314;2026.05.15 03:45;11.38;8.25;4.06;2225;-1.0;0
6315;2026.05.15 04:00;11.38;8.31;4.38;2225;-1.0;0
6316;2026.05.15 04:15;11.38;8.38;4.56;2225;-1.0;0
6317;2026.05.15 04:30;11.31;8.5;4.88;2225;-1.0;0
6318;2026.05.15 04:45;11.25;8.62;5.38;2225;-1.0;0
6319;2026.05.15 05:00;11.25;8.81;5.88;2225;-1.0;0
6320;2026.05.15 05:15;11.25;9;6.5;2225;-1.0;0
6321;2026.05.15 05:30;11.25;9.25;6.75;2225;-1.0;0
6322;2026.05.15 05:45;11.25;9.5;7.5;2225;-1.0;0
6323;2026.05.15 06:00;11.19;9.75;8.19;2225;-1.0;0
6324;2026.05.15 06:15;11.19;10;8.75;2225;-1.0;0
6325;2026.05.15 06:30;11.19;10.19;9.38;2225;-1.0;0
6326;2026.05.15 06:45;11.19;10.5;10.12;2225;-1.0;0
6327;2026.05.15 07:00;11.12;10.81;10.56;2225;-1.0;0
6328;2026.05.15 07:15;11.19;11.12;11.5;2224;-1.0;0
6329;2026.05.15 07:30;11.12;11.62;12.56;2224;-1.0;0
6330;2026.05.15 07:45;11.12;12.25;14.12;2224;-1.0;0
6331;2026.05.15 08:00;11.12;13.25;16.5;2224;-1.0;0
6332;2026.05.15 08:15;11.19;13.88;16.25;2224;-1.0;0
6333;2026.05.15 08:30;11.19;13.75;15.25;2224;-1.0;0
6334;2026.05.15 08:45;11.25;14.12;17.06;2223;-1.0;0
6335;2026.05.15 09:00;11.25;15.25;19.56;2224;-1.0;0
6336;2026.05.15 09:15;11.25;16.25;20.38;2225;-1.0;0
6337;2026.05.15 09:30;11.25;16.94;21;2224;-1.0;0
6338;2026.05.15 09:45;11.31;17.38;22.12;2224;-1.0;0
6339;2026.05.15 10:00;11.38;17.38;19.31;2225;-1.0;0
6340;2026.05.15 10:15;11.38;17.12;20.25;2224;-1.0;0
6341;2026.05.15 10:30;11.5;16.94;19.75;2223;-1.0;0
6342;2026.05.15 10:45;11.5;17.44;22;2224;-1.0;0
6343;2026.05.15 11:00;11.62;18.12;23.5;2224;-1.0;0
6344;2026.05.15 11:15;11.62;17.62;19.19;2224;-1.0;0
6345;2026.05.15 11:30;11.75;16.75;16.75;2224;-1.0;0
6346;2026.05.15 11:45;11.75;16.12;16.25;2224;-1.0;0
6347;2026.05.15 12:00;11.88;15.75;16;2225;-1.0;0
6348;2026.05.15 12:15;11.88;15.62;16.19;2225;-1.0;0
6349;2026.05.15 12:30;11.94;15.81;17.75;2224;-1.0;0
6350;2026.05.15 12:45;12;16.5;20.88;2225;-1.0;0
6351;2026.05.15 13:00;12.06;17.19;21.5;2225;-1.0;0
6352;2026.05.15 13:15;12.12;17.5;22.12;2225;-1.0;0
6353;2026.05.15 13:30;12.12;17.56;20.12;2225;-1.0;0
6354;2026.05.15 13:45;12.19;17;17.31;2225;-1.0;0
6355;2026.05.15 14:00;12.25;16.38;16.75;2226;-1.0;0
6356;2026.05.15 14:15;12.25;15.94;15.94;2224;-1.0;0
6357;2026.05.15 14:30;12.31;15.75;16.38;2224;-1.0;0
6358;2026.05.15 14:45;12.38;15.75;16.38;2224;-1.0;0
6359;2026.05.15 15:00;12.38;15.62;16.25;2225;-1.0;0
6360;2026.05.15 15:15;12.38;15.62;17.38;2225;-1.0;0
6361;2026.05.15 15:30;12.44;15.75;17.12;2224;-1.0;0
6362;2026.05.15 15:45;12.5;15.5;15.94;2224;-1.0;0
6363;2026.05.15 16:00;12.5;15.5;16.75;2224;-1.0;0
6364;2026.05.15 16:15;12.5;15.5;17;2224;-1.0;0
6365;2026.05.15 16:30;12.5;15.25;15.38;2224;-1.0;0
6366;2026.05.15 16:45;12.5;15;14.5;2224;-1.0;0
6367;2026.05.15 17:00;12.56;14.56;13.25;2224;-1.0;0
6368;2026.05.15 17:15;12.56;13.88;10.62;2224;-1.0;0
6369;2026.05.15 17:30;12.62;13.38;9.12;2223;-1.0;0
6370;2026.05.15 17:45;12.62;13;8.56;2223;-1.0;0
6371;2026.05.15 18:00;12.62;12.62;8.25;2224;-1.0;0
6372;2026.05.15 18:15;12.62;12.25;8;2224;-1.0;0
6373;2026.05.15 18:30;12.62;11.94;7.75;2224;-1.0;0
6374;2026.05.15 18:45;12.62;11.75;7.62;2224;-1.0;0
6375;2026.05.15 19:00;12.62;11.62;7.38;2224;-1.0;0
6376;2026.05.15 19:15;12.56;11.5;7.25;2224;-1.0;0
6377;2026.05.15 19:30;12.56;11.44;7.12;2224;-1.0;0
6378;2026.05.15 19:45;12.5;11.31;7;2226;-1.0;0
6379;2026.05.15 20:00;12.5;11.19;6.88;2226;-1.0;0
6380;2026.05.15 20:15;12.5;11.12;6.94;2226;-1.0;0
6381;2026.05.15 20:30;12.5;11;7;2226;-1.0;0
6382;2026.05.15 20:45;12.5;11;7;2226;-1.0;0
6383;2026.05.15 21:00;12.44;11;7;2226;-1.0;0
6384;2026.05.15 21:15;12.44;10.88;7;2225;-1.0;0
6385;2026.05.15 21:30;12.38;10.88;7;2224;-1.0;0
6386;2026.05.15 21:45;12.38;10.81;7;2224;-1.0;0
6387;2026.05.15 22:00;12.38;10.75;6.94;2224;-1.0;0
6388;2026.05.15 22:15;12.38;10.75;6.88;2225;-1.0;0
6389;2026.05.15 22:30;12.38;10.75;6.88;2224;-1.0;0
6390;2026.05.15 22:45;12.31;10.62;6.75;2224;-1.0;0
6391;2026.05.15 23:00;12.25;10.62;6.75;2224;-1.0;0
6392;2026.05.15 23:15;12.25;10.56;6.75;2224;-1.0;0
6393;2026.05.15 23:30;12.25;10.5;6.81;2224;-1.0;0
6394;2026.05.15 23:45;12.25;10.5;6.88;2224;-1.0;0
6395;2026.05.16 00:00;12.19;10.5;6.88;2224;-1.0;0
6396;2026.05.16 00:15;12.19;10.44;6.88;2224;-1.0;0
6397;2026.05.16 00:30;12.12;10.38;6.88;2224;-1.0;0
6398;2026.05.16 00:45;12.12;10.38;6.88;2224;-1.0;0
6399;2026.05.16 01:00;12.12;10.38;6.94;2224;-1.0;0
6400;2026.05.16 01:15;12.12;10.38;7;2224;-1.0;0
6401;2026.05.16 01:30;12.12;10.38;7;2224;-1.0;0
6402;2026.05.16 01:45;12.06;10.31;7;2224;-1.0;0
6403;2026.05.16 02:00;12.06;10.25;6.94;2224;-1.0;0
6404;2026.05.16 02:15;12;10.25;6.94;2224;-1.0;0
6405;2026.05.16 02:30;12;10.25;7;2225;-1.0;0
6406;2026.05.16 02:45;12;10.25;7.06;2225;-1.0;0
6407;2026.05.16 03:00;12;10.25;7.06;2224;-1.0;0
6408;2026.05.16 03:15;11.94;10.19;7.06;2224;-1.0;0
6409;2026.05.16 03:30;11.94;10.12;7;2224;-1.0;0
6410;2026.05.16 03:45;11.94;10.12;6.94;2225;-1.0;0
6411;2026.05.16 04:00;11.88;10.06;6.88;2227;-1.0;0
6412;2026.05.16 04:15;11.88;10;6.94;2237;-1.0;0
6413;2026.05.16 04:30;11.88;10;7.06;2242;-1.0;0
6414;2026.05.16 04:45;11.81;10;7.12;2245;-1.0;0
6415;2026.05.16 05:00;11.81;9.94;7.12;2250;-1.0;0
6416;2026.05.16 05:15;11.75;10;7.25;2255;-1.0;0
6417;2026.05.16 05:30;11.75;10;7.44;2261;-1.0;0
6418;2026.05.16 05:45;11.75;10;7.5;2276;-1.0;0
6419;2026.05.16 06:00;11.75;10;7.38;2311;-1.0;0
6420;2026.05.16 06:15;11.69;9.94;7.62;2483;-1.0;0
6421;2026.05.16 06:30;11.69;10;7.69;2599;-1.0;0
6422;2026.05.16 06:45;11.62;10;7.62;2732;-1.0;0
6423;2026.05.16 07:00;11.62;10.12;7.88;2787;-1.0;0
6424;2026.05.16 07:15;11.62;10.12;8;2810;-1.0;0
6425;2026.05.16 07:30;11.62;10.19;7.94;2819;-1.0;0
6426;2026.05.16 07:45;11.62;10.25;8.12;2841;-1.0;0
6427;2026.05.16 08:00;11.56;10.38;8;2853;-1.0;0
6428;2026.05.16 08:15;11.56;10.38;8.25;2858;-1.0;0
6429;2026.05.16 08:30;11.56;10.5;8.88;2861;-1.0;0
6430;2026.05.16 08:45;11.5;10.75;9.38;2865;-1.0;0
6431;2026.05.16 09:00;11.5;10.94;9.25;2864;-1.0;0
6432;2026.05.16 09:15;11.5;11.12;9.25;2862;-1.0;0
6433;2026.05.16 09:30;11.5;11.12;9.12;2861;-1.0;0
6434;2026.05.16 09:45;11.5;11.19;9.38;2859;-1.0;0
6435;2026.05.16 10:00;11.5;11.38;10.06;2856;-1.0;0
6436;2026.05.16 10:15;11.5;11.5;10.38;2855;-1.0;0
6437;2026.05.16 10:30;11.5;11.62;10.25;2853;-1.0;0
6438;2026.05.16 10:45;11.5;11.88;10.81;2851;-1.0;0
6439;2026.05.16 11:00;11.5;12.12;11.5;2848;-1.0;0
6440;2026.05.16 11:15;11.5;12.5;12.31;2846;-1.0;0
6441;2026.05.16 11:30;11.5;12.75;12.62;2844;-1.0;0
6442;2026.05.16 11:45;11.56;13;13.25;2841;-1.0;0
6443;2026.05.16 12:00;11.56;13.56;15;2838;-1.0;0
6444;2026.05.16 12:15;11.62;13.88;15.94;2835;-1.0;0
6445;2026.05.16 12:30;11.62;13.75;13.06;2831;-1.0;0
6446;2026.05.16 12:45;11.62;13.38;12.06;2828;-1.0;0
6447;2026.05.16 13:00;11.62;13.25;11.75;2824;-1.0;0
6448;2026.05.16 13:15;11.69;13;10.38;2821;-1.0;0
6449;2026.05.16 13:30;11.69;12.75;10.12;2818;-1.0;0
6450;2026.05.16 13:45;11.75;12.62;10.75;2813;-1.0;0
6451;2026.05.16 14:00;11.75;12.75;11.25;2808;-1.0;0
6452;2026.05.16 14:15;11.75;12.88;11.88;2805;-1.0;0
6453;2026.05.16 14:30;11.81;13;13;2799;-1.0;0
6454;2026.05.16 14:45;11.88;13.06;12.38;2793;-1.0;0
6455;2026.05.16 15:00;11.88;13;12.06;2788;-1.0;0
6456;2026.05.16 15:15;11.88;12.94;11.88;2783;-1.0;0
6457;2026.05.16 15:30;11.88;12.88;11.81;2779;-1.0;0
6458;2026.05.16 15:45;11.88;12.75;11;2773;-1.0;0
6459;2026.05.16 16:00;11.94;12.62;10.12;2768;-1.0;0
6460;2026.05.16 16:15;12;12.25;8.62;2763;-1.0;0
6461;2026.05.16 16:30;12;11.75;8;2759;-1.0;0
6462;2026.05.16 16:45;12;11.62;8;2753;-1.0;0
6463;2026.05.16 17:00;12;11.5;8.12;2750;-1.0;0
6464;2026.05.16 17:15;12;11.5;8.69;2746;-1.0;0
6465;2026.05.16 17:30;12;11.56;8.88;2743;-1.0;0
6466;2026.05.16 17:45;12;11.5;8.56;2739;-1.0;0
6467;2026.05.16 18:00;12.06;11.5;8.5;2736;-1.0;0
6468;2026.05.16 18:15;12;11.5;8.38;2733;-1.0;0
6469;2026.05.16 18:30;12.06;11.38;8.06;2730;-1.0;0
6470;2026.05.16 18:45;12.06;11.25;7.62;2727;-1.0;0
6471;2026.05.16 19:00;12;11.12;7.12;2724;-1.0;0
6472;2026.05.16 19:15;12;11;6.5;2721;-1.0;0
6473;2026.05.16 19:30;12;10.75;6.25;2718;-1.0;0
6474;2026.05.16 19:45;12;10.62;6.12;2715;-1.0;0
6475;2026.05.16 20:00;12;10.44;5.25;2713;-1.0;0
6476;2026.05.16 20:15;12;10.19;4.88;2710;-1.0;0
6477;2026.05.16 20:30;12;10;5.56;2708;-1.0;0
6478;2026.05.16 20:45;12;10;6;2705;-1.0;0
6479;2026.05.16 21:00;12;9.94;5.88;2703;-1.0;0
6480;2026.05.16 21:15;12;9.88;5.38;2700;-1.0;0
6481;2026.05.16 21:30;11.94;9.75;4.75;2698;-1.0;0
6482;2026.05.16 21:45;11.94;9.5;3.88;2696;-1.0;0
6483;2026.05.16 22:00;11.88;9.31;3.38;2694;-1.0;0
6484;2026.05.16 22:15;11.88;9.06;3.12;2692;-1.0;0
6485;2026.05.16 22:30;11.88;8.88;2.88;2690;-1.0;0
6486;2026.05.16 22:45;11.88;8.69;2.5;2688;-1.0;0
6487;2026.05.16 23:00;11.88;8.5;2;2686;-1.0;0
6488;2026.05.16 23:15;11.81;8.25;1.5;2683;-1.0;0
6489;2026.05.16 23:30;11.75;8.06;1.38;2681;-1.0;0
6490;2026.05.16 23:45;11.75;7.88;1.06;2679;-1.0;0
6491;2026.05.17 00:00;11.75;7.75;0.94;2677;-1.0;0
6492;2026.05.17 00:15;11.69;7.5;0.62;2675;-1.0;0
6493;2026.05.17 00:30;11.62;7.38;1.06;2673;-1.0;0
6494;2026.05.17 00:45;11.62;7.38;1.19;2671;-1.0;0
6495;2026.05.17 01:00;11.62;7.25;1.19;2670;-1.0;0
6496;2026.05.17 01:15;11.56;7.12;0.69;2668;-1.0;0
6497;2026.05.17 01:30;11.5;7;0.06;2666;-1.0;0
6498;2026.05.17 01:45;11.5;6.88;0;2664;-1.0;0
6499;2026.05.17 02:00;11.5;6.88;0.25;2663;-1.0;0
6500;2026.05.17 02:15;11.44;6.75;0.62;2661;-1.0;0
6501;2026.05.17 02:30;11.38;6.75;1.06;2660;-1.0;0
6502;2026.05.17 02:45;11.38;6.75;0.69;2658;-1.0;0
6503;2026.05.17 03:00;11.38;6.75;0.75;2656;-1.0;0
6504;2026.05.17 03:15;11.31;6.75;0.56;2655;-1.0;0
6505;2026.05.17 03:30;11.25;6.62;0.62;2653;-1.0;0
6506;2026.05.17 03:45;11.25;6.62;0.75;2651;-1.0;0
6507;2026.05.17 04:00;11.19;6.62;0.94;2650;-1.0;0
6508;2026.05.17 04:15;11.12;6.62;0.81;2649;-1.0;0
6509;2026.05.17 04:30;11.12;6.62;0.75;2647;-1.0;0
6510;2026.05.17 04:45;11.12;6.62;1.5;2646;-1.0;0
6511;2026.05.17 05:00;11.06;6.88;3.38;2644;-1.0;0
6512;2026.05.17 05:15;11;7.38;4.94;2643;-1.0;0
6513;2026.05.17 05:30;11;7.75;5.88;2641;-1.0;0
6514;2026.05.17 05:45;11;8.25;8.38;2640;-1.0;0
6515;2026.05.17 06:00;10.94;9.25;10.69;2639;-1.0;0
6516;2026.05.17 06:15;10.94;10.12;12.12;2638;-1.0;0
6517;2026.05.17 06:30;10.88;11;13.12;2637;-1.0;0
6518;2026.05.17 06:45;10.88;11.69;13.5;2636;-1.0;0
6519;2026.05.17 07:00;10.88;12.38;14.62;2634;-1.0;0
6520;2026.05.17 07:15;10.88;13.06;14.94;2633;-1.0;0
6521;2026.05.17 07:30;10.88;13.56;15.75;2633;-1.0;0
6522;2026.05.17 07:45;10.88;14.25;16.5;2631;-1.0;0
6523;2026.05.17 08:00;10.88;14.62;17.12;2631;-1.0;0
6524;2026.05.17 08:15;10.88;14.88;17.38;2630;-1.0;0
6525;2026.05.17 08:30;10.94;15.12;18.5;2629;-1.0;0
6526;2026.05.17 08:45;11;15.31;18.31;2628;-1.0;0
6527;2026.05.17 09:00;11;15.44;19.06;2627;-1.0;0
6528;2026.05.17 09:15;11.06;15.38;17.19;2626;-1.0;0
6529;2026.05.17 09:30;11.12;15;16.75;2625;-1.0;0
6530;2026.05.17 09:45;11.19;14.62;17.19;2624;-1.0;0
6531;2026.05.17 10:00;11.25;15.12;17.88;2624;-1.0;0
6532;2026.05.17 10:15;11.31;15.25;19.25;2623;-1.0;0
6533;2026.05.17 10:30;11.38;15.69;19.88;2622;-1.0;0
6534;2026.05.17 10:45;11.44;16.12;21.12;2621;-1.0;0
6535;2026.05.17 11:00;11.5;15.88;18.88;2621;-1.0;0
6536;2026.05.17 11:15;11.56;15.88;20.19;2620;-1.0;0
6537;2026.05.17 11:30;11.62;16.44;22;2619;-1.0;0
6538;2026.05.17 11:45;11.69;16.88;21.5;2619;-1.0;0
6539;2026.05.17 12:00;11.75;16.62;21.38;2618;-1.0;0
6540;2026.05.17 12:15;11.81;16.62;19.25;2617;-1.0;0
6541;2026.05.17 12:30;11.88;16.06;18.38;2616;-1.0;0
6542;2026.05.17 12:45;11.94;16.38;22.62;2616;-1.0;0
6543;2026.05.17 13:00;12;16.5;21.88;2615;-1.0;0
6544;2026.05.17 13:15;12;17;23.5;2614;-1.0;0
6545;2026.05.17 13:30;12.12;17.25;22.88;2614;-1.0;0
6546;2026.05.17 13:45;12.12;17;19;2614;-1.0;0
6547;2026.05.17 14:00;12.25;16.19;17;2613;-1.0;0
6548;2026.05.17 14:15;12.25;15.62;17.62;2613;-1.0;0
6549;2026.05.17 14:30;12.31;15.31;16;2612;-1.0;0
6550;2026.05.17 14:45;12.38;15;15.75;2611;-1.0;0
6551;2026.05.17 15:00;12.38;14.88;15.5;2611;-1.0;0
6552;2026.05.17 15:15;12.5;14.75;14.94;2610;-1.0;0
6553;2026.05.17 15:30;12.5;14.56;14.94;2609;-1.0;0
6554;2026.05.17 15:45;12.5;14.5;15.25;2609;-1.0;0
6555;2026.05.17 16:00;12.56;14.62;17.81;2608;-1.0;0
6556;2026.05.17 16:15;12.62;15;18.44;2607;-1.0;0
6557;2026.05.17 16:30;12.62;15;16.5;2607;-1.0;0
6558;2026.05.17 16:45;12.62;14.69;14.56;2606;-1.0;0
6559;2026.05.17 17:00;12.62;14.5;13.88;2609;-1.0;0
6560;2026.05.17 17:15;12.62;14.25;13.31;2606;-1.0;0
6561;2026.05.17 17:30;12.69;14.12;12.75;2604;-1.0;0
6562;2026.05.17 17:45;12.69;13.88;11.5;2603;-1.0;0
6563;2026.05.17 18:00;12.69;13.62;10.5;2603;-1.0;0
6564;2026.05.17 18:15;12.69;13.25;9.5;2602;-1.0;0
6565;2026.05.17 18:30;12.75;12.94;8.75;2601;-1.0;0
6566;2026.05.17 18:45;12.75;12.62;8.25;2600;-1.0;0
6567;2026.05.17 19:00;12.75;12.38;7.88;2600;-1.0;0
6568;2026.05.17 19:15;12.69;12.12;7.5;2599;-1.0;0
6569;2026.05.17 19:30;12.69;11.88;6.69;2598;-1.0;0
6570;2026.05.17 19:45;12.69;11.5;5.31;2598;-1.0;0
6571;2026.05.17 20:00;12.62;11;4.31;2597;-1.0;0
6572;2026.05.17 20:15;12.62;10.62;3.62;2596;-1.0;0
6573;2026.05.17 20:30;12.62;10.25;3.38;2595;-1.0;0
6574;2026.05.17 20:45;12.62;9.94;2.94;2595;-1.0;0
6575;2026.05.17 21:00;12.62;9.69;2.94;2594;-1.0;0
6576;2026.05.17 21:15;12.56;9.5;2.88;2593;-1.0;0
6577;2026.05.17 21:30;12.5;9.31;2.88;2593;-1.0;0
6578;2026.05.17 21:45;12.5;9.12;2.88;2592;-1.0;0
6579;2026.05.17 22:00;12.5;9;2.44;2591;-1.0;0
6580;2026.05.17 22:15;12.5;8.81;1.88;2591;-1.0;0
6581;2026.05.17 22:30;12.38;8.62;1.62;2590;-1.0;0
6582;2026.05.17 22:45;12.38;8.44;1.5;2589;-1.0;0
6583;2026.05.17 23:00;12.38;8.25;1.5;2589;-1.0;0
6584;2026.05.17 23:15;12.31;8.12;1.69;2588;-1.0;0
6585;2026.05.17 23:30;12.25;8;1.62;2587;-1.0;0
6586;2026.05.17 23:45;12.25;7.88;1.25;2587;-1.0;0
6587;2026.05.18 00:00;12.19;7.75;0.88;2586;-1.0;0
6588;2026.05.18 00:15;12.12;7.62;0.94;2585;-1.0;0
6589;2026.05.18 00:30;12.12;7.5;0.62;2585;-1.0;0
6590;2026.05.18 00:45;12.06;7.38;0.25;2584;-1.0;0
6591;2026.05.18 01:00;12;7.25;0.25;2583;-1.0;0
6592;2026.05.18 01:15;12;7.12;0.19;2583;-1.0;0
6593;2026.05.18 01:30;11.94;7;-0.25;2582;-1.0;0
6594;2026.05.18 01:45;11.88;6.88;-0.75;2582;-1.0;0
6595;2026.05.18 02:00;11.88;6.75;-0.62;2581;-1.0;0
6596;2026.05.18 02:15;11.81;6.62;-0.5;2581;-1.0;0
6597;2026.05.18 02:30;11.75;6.5;-0.75;2580;-1.0;0
6598;2026.05.18 02:45;11.75;6.38;-0.81;2579;-1.0;0
6599;2026.05.18 03:00;11.69;6.38;-0.62;2579;-1.0;0
6600;2026.05.18 03:15;11.62;6.25;-0.38;2578;-1.0;0
6601;2026.05.18 03:30;11.62;6.25;-0.31;2578;-1.0;0
6602;2026.05.18 03:45;11.56;6.31;-0.12;2577;-1.0;0
6603;2026.05.18 04:00;11.5;6.38;0.12;2577;-1.0;0
6604;2026.05.18 04:15;11.5;6.38;0.38;2576;-1.0;0
6605;2026.05.18 04:30;11.44;6.5;0.88;2575;-1.0;0
6606;2026.05.18 04:45;11.38;6.69;1.62;2575;-1.0;0
6607;2026.05.18 05:00;11.38;6.88;3;2574;-1.0;0
6608;2026.05.18 05:15;11.31;7.56;6.12;2574;-1.0;0
6609;2026.05.18 05:30;11.25;8;6.75;2573;-1.0;0
6610;2026.05.18 05:45;11.25;8.62;9.69;2573;-1.0;0
6611;2026.05.18 06:00;11.25;9.88;12.38;2573;-1.0;0
6612;2026.05.18 06:15;11.19;10.88;13.62;2572;-1.0;0
6613;2026.05.18 06:30;11.12;11.88;15.69;2572;-1.0;0
6614;2026.05.18 06:45;11.12;12.75;17.88;2571;-1.0;0
6615;2026.05.18 07:00;11.12;13.44;18.38;2571;-1.0;0
6616;2026.05.18 07:15;11.12;14.25;19.12;2570;-1.0;0
6617;2026.05.18 07:30;11.12;14.88;19.81;2570;-1.0;0
6618;2026.05.18 07:45;11.12;15.38;20.38;2569;-1.0;0
6619;2026.05.18 08:00;11.12;16;20.69;2569;-1.0;0
6620;2026.05.18 08:15;11.19;16.38;21.75;2568;-1.0;0
6621;2026.05.18 08:30;11.25;16.81;21.94;2568;-1.0;0
6622;2026.05.18 08:45;11.25;17.19;22.88;2568;-1.0;0
6623;2026.05.18 09:00;11.31;17.38;22.88;2567;-1.0;0
6624;2026.05.18 09:15;11.38;17.81;23.75;2567;-1.0;0
6625;2026.05.18 09:30;11.44;18.25;24.12;2566;-1.0;0
6626;2026.05.18 09:45;11.5;18.12;22.38;2566;-1.0;0
6627;2026.05.18 10:00;11.56;17.88;20.38;2565;-1.0;0
6628;2026.05.18 10:15;11.62;17.31;20.38;2565;-1.0;0
6629;2026.05.18 10:30;11.69;17.88;24.56;2565;-1.0;0
6630;2026.05.18 10:45;11.75;18.38;23.69;2565;-1.0;0
6631;2026.05.18 11:00;11.88;18;22.12;2564;-1.0;0
6632;2026.05.18 11:15;11.94;17.75;21.06;2564;-1.0;0
6633;2026.05.18 11:30;12;17.5;20.75;2563;-1.0;0
6634;2026.05.18 11:45;12.12;17.38;20.25;2563;-1.0;0
6635;2026.05.18 12:00;12.12;17.12;19.88;2563;-1.0;0
6636;2026.05.18 12:15;12.25;17.25;23.19;2563;-1.0;0
6637;2026.05.18 12:30;12.25;17.5;21.62;2563;-1.0;0
6638;2026.05.18 12:45;12.38;18.25;26;2562;-1.0;0
6639;2026.05.18 13:00;12.38;18.75;25.62;2562;-1.0;0
6640;2026.05.18 13:15;12.5;18.5;24.31;2562;-1.0;0
6641;2026.05.18 13:30;12.5;19.19;26.88;2561;-1.0;0
6642;2026.05.18 13:45;12.56;19.5;26.62;2561;-1.0;0
6643;2026.05.18 14:00;12.62;19.25;23.5;2561;-1.0;0
6644;2026.05.18 14:15;12.69;18.56;21.25;2560;-1.0;0
6645;2026.05.18 14:30;12.75;18.06;21;2560;-1.0;0
6646;2026.05.18 14:45;12.75;17.81;20.31;2559;-1.0;0
6647;2026.05.18 15:00;12.81;17.5;19.69;2559;-1.0;0
6648;2026.05.18 15:15;12.88;17.31;19.94;2559;-1.0;0
6649;2026.05.18 15:30;12.88;17.19;19.88;2558;-1.0;0
6650;2026.05.18 15:45;13;17.12;20.38;2558;-1.0;0
6651;2026.05.18 16:00;13;17.12;20.31;2558;-1.0;0
6652;2026.05.18 16:15;13;16.94;19.25;2557;-1.0;0
6653;2026.05.18 16:30;13.06;17;20;2557;-1.0;0
6654;2026.05.18 16:45;13.12;16.62;17.5;2557;-1.0;0
6655;2026.05.18 17:00;13.12;16.38;17.5;2556;-1.0;0
6656;2026.05.18 17:15;13.12;16.12;17;2556;-1.0;0
6657;2026.05.18 17:30;13.12;15.88;16;2556;-1.0;0
6658;2026.05.18 17:45;13.12;15.56;14.12;2555;-1.0;0
6659;2026.05.18 18:00;13.19;15.06;11.62;2555;-1.0;0
6660;2026.05.18 18:15;13.19;14.44;9.62;2554;-1.0;0
6661;2026.05.18 18:30;13.19;13.75;8.44;2554;-1.0;0
6662;2026.05.18 18:45;13.25;13.19;7.38;2553;-1.0;0
6663;2026.05.18 19:00;13.25;12.69;6.5;2553;-1.0;0
6664;2026.05.18 19:15;13.25;12.25;6;2552;-1.0;0
6665;2026.05.18 19:30;13.19;11.88;5.88;2552;-1.0;0
6666;2026.05.18 19:45;13.19;11.56;5.75;2552;-1.0;0
6667;2026.05.18 20:00;13.12;11.38;6.12;2551;-1.0;0
6668;2026.05.18 20:15;13.12;11.31;7.25;2551;-1.0;0
6669;2026.05.18 20:30;13.12;11.38;8;2551;-1.0;0
6670;2026.05.18 20:45;13.12;11.5;8.38;2550;-1.0;0
6671;2026.05.18 21:00;13.06;11.5;8.62;2550;-1.0;0
6672;2026.05.18 21:15;13;11.56;8.88;2549;-1.0;0
6673;2026.05.18 21:30;13;11.62;9.06;2549;-1.0;0
6674;2026.05.18 21:45;13;11.62;8.88;2549;-1.0;0
6675;2026.05.18 22:00;12.94;11.62;8.56;2548;-1.0;0
6676;2026.05.18 22:15;12.88;11.5;8.44;2548;-1.0;0
6677;2026.05.18 22:30;12.88;11.5;8.5;2547;-1.0;0
6678;2026.05.18 22:45;12.88;11.5;8.69;2547;-1.0;0
6679;2026.05.18 23:00;12.81;11.5;8.69;2546;-1.0;0
6680;2026.05.18 23:15;12.81;11.5;8.69;2546;-1.0;0
6681;2026.05.18 23:30;12.75;11.44;8.69;2546;-1.0;0
6682;2026.05.18 23:45;12.75;11.44;8.62;2545;-1.0;0
6683;2026.05.19 00:00;12.75;11.44;8.38;2545;-1.0;0
6684;2026.05.19 00:15;12.69;11.38;8;2544;-1.0;0
6685;2026.05.19 00:30;12.62;11.25;7.88;2544;-1.0;0
6686;2026.05.19 00:45;12.62;11.19;7.69;2544;-1.0;0
6687;2026.05.19 01:00;12.62;11.06;7.69;2543;-1.0;0
6688;2026.05.19 01:15;12.62;10.88;6.5;2543;-1.0;0
6689;2026.05.19 01:30;12.62;10.5;4.75;2542;-1.0;0
6690;2026.05.19 01:45;12.56;10.12;3.62;2542;-1.0;0
6691;2026.05.19 02:00;12.5;9.75;3.31;2541;-1.0;0
6692;2026.05.19 02:15;12.5;9.5;2.94;2541;-1.0;0
6693;2026.05.19 02:30;12.5;9.25;2.88;2541;-1.0;0
6694;2026.05.19 02:45;12.5;9;2.38;2540;-1.0;0
6695;2026.05.19 03:00;12.44;8.81;2.12;2540;-1.0;0
6696;2026.05.19 03:15;12.38;8.62;2.31;2540;-1.0;0
6697;2026.05.19 03:30;12.38;8.5;2.56;2539;-1.0;0
6698;2026.05.19 03:45;12.38;8.5;3.25;2539;-1.0;0
6699;2026.05.19 04:00;12.31;8.62;4.62;2539;-1.0;0
6700;2026.05.19 04:15;12.25;8.88;5.12;2538;-1.0;0
6701;2026.05.19 04:30;12.25;9.12;6.31;2538;-1.0;0
6702;2026.05.19 04:45;12.25;9.62;8.5;2538;-1.0;0
6703;2026.05.19 05:00;12.19;10.12;9.5;2538;-1.0;0
6704;2026.05.19 05:15;12.12;10.62;10.38;2537;-1.0;0
6705;2026.05.19 05:30;12.12;11;11.62;2537;-1.0;0
6706;2026.05.19 05:45;12.12;11.38;11.75;2537;-1.0;0
6707;2026.05.19 06:00;12.06;11.62;12.12;2536;-1.0;0
6708;2026.05.19 06:15;12;12.06;14.38;2536;-1.0;0
6709;2026.05.19 06:30;12;12.69;15.38;2536;-1.0;0
6710;2026.05.19 06:45;12;13;14.44;2535;-1.0;0
6711;2026.05.19 07:00;12;13.06;14.38;2535;-1.0;0
6712;2026.05.19 07:15;12;13.19;14.88;2534;-1.0;0
6713;2026.05.19 07:30;12;13.5;15.81;2534;-1.0;0
6714;2026.05.19 07:45;12;13.75;16.5;2534;-1.0;0
6715;2026.05.19 08:00;12;14.12;17.44;2534;-1.0;0
6716;2026.05.19 08:15;12;14.5;17.81;2533;-1.0;0
6717;2026.05.19 08:30;12;15.06;19.25;2533;-1.0;0
6718;2026.05.19 08:45;12.06;16.12;22.38;2533;-1.0;0
6719;2026.05.19 09:00;12.06;16.88;22.06;2533;-1.0;0
6720;2026.05.19 09:15;12.06;17.25;22.31;2532;-1.0;0
6721;2026.05.19 09:30;12.12;17.62;23.5;2532;-1.0;0
6722;2026.05.19 09:45;12.12;18.25;24.69;2532;-1.0;0
6723;2026.05.19 10:00;12.12;19.19;26.38;2532;-1.0;0
6724;2026.05.19 10:15;12.25;19.62;26.75;2532;-1.0;0
6725;2026.05.19 10:30;12.25;19.44;24.25;2531;-1.0;0
6726;2026.05.19 10:45;12.31;19.5;25.19;2531;-1.0;0
6727;2026.05.19 11:00;12.38;20.12;26.75;2531;-1.0;0
6728;2026.05.19 11:15;12.44;19.75;23.38;2531;-1.0;0
6729;2026.05.19 11:30;12.5;19.88;25.38;2531;-1.0;0
6730;2026.05.19 11:45;12.56;20.44;27.75;2531;-1.0;0
6731;2026.05.19 12:00;12.62;19.88;23.88;2530;-1.0;0
6732;2026.05.19 12:15;12.75;19.5;22.44;2530;-1.0;0
6733;2026.05.19 12:30;12.75;18.88;20.44;2530;-1.0;0
6734;2026.05.19 12:45;12.88;18.12;18.94;2529;-1.0;0
6735;2026.05.19 13:00;12.94;17.5;16.75;2529;-1.0;0
6736;2026.05.19 13:15;13;17;16.12;2529;-1.0;0
6737;2026.05.19 13:30;13.06;17;18;2529;-1.0;0
6738;2026.05.19 13:45;13.12;17.12;18.62;2529;-1.0;0
6739;2026.05.19 14:00;13.12;17.12;18.75;2528;-1.0;0
6740;2026.05.19 14:15;13.19;17.25;20;2528;-1.0;0
6741;2026.05.19 14:30;13.25;17.25;19.56;2528;-1.0;0
6742;2026.05.19 14:45;13.25;17.06;19.44;2528;-1.0;0
6743;2026.05.19 15:00;13.31;17.12;20.25;2528;-1.0;0
6744;2026.05.19 15:15;13.31;17.38;21.5;2527;-1.0;0
6745;2026.05.19 15:30;13.38;17.5;20.25;2527;-1.0;0
6746;2026.05.19 15:45;13.38;17.12;19;2527;-1.0;0
6747;2026.05.19 16:00;13.38;17.12;20.5;2526;-1.0;0
6748;2026.05.19 16:15;13.44;17.25;21;2526;-1.0;0
6749;2026.05.19 16:30;13.44;17.12;20.12;2526;-1.0;0
6750;2026.05.19 16:45;13.5;16.75;17.5;2525;-1.0;0
6751;2026.05.19 17:00;13.5;16.38;16.06;2525;-1.0;0
6752;2026.05.19 17:15;13.5;16;14.69;2524;-1.0;0
6753;2026.05.19 17:30;13.5;15.5;13.25;2524;-1.0;0
6754;2026.05.19 17:45;13.5;15.06;12.12;2524;-1.0;0
6755;2026.05.19 18:00;13.5;14.62;10.94;2523;-1.0;0
6756;2026.05.19 18:15;13.5;14.12;10;2523;-1.0;0
6757;2026.05.19 18:30;13.5;13.75;8.88;2523;-1.0;0
6758;2026.05.19 18:45;13.5;13.25;8;2522;-1.0;0
6759;2026.05.19 19:00;13.5;12.94;8.5;2522;-1.0;0
6760;2026.05.19 19:15;13.5;12.81;8.75;2522;-1.0;0
6761;2026.05.19 19:30;13.5;12.62;8.12;2521;-1.0;0
6762;2026.05.19 19:45;13.44;12.38;8.06;2521;-1.0;0
6763;2026.05.19 20:00;13.38;12.25;8.38;2521;-1.0;0
6764;2026.05.19 20:15;13.38;12.12;8.19;2521;-1.0;0
6765;2026.05.19 20:30;13.38;12;8.12;2521;-1.0;0
6766;2026.05.19 20:45;13.38;11.94;8.12;2520;-1.0;0
6767;2026.05.19 21:00;13.31;11.94;9.25;2520;-1.0;0
6768;2026.05.19 21:15;13.25;12.06;9.75;2519;-1.0;0
6769;2026.05.19 21:30;13.25;12.12;9.5;2519;-1.0;0
6770;2026.05.19 21:45;13.25;12.06;8.62;2519;-1.0;0
6771;2026.05.19 22:00;13.19;11.88;7.81;2518;-1.0;0
6772;2026.05.19 22:15;13.19;11.75;7.5;2518;-1.0;0
6773;2026.05.19 22:30;13.12;11.5;6.5;2518;-1.0;0
6774;2026.05.19 22:45;13.12;11.25;5.94;2517;-1.0;0
6775;2026.05.19 23:00;13.12;10.88;5.38;2517;-1.0;0
6776;2026.05.19 23:15;13.06;10.69;5.12;2517;-1.0;0
6777;2026.05.19 23:30;13;10.44;5;2516;-1.0;0
6778;2026.05.19 23:45;13;10.25;4.62;2516;-1.0;0
6779;2026.05.20 00:00;13;10.06;4.5;2516;-1.0;0
6780;2026.05.20 00:15;12.94;9.88;4.25;2516;-1.0;0
6781;2026.05.20 00:30;12.88;9.75;4.31;2515;-1.0;0
6782;2026.05.20 00:45;12.88;9.62;4.38;2515;-1.0;0
6783;2026.05.20 01:00;12.88;9.5;4.44;2515;-1.0;0
6784;2026.05.20 01:15;12.81;9.5;4.38;2515;-1.0;0
6785;2026.05.20 01:30;12.75;9.38;4.5;2515;-1.0;0
6786;2026.05.20 01:45;12.75;9.38;4.25;2514;-1.0;0
6787;2026.05.20 02:00;12.69;9.31;4.38;2514;-1.0;0
6788;2026.05.20 02:15;12.62;9.38;5.12;2514;-1.0;0
6789;2026.05.20 02:30;12.62;9.44;5.75;2514;-1.0;0
6790;2026.05.20 02:45;12.62;9.56;6.06;2513;-1.0;0
6791;2026.05.20 03:00;12.56;9.69;6.38;2513;-1.0;0
6792;2026.05.20 03:15;12.5;9.81;6.5;2513;-1.0;0
6793;2026.05.20 03:30;12.5;9.88;6.62;2513;-1.0;0
6794;2026.05.20 03:45;12.5;10;6.75;2512;-1.0;0
6795;2026.05.20 04:00;12.44;10.12;7.12;2512;-1.0;0
6796;2026.05.20 04:15;12.38;10.38;8.25;2512;-1.0;0
6797;2026.05.20 04:30;12.38;10.75;9.5;2512;-1.0;0
6798;2026.05.20 04:45;12.38;11.25;11.19;2511;-1.0;0
6799;2026.05.20 05:00;12.31;11.62;11.5;2511;-1.0;0
6800;2026.05.20 05:15;12.31;11.94;12.06;2511;-1.0;0
6801;2026.05.20 05:30;12.25;12.19;12.5;2511;-1.0;0
6802;2026.05.20 05:45;12.25;12.31;12.38;2511;-1.0;0
6803;2026.05.20 06:00;12.25;13.38;17.94;2510;-1.0;0
6804;2026.05.20 06:15;12.25;14.12;16.31;2510;-1.0;0
6805;2026.05.20 06:30;12.25;14.44;17.19;2510;-1.0;0
6806;2026.05.20 06:45;12.25;14.88;18;2510;-1.0;0
6807;2026.05.20 07:00;12.25;15.5;18.94;2510;-1.0;0
6808;2026.05.20 07:15;12.25;16.44;21.88;2509;-1.0;0
6809;2026.05.20 07:30;12.25;17.25;22.19;2509;-1.0;0
6810;2026.05.20 07:45;12.25;18;23.25;2509;-1.0;0
